index,bin_size,m12,m23,m34,m13,m24,m14,m12_err,m23_err,m34_err,m13_err,m24_err,m14_err,corr12,corr23,corr34,corr13,corr24,corr14,corr12_err,corr23_err,corr34_err,corr13_err,corr24_err,corr14_err
1692,1,0.16282229974215634,,,,,,0.05663984240610502,,,,,,6.1416648799555675,,,,,,2.1364575458193706,,,,,
1692,2,0.16395887941753035,,,,,,0.056042180801625735,,,,,,6.09909023257865,,,,,,2.0847075727394646,,,,,
1692,4,0.16590957640425089,,,,,,0.05393051111732034,,,,,,6.027379622520562,,,,,,1.9592579933338115,,,,,
1692,8,0.16425953260826712,,,,,,0.05890873668510945,,,,,,6.087926734729248,,,,,,2.183325784992241,,,,,
1692,16,0.16431465200728762,,,,,,0.05241814777769182,,,,,,6.08588453789044,,,,,,1.941462865106893,,,,,
1692,32,0.16303615551625028,,,,,,0.061663277073783884,,,,,,6.133608811085631,,,,,,2.3198438308518465,,,,,
