index,bin_size,m,n,a,b,corr
210,1,0.0920605973672136,24.0,15067.410648516248,-14839.796143111811,10.862410505671336
210,2,0.092105256681333,24.0,15044.590366969267,-14818.147029169742,10.857143620584147
210,4,0.09019313104594902,24.0,15790.772206299376,-15562.675691833529,11.087318827977583
210,8,0.09044045532027181,24.0,15676.574445244132,-15448.351291321938,11.056998734236299
210,16,0.0920509309262311,24.0,15045.58280717049,-14817.943351564667,10.86355118778095
210,32,0.09096338012583342,24.0,15459.975602050781,-15230.93681059491,10.993434925314544
