index,bin_size,m,n,a,b,corr
578,1,-0.00002069777481036572,16.0,740715574891.4672,-740715574764.0068,-48314.37239809889
578,2,6.45552888951195e-7,16.0,762279944016762.9,-762279944016634.2,1549059.7550026637
578,4,1.4484337763103998e-7,16.0,1.5143489529251772e16,-1.5143489529251652e16,6904009.119058955
578,8,1.2921913972831457e-7,16.0,1.9027010177133924e16,-1.90270101771338e16,7738791.653485056
578,16,4.4243294215969414e-7,16.0,1623211487356325.8,-1623211487356199.5,2260229.527933873
578,32,1.041852480510925e-6,16.0,292749735614025.94,-292749735613896.75,959828.784502773
