index,bin_size,m,n,a,b,corr
2233,1,5.420845649783975e-6,24.0,5703694537927.215,-5703694537904.099,184473.06280337475
2233,2,-0.0000615878875444373,24.0,44133437145.57162,-44133437128.61749,-16236.958919535493
2233,4,1.8161713516087622e-7,24.0,5085208216078413.0,-5085208216078391.0,5506088.393665065
2233,8,4.244916450033004e-7,24.0,930897980871858.5,-930897980871836.8,2355758.969042194
2233,16,0.000022230980627072257,24.0,339078229785.8393,-339078229762.1346,44982.271217592104
2233,32,8.547055564955658e-6,24.0,2293757721079.817,-2293757721058.1,116999.35637486265
