index,bin_size,m12,m23,m34,m13,m24,m14,m12_err,m23_err,m34_err,m13_err,m24_err,m14_err,corr12,corr23,corr34,corr13,corr24,corr14,corr12_err,corr23_err,corr34_err,corr13_err,corr24_err,corr14_err
2665,1,0.07860184348414163,,,,,,0.0657089205853525,,,,,,12.722347920526262,,,,,,10.635523444660006,,,,,
2665,2,0.08298246371253866,,,,,,0.06777513043590346,,,,,,12.050738858081168,,,,,,9.842325250606555,,,,,
2665,4,0.08193939766278455,,,,,,0.06752293046174138,,,,,,12.204141457268518,,,,,,10.056937425336612,,,,,
2665,8,0.07737961703523513,,,,,,0.06627383364395686,,,,,,12.92329993756167,,,,,,11.068504381495194,,,,,
2665,16,0.07912440843713549,,,,,,0.06515148040404539,,,,,,12.638325135719683,,,,,,10.406467595571254,,,,,
2665,32,0.07684411504095241,,,,,,0.061380916771759886,,,,,,13.013358270403291,,,,,,10.394704402425994,,,,,
