index,bin_size,m,n,a,b,corr
2199,1,0.1269357019895796,24.0,7422.063428605841,-7322.50921708715,7.878004251964447
2199,2,0.12728637439838084,24.0,7380.5890434676885,-7283.545127792909,7.856300446347858
2199,4,0.12701971405166748,24.0,7406.124674951125,-7309.167306667885,7.8727936640861325
2199,8,0.12528235133326374,24.0,7665.188464404758,-7567.198330821671,7.981970240484222
2199,16,0.1274840626893029,24.0,7345.954185914816,-7248.012675275676,7.844117757975321
2199,32,0.12642861589083168,24.0,7495.500355150383,-7395.058082650232,7.909601738134015
