index,bin_size,m,n,a,b,corr
2386,1,0.08081664944488884,24.0,22814.392270282835,-22820.729417206596,12.37368793273134
2386,2,0.07898093040844435,24.0,23993.44908085026,-23993.00209531314,12.661284120465155
2386,4,0.07985665378243932,24.0,23415.7492725965,-23417.130192970733,12.522438051616714
2386,8,0.08027876499941695,24.0,23117.24920729935,-23118.414098293604,12.456594218997548
2386,16,0.08049932542338203,24.0,23008.35271918699,-23011.036295778747,12.422464346633364
2386,32,0.07984533527348109,24.0,23414.286667540615,-23414.179823038496,12.524213175069834
