index,bin_size,m12,m23,m34,m13,m24,m14,m12_err,m23_err,m34_err,m13_err,m24_err,m14_err,corr12,corr23,corr34,corr13,corr24,corr14,corr12_err,corr23_err,corr34_err,corr13_err,corr24_err,corr14_err
2188,1,0.1567390902495515,,,,,,0.03202720406893169,,,,,,6.3800293749814045,,,,,,1.3036601299202248,,,,,
2188,2,0.15501555742344308,,,,,,0.03325736116348656,,,,,,6.450965416770288,,,,,,1.384003581864008,,,,,
2188,4,0.15638487415301958,,,,,,0.032662648487171604,,,,,,6.39448031925082,,,,,,1.3355553985448763,,,,,
2188,8,0.15727930478411892,,,,,,0.032460702422100966,,,,,,6.358115591702271,,,,,,1.3122444715206274,,,,,
2188,16,0.1568688284247601,,,,,,0.03154828173115355,,,,,,6.374752779387498,,,,,,1.2820424469927858,,,,,
2188,32,0.1569070899545557,,,,,,0.03389973994208833,,,,,,6.373198306651569,,,,,,1.3769279976922613,,,,,
