index,bin_size,m,n,a,b,corr
102,1,-0.00001570466437639469,16.0,1213446462994.1091,-1213446462908.0916,-63675.34994909388
102,2,9.673960123949236e-6,16.0,3200822154213.1724,-3200822154130.288,103370.28344001136
102,4,-1.0520977413630344e-7,16.0,2.7109460122973824e16,-2.7109460122973748e16,-9504820.328807667
102,8,-0.000028544201527430817,16.0,367413128664.24976,-367413128576.2098,-35033.38494296313
102,16,1.0981308881969722e-7,16.0,2.4849904270561988e16,-2.4849904270561908e16,9106382.588344328
102,32,-0.000016102639946075253,16.0,1156036121930.373,-1156036121846.6772,-62101.6183277285
