index,bin_size,m,n,a,b,corr
808,1,0.1138381905838233,16.0,16876.12751261042,-16879.118604180592,8.784398231133714
808,2,0.11150068104506461,16.0,17645.624180672254,-17650.305925920075,8.968555085289887
808,4,0.11429503651173001,16.0,16727.59078267702,-16732.805215745593,8.749286325284745
808,8,0.11478618049544687,16.0,16559.567484734955,-16563.512545894693,8.711850117180841
808,16,0.11400481575680592,16.0,16819.82065376696,-16823.487727685097,8.771559283365637
808,32,0.11329825598096564,16.0,17056.63928011769,-17061.564163720443,8.826261193005497
