index,bin_size,m,n,a,b,corr
2098,1,0.000037474357248453924,16.0,177205548239.0201,-177205548136.01465,26684.91398985254
2098,2,4.534409955913397e-7,16.0,1209139453793185.8,-1209139453793082.2,2205358.6017203494
2098,4,-7.042319577218552e-6,16.0,5018451050546.33,-5018451050443.569,-141998.66805745868
2098,8,0.000043322623958495965,16.0,132625357724.32277,-132625357622.52072,23082.627704130344
2098,16,-1.2373155262866412e-6,16.0,162794895959128.88,-162794895959025.78,-808201.2863777288
2098,32,0.00004233309599437013,16.0,139038231463.28763,-139038231361.23517,23622.17968024332
