index,bin_size,m12,m23,m34,m13,m24,m14,m12_err,m23_err,m34_err,m13_err,m24_err,m14_err,corr12,corr23,corr34,corr13,corr24,corr14,corr12_err,corr23_err,corr34_err,corr13_err,corr24_err,corr14_err
1784,1,0.15552295058856624,,,,,,0.06110663498476246,,,,,,6.429919161227115,,,,,,2.526384187540751,,,,,
1784,2,0.1553579712324721,,,,,,0.06181163039395932,,,,,,6.436747288001308,,,,,,2.560961894320213,,,,,
1784,4,0.1571154400417719,,,,,,0.06101271336825633,,,,,,6.3647468366834765,,,,,,2.4716251585766535,,,,,
1784,8,0.15689535644067537,,,,,,0.05810932182510431,,,,,,6.373674930131638,,,,,,2.3606175232066944,,,,,
1784,16,0.15782543293009738,,,,,,0.04954625707646946,,,,,,6.336114410932178,,,,,,1.989101171095865,,,,,
1784,32,0.16004642558529772,,,,,,0.03980272914981601,,,,,,6.248187026626495,,,,,,1.5538922221394138,,,,,
