index,bin_size,m12,m23,m34,m13,m24,m14,m12_err,m23_err,m34_err,m13_err,m24_err,m14_err,corr12,corr23,corr34,corr13,corr24,corr14,corr12_err,corr23_err,corr34_err,corr13_err,corr24_err,corr14_err
2596,1,0.1997434323728219,,,,,,0.028615261609359788,,,,,,5.00642242961709,,,,,,0.7172205155815293,,,,,
2596,2,0.19761414050464357,,,,,,0.026425091091329716,,,,,,5.060366618736486,,,,,,0.6766755077048425,,,,,
2596,4,0.1989598927713443,,,,,,0.025106008566509876,,,,,,5.026138615531198,,,,,,0.6342297303256621,,,,,
2596,8,0.1981496060340182,,,,,,0.027849909853558615,,,,,,5.0466918406505465,,,,,,0.7093120982369149,,,,,
2596,16,0.19802634520162338,,,,,,0.025788089037915775,,,,,,5.049833137009299,,,,,,0.6576172803230919,,,,,
2596,32,0.19771952070730286,,,,,,0.030462377460970455,,,,,,5.057669553429504,,,,,,0.7792282646563021,,,,,
