index,bin_size,m,n,a,b,corr
1762,1,0.000011820838252980756,16.0,1558814008959.4858,-1558814008914.054,84596.36944510588
1762,2,5.132659605392245e-6,16.0,8282787348561.569,-8282787348516.175,194830.76550594255
1762,4,-6.616975430635712e-6,16.0,4979543588628.562,-4979543588581.86,-151126.44900722068
1762,8,1.8283181712137512e-6,16.0,65306911877067.1,-65306911877019.016,546950.7527435106
1762,16,-1.8713800243942383e-6,16.0,62212731720244.64,-62212731720200.914,-534365.0070881236
1762,32,0.000013599007114466222,16.0,1177594980211.7214,-1177594980166.6792,73534.7802661438
