index,bin_size,m12,m23,m34,m13,m24,m14,m12_err,m23_err,m34_err,m13_err,m24_err,m14_err,corr12,corr23,corr34,corr13,corr24,corr14,corr12_err,corr23_err,corr34_err,corr13_err,corr24_err,corr14_err
2288,1,0.08440907711856525,,,,,,0.04578602265786931,,,,,,11.847067094399687,,,,,,6.426205580373273,,,,,
2288,2,0.083410928892593,,,,,,0.0457970709504001,,,,,,11.98883663419796,,,,,,6.582513937185954,,,,,
2288,4,0.08374631579172218,,,,,,0.04358551631181346,,,,,,11.94082379082811,,,,,,6.214565562573344,,,,,
2288,8,0.08578775839400637,,,,,,0.043176357621563,,,,,,11.656674783448658,,,,,,5.8667200140247235,,,,,
2288,16,0.08323453145143846,,,,,,0.04422984103574642,,,,,,12.014244359427076,,,,,,6.3842267015355345,,,,,
2288,32,0.08482384865375554,,,,,,0.041264715777528244,,,,,,11.789137322475469,,,,,,5.735125304912253,,,,,
