index,bin_size,m12,m23,m34,m13,m24,m14,m12_err,m23_err,m34_err,m13_err,m24_err,m14_err,corr12,corr23,corr34,corr13,corr24,corr14,corr12_err,corr23_err,corr34_err,corr13_err,corr24_err,corr14_err
569,1,0.12277396903557762,,,,,,0.016650030390307283,,,,,,8.145049051156915,,,,,,1.104593386510192,,,,,
569,2,0.12412408865522481,,,,,,0.01752099000562522,,,,,,8.056453915062896,,,,,,1.1372252562408272,,,,,
569,4,0.12310484180092453,,,,,,0.01815642754337942,,,,,,8.123157345972803,,,,,,1.1980643134583666,,,,,
569,8,0.12318505147148613,,,,,,0.01919418485182076,,,,,,8.11786810213309,,,,,,1.264892607453339,,,,,
569,16,0.12240572059710084,,,,,,0.01735527554362472,,,,,,8.169552820913543,,,,,,1.158318741832637,,,,,
569,32,0.12410879472135934,,,,,,0.015049123131671583,,,,,,8.057446712339221,,,,,,0.9770259067708654,,,,,
