index,bin_size,m12,m23,m34,m13,m24,m14,m12_err,m23_err,m34_err,m13_err,m24_err,m14_err,corr12,corr23,corr34,corr13,corr24,corr14,corr12_err,corr23_err,corr34_err,corr13_err,corr24_err,corr14_err
714,1,0.0007436209434376121,,,,,,0.008251364079150043,,,,,,1344.7711617389343,,,,,,14921.84500258156,,,,,
714,2,0.0011373696085045582,,,,,,0.00967020210814717,,,,,,879.2216642001054,,,,,,7475.363441313939,,,,,
714,4,0.0005518247235719738,,,,,,0.006297968239325421,,,,,,1812.1696206849479,,,,,,20682.26780682764,,,,,
714,8,0.0008576418218507353,,,,,,0.00800160923661299,,,,,,1165.98791537715,,,,,,10878.410352386818,,,,,
714,16,0.0010153602544497615,,,,,,0.008961947125443006,,,,,,984.872113732593,,,,,,8692.847459720519,,,,,
714,32,0.0006946178574062048,,,,,,0.007662864740361851,,,,,,1439.6405006547523,,,,,,15881.783506773463,,,,,
