index,bin_size,m,n,a,b,corr
230,1,0.11891774898500426,24.0,7850.33414613216,-7822.8390807132155,8.409173639219338
230,2,0.119401042188692,24.0,7776.937107973768,-7746.185756930903,8.375136277451237
230,4,0.120117736444904,24.0,7653.501212095248,-7622.103268357161,8.325165205379001
230,8,0.1194266647010717,24.0,7778.310377482549,-7750.433924046609,8.373339425521328
230,16,0.11872888113247321,24.0,7875.293043829929,-7845.042147568433,8.42255052403162
230,32,0.12025225233370956,24.0,7640.147195629512,-7612.094127955743,8.315852556548549
