index,bin_size,m,n,a,b,corr
1913,1,0.156082168020727,16.0,7713.023157804121,-7668.411455473188,6.4068817897711705
1913,2,0.15649148476401759,16.0,7671.3985340740965,-7627.534187365174,6.39012404737521
1913,4,0.15665733482496036,16.0,7659.70251464275,-7616.167568491408,6.3833589478420585
1913,8,0.1581239164856251,16.0,7492.091105533964,-7447.652879085877,6.324154006714785
1913,16,0.15691133729410173,16.0,7623.855878588237,-7578.985594802153,6.373025794341948
1913,32,0.1566375824391567,16.0,7658.542246602684,-7614.284541907226,6.384163905162629
