index,bin_size,m,n,a,b,corr
370,1,0.17153311732045565,36.0,978.9426855043489,-1091.0560232750965,5.829778037157774
370,2,0.1716859780136747,36.0,975.8246413778614,-1086.4177792505363,5.824587491474409
370,4,0.17112491056034576,36.0,986.9518465572337,-1094.2085056063058,5.843684573598994
370,8,0.17046876291787977,36.0,999.9093238738603,-1109.3264021658447,5.8661773739845335
370,16,0.17118290499008204,36.0,984.7198906677352,-1088.5731669685235,5.841704813094145
370,32,0.17089963633003322,36.0,991.5807527064422,-1102.2105506397816,5.851387524715663
