index,bin_size,m12,m23,m34,m13,m24,m14,m12_err,m23_err,m34_err,m13_err,m24_err,m14_err,corr12,corr23,corr34,corr13,corr24,corr14,corr12_err,corr23_err,corr34_err,corr13_err,corr24_err,corr14_err
843,1,0.15004290166152767,,,,,,0.06307081328116047,,,,,,6.664760471347302,,,,,,2.8015444822591475,,,,,
843,2,0.15249057466057245,,,,,,0.06313025459734627,,,,,,6.557782356226881,,,,,,2.714885629253449,,,,,
843,4,0.15135563912956715,,,,,,0.06981453163417728,,,,,,6.606955682331437,,,,,,3.047534397412673,,,,,
843,8,0.14715481592838936,,,,,,0.06997955887356365,,,,,,6.795564206927721,,,,,,3.2316345373922366,,,,,
843,16,0.14858447087310914,,,,,,0.06657713109712317,,,,,,6.730178423921556,,,,,,3.0156312338932865,,,,,
843,32,0.15078120214599264,,,,,,0.06497526609400033,,,,,,6.6321264571943015,,,,,,2.8579436640120477,,,,,
