index,bin_size,m,n,a,b,corr
160,1,0.1756803077855194,16.0,6185.35248595987,-6206.937738886136,5.692157604942595
160,2,0.17816912046692412,16.0,5971.426419957375,-5993.689783788291,5.612644870106115
160,4,0.1771750946312508,16.0,6052.909645658517,-6074.530643671209,5.644134137934397
160,8,0.17558637082164102,16.0,6183.368541085008,-6204.2229395264085,5.695202852707689
160,16,0.17825140411602913,16.0,5962.113127424875,-5984.406808876567,5.610053985039412
160,32,0.177458086850506,16.0,6022.608985989071,-6045.433530778193,5.6351334433263585
