index,bin_size,m,n,a,b,corr
369,1,0.12511980901471556,36.0,2486.416362763067,-2478.1275055285073,7.992339565371205
369,2,0.12433300237359282,36.0,2543.946262055565,-2537.995539130183,8.042916851595235
369,4,0.12469360824232084,36.0,2514.605371385158,-2503.5504442840493,8.019657255058895
369,8,0.1248399526813269,36.0,2510.6401772963727,-2504.2682065600898,8.01025616016255
369,16,0.12478581156751672,36.0,2507.4266574863104,-2497.3970405091154,8.013731588858874
369,32,0.12477830760329851,36.0,2508.3907424573435,-2500.5597062770594,8.014213521626294
