index,bin_size,m,n,a,b,corr
225,1,0.049463009860118944,24.0,69258.36774249998,-69311.14447970488,20.217127967505277
225,2,0.047585931737103807,24.0,75066.74809654619,-75120.73918707055,21.014614267188506
225,4,0.052460510253613375,24.0,61250.53027883843,-61307.30307817099,19.06195717818284
225,8,0.05060040010518659,24.0,66029.14464525624,-66078.69366444985,19.762689581924846
225,16,0.05418798741236701,24.0,57276.04281741002,-57332.36092272948,18.454274604998076
225,32,0.04826162221122582,24.0,72945.67298069874,-72994.4630203425,20.72039757850072
