index,bin_size,m12,m23,m34,m13,m24,m14,m12_err,m23_err,m34_err,m13_err,m24_err,m14_err,corr12,corr23,corr34,corr13,corr24,corr14,corr12_err,corr23_err,corr34_err,corr13_err,corr24_err,corr14_err
619,1,0.0713322006591714,,,,,,0.06486367805811091,,,,,,14.018914189652538,,,,,,12.74765573358196,,,,,
619,2,0.0722230903314819,,,,,,0.06477118537982007,,,,,,13.84598741774003,,,,,,12.41737252843878,,,,,
619,4,0.07139414563432168,,,,,,0.06383280104632548,,,,,,14.006750709252339,,,,,,12.523297581130548,,,,,
619,8,0.06739802793970406,,,,,,0.06343322280281838,,,,,,14.83722937553343,,,,,,13.964403789332392,,,,,
619,16,0.06920366139556161,,,,,,0.06092287549417554,,,,,,14.450102492180207,,,,,,12.72102916603241,,,,,
619,32,0.06808411129144033,,,,,,0.06068489954779244,,,,,,14.687714666927318,,,,,,13.091490396837724,,,,,
