index,bin_size,m,n,a,b,corr
681,1,-0.00003304444447408822,16.0,249853823000.61847,-249853822919.86014,-30262.273005804327
681,2,-0.000015189187728712373,16.0,1183103411321.5586,-1183103411238.624,-65836.30526270233
681,4,5.320319267077887e-6,16.0,9644095464102.143,-9644095464019.47,187958.64492343453
681,8,-1.2849917931655303e-6,16.0,165076577309177.53,-165076577309095.5,-778215.0869123737
681,16,2.940209532031068e-7,16.0,3157986352355485.0,-3157986352355403.5,3401118.1485736147
681,32,-0.000040430779229444226,16.0,167193829795.62097,-167193829710.99185,-24733.631630620104
