index,bin_size,m,n,a,b,corr
1076,1,-0.00005023933307353156,16.0,104833296718.83128,-104833296623.2912,-19904.72283014535
1076,2,0.000020350605051579307,16.0,637742601359.757,-637742601269.0258,49138.58813855734
1076,4,-0.000014331882499922854,16.0,1287917169141.1519,-1287917169045.5078,-69774.50450109279
1076,8,4.692560541538745e-7,16.0,1199524858858347.5,-1199524858858255.8,2131032.708364565
1076,16,-0.000023378111326495567,16.0,484796610010.1801,-484796609914.78217,-42775.05509466244
1076,32,0.00004597405673196292,16.0,124974640401.41809,-124974640307.94446,21751.39787707187
