index,bin_size,m,n,a,b,corr
2019,1,0.13299069190277865,16.0,9595.559946097539,-9558.834457887051,7.519323237531832
2019,2,0.13497702493981495,16.0,9280.31976705302,-9242.750358175857,7.408668256289476
2019,4,0.1330393432207549,16.0,9598.569942798127,-9561.357808428404,7.5165734871426695
2019,8,0.133178942058239,16.0,9576.983389032743,-9539.837070599444,7.508694576975249
2019,16,0.13150236150127445,16.0,9853.109776064897,-9816.190805124348,7.6044261759535665
2019,32,0.1344176943707472,16.0,9372.1303892697,-9333.18823799575,7.439496746922526
