index,bin_size,m12,m23,m34,m13,m24,m14,m12_err,m23_err,m34_err,m13_err,m24_err,m14_err,corr12,corr23,corr34,corr13,corr24,corr14,corr12_err,corr23_err,corr34_err,corr13_err,corr24_err,corr14_err
449,1,0.10929141630379514,,,,,,0.02170477565104943,,,,,,9.149849400984248,,,,,,1.817118262400593,,,,,
449,2,0.1088647970475686,,,,,,0.02128991891068482,,,,,,9.185705821534292,,,,,,1.7963835636640109,,,,,
449,4,0.1104338219957238,,,,,,0.020804534817943855,,,,,,9.055196876539524,,,,,,1.7059009214459477,,,,,
449,8,0.10859271149532873,,,,,,0.021533762051587343,,,,,,9.208721158445485,,,,,,1.8260747659285854,,,,,
449,16,0.1085171495967248,,,,,,0.01971058259268682,,,,,,9.215133310414387,,,,,,1.6737966938179172,,,,,
449,32,0.10872730258533701,,,,,,0.013134808981464572,,,,,,9.197321888999573,,,,,,1.1110830792315094,,,,,
