index,bin_size,m,n,a,b,corr
948,1,0.18212920204601424,16.0,4880.24769178735,-4847.609288842297,5.490607704674146
948,2,0.18352375529580492,16.0,4788.945390638501,-4756.354039706695,5.448885886125165
948,4,0.18268550208238785,16.0,4846.201536734677,-4813.276888371158,5.4738881224905205
948,8,0.1824977775202753,16.0,4862.128124740632,-4828.591744416432,5.479518784215886
948,16,0.1824680751737122,16.0,4859.043369899361,-4825.653783786327,5.480410746087971
948,32,0.18348550286805462,16.0,4799.855850878861,-4767.475615952483,5.4500218511492164
