index,bin_size,m12,m23,m34,m13,m24,m14,m12_err,m23_err,m34_err,m13_err,m24_err,m14_err,corr12,corr23,corr34,corr13,corr24,corr14,corr12_err,corr23_err,corr34_err,corr13_err,corr24_err,corr14_err
1934,1,0.1560438589653599,,,,,,0.06066317683533124,,,,,,6.408454691074959,,,,,,2.4913330312613473,,,,,
1934,2,0.1550401425691051,,,,,,0.056403321787550975,,,,,,6.449942469281955,,,,,,2.346477335338799,,,,,
1934,4,0.15471718370599422,,,,,,0.05909491442548584,,,,,,6.463406171484344,,,,,,2.4687266498260745,,,,,
1934,8,0.1550322509960386,,,,,,0.05990994705500859,,,,,,6.450270789305331,,,,,,2.4926128530999985,,,,,
1934,16,0.151787159869678,,,,,,0.061341715548106086,,,,,,6.588172549368364,,,,,,2.6624768975990754,,,,,
1934,32,0.15213826352955911,,,,,,0.06514849260325253,,,,,,6.572968409132058,,,,,,2.814669852601238,,,,,
