index,bin_size,m,n,a,b,corr
74,1,0.06075625892313496,16.0,63644.00416223277,-63675.865792053366,16.45920959789736
74,2,0.06465493235442125,16.0,56043.29957937484,-56074.27349503036,15.466724093349356
74,4,0.06282056164158532,16.0,59468.97983987247,-59500.363932426946,15.918354975961089
74,8,0.06620016466274813,16.0,53353.97520013265,-53386.693554179496,15.105702608058854
74,16,0.06278495228749965,16.0,59525.257208283656,-59558.647380015485,15.927383291156817
74,32,0.06615659876233229,16.0,53440.87548340529,-53474.30320414711,15.115650119688013
