index,bin_size,m12,m23,m34,m13,m24,m14,m12_err,m23_err,m34_err,m13_err,m24_err,m14_err,corr12,corr23,corr34,corr13,corr24,corr14,corr12_err,corr23_err,corr34_err,corr13_err,corr24_err,corr14_err
2212,1,0.03991008748000237,,,,,,0.042197469560217166,,,,,,25.056321926156315,,,,,,26.49238447046171,,,,,
2212,2,0.03755002734578281,,,,,,0.04051754058270148,,,,,,26.631139061269113,,,,,,28.735751581276066,,,,,
2212,4,0.0385465602074277,,,,,,0.040617676465529905,,,,,,25.94265207112581,,,,,,27.336557213210163,,,,,
2212,8,0.03940426429201042,,,,,,0.041876210455305915,,,,,,25.377963983526506,,,,,,26.969998800784836,,,,,
2212,16,0.03817527103664144,,,,,,0.04108478795819748,,,,,,26.194967916276973,,,,,,28.191409600708575,,,,,
2212,32,0.03220797238098183,,,,,,0.0306572808347785,,,,,,31.048213410369172,,,,,,29.55335985390606,,,,,
