index,bin_size,m,n,a,b,corr
1125,1,5.812183577725621e-6,16.0,7991743825768.486,-7991743825733.347,172052.37698140848
1125,2,-2.948656479311368e-6,16.0,31060960461829.652,-31060960461795.336,-339137.504492738
1125,4,-2.594381147377937e-6,16.0,40127298270374.29,-40127298270339.33,-385448.37600699876
1125,8,0.00004144389630870189,16.0,157158109050.8149,-157158109015.5156,24129.00545236699
1125,16,0.000027541610308616778,16.0,356051864849.4886,-356051864814.0513,36308.697595911304
1125,32,8.651776779694775e-6,16.0,3605538816625.131,-3605538816589.329,115583.19469671742
