index,bin_size,m12,m23,m34,m13,m24,m14,m12_err,m23_err,m34_err,m13_err,m24_err,m14_err,corr12,corr23,corr34,corr13,corr24,corr14,corr12_err,corr23_err,corr34_err,corr13_err,corr24_err,corr14_err
281,1,975040454365.2142,,,,,,7203653550663.682,,,,,,1.025598471861391e-12,,,,,,7.577179018884339e-12,,,,,
281,2,1227117765233.0178,,,,,,7104852452139.293,,,,,,8.149177106975627e-13,,,,,,4.718267683168841e-12,,,,,
281,4,2557230656342.258,,,,,,36277453015893.41,,,,,,3.910480259259651e-13,,,,,,5.5474958241656526e-12,,,,,
281,8,986029975965.487,,,,,,5820339392943.026,,,,,,1.014167950645551e-12,,,,,,5.9864322769931786e-12,,,,,
281,16,974912323074.8333,,,,,,12614584351837.527,,,,,,1.0257332647576362e-12,,,,,,1.3272166619005488e-11,,,,,
281,32,886757075442.4,,,,,,6068649273433.399,,,,,,1.1277045627192808e-12,,,,,,7.717607972600189e-12,,,,,
