index,bin_size,m,n,a,b,corr
1742,1,0.13115365560683953,16.0,12192.761154677302,-12211.110854322797,7.624644508558029
1742,2,0.13076434619857705,16.0,12270.79162814722,-12288.178006795359,7.647344471721771
1742,4,0.13080108405845137,16.0,12261.528010053074,-12278.734830431153,7.6451965761470895
1742,8,0.1308078005038395,16.0,12275.649181360335,-12292.872306280267,7.644804026581333
1742,16,0.13396912295450694,16.0,11631.47579990712,-11650.54465657724,7.464406558364786
1742,32,0.13162192938630954,16.0,12093.929089310403,-12111.301696888153,7.597518169369834
