index,bin_size,m,n,a,b,corr
2767,1,0.21625831013473776,24.0,1187.1834850689163,-1115.9219062829504,4.624099760036778
2767,2,0.21588041161502092,24.0,1192.4808178972191,-1120.883139948778,4.632194243650498
2767,4,0.21548421951741514,24.0,1200.5730018154884,-1128.8997159576172,4.640711056426948
2767,8,0.21595105917772614,24.0,1192.277509501321,-1120.8063877314169,4.630678839028094
2767,16,0.2158452305034494,24.0,1195.4455409509812,-1125.3562452978172,4.632949255665944
2767,32,0.21551601215988153,24.0,1199.3862267702127,-1127.8968476849325,4.640026464753558
