index,bin_size,m,n,a,b,corr
1571,1,0.11270983917971868,16.0,17668.38839668775,-17703.01914504427,8.872339870927105
1571,2,0.11365874021731044,16.0,17337.523686420802,-17371.676558856256,8.798267498725084
1571,4,0.110554869225606,16.0,18440.333687961793,-18475.037010318694,9.045282283852464
1571,8,0.11226227018341349,16.0,17821.25827384026,-17856.151081066302,8.907712256007342
1571,16,0.11145070383927935,16.0,18107.77023263779,-18143.10045422759,8.97257680348146
1571,32,0.11163178198433309,16.0,18076.3956744343,-18112.500824116898,8.958022368041608
