index,bin_size,m12,m23,m34,m13,m24,m14,m12_err,m23_err,m34_err,m13_err,m24_err,m14_err,corr12,corr23,corr34,corr13,corr24,corr14,corr12_err,corr23_err,corr34_err,corr13_err,corr24_err,corr14_err
208,1,NaN,,,,,,NaN,,,,,,NaN,,,,,,NaN,,,,,
208,2,NaN,,,,,,NaN,,,,,,NaN,,,,,,NaN,,,,,
208,4,NaN,,,,,,NaN,,,,,,NaN,,,,,,NaN,,,,,
208,8,3807866947749.6333,,,,,,30796241429485.31,,,,,,2.6261421780794583e-13,,,,,,2.1239005893334836e-12,,,,,
208,16,6004030887673.482,,,,,,101311509440021.48,,,,,,1.6655477273660273e-13,,,,,,2.8104311496844213e-12,,,,,
208,32,7657255677928.861,,,,,,85489469047239.23,,,,,,1.305950907297483e-13,,,,,,1.4580295390739778e-12,,,,,
