index,bin_size,m12,m23,m34,m13,m24,m14,m12_err,m23_err,m34_err,m13_err,m24_err,m14_err,corr12,corr23,corr34,corr13,corr24,corr14,corr12_err,corr23_err,corr34_err,corr13_err,corr24_err,corr14_err
215,1,54016105470.53657,,,,,,848795448265.3193,,,,,,1.8512997027256183e-11,,,,,,2.909085627999524e-10,,,,,
215,2,37218652853.08429,,,,,,650945962558.9172,,,,,,2.686824813212256e-11,,,,,,4.699196854780031e-10,,,,,
215,4,90259489354.01886,,,,,,1685082001196.3354,,,,,,1.1079167488725376e-11,,,,,,2.0684036500877316e-10,,,,,
215,8,84479335974.28087,,,,,,1545231467246.1223,,,,,,1.1837214254435461e-11,,,,,,2.165172789243592e-10,,,,,
215,16,109275471826.04388,,,,,,1510824942165.669,,,,,,9.151184463352439e-12,,,,,,1.2652279149708207e-10,,,,,
215,32,311695910294.2625,,,,,,2837065369631.587,,,,,,3.2082551197284906e-12,,,,,,2.920163273407083e-11,,,,,
