index,bin_size,m,n,a,b,corr
2328,1,0.21133265981585075,24.0,1175.3467024610036,-1187.630975101244,4.731876279186433
2328,2,0.21003336486181295,24.0,1197.9539166663385,-1208.5817841744806,4.761148309259955
2328,4,0.21139353181108436,24.0,1174.036416787053,-1187.265348803503,4.7305137079296635
2328,8,0.21082893126272426,24.0,1184.3193953697325,-1196.7859721787877,4.74318203868259
2328,16,0.2113841016249595,24.0,1175.1727506784312,-1185.5633471152726,4.730724743785195
2328,32,0.21099640016033577,24.0,1182.9943296196816,-1196.0752816848567,4.739417351386573
