index,bin_size,m12,m23,m34,m13,m24,m14,m12_err,m23_err,m34_err,m13_err,m24_err,m14_err,corr12,corr23,corr34,corr13,corr24,corr14,corr12_err,corr23_err,corr34_err,corr13_err,corr24_err,corr14_err
772,1,0.19924132172673997,,,,,,0.05148819636666121,,,,,,5.019039179892125,,,,,,1.2970265034713906,,,,,
772,2,0.19696734114792222,,,,,,0.052658610363060805,,,,,,5.076983799304075,,,,,,1.3573159395310526,,,,,
772,4,0.19716348387424687,,,,,,0.05066103883477363,,,,,,5.071933100136389,,,,,,1.3032301656693626,,,,,
772,8,0.1986075522884986,,,,,,0.05116102199113996,,,,,,5.035055255841397,,,,,,1.2970230472228832,,,,,
772,16,0.19969036508383323,,,,,,0.05230022609939567,,,,,,5.00775287570927,,,,,,1.311563567624012,,,,,
772,32,0.19658518960638185,,,,,,0.057254822363653056,,,,,,5.08685319581947,,,,,,1.481530102546289,,,,,
