index,bin_size,m12,m23,m34,m13,m24,m14,m12_err,m23_err,m34_err,m13_err,m24_err,m14_err,corr12,corr23,corr34,corr13,corr24,corr14,corr12_err,corr23_err,corr34_err,corr13_err,corr24_err,corr14_err
269,1,0.19927555886406745,,,,,,0.030691402874445967,,,,,,5.018176868755559,,,,,,0.7728739482761222,,,,,
269,2,0.19893466713667404,,,,,,0.028108496588880653,,,,,,5.026775948070279,,,,,,0.7102588835978336,,,,,
269,4,0.19903108314428924,,,,,,0.028375103485063835,,,,,,5.024340842656429,,,,,,0.7163011380049339,,,,,
269,8,0.19874335035881835,,,,,,0.027322482689852153,,,,,,5.031614885200256,,,,,,0.6917273476304086,,,,,
269,16,0.19897726885285275,,,,,,0.028161875770852187,,,,,,5.0256996980872115,,,,,,0.7113030115204149,,,,,
269,32,0.19948074815117325,,,,,,0.0205068603116751,,,,,,5.0130150867599825,,,,,,0.5153439671611848,,,,,
