index,bin_size,m12,m23,m34,m13,m24,m14,m12_err,m23_err,m34_err,m13_err,m24_err,m14_err,corr12,corr23,corr34,corr13,corr24,corr14,corr12_err,corr23_err,corr34_err,corr13_err,corr24_err,corr14_err
1592,1,0.08491864519833944,,,,,,0.06683518310967711,,,,,,11.77597685012943,,,,,,9.26827750531646,,,,,
1592,2,0.08566646920264699,,,,,,0.0670917875390168,,,,,,11.673178657970197,,,,,,9.142134953325737,,,,,
1592,4,0.08460641468144488,,,,,,0.0650515949093471,,,,,,11.819434776489956,,,,,,9.08764525754448,,,,,
1592,8,0.08685737408870993,,,,,,0.0640381145243504,,,,,,11.513127244425688,,,,,,8.488386492768557,,,,,
1592,16,0.08472450848700859,,,,,,0.06920485531123254,,,,,,11.802960180681804,,,,,,9.6409193294237,,,,,
1592,32,0.08996630914998889,,,,,,0.06829638236916216,,,,,,11.115272032921043,,,,,,8.437968346928944,,,,,
