index,bin_size,m12,m23,m34,m13,m24,m14,m12_err,m23_err,m34_err,m13_err,m24_err,m14_err,corr12,corr23,corr34,corr13,corr24,corr14,corr12_err,corr23_err,corr34_err,corr13_err,corr24_err,corr14_err
1036,1,0.11090150675504123,,,,,,0.06808772885779521,,,,,,9.017010041250346,,,,,,5.535972889464482,,,,,
1036,2,0.11347072677174633,,,,,,0.06712493824269747,,,,,,8.812845642661339,,,,,,5.2133421221143,,,,,
1036,4,0.11029357581533854,,,,,,0.06772354522520897,,,,,,9.066711207861028,,,,,,5.567231110155849,,,,,
1036,8,0.1094600703344617,,,,,,0.06966339233112083,,,,,,9.135751484029209,,,,,,5.814242928283386,,,,,
1036,16,0.11074197628239374,,,,,,0.06611218486643015,,,,,,9.029999586154979,,,,,,5.39084656084992,,,,,
1036,32,0.11245022133209533,,,,,,0.05467689635777253,,,,,,8.892823759294656,,,,,,4.323975508940253,,,,,
