index,bin_size,m12,m23,m34,m13,m24,m14,m12_err,m23_err,m34_err,m13_err,m24_err,m14_err,corr12,corr23,corr34,corr13,corr24,corr14,corr12_err,corr23_err,corr34_err,corr13_err,corr24_err,corr14_err
1834,1,0.21037702272018943,,,,,,0.04956900618737712,,,,,,4.753370815262669,,,,,,1.1199886009701627,,,,,
1834,2,0.20828542713203674,,,,,,0.04776789553868977,,,,,,4.801104012745347,,,,,,1.1010786405417656,,,,,
1834,4,0.2080792675391032,,,,,,0.04755916703136244,,,,,,4.805860823265708,,,,,,1.0984407064015749,,,,,
1834,8,0.21054298211321337,,,,,,0.04361169189740981,,,,,,4.749623995837007,,,,,,0.9838330219128603,,,,,
1834,16,0.20876760090793497,,,,,,0.04458992615608547,,,,,,4.7900152880570435,,,,,,1.0230822553504082,,,,,
1834,32,0.20969775159647308,,,,,,0.040674183832113575,,,,,,4.768768345806237,,,,,,0.9249777781277334,,,,,
