index,bin_size,m,n,a,b,corr
2264,1,-0.00002634939787200025,24.0,245178612303.56714,-245178612122.79593,-37951.53137304262
2264,2,-0.000032682383229788584,24.0,159278486628.72617,-159278486447.38544,-30597.523839342997
2264,4,1.2635735347188948e-6,24.0,106660614385328.05,-106660614385144.36,791406.2557684609
2264,8,-0.000014565138542698446,24.0,800827665194.8804,-800827665015.5507,-68657.08809212141
2264,16,5.139946458298851e-7,24.0,644482254592858.4,-644482254592676.1,1945545.5579414077
2264,32,-8.352903746026001e-7,24.0,243828256016772.97,-243828256016591.75,-1197188.4633242213
