index,bin_size,m,n,a,b,corr
1069,1,0.2586588724022572,16.0,1845.8872204220372,-1897.2128295276516,3.8660958764439175
1069,2,0.26012205619814144,16.0,1816.5170031503021,-1870.0223768239125,3.844349128311807
1069,4,0.25752871710555386,16.0,1868.554579077758,-1917.6065565795084,3.883062095906484
1069,8,0.2587172216214242,16.0,1844.7185136601424,-1896.5346786580822,3.8652239450193244
1069,16,0.2595025552439015,16.0,1828.8757245018364,-1881.9013718502285,3.853526602310791
1069,32,0.26000202354387936,16.0,1818.900177765719,-1872.005899292315,3.8461239123057616
