index,bin_size,m12,m23,m34,m13,m24,m14,m12_err,m23_err,m34_err,m13_err,m24_err,m14_err,corr12,corr23,corr34,corr13,corr24,corr14,corr12_err,corr23_err,corr34_err,corr13_err,corr24_err,corr14_err
2852,1,0.1925808951849011,,,,,,0.031182293354175904,,,,,,5.192623074266418,,,,,,0.8407786027995005,,,,,
2852,2,0.19280658998156294,,,,,,0.02966698637184391,,,,,,5.186544713516403,,,,,,0.7980492334186496,,,,,
2852,4,0.19488338815108444,,,,,,0.02811409461909888,,,,,,5.13127367851766,,,,,,0.7402432556360208,,,,,
2852,8,0.19359943533419158,,,,,,0.028083894216847323,,,,,,5.165304321646387,,,,,,0.7492886532263665,,,,,
2852,16,0.19401346287562776,,,,,,0.026559369412936077,,,,,,5.154281487367965,,,,,,0.7055926122457776,,,,,
2852,32,0.19407165277935914,,,,,,0.017139442956903388,,,,,,5.152736041965408,,,,,,0.4550640147515617,,,,,
