index,bin_size,m12,m23,m34,m13,m24,m14,m12_err,m23_err,m34_err,m13_err,m24_err,m14_err,corr12,corr23,corr34,corr13,corr24,corr14,corr12_err,corr23_err,corr34_err,corr13_err,corr24_err,corr14_err
312,1,0.10009577191073521,,,,,,0.04254023806567494,,,,,,9.990431972409322,,,,,,4.245887177574605,,,,,
312,2,0.09835629011404813,,,,,,0.042368192981175626,,,,,,10.167117922406987,,,,,,4.379612261701027,,,,,
312,4,0.09753427883288653,,,,,,0.04206044690967338,,,,,,10.252805597849163,,,,,,4.421395130858674,,,,,
312,8,0.09795656358111086,,,,,,0.0398800801998396,,,,,,10.2086063806431,,,,,,4.156128250166044,,,,,
312,16,0.09875358639399598,,,,,,0.04236052142829487,,,,,,10.126214515494274,,,,,,4.343657204101149,,,,,
312,32,0.09872617864434745,,,,,,0.039101667274201855,,,,,,10.129025692389186,,,,,,4.011720071354352,,,,,
