index,bin_size,m12,m23,m34,m13,m24,m14,m12_err,m23_err,m34_err,m13_err,m24_err,m14_err,corr12,corr23,corr34,corr13,corr24,corr14,corr12_err,corr23_err,corr34_err,corr13_err,corr24_err,corr14_err
2928,1,0.08746671040549428,,,,,,0.041612921517440296,,,,,,11.43292111208957,,,,,,5.439295095778341,,,,,
2928,2,0.08737061123695043,,,,,,0.04099383594357142,,,,,,11.44549621254205,,,,,,5.370167238011571,,,,,
2928,4,0.0862126933826709,,,,,,0.040418940473532346,,,,,,11.599220030875454,,,,,,5.438041262513153,,,,,
2928,8,0.08665381513328861,,,,,,0.04118415881857533,,,,,,11.540172795183068,,,,,,5.484724572825449,,,,,
2928,16,0.08699924290915693,,,,,,0.04431756448669846,,,,,,11.49435289964744,,,,,,5.855243204758726,,,,,
2928,32,0.08719898800144296,,,,,,0.04067718622567465,,,,,,11.468023000260645,,,,,,5.349682581341461,,,,,
