index,bin_size,m12,m23,m34,m13,m24,m14,m12_err,m23_err,m34_err,m13_err,m24_err,m14_err,corr12,corr23,corr34,corr13,corr24,corr14,corr12_err,corr23_err,corr34_err,corr13_err,corr24_err,corr14_err
407,1,5.0910224220747695,,,,,,0.6585437566375648,,,,,,0.19642419873540157,,,,,,0.02540824200043863,,,,,
407,2,5.063649701734445,,,,,,0.5974834927654324,,,,,,0.19748601481209718,,,,,,0.023302290018569257,,,,,
407,4,5.085263414739324,,,,,,0.5673083792396066,,,,,,0.1966466470746749,,,,,,0.02193776045336983,,,,,
407,8,5.093849395664232,,,,,,0.5804427476594632,,,,,,0.19631518765575934,,,,,,0.022370062025623194,,,,,
407,16,5.088035906952998,,,,,,0.5200553541389236,,,,,,0.19653949348774472,,,,,,0.020088579907303308,,,,,
407,32,5.097712430730576,,,,,,0.6331076066284348,,,,,,0.19616642044609908,,,,,,0.02436278127436431,,,,,
