index,bin_size,m12,m23,m34,m13,m24,m14,m12_err,m23_err,m34_err,m13_err,m24_err,m14_err,corr12,corr23,corr34,corr13,corr24,corr14,corr12_err,corr23_err,corr34_err,corr13_err,corr24_err,corr14_err
1642,1,0.02606954091115598,,,,,,0.04642012586727596,,,,,,38.358941701657216,,,,,,68.30296352339838,,,,,
1642,2,0.02603292518496816,,,,,,0.0460157993455277,,,,,,38.412894167475905,,,,,,67.898632894017,,,,,
1642,4,0.026602745073576118,,,,,,0.04550274717377373,,,,,,37.59010572909923,,,,,,64.29611201761199,,,,,
1642,8,0.02315346749639414,,,,,,0.043074656446046904,,,,,,43.19007510023012,,,,,,80.35071408250667,,,,,
1642,16,0.018631379505413843,,,,,,0.036738017379124355,,,,,,53.672890926268956,,,,,,105.834117063857,,,,,
1642,32,0.02071954857954132,,,,,,0.03995962284497957,,,,,,48.263599767198095,,,,,,93.08094896153256,,,,,
