index,bin_size,m,n,a,b,corr
582,1,0.011284329264648773,16.0,1970330.24837428,-1970297.1719004733,88.61847049543049
582,2,0.015244106489293871,16.0,1079773.9098762122,-1079741.392082373,65.59912190998617
582,4,0.006605429639693895,16.0,5749016.8767683925,-5748983.042450531,151.3906065989587
582,8,0.00011352538476077449,16.0,19503169610.729992,-19503169577.96505,8808.602605551547
582,16,0.016829184274462426,16.0,884852.2194519051,-884820.6779808654,59.420586505636976
582,32,0.0069973226530728825,16.0,5131146.136924001,-5131112.554821656,142.91180349684873
