index,bin_size,m12,m23,m34,m13,m24,m14,m12_err,m23_err,m34_err,m13_err,m24_err,m14_err,corr12,corr23,corr34,corr13,corr24,corr14,corr12_err,corr23_err,corr34_err,corr13_err,corr24_err,corr14_err
550,1,0.11555238160973266,,,,,,0.01646574200040809,,,,,,8.654083854172788,,,,,,1.2331715712617066,,,,,
550,2,0.11574547446692339,,,,,,0.016123079944016416,,,,,,8.639646643686016,,,,,,1.203483023122514,,,,,
550,4,0.11551420419786383,,,,,,0.016981391446964433,,,,,,8.656944026442877,,,,,,1.272630983075287,,,,,
550,8,0.1148117010172278,,,,,,0.016927150473403332,,,,,,8.709913633715324,,,,,,1.284137569446198,,,,,
550,16,0.11604943403730318,,,,,,0.01618846834296307,,,,,,8.617017465837513,,,,,,1.202042178091368,,,,,
550,32,0.11567660481989281,,,,,,0.012629042349417977,,,,,,8.644790375348489,,,,,,0.9437986524768939,,,,,
