index,bin_size,m,n,a,b,corr
1373,1,0.14065703520512454,16.0,9324.170553943242,-9333.054532592478,7.109491526973171
1373,2,0.14024585129616743,16.0,9378.734048834189,-9384.914856731397,7.130335698046617
1373,4,0.14006666693795952,16.0,9403.221666448331,-9411.515756440382,7.139457387409207
1373,8,0.14059220228297747,16.0,9318.285075406588,-9325.160119553382,7.11277000972818
1373,16,0.140777240742987,16.0,9295.4900107893,-9302.93029132302,7.103420941639789
1373,32,0.13821815684685554,16.0,9690.367930907265,-9697.061837966141,7.234939481272282
