index,bin_size,m12,m23,m34,m13,m24,m14,m12_err,m23_err,m34_err,m13_err,m24_err,m14_err,corr12,corr23,corr34,corr13,corr24,corr14,corr12_err,corr23_err,corr34_err,corr13_err,corr24_err,corr14_err
2356,1,0.15451570481935048,,,,,,0.03211124503361125,,,,,,6.471834051879282,,,,,,1.34496780958112,,,,,
2356,2,0.15461935914789768,,,,,,0.031437788450633185,,,,,,6.467495438546427,,,,,,1.3149954476785337,,,,,
2356,4,0.15464084182484136,,,,,,0.03077124900154731,,,,,,6.466596975284707,,,,,,1.2867575174256043,,,,,
2356,8,0.1547310575745658,,,,,,0.029903757410199697,,,,,,6.462826634000703,,,,,,1.2490239702149002,,,,,
2356,16,0.15354047873275406,,,,,,0.031043067874293544,,,,,,6.512940484838248,,,,,,1.3167970765805461,,,,,
2356,32,0.1542594956470181,,,,,,0.028384731753370848,,,,,,6.48258310326798,,,,,,1.192836665797519,,,,,
