index,bin_size,m,n,a,b,corr
2306,1,0.11283866068974735,24.0,8151.148193825956,-8114.966539999368,8.86221082284488
2306,2,0.1129553580004104,24.0,8134.97396216669,-8098.364509739645,8.85305502724684
2306,4,0.11230439736455572,24.0,8244.728928022792,-8208.66656510224,8.904370830234374
2306,8,0.1134481821884817,24.0,8052.185444887138,-8014.801065383101,8.814596943815369
2306,16,0.11355525283263918,24.0,8042.40799188323,-8007.396524491514,8.806285707221551
2306,32,0.11137644552263795,24.0,8412.19634477282,-8372.472568637719,8.97855911371084
