index,bin_size,m,n,a,b,corr
200,1,0.16778428505886694,24.0,2776.456923626207,-2773.380897461244,5.960033740043956
200,2,0.16669072230494275,24.0,2827.225884003328,-2822.270013591994,5.999134121997549
200,4,0.16840536785731877,24.0,2746.3230642233248,-2743.064362617745,5.938053001061395
200,8,0.16845280730669734,24.0,2739.8766567526995,-2735.8506482259854,5.936380734690445
200,16,0.16696257171738532,24.0,2808.490002829313,-2801.44110580927,5.989366297571666
200,32,0.16770188582013018,24.0,2776.080418313594,-2770.1176930889205,5.962962164137838
