index,bin_size,m,n,a,b,corr
905,1,0.000024477803579226452,16.0,430514836274.6283,-430514836228.1325,40853.338689614655
905,2,-0.000013592674538385205,16.0,1396093411428.5698,-1396093411381.584,-73569.03876246263
905,4,0.020999999239986654,16.0,582963.0091394822,-582915.9950129074,47.619049342433954
905,8,0.020345210072560502,16.0,621482.7555706347,-621437.211817808,49.151618313771834
905,16,0.013440921556668284,16.0,1427635.4601937747,-1427589.5657004262,74.39966045363028
905,32,0.00020416478641489423,16.0,6190131726.154574,-6190131679.721498,4898.004291336736
