index,bin_size,m,n,a,b,corr
2082,1,0.014562837117573781,16.0,1079683.6966687862,-1079633.6236461885,68.66793825450706
2082,2,5.7970543524756754e-6,16.0,6824922515738.951,-6824922515687.008,172501.4014355312
2082,4,0.00006275850444125814,16.0,58217072404.10155,-58217072353.54081,15934.095448944268
2082,8,3.812915925749907e-7,16.0,1578287515315987.2,-1578287515315933.8,2622664.6993359146
2082,16,6.432540614113459e-6,16.0,5547222889193.691,-5547222889142.954,155459.57032994516
2082,32,0.000023895365571419234,16.0,402034384666.6238,-402034384614.98883,41849.119111032975
