index,bin_size,m12,m23,m34,m13,m24,m14,m12_err,m23_err,m34_err,m13_err,m24_err,m14_err,corr12,corr23,corr34,corr13,corr24,corr14,corr12_err,corr23_err,corr34_err,corr13_err,corr24_err,corr14_err
2175,1,0.2625749320460804,,,,,,0.03144582913746244,,,,,,3.8084366706586663,,,,,,0.4560962765682508,,,,,
2175,2,0.261170815716444,,,,,,0.02973732034821801,,,,,,3.8289117306495335,,,,,,0.4359659191132433,,,,,
2175,4,0.2606430527712781,,,,,,0.031135334086215962,,,,,,3.8366647005072076,,,,,,0.45831199395868655,,,,,
2175,8,0.2607697467413888,,,,,,0.03368853275853479,,,,,,3.834800671842207,,,,,,0.4954133279269043,,,,,
2175,16,0.2616542326570889,,,,,,0.03171453179741504,,,,,,3.821837658978559,,,,,,0.4632365038752601,,,,,
2175,32,0.2614929148716853,,,,,,0.031051678119093446,,,,,,3.824195391644552,,,,,,0.4541143473204108,,,,,
