index,bin_size,m,n,a,b,corr
1498,1,4.363987411708528e-6,16.0,14812537935936.781,-14812537935931.516,229148.2320313325
1498,2,-0.000017820587281141404,16.0,887100488224.2477,-887100488220.4364,-56114.873445178084
1498,4,3.640248920095242e-6,16.0,21253214987789.37,-21253214987784.22,274706.4890204916
1498,8,-6.067615337912312e-6,16.0,7660290298904.788,-7660290298898.955,-164809.3928683473
1498,16,0.000017239781494744394,16.0,948722644988.3744,-948722644983.9987,58005.37554984983
1498,32,1.8166344448007018e-6,16.0,85453895267736.92,-85453895267731.5,550468.4791494787
