index,bin_size,m12,m23,m34,m13,m24,m14,m12_err,m23_err,m34_err,m13_err,m24_err,m14_err,corr12,corr23,corr34,corr13,corr24,corr14,corr12_err,corr23_err,corr34_err,corr13_err,corr24_err,corr14_err
1990,1,0.09551569191597309,,,,,,0.06980655626838278,,,,,,10.46948391348846,,,,,,7.651503153542485,,,,,
1990,2,0.09311924784114796,,,,,,0.07044063215104121,,,,,,10.738918356663481,,,,,,8.123521347082121,,,,,
1990,4,0.0971624421196695,,,,,,0.06755094852657487,,,,,,10.292042667766177,,,,,,7.1554113844452445,,,,,
1990,8,0.09451990901418482,,,,,,0.06478516436404405,,,,,,10.579781661130543,,,,,,7.251518764678241,,,,,
1990,16,0.09891920289260489,,,,,,0.06313818260889546,,,,,,10.1092605961017,,,,,,6.452542306174385,,,,,
1990,32,0.09662818910072955,,,,,,0.07082296230516419,,,,,,10.34894692021554,,,,,,7.585189005917492,,,,,
