index,bin_size,m12,m23,m34,m13,m24,m14,m12_err,m23_err,m34_err,m13_err,m24_err,m14_err,corr12,corr23,corr34,corr13,corr24,corr14,corr12_err,corr23_err,corr34_err,corr13_err,corr24_err,corr14_err
2376,1,0.09833346517335906,,,,,,0.04294136116935341,,,,,,10.169477890736678,,,,,,4.440921737477714,,,,,
2376,2,0.09824278752891526,,,,,,0.04230616095109928,,,,,,10.17886427240957,,,,,,4.38331078585498,,,,,
2376,4,0.09825550262215062,,,,,,0.04082670327974713,,,,,,10.177547041264242,,,,,,4.228930513614716,,,,,
2376,8,0.0985500525821855,,,,,,0.0432492059512856,,,,,,10.147128020718744,,,,,,4.453120197131748,,,,,
2376,16,0.09748655602823758,,,,,,0.04197097676223452,,,,,,10.257824675951666,,,,,,4.416310706275614,,,,,
2376,32,0.09803445121904318,,,,,,0.04112797961895199,,,,,,10.200495719261497,,,,,,4.2793709234688,,,,,
