index,bin_size,m12,m23,m34,m13,m24,m14,m12_err,m23_err,m34_err,m13_err,m24_err,m14_err,corr12,corr23,corr34,corr13,corr24,corr14,corr12_err,corr23_err,corr34_err,corr13_err,corr24_err,corr14_err
2697,1,0.055680612963877094,,,,,,0.06191996408631191,,,,,,17.959572403571634,,,,,,19.97205165388755,,,,,
2697,2,0.05475634076962115,,,,,,0.06106766853033427,,,,,,18.262725119038645,,,,,,20.367724145818183,,,,,
2697,4,0.05220167846718132,,,,,,0.05944547754333684,,,,,,19.15647215498425,,,,,,21.814732183651994,,,,,
2697,8,0.051443157235402846,,,,,,0.05729454136666713,,,,,,19.438931312555724,,,,,,21.65000583293424,,,,,
2697,16,0.052990324362734716,,,,,,0.058074433820413836,,,,,,18.871369670332626,,,,,,20.681966419345347,,,,,
2697,32,0.04671440063629527,,,,,,0.05457525086244204,,,,,,21.40667516609512,,,,,,25.0088763081067,,,,,
