index,bin_size,m,n,a,b,corr
1775,1,0.09804193387519054,16.0,23539.29667641401,-23481.344022716632,10.199717207465747
1775,2,0.10115836923619016,16.0,22016.46491915266,-21959.53219823102,9.885489530432668
1775,4,0.10124424908544534,16.0,21981.093719020166,-21923.894775074707,9.877104221060966
1775,8,0.09890661018158951,16.0,23126.748896205867,-23071.074089235597,10.1105476991278
1775,16,0.09797493462806948,16.0,23562.793465589868,-23503.846801289557,10.206692189141847
1775,32,0.1010663486637896,16.0,22056.981775919845,-21999.178027326543,9.894490235584056
