index,bin_size,m,n,a,b,corr
1089,1,0.08943568949398796,16.0,33814.08905056378,-33888.46940725084,11.181218657314895
1089,2,0.09146984086608617,16.0,32250.359159794647,-32327.192431225805,10.932565209816223
1089,4,0.09149871542074685,16.0,32213.585037210938,-32291.28179473101,10.929115183766342
1089,8,0.09424025988996705,16.0,30268.184600905726,-30345.421346580435,10.611176170010344
1089,16,0.09036946886988372,16.0,33091.51481392452,-33168.851124532,11.06568415755354
1089,32,0.0902400811734513,16.0,33194.20287705612,-33272.626893259825,11.081550315517678
