index,bin_size,m,n,a,b,corr
80,1,0.06995253929510713,16.0,44961.46471156032,-45052.69776704046,14.295406715420631
80,2,0.07402493929509468,16.0,39926.01659331497,-40015.578736792355,13.5089607573142
80,4,0.07098789892584717,16.0,43656.177883288365,-43745.73975650909,14.086907981944698
80,8,0.0715083669802844,16.0,42971.93921722993,-43063.82326087375,13.98437752432118
80,16,0.06680694826586932,16.0,49505.476441465,-49596.023455426584,14.968502917096801
80,32,0.06919706618276494,16.0,45948.93621550563,-46038.5967649318,14.451479739889205
