index,bin_size,m,n,a,b,corr
1760,1,0.18625175476947786,16.0,4936.333606606791,-4983.898103907763,5.369076931584838
1760,2,0.18490178900474044,16.0,5032.088488874919,-5077.32028518893,5.408276498473264
1760,4,0.18614149695830579,16.0,4945.7697905460045,-4992.352097753562,5.372257214757395
1760,8,0.18486720247572852,16.0,5031.359327345086,-5078.73562783228,5.409288324851951
1760,16,0.1843241616744662,16.0,5066.050864989579,-5114.504298419775,5.425224728628328
1760,32,0.18538679090181362,16.0,4999.155160356309,-5047.903464009452,5.394127570446105
