index,bin_size,m12,m23,m34,m13,m24,m14,m12_err,m23_err,m34_err,m13_err,m24_err,m14_err,corr12,corr23,corr34,corr13,corr24,corr14,corr12_err,corr23_err,corr34_err,corr13_err,corr24_err,corr14_err
2364,1,0.11619370381224188,,,,,,0.03999673476981233,,,,,,8.606318304612323,,,,,,2.9625067390088082,,,,,
2364,2,0.11788668796594759,,,,,,0.037156195648001135,,,,,,8.482721987141222,,,,,,2.673632478951854,,,,,
2364,4,0.1189075895020037,,,,,,0.03928734356258507,,,,,,8.409892120327182,,,,,,2.7786478763830584,,,,,
2364,8,0.11828498451903577,,,,,,0.03682571622598403,,,,,,8.454158438335583,,,,,,2.632036862883062,,,,,
2364,16,0.11761107803213344,,,,,,0.03662267771367905,,,,,,8.50260040747847,,,,,,2.6476076885053588,,,,,
2364,32,0.11828611288527195,,,,,,0.034189515107670355,,,,,,8.454077791616331,,,,,,2.44357358042726,,,,,
