index,bin_size,m12,m23,m34,m13,m24,m14,m12_err,m23_err,m34_err,m13_err,m24_err,m14_err,corr12,corr23,corr34,corr13,corr24,corr14,corr12_err,corr23_err,corr34_err,corr13_err,corr24_err,corr14_err
1049,1,0.1682509808702607,,,,,,0.054888319972663364,,,,,,5.943501754507487,,,,,,1.9389416000555146,,,,,
1049,2,0.16655144549073442,,,,,,0.05658443083069276,,,,,,6.004150831915967,,,,,,2.0398589543583157,,,,,
1049,4,0.16803252833647805,,,,,,0.05279714253196037,,,,,,5.95122866923446,,,,,,1.8699228738656637,,,,,
1049,8,0.1657540679648751,,,,,,0.05769684255529761,,,,,,6.033034436366954,,,,,,2.100021087141679,,,,,
1049,16,0.1684011996063945,,,,,,0.048232840007433185,,,,,,5.9381999792003155,,,,,,1.700796966995217,,,,,
1049,32,0.1657574679787709,,,,,,0.053189475049624964,,,,,,6.032910686884246,,,,,,1.9358847379216875,,,,,
