index,bin_size,m12,m23,m34,m13,m24,m14,m12_err,m23_err,m34_err,m13_err,m24_err,m14_err,corr12,corr23,corr34,corr13,corr24,corr14,corr12_err,corr23_err,corr34_err,corr13_err,corr24_err,corr14_err
2710,1,0.16161648461875938,,,,,,0.056486106380388305,,,,,,6.18748763381979,,,,,,2.162570764583462,,,,,
2710,2,0.16476061029814698,,,,,,0.0552976929545053,,,,,,6.069411846620519,,,,,,2.037043150674911,,,,,
2710,4,0.1631102162880431,,,,,,0.060878785025409665,,,,,,6.130823824266523,,,,,,2.288250939273275,,,,,
2710,8,0.16406796201772836,,,,,,0.05885950359305891,,,,,,6.095035177507386,,,,,,2.186598410307258,,,,,
2710,16,0.16320466388956065,,,,,,0.05740565069097011,,,,,,6.127275876605416,,,,,,2.155209601716028,,,,,
2710,32,0.1641459668479461,,,,,,0.05206603427597158,,,,,,6.092138717769005,,,,,,1.932386822438114,,,,,
