index,bin_size,m,n,a,b,corr
412,1,0.09220887085995651,36.0,9121.449660414284,-9104.685851412469,10.844943557749056
412,2,0.09242771499701785,36.0,9048.064917340542,-9032.929246017336,10.819265628629514
412,4,0.09158913306012453,36.0,9261.09386644786,-9241.243360416618,10.918325860160078
412,8,0.0918980427252803,36.0,9182.219151047184,-9162.722074190362,10.881624573761561
412,16,0.09227037266584061,36.0,9091.188906453292,-9075.635117232732,10.837714979449842
412,32,0.09179814706383714,36.0,9218.278529420366,-9199.210963261581,10.893466066418446
