index,bin_size,m12,m23,m34,m13,m24,m14,m12_err,m23_err,m34_err,m13_err,m24_err,m14_err,corr12,corr23,corr34,corr13,corr24,corr14,corr12_err,corr23_err,corr34_err,corr13_err,corr24_err,corr14_err
1132,1,0.12496116430800831,,,,,,0.06555133812657642,,,,,,8.002486256731473,,,,,,4.197893684595475,,,,,
1132,2,0.12229366167310167,,,,,,0.06640784814139633,,,,,,8.177038665119541,,,,,,4.440291790191945,,,,,
1132,4,0.11929504070093251,,,,,,0.06679109957888825,,,,,,8.3825781367304,,,,,,4.693251352013623,,,,,
1132,8,0.1217052555064787,,,,,,0.06803857166670646,,,,,,8.216572043980198,,,,,,4.593423870994989,,,,,
1132,16,0.11966952202728892,,,,,,0.06649180501661942,,,,,,8.35634657061607,,,,,,4.643024868921904,,,,,
1132,32,0.1219051920385643,,,,,,0.05846497340898885,,,,,,8.203096055856697,,,,,,3.9341539499427163,,,,,
