index,bin_size,m12,m23,m34,m13,m24,m14,m12_err,m23_err,m34_err,m13_err,m24_err,m14_err,corr12,corr23,corr34,corr13,corr24,corr14,corr12_err,corr23_err,corr34_err,corr13_err,corr24_err,corr14_err
1455,1,0.13594877773298292,,,,,,0.06180647674369008,,,,,,7.355711589876156,,,,,,3.3441317008815816,,,,,
1455,2,0.13494773060047646,,,,,,0.06454463230994645,,,,,,7.410276523734807,,,,,,3.54428763945292,,,,,
1455,4,0.1352272791719853,,,,,,0.06555863024497455,,,,,,7.394957630761587,,,,,,3.585099810932138,,,,,
1455,8,0.13407352289275457,,,,,,0.0626564663077999,,,,,,7.458594198348171,,,,,,3.485618532349379,,,,,
1455,16,0.13631260999128447,,,,,,0.04995285533725119,,,,,,7.336078445449308,,,,,,2.688365114215672,,,,,
1455,32,0.1430061239164194,,,,,,0.030021189619917153,,,,,,6.99270753317148,,,,,,1.4679748884925956,,,,,
