index,bin_size,m,n,a,b,corr
1356,1,0.17924835312502146,16.0,4795.774262578674,-4811.591561530883,5.578851814066731
1356,2,0.17763540603544845,16.0,4911.530684485179,-4926.877811580296,5.629508341374482
1356,4,0.17780809679878348,16.0,4891.674436213774,-4906.599563059284,5.624040850803605
1356,8,0.1784428849598476,16.0,4846.209574088104,-4859.796478740814,5.604034031533482
1356,16,0.17740726859409722,16.0,4921.38559417122,-4937.194228879419,5.63674762553259
1356,32,0.17825612257983467,16.0,4862.986139427414,-4878.760063747907,5.6099054861475235
