index,bin_size,m12,m23,m34,m13,m24,m14,m12_err,m23_err,m34_err,m13_err,m24_err,m14_err,corr12,corr23,corr34,corr13,corr24,corr14,corr12_err,corr23_err,corr34_err,corr13_err,corr24_err,corr14_err
1326,1,0.09313312991681329,,,,,,0.06507651878521728,,,,,,10.737317653698552,,,,,,7.502671225780573,,,,,
1326,2,0.09334182789754704,,,,,,0.06730640971395416,,,,,,10.713310661728313,,,,,,7.725094880106891,,,,,
1326,4,0.09089700209962356,,,,,,0.0673239284792426,,,,,,11.001462940482845,,,,,,8.14836228988428,,,,,
1326,8,0.09087557598896072,,,,,,0.06694371321789115,,,,,,11.004056800932705,,,,,,8.10616510210081,,,,,
1326,16,0.09056827283475559,,,,,,0.06389000368588461,,,,,,11.041394173702844,,,,,,7.788982746113151,,,,,
1326,32,0.0915856291066938,,,,,,0.06569217223991454,,,,,,10.918743581867389,,,,,,7.831752546984141,,,,,
