index,bin_size,m12,m23,m34,m13,m24,m14,m12_err,m23_err,m34_err,m13_err,m24_err,m14_err,corr12,corr23,corr34,corr13,corr24,corr14,corr12_err,corr23_err,corr34_err,corr13_err,corr24_err,corr14_err
583,1,0.07375680566084174,,,,,,0.0656781865529356,,,,,,13.558070893123162,,,,,,12.07304873683309,,,,,
583,2,0.07479082885892852,,,,,,0.06746302139414109,,,,,,13.370623313805142,,,,,,12.060605029176042,,,,,
583,4,0.07676701014341661,,,,,,0.06997572319614577,,,,,,13.026428906528908,,,,,,11.874030025327357,,,,,
583,8,0.07190877491229888,,,,,,0.06848296354761764,,,,,,13.906508645427715,,,,,,13.243987619048832,,,,,
583,16,0.07538489034192922,,,,,,0.06954147066336984,,,,,,13.265257738841575,,,,,,12.23700834084258,,,,,
583,32,0.0706303622157701,,,,,,0.06078352709783635,,,,,,14.158217070232206,,,,,,12.184368647529881,,,,,
