index,bin_size,m12,m23,m34,m13,m24,m14,m12_err,m23_err,m34_err,m13_err,m24_err,m14_err,corr12,corr23,corr34,corr13,corr24,corr14,corr12_err,corr23_err,corr34_err,corr13_err,corr24_err,corr14_err
1170,1,0.19262614533102573,,,,,,0.04972782637386248,,,,,,5.191403266059817,,,,,,1.3401981325415877,,,,,
1170,2,0.19229166052689461,,,,,,0.0508427946242422,,,,,,5.200433535494569,,,,,,1.3750184146191382,,,,,
1170,4,0.19463545387793463,,,,,,0.05130179651388012,,,,,,5.137810096135665,,,,,,1.35421827230004,,,,,
1170,8,0.19415071917786986,,,,,,0.048700953778406504,,,,,,5.150637629541083,,,,,,1.2919909140063255,,,,,
1170,16,0.19275737629376163,,,,,,0.05336886746372226,,,,,,5.187868911828324,,,,,,1.4363688368147365,,,,,
1170,32,0.1952151491651907,,,,,,0.039341269421884505,,,,,,5.122553266364599,,,,,,1.0323366247025827,,,,,
