index,bin_size,m12,m23,m34,m13,m24,m14,m12_err,m23_err,m34_err,m13_err,m24_err,m14_err,corr12,corr23,corr34,corr13,corr24,corr14,corr12_err,corr23_err,corr34_err,corr13_err,corr24_err,corr14_err
321,1,18210734055.804146,,,,,,422114272286.6701,,,,,,5.491266837106321e-11,,,,,,1.2728438610843818e-9,,,,,
321,2,13168419969.109194,,,,,,416422002689.18396,,,,,,7.593925484954343e-11,,,,,,2.4014100903033694e-9,,,,,
321,4,6.177583917800222,,,,,,2.4556170164579476,,,,,,0.16187558328727494,,,,,,0.06434626257749577,,,,,
321,8,6.137255947559837,,,,,,1.4306745726582457,,,,,,0.16293926936477177,,,,,,0.03798327323473889,,,,,
321,16,6.045302804608466,,,,,,1.3284641325085702,,,,,,0.16541768581677635,,,,,,0.03635077837997423,,,,,
321,32,6.026576777367018,,,,,,1.2368590285244276,,,,,,0.16593167845393236,,,,,,0.03405483779526729,,,,,
