index,bin_size,m12,m23,m34,m13,m24,m14,m12_err,m23_err,m34_err,m13_err,m24_err,m14_err,corr12,corr23,corr34,corr13,corr24,corr14,corr12_err,corr23_err,corr34_err,corr13_err,corr24_err,corr14_err
2025,1,0.14475230047877038,,,,,,0.05533161610150444,,,,,,6.908353074130671,,,,,,2.640720312749073,,,,,
2025,2,0.14639991669895952,,,,,,0.04858884103438348,,,,,,6.830604979484303,,,,,,2.2670175434545845,,,,,
2025,4,0.14465676609106545,,,,,,0.05207262628278686,,,,,,6.912915496607136,,,,,,2.488467528388516,,,,,
2025,8,0.14681869812345485,,,,,,0.05133997073601765,,,,,,6.811121558639172,,,,,,2.3817319317595205,,,,,
2025,16,0.14947377781883903,,,,,,0.0505024164256977,,,,,,6.690136655353634,,,,,,2.260383541807493,,,,,
2025,32,0.1471289887458889,,,,,,0.04843015919946653,,,,,,6.796757107650155,,,,,,2.2372751391102073,,,,,
