index,bin_size,m,n,a,b,corr
116,1,0.22049702753883418,16.0,2828.3076470995256,-2910.5372317215742,4.535208529393345
116,2,0.22102487723697856,16.0,2806.354491074278,-2889.3216097085538,4.524377583650096
116,4,0.21969588028727718,16.0,2852.7027173168317,-2933.751572886188,4.551746708642816
116,8,0.2218619906975288,16.0,2781.5077854196156,-2863.243606013645,4.5073065325701975
116,16,0.22109425064452606,16.0,2805.0642989694857,-2885.7738250768634,4.522957956097166
116,32,0.22139830433493213,16.0,2794.446614732028,-2875.1668991307783,4.5167464267802
