index,bin_size,m,n,a,b,corr
1593,1,0.209106648252253,16.0,3575.0346348449243,-3641.04751085166,4.782248715467254
1593,2,0.20866442475721814,16.0,3596.0979141789203,-3661.619326483156,4.792383757621856
1593,4,0.20924448335465062,16.0,3568.851681952034,-3634.733639120147,4.779098516566813
1593,8,0.20822088253596552,16.0,3618.071733658025,-3683.5416558658976,4.802592265582547
1593,16,0.20874517630219247,16.0,3589.9314785711995,-3655.7774637839434,4.790529859010193
1593,32,0.2087111225572556,16.0,3595.2315102203006,-3659.359390048889,4.79131149191951
