index,bin_size,m,n,a,b,corr
1355,1,0.09383659329542343,16.0,21968.07466208225,-21971.906137102204,10.656823365824083
1355,2,0.09226396978641173,16.0,22746.48799870082,-22747.598467463795,10.838467088669276
1355,4,0.09226538427745754,16.0,22767.690776390424,-22770.392602903677,10.838300927602834
1355,8,0.09116007151823989,16.0,23335.768432621186,-23336.90298469739,10.969714956837365
1355,16,0.09004085458925315,16.0,23956.505442313264,-23956.59138092889,11.106069623192528
1355,32,0.09266765643464596,16.0,22522.662882174645,-22524.01650600363,10.791251645661848
