index,bin_size,m,n,a,b,corr
428,1,0.06929878283260646,36.0,18891.33605655744,-18868.801243889375,14.430267879531645
428,2,0.06980028157265439,36.0,18578.835111516477,-18553.982593054043,14.326589771118766
428,4,0.0689590716683656,36.0,19136.074087854202,-19113.73318198857,14.501355308394352
428,8,0.06844056125902273,36.0,19443.603002762626,-19419.587664540453,14.611218575712176
428,16,0.06951277102351765,36.0,18773.431649355003,-18751.866492456724,14.385845726991358
428,32,0.06994276411000593,36.0,18513.43093856317,-18497.72618200536,14.297404638272528
