index,bin_size,m12,m23,m34,m13,m24,m14,m12_err,m23_err,m34_err,m13_err,m24_err,m14_err,corr12,corr23,corr34,corr13,corr24,corr14,corr12_err,corr23_err,corr34_err,corr13_err,corr24_err,corr14_err
1262,1,0.12133210406837537,,,,,,0.06473177134148939,,,,,,8.241841742367386,,,,,,4.397096870577758,,,,,
1262,2,0.11884888758598251,,,,,,0.06631761252761738,,,,,,8.414045939441706,,,,,,4.69503290889262,,,,,
1262,4,0.12019356496878973,,,,,,0.0641704277735424,,,,,,8.319912969214839,,,,,,4.441938088880162,,,,,
1262,8,0.1186054788855882,,,,,,0.0692441782803024,,,,,,8.431313708236377,,,,,,4.922364422249446,,,,,
1262,16,0.11524635200866298,,,,,,0.07015023936269354,,,,,,8.677064241693575,,,,,,5.281712808354383,,,,,
1262,32,0.1196517365247868,,,,,,0.07237752225161258,,,,,,8.357588690681828,,,,,,5.0555184487802185,,,,,
