index,bin_size,m12,m23,m34,m13,m24,m14,m12_err,m23_err,m34_err,m13_err,m24_err,m14_err,corr12,corr23,corr34,corr13,corr24,corr14,corr12_err,corr23_err,corr34_err,corr13_err,corr24_err,corr14_err
2486,1,0.039948725399032055,,,,,,0.04292430159267869,,,,,,25.03208775777937,,,,,,26.896599920941558,,,,,
2486,2,0.040544976048019925,,,,,,0.04131804699700376,,,,,,24.66396820201936,,,,,,25.13423601722438,,,,,
2486,4,0.04003356776072946,,,,,,0.04057829828672794,,,,,,24.979037740946495,,,,,,25.318923619939003,,,,,
2486,8,0.04282253274507853,,,,,,0.04186827880476896,,,,,,23.35219184612398,,,,,,22.831813445885853,,,,,
2486,16,0.04054300269934013,,,,,,0.04073825633098872,,,,,,24.665168670801876,,,,,,24.783955229210328,,,,,
2486,32,0.03997632871692258,,,,,,0.041040752398832855,,,,,,25.01480331225826,,,,,,25.680856196514835,,,,,
