index,bin_size,m12,m23,m34,m13,m24,m14,m12_err,m23_err,m34_err,m13_err,m24_err,m14_err,corr12,corr23,corr34,corr13,corr24,corr14,corr12_err,corr23_err,corr34_err,corr13_err,corr24_err,corr14_err
2433,1,0.017333945854762865,,,,,,0.030723162400804423,,,,,,57.69026904657309,,,,,,102.2518196211484,,,,,
2433,2,0.016143557926840395,,,,,,0.030134740955837333,,,,,,61.94421357000818,,,,,,115.6295804248775,,,,,
2433,4,0.017010761650999656,,,,,,0.030670573655535785,,,,,,58.7863154229331,,,,,,105.99231557692616,,,,,
2433,8,0.017092268194252466,,,,,,0.03097301133541592,,,,,,58.50598578462893,,,,,,106.0190806920724,,,,,
2433,16,0.010861990529083184,,,,,,0.023812673858587527,,,,,,92.06415687092354,,,,,,201.83167493685752,,,,,
2433,32,0.011946137073076265,,,,,,0.025126933312097727,,,,,,83.7090679508241,,,,,,176.0696495571499,,,,,
