index,bin_size,m12,m23,m34,m13,m24,m14,m12_err,m23_err,m34_err,m13_err,m24_err,m14_err,corr12,corr23,corr34,corr13,corr24,corr14,corr12_err,corr23_err,corr34_err,corr13_err,corr24_err,corr14_err
1947,1,0.09173027222150941,,,,,,0.06755937611996769,,,,,,10.901526571132475,,,,,,8.028977959669263,,,,,
1947,2,0.09703685777915325,,,,,,0.06497449107344998,,,,,,10.30536254869161,,,,,,6.900323261214236,,,,,
1947,4,0.0967806203129096,,,,,,0.06842980480558365,,,,,,10.332647143269133,,,,,,7.30581210218347,,,,,
1947,8,0.09631333443440726,,,,,,0.06465572562989906,,,,,,10.382778312810204,,,,,,6.970022061963868,,,,,
1947,16,0.09508405663726402,,,,,,0.05599153519343842,,,,,,10.517010268239796,,,,,,6.193084007872699,,,,,
1947,32,0.09331147445107237,,,,,,0.06104887879638477,,,,,,10.716795612573323,,,,,,7.01144591580396,,,,,
