index,bin_size,m12,m23,m34,m13,m24,m14,m12_err,m23_err,m34_err,m13_err,m24_err,m14_err,corr12,corr23,corr34,corr13,corr24,corr14,corr12_err,corr23_err,corr34_err,corr13_err,corr24_err,corr14_err
1611,1,0.02940180700083729,,,,,,0.048202029597079234,,,,,,34.011515005575085,,,,,,55.759295777077504,,,,,
1611,2,0.02839159476886051,,,,,,0.04627894297391137,,,,,,35.22169177677844,,,,,,57.41215590221082,,,,,
1611,4,0.027429900625037286,,,,,,0.04686675022800862,,,,,,36.45656663762123,,,,,,62.289719023501696,,,,,
1611,8,0.024614562027258938,,,,,,0.04326640399213315,,,,,,40.626357637099886,,,,,,71.41124023693995,,,,,
1611,16,0.024620449795165325,,,,,,0.042985747109272256,,,,,,40.61664219458607,,,,,,70.91408663651305,,,,,
1611,32,0.026204132999736368,,,,,,0.04367230763022613,,,,,,38.161918961793575,,,,,,63.60138168570493,,,,,
