index,bin_size,m,n,a,b,corr
191,1,0.04000339433868905,24.0,99419.13321061285,-99389.76507727121,24.997878718328057
191,2,0.041838361893436156,24.0,90649.26476421334,-90620.60282257054,23.901509398169956
191,4,0.042258886899539896,24.0,88776.22195801817,-88747.83467161961,23.663661619324095
191,8,0.040724058604739426,24.0,95754.10401655152,-95723.09177330519,24.55550930485158
191,16,0.042429752748080786,24.0,87945.88319204017,-87917.99836472506,23.568367365639027
191,32,0.04139817046611128,24.0,92666.46062491335,-92635.83556855362,24.15565685006791
