index,bin_size,m12,m23,m34,m13,m24,m14,m12_err,m23_err,m34_err,m13_err,m24_err,m14_err,corr12,corr23,corr34,corr13,corr24,corr14,corr12_err,corr23_err,corr34_err,corr13_err,corr24_err,corr14_err
928,1,0.18536102599748144,,,,,,0.05866877272905718,,,,,,5.394877346080223,,,,,,1.7075371223000262,,,,,
928,2,0.1850513340871313,,,,,,0.05666204369897053,,,,,,5.403905921203198,,,,,,1.6546562874719342,,,,,
928,4,0.18772687650846961,,,,,,0.05426130271514754,,,,,,5.3268877562924954,,,,,,1.539704247200637,,,,,
928,8,0.1846464236150962,,,,,,0.060271715145819305,,,,,,5.41575612688034,,,,,,1.7677943833831748,,,,,
928,16,0.1871122964939252,,,,,,0.05044323183304891,,,,,,5.344384194613667,,,,,,1.440781904691828,,,,,
928,32,0.18693966732723025,,,,,,0.051200751145275454,,,,,,5.3493194585049775,,,,,,1.465120690046277,,,,,
