index,bin_size,m,n,a,b,corr
4,1,0.000016661153349136888,16.0,946971632913.9601,-946971632834.6257,60019.854510960606
4,2,-0.000015759477940388796,16.0,1058299355866.8948,-1058299355786.4629,-63453.87859817198
4,4,-3.3295416143459465e-6,16.0,23736818556759.137,-23736818556677.543,-300341.6433335192
4,8,-0.000020027100119452578,16.0,654624123563.2006,-654624123482.8135,-49932.341379203834
4,16,-2.09063913313954e-6,16.0,60170674793550.516,-60170674793467.58,-478322.62591310387
4,32,-1.8787694405434197e-6,16.0,74374268843946.34,-74374268843866.27,-532263.2880971056
