index,bin_size,m12,m23,m34,m13,m24,m14,m12_err,m23_err,m34_err,m13_err,m24_err,m14_err,corr12,corr23,corr34,corr13,corr24,corr14,corr12_err,corr23_err,corr34_err,corr13_err,corr24_err,corr14_err
2297,1,0.12400410191716772,,,,,,0.03873937431450724,,,,,,8.064249363847496,,,,,,2.5193035540090016,,,,,
2297,2,0.12672219419168224,,,,,,0.036581959397430336,,,,,,7.891277501771965,,,,,,2.2780413092202103,,,,,
2297,4,0.1261648009865191,,,,,,0.03650109629781765,,,,,,7.926140985288373,,,,,,2.2931343220285636,,,,,
2297,8,0.12505890177282084,,,,,,0.03772143892676891,,,,,,7.99623206204527,,,,,,2.4118985141948963,,,,,
2297,16,0.12359144553706433,,,,,,0.04451217724070936,,,,,,8.091174883945394,,,,,,2.914083648384425,,,,,
2297,32,0.12337383660707864,,,,,,0.04833481656116507,,,,,,8.105446239665895,,,,,,3.1755132847847083,,,,,
