index,bin_size,m,n,a,b,corr
1995,1,0.06365089279734062,16.0,60574.58682014853,-60533.89987021654,15.710698720030846
1995,2,0.06299313407283089,16.0,61890.28038579655,-61851.99997403778,15.874745949992395
1995,4,0.06137909983294874,16.0,65225.12604861732,-65185.40267460213,16.292190708590237
1995,8,0.06043710872293121,16.0,67424.08916281613,-67385.30240457677,16.54612573517398
1995,16,0.06332049368160421,16.0,61209.55308668204,-61170.474683915636,15.79267535449615
1995,32,0.06393422054862241,16.0,60013.88911317777,-59973.53350053141,15.6410759593056
