index,bin_size,m12,m23,m34,m13,m24,m14,m12_err,m23_err,m34_err,m13_err,m24_err,m14_err,corr12,corr23,corr34,corr13,corr24,corr14,corr12_err,corr23_err,corr34_err,corr13_err,corr24_err,corr14_err
1870,1,0.015406994065487319,,,,,,0.03621819276564094,,,,,,64.90558740721954,,,,,,152.57765832127495,,,,,
1870,2,0.015325857047194188,,,,,,0.036866770872122805,,,,,,65.24920576517299,,,,,,156.95876003052135,,,,,
1870,4,0.016181112808431826,,,,,,0.03712947435597113,,,,,,61.800446720753925,,,,,,141.8084237389464,,,,,
1870,8,0.011703137498169697,,,,,,0.03045871069022463,,,,,,85.44717176538293,,,,,,222.38572216269034,,,,,
1870,16,0.005397915313320861,,,,,,0.019471959685325554,,,,,,185.2567041080139,,,,,,668.278560229629,,,,,
1870,32,0.008988540605430409,,,,,,0.025884016019697646,,,,,,111.25276548184608,,,,,,320.3710691619976,,,,,
