index,bin_size,m,n,a,b,corr
315,1,0.14827630828060043,24.0,4409.253242409434,-4448.642791613725,6.74416575106243
315,2,0.1483629829655556,24.0,4407.403340737192,-4448.209009081531,6.740225762595801
315,4,0.14765993948526665,24.0,4456.274137890897,-4491.117361360273,6.772317552654686
315,8,0.14928415061905742,24.0,4326.555295460135,-4363.632033720893,6.698634756959533
315,16,0.14790759474250545,24.0,4440.933648404065,-4476.174069384886,6.760978039977697
315,32,0.14898975376233875,24.0,4354.390586915891,-4392.505331155282,6.711870949160381
