index,bin_size,m12,m23,m34,m13,m24,m14,m12_err,m23_err,m34_err,m13_err,m24_err,m14_err,corr12,corr23,corr34,corr13,corr24,corr14,corr12_err,corr23_err,corr34_err,corr13_err,corr24_err,corr14_err
818,1,0.07393651163082515,,,,,,0.06459387939723508,,,,,,13.5251174006306,,,,,,11.816080890750952,,,,,
818,2,0.07517177808296892,,,,,,0.06552950823204565,,,,,,13.302864791840838,,,,,,11.596508824423104,,,,,
818,4,0.07519423526934804,,,,,,0.06642093427659289,,,,,,13.298891815549018,,,,,,11.747241208957096,,,,,
818,8,0.07347526987808935,,,,,,0.06607493706686819,,,,,,13.610021462448612,,,,,,12.239237951791274,,,,,
818,16,0.07641106414914889,,,,,,0.06941341009935406,,,,,,13.08710997726811,,,,,,11.888604641001823,,,,,
818,32,0.07914066169362444,,,,,,0.07270224608163368,,,,,,12.63572958072146,,,,,,11.60776144322528,,,,,
