index,bin_size,m,n,a,b,corr
2011,1,7.4848538013426525e-6,16.0,4299142945152.771,-4299142945133.386,133603.14396797135
2011,2,0.0000407439730467108,16.0,145211689951.6202,-145211689931.2102,24543.507302381953
2011,4,-0.00004516976062359254,16.0,118113130753.8647,-118113130731.61888,-22138.704881196376
2011,8,-3.166654072162239e-7,16.0,2400049147069265.5,-2400049147069244.0,-3157907.2965086615
2011,16,-0.000038197430600012786,16.0,165131604837.1538,-165131604817.3952,-26179.771369220452
2011,32,-7.827269999374908e-6,16.0,3934243443263.0835,-3934243443242.0913,-127758.46496669474
