index,bin_size,m12,m23,m34,m13,m24,m14,m12_err,m23_err,m34_err,m13_err,m24_err,m14_err,corr12,corr23,corr34,corr13,corr24,corr14,corr12_err,corr23_err,corr34_err,corr13_err,corr24_err,corr14_err
1695,1,0.17099922808352716,,,,,,0.05599785357983519,,,,,,5.847979614922793,,,,,,1.9150630671522548,,,,,
1695,2,0.17146164032713498,,,,,,0.0591967608135611,,,,,,5.832208289224813,,,,,,2.0135573091066,,,,,
1695,4,0.1700989611232669,,,,,,0.05954812394059935,,,,,,5.878930673041104,,,,,,2.058091889830816,,,,,
1695,8,0.16984631692057334,,,,,,0.06304352431955627,,,,,,5.887675506485303,,,,,,2.1853862992645285,,,,,
1695,16,0.17206224807113196,,,,,,0.05476500154369732,,,,,,5.811850136856236,,,,,,1.8498304263994458,,,,,
1695,32,0.1729350927821593,,,,,,0.0630421401143865,,,,,,5.782516341316955,,,,,,2.1079712598427607,,,,,
