index,bin_size,m12,m23,m34,m13,m24,m14,m12_err,m23_err,m34_err,m13_err,m24_err,m14_err,corr12,corr23,corr34,corr13,corr24,corr14,corr12_err,corr23_err,corr34_err,corr13_err,corr24_err,corr14_err
1127,1,0.01786674976303786,,,,,,0.038258098386305076,,,,,,55.96988894246266,,,,,,119.84840814534486,,,,,
1127,2,0.015106502311994103,,,,,,0.03534329805362957,,,,,,66.19666017632886,,,,,,154.87425496961293,,,,,
1127,4,0.013888774336182855,,,,,,0.032400440996199015,,,,,,72.000593846126,,,,,,167.96665682191855,,,,,
1127,8,0.01563964163931133,,,,,,0.0346376958349824,,,,,,63.94008399057113,,,,,,141.61048136561737,,,,,
1127,16,0.01809024526486956,,,,,,0.038090767264503334,,,,,,55.27841029010009,,,,,,116.39405824977415,,,,,
1127,32,0.020196187858579875,,,,,,0.04091010154712809,,,,,,49.51429482644536,,,,,,100.29788015285149,,,,,
