index,bin_size,m,n,a,b,corr
993,1,1.0103163875093312e-6,16.0,234790950706286.4,-234790950706241.3,989788.9536021844
993,2,3.5803610300279097e-6,16.0,18675992395656.7,-18675992395612.27,279301.4424001271
993,4,-4.696374240435383e-6,16.0,10861441676607.066,-10861441676563.56,-212930.21995353032
993,8,-0.000013323960591381611,16.0,1348002531772.9636,-1348002531730.1462,-75052.75876054706
993,16,1.6851449888928576e-7,16.0,8427672471358434.0,-8427672471358392.0,5934207.481203153
993,32,0.00004266792687113313,16.0,131366742585.4999,-131366742542.09987,23436.807769457093
