index,bin_size,m,n,a,b,corr
708,1,0.1529850193681497,16.0,7654.323727412685,-7628.305874830895,6.536587726890809
708,2,0.15224228206781698,16.0,7739.662075462478,-7713.211345231212,6.568477471682575
708,4,0.15428566129612234,16.0,7508.260086130239,-7480.739929044486,6.481483707553924
708,8,0.1541204999399546,16.0,7530.38138780103,-7505.051584106992,6.488429510607611
708,16,0.1532640164749448,16.0,7625.977733680627,-7597.174089406785,6.524688723419155
708,32,0.1546585641427324,16.0,7471.776421881899,-7445.30592084138,6.46585596822891
