index,bin_size,m12,m23,m34,m13,m24,m14,m12_err,m23_err,m34_err,m13_err,m24_err,m14_err,corr12,corr23,corr34,corr13,corr24,corr14,corr12_err,corr23_err,corr34_err,corr13_err,corr24_err,corr14_err
2264,1,0.0038156614138634445,,,,,,0.015056419935651856,,,,,,262.07776097918423,,,,,,1034.1464813311682,,,,,
2264,2,0.004517490174980925,,,,,,0.01646011337217416,,,,,,221.36185387591297,,,,,,806.5631733416141,,,,,
2264,4,0.004496213922482679,,,,,,0.016842022411300693,,,,,,222.40934645027497,,,,,,833.1060892516289,,,,,
2264,8,0.003209829623381453,,,,,,0.013946771664035731,,,,,,311.54301546589,,,,,,1353.6604150504975,,,,,
2264,16,0.002426934165891025,,,,,,0.011727433923041361,,,,,,412.0424913268547,,,,,,1991.0721759306302,,,,,
2264,32,0.002915255810419804,,,,,,0.013169192022143547,,,,,,343.02307071158793,,,,,,1549.5507015474288,,,,,
