index,bin_size,m,n,a,b,corr
104,1,0.07656944475020783,16.0,44108.27311797386,-44166.16367110896,13.060039853525067
104,2,0.07157358002475614,16.0,50689.12408728157,-50741.56741445113,13.97163589768901
104,4,0.07694912715831023,16.0,43623.44711171093,-43672.43591951133,12.995599000657457
104,8,0.07487486002835166,16.0,46201.51023776288,-46253.74209114064,13.355617621473296
104,16,0.0748538305956381,16.0,46207.27856699788,-46258.17493292832,13.359369748250026
104,32,0.07946868043528223,16.0,40798.24357989609,-40852.1235995772,12.583573736503412
