index,bin_size,m12,m23,m34,m13,m24,m14,m12_err,m23_err,m34_err,m13_err,m24_err,m14_err,corr12,corr23,corr34,corr13,corr24,corr14,corr12_err,corr23_err,corr34_err,corr13_err,corr24_err,corr14_err
2830,1,0.11077233276668923,,,,,,0.04310588237640863,,,,,,9.027524969671072,,,,,,3.5129659164292035,,,,,
2830,2,0.11024491209192723,,,,,,0.04419323508526416,,,,,,9.070713387354823,,,,,,3.6361239853333616,,,,,
2830,4,0.11100809302792787,,,,,,0.043280704377553006,,,,,,9.00835220859452,,,,,,3.5122468842966845,,,,,
2830,8,0.11096604435149388,,,,,,0.047080650730959475,,,,,,9.01176576892675,,,,,,3.823510147772019,,,,,
2830,16,0.10888059758062302,,,,,,0.04929741423336013,,,,,,9.184372810403875,,,,,,4.158370186872178,,,,,
2830,32,0.10940499179302828,,,,,,0.05002684375637906,,,,,,9.140350761067594,,,,,,4.179543290560967,,,,,
