index,bin_size,m12,m23,m34,m13,m24,m14,m12_err,m23_err,m34_err,m13_err,m24_err,m14_err,corr12,corr23,corr34,corr13,corr24,corr14,corr12_err,corr23_err,corr34_err,corr13_err,corr24_err,corr14_err
167,1,0.10673501412047448,,,,,,0.06978552387795145,,,,,,9.368996746196848,,,,,,6.125640695622021,,,,,
167,2,0.10861692908431564,,,,,,0.06760583135582862,,,,,,9.206667951583624,,,,,,5.730455152167925,,,,,
167,4,0.1063328531015902,,,,,,0.06923820784207348,,,,,,9.404431187834318,,,,,,6.123657385527377,,,,,
167,8,0.10446624769489767,,,,,,0.06953341408561266,,,,,,9.572469788716667,,,,,,6.371498166420336,,,,,
167,16,0.10604278556693113,,,,,,0.06955822609794873,,,,,,9.430155900316567,,,,,,6.185662822287063,,,,,
167,32,0.10767871525537069,,,,,,0.0659508756487162,,,,,,9.286886434597603,,,,,,5.688016345285539,,,,,
