index,bin_size,m12,m23,m34,m13,m24,m14,m12_err,m23_err,m34_err,m13_err,m24_err,m14_err,corr12,corr23,corr34,corr13,corr24,corr14,corr12_err,corr23_err,corr34_err,corr13_err,corr24_err,corr14_err
350,1,8.331564025508815,,,,,,1.934517973616325,,,,,,0.12002548344323972,,,,,,0.02786889163931688,,,,,
350,2,8.317980132525998,,,,,,2.07016320516783,,,,,,0.12022149416896008,,,,,,0.029920498694831682,,,,,
350,4,8.447957826527789,,,,,,2.0011725375526854,,,,,,0.11837180304805237,,,,,,0.028040196973582565,,,,,
350,8,8.653768343991457,,,,,,2.8268167882392685,,,,,,0.11555659456661176,,,,,,0.03774740766425342,,,,,
350,16,116323842424.47922,,,,,,2656531033521.9287,,,,,,8.596689888826779e-12,,,,,,1.9632581764189225e-10,,,,,
350,32,8.311418485900077,,,,,,1.9506285017154612,,,,,,0.12031640588143312,,,,,,0.028237371386657276,,,,,
