index,bin_size,m,n,a,b,corr
136,1,-5.54804439547827e-6,16.0,9301986977842.227,-9301986977725.658,-180243.69105896365
136,2,0.0000115451909910795,16.0,2147219270173.6516,-2147219270052.759,86616.15046235782
136,4,4.248081082723489e-6,16.0,15868698585495.44,-15868698585377.904,235400.40327076093
136,8,0.00001619373626744469,16.0,1090347321226.9324,-1090347321110.2511,61752.27158727813
136,16,-0.000013502416292754165,16.0,1572332007543.2031,-1572332007427.2869,-74060.81832454185
136,32,1.8434551302772981e-6,16.0,84095955888660.61,-84095955888544.28,542459.6365681962
