index,bin_size,m,n,a,b,corr
486,1,0.12475246364360863,36.0,3087.5765064744405,-2963.6778199026126,8.015873761473667
486,2,0.12453684715254526,36.0,3104.9110756137125,-2977.5775963315564,8.029752020099718
486,4,0.12416151075725543,36.0,3124.2972953627,-2996.0033113698555,8.054025711358095
486,8,0.12412690335679132,36.0,3127.528893162487,-3002.3972584641047,8.056271226920021
486,16,0.12421606222545925,36.0,3121.03826690619,-2995.1655828020857,8.050488657295727
486,32,0.1239067665327693,36.0,3146.315815027968,-3017.50186217591,8.0705842625272
