index,bin_size,m12,m23,m34,m13,m24,m14,m12_err,m23_err,m34_err,m13_err,m24_err,m14_err,corr12,corr23,corr34,corr13,corr24,corr14,corr12_err,corr23_err,corr34_err,corr13_err,corr24_err,corr14_err
1332,1,0.03744163506188614,,,,,,0.0548348216767362,,,,,,26.708235320042256,,,,,,39.115314239191974,,,,,
1332,2,0.037776794039183145,,,,,,0.054933151465860426,,,,,,26.471277551048193,,,,,,38.49322675974768,,,,,
1332,4,0.033953559654723076,,,,,,0.050688332671277425,,,,,,29.451992962419656,,,,,,43.96806792255093,,,,,
1332,8,0.02908362414636445,,,,,,0.045781068723959005,,,,,,34.38361034262655,,,,,,54.12387466403095,,,,,
1332,16,0.02637207781067865,,,,,,0.0434295549960912,,,,,,37.918893125481276,,,,,,62.44485801255929,,,,,
1332,32,0.021153031114021784,,,,,,0.037501097201708355,,,,,,47.27454872115829,,,,,,83.81056299699199,,,,,
