index,bin_size,m12,m23,m34,m13,m24,m14,m12_err,m23_err,m34_err,m13_err,m24_err,m14_err,corr12,corr23,corr34,corr13,corr24,corr14,corr12_err,corr23_err,corr34_err,corr13_err,corr24_err,corr14_err
2054,1,0.21755989462678685,,,,,,0.05199451111709934,,,,,,4.596435394103541,,,,,,1.0984993884452825,,,,,
2054,2,0.21861818589807663,,,,,,0.05091011231054622,,,,,,4.574184878042197,,,,,,1.0652007970594872,,,,,
2054,4,0.22090487513560225,,,,,,0.0527620261460756,,,,,,4.526835360180036,,,,,,1.081212017100953,,,,,
2054,8,0.21987434531553143,,,,,,0.05573834697880999,,,,,,4.548052200291701,,,,,,1.1529353788583736,,,,,
2054,16,0.21839424616673567,,,,,,0.05052700188052767,,,,,,4.578875211009626,,,,,,1.0593540830775952,,,,,
2054,32,0.21707607641989443,,,,,,0.05591019915297999,,,,,,4.606679909147062,,,,,,1.186498279323236,,,,,
