index,bin_size,m12,m23,m34,m13,m24,m14,m12_err,m23_err,m34_err,m13_err,m24_err,m14_err,corr12,corr23,corr34,corr13,corr24,corr14,corr12_err,corr23_err,corr34_err,corr13_err,corr24_err,corr14_err
2110,1,0.024700254456944105,,,,,,0.0360720592257534,,,,,,40.48541288281607,,,,,,59.1245816448443,,,,,
2110,2,0.025470602751932525,,,,,,0.036156321916920746,,,,,,39.26094760062666,,,,,,55.73215027680924,,,,,
2110,4,0.023968846127202115,,,,,,0.035922206112772935,,,,,,41.72082355124744,,,,,,62.527166090889565,,,,,
2110,8,0.023799760903585356,,,,,,0.034547336342232705,,,,,,42.017228830620446,,,,,,60.99150921979748,,,,,
2110,16,0.023154090566777783,,,,,,0.034742747061995136,,,,,,43.188912866862125,,,,,,64.8050274869748,,,,,
2110,32,0.019491101932876703,,,,,,0.03012015847599478,,,,,,51.30546253586851,,,,,,79.28380178741882,,,,,
