index,bin_size,m12,m23,m34,m13,m24,m14,m12_err,m23_err,m34_err,m13_err,m24_err,m14_err,corr12,corr23,corr34,corr13,corr24,corr14,corr12_err,corr23_err,corr34_err,corr13_err,corr24_err,corr14_err
1206,1,0.19722676270344316,,,,,,0.04865804246033164,,,,,,5.070305805828359,,,,,,1.2509010025065697,,,,,
1206,2,0.19754510340884843,,,,,,0.045378023034063776,,,,,,5.062135090892909,,,,,,1.162821445797435,,,,,
1206,4,0.199390478686031,,,,,,0.046685691836558366,,,,,,5.015284614340306,,,,,,1.1742889305482551,,,,,
1206,8,0.19673188322455,,,,,,0.05075324329066329,,,,,,5.0830601710786185,,,,,,1.3113369591921862,,,,,
1206,16,0.1976092759006076,,,,,,0.045852720508456735,,,,,,5.060491191228161,,,,,,1.1742226531086575,,,,,
1206,32,0.1974339085908781,,,,,,0.039582961729833506,,,,,,5.0649860864184015,,,,,,1.0154646273872214,,,,,
