index,bin_size,m,n,a,b,corr
123,1,0.12492394258949237,16.0,15182.608270400653,-15127.125761118146,8.004870637857312
123,2,0.12699889961574204,16.0,14639.684262521398,-14582.298036240021,7.874083972583065
123,4,0.12579663575359498,16.0,14951.854770976546,-14895.483498712114,7.9493381838824115
123,8,0.12761763169230741,16.0,14507.409167029331,-14452.6741291376,7.835907834514988
123,16,0.12738327670984798,16.0,14537.891353574398,-14482.458375867478,7.850324044323239
123,32,0.12569286114367598,16.0,14991.909976177198,-14937.012639239645,7.955901320894654
