index,bin_size,m12,m23,m34,m13,m24,m14,m12_err,m23_err,m34_err,m13_err,m24_err,m14_err,corr12,corr23,corr34,corr13,corr24,corr14,corr12_err,corr23_err,corr34_err,corr13_err,corr24_err,corr14_err
257,1,0.08326757833981711,,,,,,0.04568173246886105,,,,,,12.009476196353093,,,,,,6.58856291525677,,,,,
257,2,0.08665510062860975,,,,,,0.04684018207750255,,,,,,11.540001601127257,,,,,,6.237783722485347,,,,,
257,4,0.08602200348435228,,,,,,0.04671678411978123,,,,,,11.62493268576224,,,,,,6.3132622897644,,,,,
257,8,0.08427098657000762,,,,,,0.04679721261487819,,,,,,11.866480276331593,,,,,,6.589672473104617,,,,,
257,16,0.08501865027669904,,,,,,0.044907023843969135,,,,,,11.762125095440016,,,,,,6.212778377421927,,,,,
257,32,0.08686464100727594,,,,,,0.046771949094981655,,,,,,11.512164079700026,,,,,,6.198682755894942,,,,,
