index,bin_size,m,n,a,b,corr
2045,1,0.059312358287935435,16.0,68396.61771079017,-68320.73356591197,16.859892758696922
2045,2,0.06522434754874736,16.0,56283.47923198673,-56210.16625532147,15.331698017410144
2045,4,0.05650473473537029,16.0,75494.38048415892,-75418.1641420664,17.697631971609443
2045,8,0.05754876875546815,16.0,72757.87184623408,-72681.09952766409,17.376566373628666
2045,16,0.061586847526040205,16.0,63231.27496568276,-63153.611338202674,16.237233113404272
2045,32,0.06399138417714392,16.0,58445.75340963906,-58368.609005747145,15.627103755589244
