index,bin_size,m12,m23,m34,m13,m24,m14,m12_err,m23_err,m34_err,m13_err,m24_err,m14_err,corr12,corr23,corr34,corr13,corr24,corr14,corr12_err,corr23_err,corr34_err,corr13_err,corr24_err,corr14_err
640,1,0.10893513912839374,,,,,,0.06773370495281689,,,,,,9.17977438686129,,,,,,5.707801310284666,,,,,
640,2,0.11040673575297276,,,,,,0.06980294014618209,,,,,,9.05741840096993,,,,,,5.72641180096486,,,,,
640,4,0.1107124495630536,,,,,,0.06638362531239433,,,,,,9.032407863313278,,,,,,5.415867697204396,,,,,
640,8,0.11184355791808957,,,,,,0.06963295114077485,,,,,,8.941060340125858,,,,,,5.566636374950349,,,,,
640,16,0.11418448451839018,,,,,,0.0687973490858706,,,,,,8.757757275148387,,,,,,5.276640578700236,,,,,
640,32,0.11327445025231178,,,,,,0.06116857896630699,,,,,,8.828116117734956,,,,,,4.767211994130841,,,,,
