index,bin_size,m12,m23,m34,m13,m24,m14,m12_err,m23_err,m34_err,m13_err,m24_err,m14_err,corr12,corr23,corr34,corr13,corr24,corr14,corr12_err,corr23_err,corr34_err,corr13_err,corr24_err,corr14_err
160,1,0.18798704129346316,,,,,,0.05293064307048633,,,,,,5.319515606604596,,,,,,1.4977914431959323,,,,,
160,2,0.18671821229488492,,,,,,0.05334356930479759,,,,,,5.355663958589618,,,,,,1.530060876423988,,,,,
160,4,0.18889121916433313,,,,,,0.050703083580746273,,,,,,5.294052335646221,,,,,,1.421054823208002,,,,,
160,8,0.18749766854167052,,,,,,0.04790458597798823,,,,,,5.3333996511948865,,,,,,1.362653221945826,,,,,
160,16,0.18821950618901342,,,,,,0.04962269026638878,,,,,,5.31294561465793,,,,,,1.4007190857975387,,,,,
160,32,0.19243787177249339,,,,,,0.03770319955488941,,,,,,5.196482328500463,,,,,,1.0181156568107208,,,,,
