index,bin_size,m12,m23,m34,m13,m24,m14,m12_err,m23_err,m34_err,m13_err,m24_err,m14_err,corr12,corr23,corr34,corr13,corr24,corr14,corr12_err,corr23_err,corr34_err,corr13_err,corr24_err,corr14_err
1037,1,0.054154933395103855,,,,,,0.06001473386073524,,,,,,18.465538360174772,,,,,,20.463590310338727,,,,,
1037,2,0.056541875672208766,,,,,,0.06182723750955316,,,,,,17.686006842031876,,,,,,19.33924074180207,,,,,
1037,4,0.057070245680072365,,,,,,0.06213028627462656,,,,,,17.522265553329785,,,,,,19.075848755081562,,,,,
1037,8,0.053819842291680374,,,,,,0.06000503818129709,,,,,,18.580507809376893,,,,,,20.715855585141643,,,,,
1037,16,0.04895100601450949,,,,,,0.05463227919279659,,,,,,20.428589347144197,,,,,,22.799539531370655,,,,,
1037,32,0.041753546138252495,,,,,,0.04588230708722608,,,,,,23.950061551391208,,,,,,26.318341326514428,,,,,
