index,bin_size,m,n,a,b,corr
554,1,0.1278034918757,54.0,909.7808079968598,-610.8626282168431,7.824512345661
554,2,0.12863533236419997,54.0,889.0595832995824,-602.0643328993652,7.773913913237623
554,4,0.1284885676598088,54.0,892.303178436515,-602.0599146977198,7.782793583999146
554,8,0.12866011965087368,54.0,889.2824664921721,-608.6443140081545,7.772416213458802
554,16,0.12796783022460093,54.0,906.8205818818244,-606.977552908808,7.814463980868193
554,32,0.12806878616955036,54.0,903.2031474981914,-608.3990201924785,7.808303880354572
