index,bin_size,m12,m23,m34,m13,m24,m14,m12_err,m23_err,m34_err,m13_err,m24_err,m14_err,corr12,corr23,corr34,corr13,corr24,corr14,corr12_err,corr23_err,corr34_err,corr13_err,corr24_err,corr14_err
2596,1,0.19846283595296402,,,,,,0.028540513323444434,,,,,,5.038726747999315,,,,,,0.7246084497076973,,,,,
2596,2,0.19757186914863997,,,,,,0.026472906475974826,,,,,,5.061449306063235,,,,,,0.678190041374228,,,,,
2596,4,0.19878377483750814,,,,,,0.026402173514614578,,,,,,5.030591660800436,,,,,,0.6681559096973388,,,,,
2596,8,0.19854023494996342,,,,,,0.0281573021522934,,,,,,5.0367624489415075,,,,,,0.7143219215989821,,,,,
2596,16,0.19825272597883498,,,,,,0.026401550400644874,,,,,,5.044066834706514,,,,,,0.6717243563901479,,,,,
2596,32,0.19991692685511125,,,,,,0.03173564018196305,,,,,,5.002077691624105,,,,,,0.7940505102834835,,,,,
