index,bin_size,m,n,a,b,corr
528,1,0.043686303318510526,54.0,33188.55784004098,-32825.627032886034,22.89046964466516
528,2,0.04299207431637043,54.0,34417.746712867294,-34056.07989167158,23.26010121403289
528,4,0.04342069052124613,54.0,33653.9663536639,-33295.87689445467,23.03049509336318
528,8,0.04357301597758738,54.0,33381.12307763938,-33014.862281834095,22.94998355207657
528,16,0.04329149261906605,54.0,33879.99953513269,-33509.65134274989,23.099226649431557
528,32,0.042581549308255875,54.0,35170.2447026378,-34821.78056925243,23.484349823929872
