index,bin_size,m,n,a,b,corr
930,1,0.14883382236655862,16.0,8674.385029442534,-8679.814659003106,6.718902895184189
930,2,0.14811669262404656,16.0,8770.28184568134,-8775.805062055744,6.751433496683758
930,4,0.14927044947951812,16.0,8604.418212461682,-8609.81268336816,6.699249606917096
930,8,0.1490385396952772,16.0,8638.46089761586,-8645.231288256782,6.709673900754735
930,16,0.14935722209136482,16.0,8600.78237714083,-8606.653843285914,6.695357519359057
930,32,0.14886749740959368,16.0,8661.517701962455,-8667.52912584769,6.717383024506701
