index,bin_size,m,n,a,b,corr
1357,1,0.16759230258155558,16.0,5659.644004336693,-5591.641268830114,5.966861154099659
1357,2,0.168184625551835,16.0,5607.688774686434,-5539.692156846508,5.945846695076162
1357,4,0.16669323235020558,16.0,5728.8985056464535,-5659.996047836204,5.999043787807182
1357,8,0.16551966821526712,16.0,5827.5041023418835,-5758.720483153757,6.041578084239795
1357,16,0.16755809778248376,16.0,5663.493579274328,-5593.918713975996,5.968079210938251
1357,32,0.16568662574713616,16.0,5811.874031148813,-5743.801812216637,6.03549016398075
