index,bin_size,m,n,a,b,corr
967,1,0.13470902062834855,16.0,8807.70625174445,-8764.20367914162,7.423407841104571
967,2,0.1350220901290424,16.0,8763.19819619737,-8718.56338184437,7.406195527296954
967,4,0.13493540522933098,16.0,8772.554074798063,-8729.245505224302,7.410953398779504
967,8,0.1347609630140025,16.0,8796.570464741919,-8750.015956277142,7.420546556172159
967,16,0.135192810675198,16.0,8735.041875149667,-8691.696410325903,7.3968430348157295
967,32,0.1340330451395039,16.0,8915.476672395615,-8871.94545294394,7.460846681198527
