index,bin_size,m,n,a,b,corr
1396,1,-0.000025118093331608703,16.0,474439502473.7429,-474439502308.52856,-39811.93901933616
1396,2,0.000016731402733597027,16.0,1069773936514.3036,-1069773936350.5219,59767.85186050049
1396,4,-0.000045101489943055724,16.0,147209891672.21826,-147209891505.66724,-22172.21651130774
1396,8,0.000010680452778382503,16.0,2623486436763.172,-2623486436601.711,93628.98940239915
1396,16,0.000014367150556431163,16.0,1447919972389.4302,-1447919972225.705,69603.2241099033
1396,32,-6.0244607697570365e-6,16.0,8258708160334.551,-8258708160168.615,-165989.95963589443
