index,bin_size,m12,m23,m34,m13,m24,m14,m12_err,m23_err,m34_err,m13_err,m24_err,m14_err,corr12,corr23,corr34,corr13,corr24,corr14,corr12_err,corr23_err,corr34_err,corr13_err,corr24_err,corr14_err
216,1,96632914348.06929,,,,,,1543924045044.2488,,,,,,1.0348440867653288e-11,,,,,,1.653391786026342e-10,,,,,
216,2,67775837794.88379,,,,,,1145173342260.5144,,,,,,1.475452067485158e-11,,,,,,2.492995188905966e-10,,,,,
216,4,51606507010.00182,,,,,,907570901863.8875,,,,,,1.9377401377043222e-11,,,,,,3.4077806583834957e-10,,,,,
216,8,37568129392.40828,,,,,,754539329805.1335,,,,,,2.661830695786729e-11,,,,,,5.346169696858842e-10,,,,,
216,16,30326615064.98322,,,,,,570006505117.2125,,,,,,3.2974336168320184e-11,,,,,,6.197719751310692e-10,,,,,
216,32,123357769597.99794,,,,,,1452879116081.414,,,,,,8.10650195167139e-12,,,,,,9.547649433382538e-11,,,,,
