index,bin_size,m,n,a,b,corr
281,1,0.1221226217503502,24.0,7419.363237238878,-7318.154884551888,8.18849108926154
281,2,0.12097113087510719,24.0,7575.192077631973,-7476.14709396885,8.266435080551725
281,4,0.12070898595825093,24.0,7618.372007182444,-7516.055267673813,8.284387380620242
281,8,0.12240455698443749,24.0,7367.873248944857,-7265.220287111594,8.169630483014942
281,16,0.12272584417579283,24.0,7322.086246612773,-7220.534905843324,8.148242994096641
281,32,0.12128508877072258,24.0,7534.000864257702,-7430.512294274972,8.245036633401824
