index,bin_size,m12,m23,m34,m13,m24,m14,m12_err,m23_err,m34_err,m13_err,m24_err,m14_err,corr12,corr23,corr34,corr13,corr24,corr14,corr12_err,corr23_err,corr34_err,corr13_err,corr24_err,corr14_err
1214,1,0.08832809048784294,,,,,,0.06882126795544567,,,,,,11.321426677254335,,,,,,8.821145512032672,,,,,
1214,2,0.09227168048057705,,,,,,0.06829030672656218,,,,,,10.83756137085308,,,,,,8.020883399205976,,,,,
1214,4,0.08836877912036115,,,,,,0.06945799495320934,,,,,,11.316213825224036,,,,,,8.894561298524781,,,,,
1214,8,0.0916607234464516,,,,,,0.06754924275616984,,,,,,10.909798247274388,,,,,,8.039960656174626,,,,,
1214,16,0.08716255556246917,,,,,,0.06825078554983006,,,,,,11.47281643530177,,,,,,8.98354493079488,,,,,
1214,32,0.09205813960457515,,,,,,0.06685054003131395,,,,,,10.862700509649464,,,,,,7.888247561679011,,,,,
