index,bin_size,m12,m23,m34,m13,m24,m14,m12_err,m23_err,m34_err,m13_err,m24_err,m14_err,corr12,corr23,corr34,corr13,corr24,corr14,corr12_err,corr23_err,corr34_err,corr13_err,corr24_err,corr14_err
2622,1,0.08460786542614869,,,,,,0.017236828606866126,,,,,,11.819232112324897,,,,,,2.407885805401131,,,,,
2622,2,0.0837553455589839,,,,,,0.017065846665471233,,,,,,11.939536435865573,,,,,,2.43277962393211,,,,,
2622,4,0.08506334412661182,,,,,,0.017955055330714488,,,,,,11.75594505797419,,,,,,2.4814289415495807,,,,,
2622,8,0.08489667305808048,,,,,,0.015705790787116754,,,,,,11.779024595178996,,,,,,2.1791065456901992,,,,,
2622,16,0.08411272916009957,,,,,,0.020489270367067273,,,,,,11.888806961626546,,,,,,2.8960299185511476,,,,,
2622,32,0.08410802887671422,,,,,,0.017968811692969596,,,,,,11.889471354343623,,,,,,2.540062759148837,,,,,
