index,bin_size,m,n,a,b,corr
2104,1,0.13252900684951777,16.0,10353.43927048462,-10319.151901413783,7.545517949406098
2104,2,0.13453808115759616,16.0,10018.14289756595,-9983.30158898384,7.432839768456434
2104,4,0.13430524713052075,16.0,10032.683010753795,-9997.006737699425,7.445725475105067
2104,8,0.13453257601579616,16.0,10000.31715322781,-9964.453359633326,7.4331439240603325
2104,16,0.1332367800848917,16.0,10226.867220889999,-10192.1623788498,7.5054350560171965
2104,32,0.13384605247244422,16.0,10108.919143347004,-10072.282695584914,7.471270026479688
