index,bin_size,m,n,a,b,corr
1823,1,-6.654332196978949e-7,16.0,616780812193865.9,-616780812193788.8,-1502780.3998934673
1823,2,-0.000050404757831268354,16.0,107440012454.89438,-107440012377.32605,-19839.39697414149
1823,4,1.5108571766525196e-6,16.0,119642789098704.56,-119642789098624.2,661875.9307319947
1823,8,0.00003949200111140707,16.0,174687412379.67917,-174687412304.9089,25321.58340568756
1823,16,1.236510279247567e-6,16.0,178238807956955.66,-178238807956880.5,808727.6076738427
1823,32,6.958552879313221e-7,16.0,562513456427675.8,-562513456427599.6,1437080.4064345856
