index,bin_size,m12,m23,m34,m13,m24,m14,m12_err,m23_err,m34_err,m13_err,m24_err,m14_err,corr12,corr23,corr34,corr13,corr24,corr14,corr12_err,corr23_err,corr34_err,corr13_err,corr24_err,corr14_err
2544,1,0.080180228653544,,,,,,0.03322898995633501,,,,,,12.471902572403048,,,,,,5.1687146853309915,,,,,
2544,2,0.08591661004402712,,,,,,0.04439610926511406,,,,,,11.63919292774191,,,,,,6.014376972194048,,,,,
2544,4,0.08765667033491985,,,,,,0.05047078469725236,,,,,,11.408144938419243,,,,,,6.568559184167799,,,,,
2544,8,0.08789144829701172,,,,,,0.05083094546514532,,,,,,11.377671199827068,,,,,,6.580137151960296,,,,,
2544,16,0.08847299570992655,,,,,,0.053916567168079695,,,,,,11.302883913625651,,,,,,6.888121000447028,,,,,
2544,32,0.08445010214156276,,,,,,0.04413640230885012,,,,,,11.841311906570713,,,,,,6.188659254631786,,,,,
