index,bin_size,m,n,a,b,corr
556,1,0.16148514911700176,54.0,253.9184439562891,-112.26234093505371,6.1925199033346665
556,2,0.16138534932910728,54.0,254.33800574604788,-109.05306075547894,6.196349322643509
556,4,0.16194890171381518,54.0,250.16589544124116,-98.85763665995447,6.174787166924604
556,8,0.16155887963186943,54.0,253.4921004671467,-109.63282431939562,6.189693827282137
556,16,0.16174276639578034,54.0,251.95384411420866,-103.17207142335053,6.182656710303978
556,32,0.16175070565520636,54.0,251.95553123125435,-108.59016542213595,6.1823532450710665
