index,bin_size,m,n,a,b,corr
968,1,0.26853779385665405,16.0,1547.88930975917,-1550.0097170059769,3.72387061663954
968,2,0.26728380201109464,16.0,1569.7901068235028,-1570.314008315999,3.7413415720511605
968,4,0.2681614680504746,16.0,1555.632483121735,-1557.3702471474094,3.7290965300494827
968,8,0.2686632584366499,16.0,1546.7595482912634,-1548.2478124232048,3.722131585163505
968,16,0.268110863974513,16.0,1557.9916034641565,-1559.7574039570266,3.7298003712936505
968,32,0.2683409132837862,16.0,1552.0087099458115,-1553.3158411097704,3.726602804479694
