index,bin_size,m12,m23,m34,m13,m24,m14,m12_err,m23_err,m34_err,m13_err,m24_err,m14_err,corr12,corr23,corr34,corr13,corr24,corr14,corr12_err,corr23_err,corr34_err,corr13_err,corr24_err,corr14_err
878,1,0.028396355304697956,,,,,,0.04840320604238775,,,,,,35.215787000473185,,,,,,60.02731603540465,,,,,
878,2,0.030419645774522584,,,,,,0.05059130953775078,,,,,,32.87349259134147,,,,,,54.67233417518698,,,,,
878,4,0.028985671238789656,,,,,,0.04940975876137841,,,,,,34.49980480913495,,,,,,58.80929990859788,,,,,
878,8,0.029308247979546148,,,,,,0.048793772814753805,,,,,,34.12008799358758,,,,,,56.80475418183978,,,,,
878,16,0.02762530258213298,,,,,,0.046845258848091764,,,,,,36.198698531061986,,,,,,61.383487026432704,,,,,
878,32,0.021820272694965424,,,,,,0.0400686644397445,,,,,,45.82894146097126,,,,,,84.15589038225177,,,,,
