index,bin_size,m,n,a,b,corr
1202,1,0.16166958649246962,16.0,6607.968149826617,-6659.723878945284,6.185455296173339
1202,2,0.16184833724654998,16.0,6588.020448741982,-6637.798024182191,6.178623871042063
1202,4,0.16150501153754154,16.0,6621.044125312057,-6672.467886477493,6.191758326753543
1202,8,0.16396741905511172,16.0,6390.745736452658,-6443.614306899346,6.09877258398442
1202,16,0.1627285170511455,16.0,6503.436510186342,-6555.469678277367,6.145204406217876
1202,32,0.16225449662796498,16.0,6546.588944361794,-6597.762907142187,6.163157390287373
