index,bin_size,m,n,a,b,corr
1805,1,-6.561156540886708e-7,16.0,608916049258378.9,-608916049258428.1,-1524121.538281199
1805,2,-0.000039229962447099834,16.0,170140963699.26257,-170140963748.75916,-25490.720296978703
1805,4,1.3698162643939899e-6,16.0,139643850038517.1,-139643850038559.9,730024.9135546675
1805,8,0.000017978749506491416,16.0,810489981389.4672,-810489981436.3523,55621.22102201488
1805,16,-0.00005656933002539694,16.0,82026173108.20505,-82026173151.27217,-17677.42342981696
1805,32,0.000010847432182731176,16.0,2228848960412.241,-2228848960457.468,92187.71624052865
