index,bin_size,m12,m23,m34,m13,m24,m14,m12_err,m23_err,m34_err,m13_err,m24_err,m14_err,corr12,corr23,corr34,corr13,corr24,corr14,corr12_err,corr23_err,corr34_err,corr13_err,corr24_err,corr14_err
1724,1,0.09850330693770414,,,,,,0.06568136171799016,,,,,,10.15194343305067,,,,,,6.769249576447948,,,,,
1724,2,0.1002073167880441,,,,,,0.06269075044104308,,,,,,9.979311212525268,,,,,,6.243161965120765,,,,,
1724,4,0.1000281867722581,,,,,,0.06364064245859868,,,,,,9.997182117044442,,,,,,6.3604781135628246,,,,,
1724,8,0.10000371402084521,,,,,,0.06496221038385712,,,,,,9.999628611708918,,,,,,6.495738523259914,,,,,
1724,16,0.09890645398475596,,,,,,0.06159187683202565,,,,,,10.11056366608923,,,,,,6.296137076353987,,,,,
1724,32,0.09970920833824186,,,,,,0.06521819509215762,,,,,,10.029163972576303,,,,,,6.559915412785967,,,,,
