index,bin_size,m,n,a,b,corr
588,1,0.08958971645328541,16.0,26466.636402585427,-26474.680849608827,11.16199536719628
588,2,0.09075823989427567,16.0,25759.794194015813,-25766.490155970958,11.018283311409528
588,4,0.09163743796601023,16.0,25237.77439077105,-25244.897871367924,10.912570475518049
588,8,0.09287169304054607,16.0,24534.59904135295,-24544.02716963665,10.76754355671559
588,16,0.09159684871161325,16.0,25235.359419603108,-25245.555045898112,10.917406156061496
588,32,0.0901652045206435,16.0,26142.804216953868,-26152.38373561167,11.090752861000254
