index,bin_size,m12,m23,m34,m13,m24,m14,m12_err,m23_err,m34_err,m13_err,m24_err,m14_err,corr12,corr23,corr34,corr13,corr24,corr14,corr12_err,corr23_err,corr34_err,corr13_err,corr24_err,corr14_err
387,1,0.21029720010299252,,,,,,0.025094591774393365,,,,,,4.755175054685714,,,,,,0.5674311248779131,,,,,
387,2,0.2106778773786328,,,,,,0.02405117283878334,,,,,,4.746582851709618,,,,,,0.5418740969888444,,,,,
387,4,0.20911697606600152,,,,,,0.02233742604254485,,,,,,4.782012531036122,,,,,,0.5108043031993166,,,,,
387,8,0.20970890427852532,,,,,,0.023121370003557146,,,,,,4.768514734461861,,,,,,0.5257506538514544,,,,,
387,16,0.2097686524221573,,,,,,0.02308449604404842,,,,,,4.767156524357653,,,,,,0.5246132091577943,,,,,
387,32,0.20955338191189338,,,,,,0.02881606419879807,,,,,,4.772053740561675,,,,,,0.6562137327182649,,,,,
