index,bin_size,m,n,a,b,corr
868,1,-7.589252633068249e-6,16.0,4981790954919.744,-4981790954883.798,-131765.28023889373
868,2,-8.77077608002432e-6,16.0,3724961427658.802,-3724961427624.4097,-114014.99603638577
868,4,0.00003147798506032116,16.0,289240308934.0448,-289240308897.6679,31768.23415106473
868,8,5.798671664678941e-7,16.0,852288906886953.4,-852288906886917.8,1724532.889301584
868,16,-0.000011587261376107625,16.0,2135963048866.6575,-2135963048831.855,-86301.66935406772
868,32,2.4098668854823264e-8,16.0,4.9453614868192416e17,-4.9453614868192416e17,41496067.93737296
