index,bin_size,m,n,a,b,corr
1831,1,0.16940226240454515,16.0,5932.346726101868,-5872.949454652183,5.9031088829966505
1831,2,0.1689290924703338,16.0,5977.023678200309,-5916.976920386562,5.919643475120268
1831,4,0.17121060655334208,16.0,5781.179199254257,-5724.06424737526,5.84075963593086
1831,8,0.16844931663642215,16.0,6014.447416420298,-5954.095319134525,5.936503750611118
1831,16,0.16920364065111002,16.0,5947.698109373672,-5887.885770852889,5.910038319222417
1831,32,0.1687775605247431,16.0,5983.613027389363,-5926.475889238951,5.924958252097726
