index,bin_size,m,n,a,b,corr
1206,1,0.1988883712823659,16.0,3454.15922565492,-3439.32362371821,5.027946046077674
1206,2,0.19859448398905236,16.0,3464.2512719700258,-3448.9590331322324,5.035386582313764
1206,4,0.19958127505275547,16.0,3422.6711907255976,-3408.2012587381587,5.010490085984616
1206,8,0.20024327981143297,16.0,3396.7970047786353,-3382.1001837417534,4.9939253938593575
1206,16,0.19842305817413408,16.0,3474.232542103695,-3460.3541188513454,5.039736859223337
1206,32,0.19950982561459799,16.0,3427.5848712714424,-3413.8718371738396,5.012284467291073
