index,bin_size,m,n,a,b,corr
2093,1,0.000041555638306326575,16.0,152509450823.44012,-152509450790.918,24064.123203415133
2093,2,-1.1807255010259256e-7,16.0,1.8859730163927948e16,-1.885973016392791e16,-8469369.037351236
2093,4,0.00007055616940829275,16.0,52920595707.12906,-52920595675.7934,14173.105036545054
2093,8,-2.474079749671288e-7,16.0,4296113073096709.0,-4296113073096676.5,-4041906.895413789
2093,16,8.716778209643517e-7,16.0,345956367701427.4,-345956367701393.7,1147212.8531315427
2093,32,-0.000038950834547327916,16.0,173511877182.36887,-173511877146.10532,-25673.39086881263
