index,bin_size,m12,m23,m34,m13,m24,m14,m12_err,m23_err,m34_err,m13_err,m24_err,m14_err,corr12,corr23,corr34,corr13,corr24,corr14,corr12_err,corr23_err,corr34_err,corr13_err,corr24_err,corr14_err
1628,1,0.09529326848682292,,,,,,0.06807404589087775,,,,,,10.493920671199135,,,,,,7.496475340702814,,,,,
1628,2,0.09214644389766324,,,,,,0.06885464024101247,,,,,,10.852290741795617,,,,,,8.109163449075396,,,,,
1628,4,0.09310074229440043,,,,,,0.06914585847325329,,,,,,10.741052921337936,,,,,,7.97737275610558,,,,,
1628,8,0.09390315361650751,,,,,,0.07228507793583418,,,,,,10.649269609026284,,,,,,8.197629728090972,,,,,
1628,16,0.09871376840084743,,,,,,0.07929616121830488,,,,,,10.130299108218578,,,,,,8.137606782602116,,,,,
1628,32,0.09220547866404341,,,,,,0.07449943831843517,,,,,,10.845342538088916,,,,,,8.762732314449057,,,,,
