index,bin_size,m12,m23,m34,m13,m24,m14,m12_err,m23_err,m34_err,m13_err,m24_err,m14_err,corr12,corr23,corr34,corr13,corr24,corr14,corr12_err,corr23_err,corr34_err,corr13_err,corr24_err,corr14_err
2172,1,0.1968925534152822,,,,,,0.03029452550310576,,,,,,5.078912242510351,,,,,,0.7814578753226912,,,,,
2172,2,0.19802815945851462,,,,,,0.027351312686328483,,,,,,5.049786872404337,,,,,,0.6974679768984194,,,,,
2172,4,0.19847873603165314,,,,,,0.026044127237781562,,,,,,5.038323096941333,,,,,,0.6611223470350353,,,,,
2172,8,0.19761650387600868,,,,,,0.02657967110786881,,,,,,5.060306099876324,,,,,,0.680617606332342,,,,,
2172,16,0.1983769698894159,,,,,,0.0242157025171684,,,,,,5.040907725112669,,,,,,0.6153391795220546,,,,,
2172,32,0.1984201358152291,,,,,,0.026290897995941673,,,,,,5.039811085157257,,,,,,0.6677808107241294,,,,,
