index,bin_size,m12,m23,m34,m13,m24,m14,m12_err,m23_err,m34_err,m13_err,m24_err,m14_err,corr12,corr23,corr34,corr13,corr24,corr14,corr12_err,corr23_err,corr34_err,corr13_err,corr24_err,corr14_err
104,1,0.08327237377288818,,,,,,0.0721694467456526,,,,,,12.008784602770385,,,,,,10.407621418759406,,,,,
104,2,0.08137148741473212,,,,,,0.0729188590304266,,,,,,12.289316955744283,,,,,,11.012739217962332,,,,,
104,4,0.08347559067538174,,,,,,0.07489684129717246,,,,,,11.9795498529478,,,,,,10.74841683525103,,,,,
104,8,0.08639545031931906,,,,,,0.07457871619455556,,,,,,11.57468357771136,,,,,,9.991556712690588,,,,,
104,16,0.08208045096957611,,,,,,0.06631154174929522,,,,,,12.183168929842495,,,,,,9.84259596026607,,,,,
104,32,0.08276543108337105,,,,,,0.05984882288403938,,,,,,12.082339050378204,,,,,,8.736905739336907,,,,,
