index,bin_size,m12,m23,m34,m13,m24,m14,m12_err,m23_err,m34_err,m13_err,m24_err,m14_err,corr12,corr23,corr34,corr13,corr24,corr14,corr12_err,corr23_err,corr34_err,corr13_err,corr24_err,corr14_err
2029,1,0.09725002186362634,,,,,,0.06856309123515404,,,,,,10.282774037853683,,,,,,7.24954875070859,,,,,
2029,2,0.09572593600928399,,,,,,0.07060261596644415,,,,,,10.446489652532778,,,,,,7.704803190053666,,,,,
2029,4,0.09544995555438585,,,,,,0.0719457887135459,,,,,,10.476694244558512,,,,,,7.896850513523312,,,,,
2029,8,0.0942737225089679,,,,,,0.06879041648999712,,,,,,10.607409714885012,,,,,,7.740100981984341,,,,,
2029,16,0.09401203088759993,,,,,,0.06967184627029208,,,,,,10.636936470350188,,,,,,7.8829804606088025,,,,,
2029,32,0.09258269872411626,,,,,,0.06958122131691971,,,,,,10.801154144143744,,,,,,8.117688373087596,,,,,
