index,bin_size,m,n,a,b,corr
1491,1,0.1586806828054164,16.0,7060.1502723766625,-7022.738502448447,6.3019643117257
1491,2,0.15791324498772716,16.0,7134.776984339067,-7095.269615672402,6.33259103805839
1491,4,0.15883828387416002,16.0,7035.286549482883,-6996.351529474952,6.295711434355789
1491,8,0.1591481503025008,16.0,7001.123225989215,-6961.971341142973,6.283453487202022
1491,16,0.15953182271456362,16.0,6967.944912816548,-6929.547133281733,6.26834184543364
1491,32,0.159306453772035,16.0,6994.246413398961,-6956.999218428818,6.277209593975296
