index,bin_size,m,n,a,b,corr
2285,1,0.10627663948006251,24.0,11672.609873738596,-11769.009978037288,9.409405537212153
2285,2,0.1059399201415917,24.0,11766.757988126348,-11865.175960245857,9.439312382560528
2285,4,0.10634312863792139,24.0,11669.986322663053,-11769.243323207387,9.403522473039272
2285,8,0.10658335631657102,24.0,11593.897073354301,-11692.94806710067,9.382327922099083
2285,16,0.10742168484233014,24.0,11384.041651312455,-11484.033797617692,9.309107388026595
2285,32,0.10683797742991963,24.0,11537.764556175833,-11638.179896146752,9.359967532668334
