index,bin_size,m,n,a,b,corr
2206,1,0.1974047932354062,24.0,1627.673403318786,-1684.301805460492,5.065733124359828
2206,2,0.19765753301907515,24.0,1619.2130475175213,-1674.1749335153243,5.059255697092476
2206,4,0.19771456912667343,24.0,1619.4103899045836,-1676.6645370479773,5.057796218139654
2206,8,0.1960729405773087,24.0,1661.9512513298546,-1718.4234152062538,5.100142819583586
2206,16,0.19749888183325723,24.0,1625.3937726125241,-1681.7728447367076,5.063319805750961
2206,32,0.19764572668414424,24.0,1621.8807925927476,-1680.1258882755901,5.059557910898274
