index,bin_size,m12,m23,m34,m13,m24,m14,m12_err,m23_err,m34_err,m13_err,m24_err,m14_err,corr12,corr23,corr34,corr13,corr24,corr14,corr12_err,corr23_err,corr34_err,corr13_err,corr24_err,corr14_err
2406,1,0.08832170000360955,,,,,,0.04233913669193025,,,,,,11.322245834932206,,,,,,5.427591566344867,,,,,
2406,2,0.08901890846694198,,,,,,0.04167805392010869,,,,,,11.233568431940046,,,,,,5.259481147148599,,,,,
2406,4,0.09199049152941602,,,,,,0.04152127715357999,,,,,,10.870688735044183,,,,,,4.906647114432858,,,,,
2406,8,0.08892787631176119,,,,,,0.042088710158230166,,,,,,11.24506781758989,,,,,,5.3221826463608854,,,,,
2406,16,0.08966873820158155,,,,,,0.04244355275038987,,,,,,11.152158712793867,,,,,,5.278731987318607,,,,,
2406,32,0.0880936677385065,,,,,,0.042591415448776225,,,,,,11.351553700413035,,,,,,5.488234876069894,,,,,
