index,bin_size,m12,m23,m34,m13,m24,m14,m12_err,m23_err,m34_err,m13_err,m24_err,m14_err,corr12,corr23,corr34,corr13,corr24,corr14,corr12_err,corr23_err,corr34_err,corr13_err,corr24_err,corr14_err
2249,1,0.06443675784041335,,,,,,0.04663469318893817,,,,,,15.519092417353463,,,,,,11.231603477730358,,,,,
2249,2,0.06377850401401472,,,,,,0.045664172279356804,,,,,,15.679263969256155,,,,,,11.226048998394425,,,,,
2249,4,0.06695351065393267,,,,,,0.04716217409940067,,,,,,14.935736606386042,,,,,,10.520759901210582,,,,,
2249,8,0.0646191470291213,,,,,,0.046631582743881586,,,,,,15.475289383645677,,,,,,11.167545078454411,,,,,
2249,16,0.06405961188707755,,,,,,0.046034054708136624,,,,,,15.610459859837604,,,,,,11.217875694808845,,,,,
2249,32,0.0665198390300839,,,,,,0.04845941171075289,,,,,,15.033109138278963,,,,,,10.951554237752685,,,,,
