index,bin_size,m12,m23,m34,m13,m24,m14,m12_err,m23_err,m34_err,m13_err,m24_err,m14_err,corr12,corr23,corr34,corr13,corr24,corr14,corr12_err,corr23_err,corr34_err,corr13_err,corr24_err,corr14_err
1821,1,0.004619038653346506,,,,,,0.02004839353482998,,,,,,216.49526558421357,,,,,,939.6722150647577,,,,,
1821,2,0.004765760536027495,,,,,,0.020447482786869593,,,,,,209.83009793302605,,,,,,900.2754719247938,,,,,
1821,4,0.004458090870374764,,,,,,0.019237685374946842,,,,,,224.31126441259286,,,,,,967.9545922901337,,,,,
1821,8,0.0035808120847686943,,,,,,0.016496416809197827,,,,,,279.2662603697049,,,,,,1286.5496772088231,,,,,
1821,16,0.005418364348508206,,,,,,0.02230644183098761,,,,,,184.55754092567102,,,,,,759.7905541848706,,,,,
1821,32,0.002086790169221676,,,,,,0.012258552738592289,,,,,,479.20486436495753,,,,,,2815.0209776955176,,,,,
