index,bin_size,m12,m23,m34,m13,m24,m14,m12_err,m23_err,m34_err,m13_err,m24_err,m14_err,corr12,corr23,corr34,corr13,corr24,corr14,corr12_err,corr23_err,corr34_err,corr13_err,corr24_err,corr14_err
19,1,0.09691078493393962,,,,,,0.06867427027364614,,,,,,10.318768965514641,,,,,,7.312229792712062,,,,,
19,2,0.0951342571341644,,,,,,0.06476558449633617,,,,,,10.511460646502302,,,,,,7.15600156230659,,,,,
19,4,0.09540146756452333,,,,,,0.06614307586574573,,,,,,10.482019045709807,,,,,,7.2673198711294855,,,,,
19,8,0.0951711579614164,,,,,,0.062492793126255886,,,,,,10.50738502525537,,,,,,6.899525578404871,,,,,
19,16,0.09566678262093037,,,,,,0.06191276552375368,,,,,,10.452949002815277,,,,,,6.764845256763829,,,,,
19,32,0.0943243711346579,,,,,,0.0601877573886059,,,,,,10.601713936395033,,,,,,6.764883546333972,,,,,
