index,bin_size,m12,m23,m34,m13,m24,m14,m12_err,m23_err,m34_err,m13_err,m24_err,m14_err,corr12,corr23,corr34,corr13,corr24,corr14,corr12_err,corr23_err,corr34_err,corr13_err,corr24_err,corr14_err
1390,1,0.16822482809176387,,,,,,0.05858532759944574,,,,,,5.944425750606305,,,,,,2.0701827069181697,,,,,
1390,2,0.1682187990527653,,,,,,0.06084594979179371,,,,,,5.9446388015546905,,,,,,2.150218620549589,,,,,
1390,4,0.1698879058506183,,,,,,0.06337738633194327,,,,,,5.886234190674501,,,,,,2.1958840240852466,,,,,
1390,8,0.16858612639334253,,,,,,0.06210145359844827,,,,,,5.931686203328591,,,,,,2.1850335101543275,,,,,
1390,16,0.17190705923594854,,,,,,0.06676434188636392,,,,,,5.817096775691244,,,,,,2.259212853994887,,,,,
1390,32,0.16689860097273404,,,,,,0.06309616634772225,,,,,,5.991661968235243,,,,,,2.265153201067595,,,,,
