index,bin_size,m12,m23,m34,m13,m24,m14,m12_err,m23_err,m34_err,m13_err,m24_err,m14_err,corr12,corr23,corr34,corr13,corr24,corr14,corr12_err,corr23_err,corr34_err,corr13_err,corr24_err,corr14_err
624,1,0.07453976989098741,,,,,,0.06740645530736508,,,,,,13.415657191623685,,,,,,12.131804246627434,,,,,
624,2,0.073078636095252,,,,,,0.06642551347732163,,,,,,13.683889758103614,,,,,,12.438100272757431,,,,,
624,4,0.06753770737591461,,,,,,0.0627220508496371,,,,,,14.806543468140013,,,,,,13.750789128018774,,,,,
624,8,0.071970770167904,,,,,,0.06529153262591061,,,,,,13.894529649565412,,,,,,12.605049714208203,,,,,
624,16,0.07244886517501513,,,,,,0.06663390609387075,,,,,,13.802838699878796,,,,,,12.694982254515027,,,,,
624,32,0.07057519553678664,,,,,,0.06368419175511202,,,,,,14.16928415704863,,,,,,12.785786882018762,,,,,
