index,bin_size,m,n,a,b,corr
1588,1,0.1236142503522529,16.0,13717.771028950236,-13612.54753189301,8.089682194005837
1588,2,0.12142591174654813,16.0,14252.345899885746,-14147.54218842676,8.235474501416933
1588,4,0.12183395840021102,16.0,14166.590531035341,-14061.302717585757,8.207892225869498
1588,8,0.1216768857234953,16.0,14176.494724615734,-14071.160551360053,8.21848779292766
1588,16,0.1232730190829579,16.0,13781.065803248115,-13677.128201315587,8.112075192439631
1588,32,0.12206598033270753,16.0,14093.57972090005,-13987.311222892491,8.19229073714366
