index,bin_size,m,n,a,b,corr
139,1,-1.3530682466377235e-6,16.0,139565759500193.23,-139565759500145.08,-739061.021116213
139,2,-0.000017987011066462687,16.0,789919614008.7955,-789919613960.6509,-55595.67380622395
139,4,-0.00004300651728713561,16.0,138205952664.40027,-138205952615.38095,-23252.28972444896
139,8,1.2068126225949395e-6,16.0,175297936370610.12,-175297936370563.44,828629.0524951237
139,16,-0.000031311863205048855,16.0,260761785419.7364,-260761785369.86423,-31936.777235241494
139,32,1.1878585817882763e-6,16.0,180964427135981.03,-180964427135933.88,841851.0547733196
