index,bin_size,m,n,a,b,corr
247,1,0.07003948036499992,24.0,27407.086492756003,-27400.594427558324,14.277661610118388
247,2,0.06899027848355341,24.0,28266.533556314385,-28259.233280685225,14.494795817332292
247,4,0.07047625758684413,24.0,27032.382884895662,-27027.181770809453,14.189175677606794
247,8,0.06892388672867975,24.0,28364.744121051117,-28358.121936758238,14.508758102057127
247,16,0.06954553301068078,24.0,27840.362854414565,-27834.268118032727,14.379068744018689
247,32,0.06807405064104191,24.0,29131.529385380276,-29125.818731582513,14.689885361355286
