index,bin_size,m,n,a,b,corr
933,1,0.30792393751409985,16.0,1070.5032501889227,-1105.8339785822552,3.2475552504072858
933,2,0.3082199854694802,16.0,1068.170305477996,-1105.5479766405729,3.2444359455692062
933,4,0.30887133847228265,16.0,1060.6605683128212,-1098.9222909630544,3.237594025221403
933,8,0.30924257160468127,16.0,1056.790038158844,-1093.0391094807098,3.2337074252452704
933,16,0.30721011812633753,16.0,1078.8501419531722,-1114.512380153085,3.2551011213398855
933,32,0.30928577482591346,16.0,1056.4306047313084,-1092.5949862431264,3.2332557181553736
