index,bin_size,m,n,a,b,corr
388,1,0.16630350510226757,36.0,934.8651873168706,-880.7889666325013,6.013102365972712
388,2,0.16725387691277374,36.0,917.3402108549009,-862.977722510125,5.978934649876726
388,4,0.1664550332624251,36.0,932.092239156882,-875.4320403797,6.007628489211542
388,8,0.16588268759953925,36.0,942.6028427404696,-888.2652320695161,6.028356632454137
388,16,0.16568314326759362,36.0,947.0820396652799,-891.2669861669708,6.035617023422277
388,32,0.1661053193327055,36.0,938.8573540117959,-881.8244981346377,6.0202767979815315
