index,bin_size,m,n,a,b,corr
764,1,0.2204134114042853,16.0,2636.7990332972286,-2651.9045492878927,4.53692900821623
764,2,0.2191476064169821,16.0,2677.6439700679925,-2691.4682096868387,4.563134484331326
764,4,0.22197591684800178,16.0,2585.985160182789,-2600.35628390495,4.504993218182092
764,8,0.22069914793343867,16.0,2626.935617478197,-2642.6113244490166,4.531055100863339
764,16,0.2200907306972339,16.0,2644.9187596006527,-2659.478173207106,4.54358071706183
764,32,0.22021624850559138,16.0,2644.522425949011,-2659.0328834343118,4.540990988567357
