index,bin_size,m12,m23,m34,m13,m24,m14,m12_err,m23_err,m34_err,m13_err,m24_err,m14_err,corr12,corr23,corr34,corr13,corr24,corr14,corr12_err,corr23_err,corr34_err,corr13_err,corr24_err,corr14_err
520,1,0.1362115138144349,,,,,,0.018455292664102382,,,,,,7.341523282402768,,,,,,0.9947027015766581,,,,,
520,2,0.13663246397989867,,,,,,0.019175814113662794,,,,,,7.318904825921311,,,,,,1.027178712652831,,,,,
520,4,0.13680726058047973,,,,,,0.01871240296080575,,,,,,7.309553570161059,,,,,,0.999795707392202,,,,,
520,8,0.1366278997719514,,,,,,0.021265900842252192,,,,,,7.319149322130559,,,,,,1.1392131767659592,,,,,
520,16,0.13596536983647808,,,,,,0.021571745790173298,,,,,,7.354813958897573,,,,,,1.166886665672061,,,,,
520,32,0.13728375229595477,,,,,,0.020285137583224172,,,,,,7.284183184651096,,,,,,1.0763157009542885,,,,,
