index,bin_size,m12,m23,m34,m13,m24,m14,m12_err,m23_err,m34_err,m13_err,m24_err,m14_err,corr12,corr23,corr34,corr13,corr24,corr14,corr12_err,corr23_err,corr34_err,corr13_err,corr24_err,corr14_err
907,1,0.00908148932920715,,,,,,0.02782750003448974,,,,,,110.11409734126771,,,,,,337.4116223103519,,,,,
907,2,0.008360723085375202,,,,,,0.025976690949121316,,,,,,119.60687966681093,,,,,,371.6174925023316,,,,,
907,4,0.010234161473632798,,,,,,0.02968175824205739,,,,,,97.71196229181952,,,,,,283.3903734639155,,,,,
907,8,0.006835071607870406,,,,,,0.022915940946680355,,,,,,146.3042463005839,,,,,,490.5141688072753,,,,,
907,16,0.004034276642104305,,,,,,0.017132213689263983,,,,,,247.87591152360673,,,,,,1052.645483039665,,,,,
907,32,0.005088626647370469,,,,,,0.019685304812495145,,,,,,196.51667715035583,,,,,,760.2229360730335,,,,,
