index,bin_size,m,n,a,b,corr
122,1,-0.00003889477960272763,16.0,183217724051.5527,-183217723972.85876,-25710.39121995363
122,2,-0.000021777607768503183,16.0,583883094577.5956,-583883094500.5101,-45918.725813690784
122,4,-0.00003583690802161631,16.0,215603140843.3089,-215603140767.7392,-27904.193056968372
122,8,-0.000021278797559314173,16.0,611196569891.6819,-611196569813.0381,-46995.136694755536
122,16,-0.000019542649043308783,16.0,725238485805.9927,-725238485729.0122,-51170.13552174445
122,32,-0.000021666166618566213,16.0,589845331444.3488,-589845331368.8279,-46154.91136965033
