index,bin_size,m12,m23,m34,m13,m24,m14,m12_err,m23_err,m34_err,m13_err,m24_err,m14_err,corr12,corr23,corr34,corr13,corr24,corr14,corr12_err,corr23_err,corr34_err,corr13_err,corr24_err,corr14_err
1756,1,0.09003077902711332,,,,,,0.06767411712872105,,,,,,11.107312530294156,,,,,,8.34911768267678,,,,,
1756,2,0.09101446558098641,,,,,,0.06540071672557951,,,,,,10.987264426775992,,,,,,7.895173187884201,,,,,
1756,4,0.08861377942107145,,,,,,0.06494785927481556,,,,,,11.284926639323661,,,,,,8.271081902676716,,,,,
1756,8,0.09029858504802794,,,,,,0.06133018353085325,,,,,,11.07437065008406,,,,,,7.52163706770268,,,,,
1756,16,0.08792393660375802,,,,,,0.061134909447412115,,,,,,11.373467096982305,,,,,,7.908152295440049,,,,,
1756,32,0.0882039477585338,,,,,,0.05986104783375842,,,,,,11.337361029889383,,,,,,7.694284985709559,,,,,
