index,bin_size,m,n,a,b,corr
1806,1,0.07999508420105633,16.0,38223.70304300007,-38234.831454701205,12.500768140785269
1806,2,0.08180291615898923,16.0,36502.234286453844,-36516.8984435536,12.224503073416548
1806,4,0.08502969153171432,16.0,33674.11883444531,-33688.33018589461,11.760597762806427
1806,8,0.08083716365919408,16.0,37440.025322688525,-37455.04387578632,12.370547836338691
1806,16,0.08171940827448099,16.0,36595.53286024961,-36609.465553918286,12.23699511676807
1806,32,0.08151254869337476,16.0,36773.2268929107,-36787.510044742194,12.268049717862382
