index,bin_size,m,n,a,b,corr
1989,1,-1.7139044988537192e-7,16.0,1.0189553957067406e16,-1.01895539570675e16,-5834630.813261839
1989,2,0.000011633319448653186,16.0,2209232595539.8745,-2209232595630.941,85959.98798225833
1989,4,-5.478141205716317e-6,16.0,9982820051022.064,-9982820051112.162,-182543.66991426263
1989,8,2.2406614428077904e-7,16.0,5950985806941874.0,-5950985806941965.0,4462967.858039687
1989,16,-1.9778181130423837e-7,16.0,7650415894287165.0,-7650415894287257.0,-5056076.660465746
1989,32,-1.1388402681364125e-6,16.0,230516910107998.56,-230516910108088.66,-878086.2672132156
