index,bin_size,m,n,a,b,corr
989,1,-2.069018563393511e-7,16.0,6466775164032289.0,-6466775164032220.0,-4833209.414805081
989,2,-2.1509882478178286e-7,16.0,5981268752921007.0,-5981268752920939.0,-4649025.86527145
989,4,-2.1635245340847476e-7,16.0,5911148033228740.0,-5911148033228671.0,-4622087.636380965
989,8,-1.1107699477201224e-6,16.0,224545080768389.22,-224545080768322.12,-900276.4272228647
989,16,7.559583044272493e-6,16.0,4837512672032.35,-4837512671966.133,132282.42803121905
989,32,1.926050874370873e-6,16.0,74708681075385.17,-74708681075315.52,519197.08524139633
