index,bin_size,m12,m23,m34,m13,m24,m14,m12_err,m23_err,m34_err,m13_err,m24_err,m14_err,corr12,corr23,corr34,corr13,corr24,corr14,corr12_err,corr23_err,corr34_err,corr13_err,corr24_err,corr14_err
297,1,0.10526996403273331,,,,,,0.03980599933217706,,,,,,9.499385785759873,,,,,,3.5920269159251434,,,,,
297,2,0.10496113086319313,,,,,,0.040409685282269237,,,,,,9.527336374675738,,,,,,3.667992725619249,,,,,
297,4,0.10588351621738855,,,,,,0.0382540242225692,,,,,,9.444340684218576,,,,,,3.4120895320338995,,,,,
297,8,0.10417338597792092,,,,,,0.041489694395220086,,,,,,9.599380788217305,,,,,,3.8231969859451005,,,,,
297,16,0.10496838876949241,,,,,,0.041260909004983685,,,,,,9.526677619068456,,,,,,3.744740516341442,,,,,
297,32,0.10436971516331861,,,,,,0.04308048000908057,,,,,,9.581323456092523,,,,,,3.954863850733192,,,,,
