index,bin_size,m,n,a,b,corr
1702,1,0.08082952836279073,16.0,38342.04377821845,-38288.58908968341,12.371716379584154
1702,2,0.08203026760217697,16.0,37199.88907884487,-37147.67517936439,12.19062218411514
1702,4,0.08223147566297077,16.0,37011.167323736096,-36959.433810593124,12.160793563994192
1702,8,0.08443373013763546,16.0,34987.44674049249,-34936.69440846201,11.843607979534951
1702,16,0.0783355141743453,16.0,40965.8654263833,-40913.05008130006,12.765602045764037
1702,32,0.0838426841646273,16.0,35574.46855613925,-35523.671551027655,11.927099066109022
