index,bin_size,m,n,a,b,corr
1723,1,0.09517532125654529,16.0,24533.310861816008,-24509.307781918655,10.506925396180147
1723,2,0.09414664858398773,16.0,25088.017469089587,-25064.843273601917,10.621727008241884
1723,4,0.09405532198823818,16.0,25180.196982416703,-25158.29510136507,10.632040578469894
1723,8,0.09540976527561318,16.0,24416.6307731464,-24393.66772169751,10.481107432884555
1723,16,0.09594144349438663,16.0,24116.688183203238,-24094.01882411614,10.423024332112622
1723,32,0.09359774585390762,16.0,25429.865371252024,-25406.309420654736,10.68401798437383
