index,bin_size,m12,m23,m34,m13,m24,m14,m12_err,m23_err,m34_err,m13_err,m24_err,m14_err,corr12,corr23,corr34,corr13,corr24,corr14,corr12_err,corr23_err,corr34_err,corr13_err,corr24_err,corr14_err
1888,1,0.15976022010283092,,,,,,0.05787737942864348,,,,,,6.259380460019035,,,,,,2.267626682284091,,,,,
1888,2,0.1597311361282459,,,,,,0.056791580193366914,,,,,,6.260520173080807,,,,,,2.225895602321691,,,,,
1888,4,0.1590264703201049,,,,,,0.05627978561732927,,,,,,6.288261306354199,,,,,,2.2254282416945474,,,,,
1888,8,0.15910403296245643,,,,,,0.053419622944969485,,,,,,6.2851958016423675,,,,,,2.1102720252117537,,,,,
1888,16,0.15904241131502633,,,,,,0.05716834175454925,,,,,,6.287631027042408,,,,,,2.2601105982257366,,,,,
1888,32,0.15996195277154557,,,,,,0.052179342139657185,,,,,,6.251486573361478,,,,,,2.039225272892059,,,,,
