index,bin_size,m12,m23,m34,m13,m24,m14,m12_err,m23_err,m34_err,m13_err,m24_err,m14_err,corr12,corr23,corr34,corr13,corr24,corr14,corr12_err,corr23_err,corr34_err,corr13_err,corr24_err,corr14_err
1738,1,0.03849916701719074,,,,,,0.05268360630024809,,,,,,25.974587958058354,,,,,,35.54453438388613,,,,,
1738,2,0.03704542944680361,,,,,,0.051708001869150054,,,,,,26.99388331928982,,,,,,37.67805610497222,,,,,
1738,4,0.03822116518163102,,,,,,0.05280911382384996,,,,,,26.163514253108044,,,,,,36.14939512331589,,,,,
1738,8,0.03543939871873961,,,,,,0.05055607852979649,,,,,,28.21718302661893,,,,,,40.25322586043361,,,,,
1738,16,0.04091601086490265,,,,,,0.05597765365248675,,,,,,24.440310256584425,,,,,,33.43706274836178,,,,,
1738,32,0.043749174294053686,,,,,,0.05799845361867076,,,,,,22.857574254513835,,,,,,30.302376710591563,,,,,
