index,bin_size,m12,m23,m34,m13,m24,m14,m12_err,m23_err,m34_err,m13_err,m24_err,m14_err,corr12,corr23,corr34,corr13,corr24,corr14,corr12_err,corr23_err,corr34_err,corr13_err,corr24_err,corr14_err
1206,1,0.19673213686315605,,,,,,0.0500329478466054,,,,,,5.083053617699406,,,,,,1.292722991835109,,,,,
1206,2,0.1964928800658967,,,,,,0.04653883283673186,,,,,,5.089242926586631,,,,,,1.2053740865648925,,,,,
1206,4,0.19731678266787855,,,,,,0.05051382803360811,,,,,,5.067992628296545,,,,,,1.2974249054742997,,,,,
1206,8,0.19814299411529526,,,,,,0.049273263290032156,,,,,,5.046860245879402,,,,,,1.255029352884984,,,,,
1206,16,0.19701390458290355,,,,,,0.04358970727561879,,,,,,5.0757838748340705,,,,,,1.1230269953114922,,,,,
1206,32,0.19907505394602093,,,,,,0.040281389677464675,,,,,,5.023231088869373,,,,,,1.0164142865713728,,,,,
