index,bin_size,m,n,a,b,corr
701,1,0.08244292562740581,16.0,35714.61647647711,-35650.66526597794,12.12960350921339
701,2,0.08475089002160696,16.0,33701.06909643366,-33634.71092376502,11.799286116583003
701,4,0.08443661891127471,16.0,33981.57579604233,-33918.13761068851,11.843202782086662
701,8,0.08468999206216335,16.0,33780.44043722128,-33714.856537978114,11.807770619059562
701,16,0.08284537468665742,16.0,35329.981837961044,-35263.87153970361,12.070679911609524
701,32,0.08129315916808957,16.0,36814.164043102544,-36748.61655788782,12.301158058481938
