index,bin_size,m12,m23,m34,m13,m24,m14,m12_err,m23_err,m34_err,m13_err,m24_err,m14_err,corr12,corr23,corr34,corr13,corr24,corr14,corr12_err,corr23_err,corr34_err,corr13_err,corr24_err,corr14_err
1180,1,0.003924663880742947,,,,,,0.018288605713864117,,,,,,254.79888988880694,,,,,,1187.3415342321077,,,,,
1180,2,0.003378758263622664,,,,,,0.016851762462341716,,,,,,295.96671971667246,,,,,,1476.1520263590064,,,,,
1180,4,0.0034301451604207994,,,,,,0.01663829658433788,,,,,,291.5328515943399,,,,,,1414.1121795292563,,,,,
1180,8,0.004895424136968953,,,,,,0.020857614825996417,,,,,,204.27239234457,,,,,,870.3300796620804,,,,,
1180,16,0.0019496279379755655,,,,,,0.01291972404741459,,,,,,512.9183781795667,,,,,,3398.988994694275,,,,,
1180,32,0.0012206390537195906,,,,,,0.009109818643238473,,,,,,819.24299976537,,,,,,6114.137614934645,,,,,
