index,bin_size,m12,m23,m34,m13,m24,m14,m12_err,m23_err,m34_err,m13_err,m24_err,m14_err,corr12,corr23,corr34,corr13,corr24,corr14,corr12_err,corr23_err,corr34_err,corr13_err,corr24_err,corr14_err
2741,1,0.046937911045779435,,,,,,0.056527984889114286,,,,,,21.304740192308113,,,,,,25.65759755440988,,,,,
2741,2,0.04360592399675448,,,,,,0.055497687248379717,,,,,,22.932663921407293,,,,,,29.186626344099228,,,,,
2741,4,0.04357452432556054,,,,,,0.05451547965887499,,,,,,22.949189130067136,,,,,,28.711410453056185,,,,,
2741,8,0.045366759828333034,,,,,,0.05504153718564704,,,,,,22.04257045872311,,,,,,26.743302059966247,,,,,
2741,16,0.04524788019279582,,,,,,0.056684767074579014,,,,,,22.100482845585677,,,,,,27.686616853649042,,,,,
2741,32,0.04931323652822315,,,,,,0.06225914149992868,,,,,,20.278531088254084,,,,,,25.602130894648155,,,,,
