index,bin_size,m,n,a,b,corr
746,1,0.16318380685839234,16.0,6087.767950467656,-6088.85863796761,6.1280590228403
746,2,0.16309132795588657,16.0,6108.973710777701,-6111.115424785636,6.131533862244858
746,4,0.162771118507039,16.0,6132.415786029977,-6134.308482810648,6.143596045613923
746,8,0.16301778568900915,16.0,6101.967261040316,-6104.990792612811,6.134299983117861
746,16,0.1637160706806061,16.0,6054.280355162366,-6056.577062152889,6.108135846668965
746,32,0.16308307683770085,16.0,6086.35721262719,-6087.860115199808,6.131844084565519
