index,bin_size,m12,m23,m34,m13,m24,m14,m12_err,m23_err,m34_err,m13_err,m24_err,m14_err,corr12,corr23,corr34,corr13,corr24,corr14,corr12_err,corr23_err,corr34_err,corr13_err,corr24_err,corr14_err
704,1,0.09428895152830467,,,,,,0.0676408521485138,,,,,,10.60569646593015,,,,,,7.608296995100705,,,,,
704,2,0.09247253974051288,,,,,,0.06805273531288465,,,,,,10.8140211440726,,,,,,7.958294653208246,,,,,
704,4,0.09302428501690126,,,,,,0.0660963146970609,,,,,,10.749881064050248,,,,,,7.6380863517128645,,,,,
704,8,0.09670886385172044,,,,,,0.0665820083970818,,,,,,10.340313805498297,,,,,,7.119087467326301,,,,,
704,16,0.09483077223313668,,,,,,0.0642457427873612,,,,,,10.545100250175652,,,,,,7.1440713007606655,,,,,
704,32,0.09468737541428215,,,,,,0.07102129302940123,,,,,,10.561070001409767,,,,,,7.921445113378933,,,,,
