index,bin_size,m,n,a,b,corr
749,1,0.11980239690457496,16.0,16383.672769427214,-16370.957567486395,8.347078404420575
749,2,0.12199410789993953,16.0,15736.131958651431,-15726.891069529314,8.197117198645424
749,4,0.11896492864395525,16.0,16633.62575880309,-16624.23039416978,8.405838690433336
749,8,0.11896504509819555,16.0,16642.38802849258,-16632.924141916756,8.405830462003228
749,16,0.12053080028719694,16.0,16165.308501509191,-16157.295121949375,8.2966345333909
749,32,0.11996343798220965,16.0,16322.08980337343,-16312.343544758955,8.335873136182526
