index,bin_size,m12,m23,m34,m13,m24,m14,m12_err,m23_err,m34_err,m13_err,m24_err,m14_err,corr12,corr23,corr34,corr13,corr24,corr14,corr12_err,corr23_err,corr34_err,corr13_err,corr24_err,corr14_err
2621,1,0.06888973881688042,,,,,,0.01744673242596596,,,,,,14.515949939339365,,,,,,3.676249886409993,,,,,
2621,2,0.06958864686088563,,,,,,0.016510565149624113,,,,,,14.370160149817194,,,,,,3.409456514341964,,,,,
2621,4,0.06858732565323207,,,,,,0.016671626401499353,,,,,,14.579953227158327,,,,,,3.5439715842465436,,,,,
2621,8,0.06908679584729437,,,,,,0.017194872613653125,,,,,,14.474545935092209,,,,,,3.6025404050364327,,,,,
2621,16,0.0689938226127852,,,,,,0.016554892817689907,,,,,,14.49405123720005,,,,,,3.4778108479742085,,,,,
2621,32,0.0694694959188071,,,,,,0.012868938768365996,,,,,,14.39480719953339,,,,,,2.6665789060818352,,,,,
