index,bin_size,m,n,a,b,corr
349,1,0.11730688912246368,36.0,3963.3505616516622,-3914.5755338759705,8.524648530710248
349,2,0.11769956238208897,36.0,3933.551946842953,-3886.1690377014097,8.496208310050402
349,4,0.11785012830734931,36.0,3919.2100589059505,-3869.52370386785,8.485353510961248
349,8,0.11781500305903306,36.0,3926.4072845151086,-3874.928691824259,8.487883325852263
349,16,0.11845954421224753,36.0,3864.8253954682305,-3821.422729733368,8.441700553973684
349,32,0.11598625574883732,36.0,4096.808276999651,-4036.7567421590693,8.62171119796687
