index,bin_size,m12,m23,m34,m13,m24,m14,m12_err,m23_err,m34_err,m13_err,m24_err,m14_err,corr12,corr23,corr34,corr13,corr24,corr14,corr12_err,corr23_err,corr34_err,corr13_err,corr24_err,corr14_err
624,1,0.0719230836823095,,,,,,0.06690903025504129,,,,,,13.90374200885333,,,,,,12.934455074782521,,,,,
624,2,0.07037393541039932,,,,,,0.06590040949615819,,,,,,14.209806431433812,,,,,,13.30651834705057,,,,,
624,4,0.06927584872793349,,,,,,0.06421742825320566,,,,,,14.435045089484104,,,,,,13.381019350715734,,,,,
624,8,0.0692507602552638,,,,,,0.06518071103655802,,,,,,14.440274681662997,,,,,,13.59158177967378,,,,,
624,16,0.07185511323426504,,,,,,0.0671206695227311,,,,,,13.916894080171557,,,,,,12.999927302217442,,,,,
624,32,0.07151545824716588,,,,,,0.06344154394897682,,,,,,13.982990873719663,,,,,,12.404346581787905,,,,,
