index,bin_size,m12,m23,m34,m13,m24,m14,m12_err,m23_err,m34_err,m13_err,m24_err,m14_err,corr12,corr23,corr34,corr13,corr24,corr14,corr12_err,corr23_err,corr34_err,corr13_err,corr24_err,corr14_err
2612,1,0.21027462856325546,,,,,,0.03043385811977256,,,,,,4.755685490126437,,,,,,0.6883087058942525,,,,,
2612,2,0.21007938962553468,,,,,,0.030653286801789616,,,,,,4.760105223946501,,,,,,0.69456061775702,,,,,
2612,4,0.21008319172387815,,,,,,0.030182463990749517,,,,,,4.7600190752735,,,,,,0.6838676771607414,,,,,
2612,8,0.21194710239243633,,,,,,0.034038642693277034,,,,,,4.7181583928825,,,,,,0.7577348588057171,,,,,
2612,16,0.20872403183358412,,,,,,0.02988532052615644,,,,,,4.7910151563060115,,,,,,0.6859824541240993,,,,,
2612,32,0.2087103005444711,,,,,,0.02463382158936109,,,,,,4.791330362666621,,,,,,0.5655148644878177,,,,,
