index,bin_size,m12,m23,m34,m13,m24,m14,m12_err,m23_err,m34_err,m13_err,m24_err,m14_err,corr12,corr23,corr34,corr13,corr24,corr14,corr12_err,corr23_err,corr34_err,corr13_err,corr24_err,corr14_err
168,1,0.12918053186519288,,,,,,0.06645801002692674,,,,,,7.741104526830374,,,,,,3.9824762666285287,,,,,
168,2,0.12912992279290408,,,,,,0.0695066755538095,,,,,,7.744138448868892,,,,,,4.16843212608883,,,,,
168,4,0.1280932343839104,,,,,,0.06969648687525694,,,,,,7.806813566771864,,,,,,4.247745651135167,,,,,
168,8,0.12742839520051502,,,,,,0.06403406461927283,,,,,,7.847544485092584,,,,,,3.9434709184739516,,,,,
168,16,0.13044980236669015,,,,,,0.06260863533331497,,,,,,7.665783940316234,,,,,,3.6791490868965337,,,,,
168,32,0.12731557454090073,,,,,,0.06940439335447157,,,,,,7.854498584371901,,,,,,4.2817755118935565,,,,,
