index,bin_size,m12,m23,m34,m13,m24,m14,m12_err,m23_err,m34_err,m13_err,m24_err,m14_err,corr12,corr23,corr34,corr13,corr24,corr14,corr12_err,corr23_err,corr34_err,corr13_err,corr24_err,corr14_err
319,1,0.23206779023095464,,,,,,0.027223360404221398,,,,,,4.3090857158798155,,,,,,0.5054893371429678,,,,,
319,2,0.2314018327383525,,,,,,0.029742075025621033,,,,,,4.321486948336776,,,,,,0.5554406701048221,,,,,
319,4,0.23368479853307997,,,,,,0.029326713197041953,,,,,,4.27926851159059,,,,,,0.537034848309933,,,,,
319,8,0.23279413646209937,,,,,,0.027114012223232085,,,,,,4.295640840433314,,,,,,0.5003221302057422,,,,,
319,16,0.23157662596446812,,,,,,0.026033042507675516,,,,,,4.318225105125396,,,,,,0.4854399154113663,,,,,
319,32,0.23234521189742702,,,,,,0.021328316392836832,,,,,,4.3039406400226055,,,,,,0.3950837073712356,,,,,
