index,bin_size,m12,m23,m34,m13,m24,m14,m12_err,m23_err,m34_err,m13_err,m24_err,m14_err,corr12,corr23,corr34,corr13,corr24,corr14,corr12_err,corr23_err,corr34_err,corr13_err,corr24_err,corr14_err
1458,1,0.1372430766994353,,,,,,0.06269669303498666,,,,,,7.286342043978052,,,,,,3.3286163605882564,,,,,
1458,2,0.13799337459258368,,,,,,0.06281842077719446,,,,,,7.2467247282881075,,,,,,3.2989105787298305,,,,,
1458,4,0.13882889793725603,,,,,,0.06134934122046233,,,,,,7.203111274800667,,,,,,3.18309903782731,,,,,
1458,8,0.13846270106067377,,,,,,0.05924796373702397,,,,,,7.222161580986379,,,,,,3.090351149987356,,,,,
1458,16,0.13743832658568256,,,,,,0.06572031898549406,,,,,,7.275990801420115,,,,,,3.479236456700749,,,,,
1458,32,0.14205359279489774,,,,,,0.048317723360210514,,,,,,7.03959667844401,,,,,,2.3944293008316753,,,,,
