index,bin_size,m12,m23,m34,m13,m24,m14,m12_err,m23_err,m34_err,m13_err,m24_err,m14_err,corr12,corr23,corr34,corr13,corr24,corr14,corr12_err,corr23_err,corr34_err,corr13_err,corr24_err,corr14_err
1371,1,0.19266201355393042,,,,,,0.051004809797119875,,,,,,5.190436773464311,,,,,,1.3741019078491976,,,,,
1371,2,0.19028239193319788,,,,,,0.05139156573901014,,,,,,5.255347012618321,,,,,,1.419366809174344,,,,,
1371,4,0.19357280532317647,,,,,,0.05192504274114008,,,,,,5.166014917903708,,,,,,1.3857604892674469,,,,,
1371,8,0.19138755058390486,,,,,,0.04821851906585271,,,,,,5.225000251840295,,,,,,1.3163958339703732,,,,,
1371,16,0.19152352319503582,,,,,,0.04332881854220218,,,,,,5.221290749657217,,,,,,1.1812249256588454,,,,,
1371,32,0.19337675617256855,,,,,,0.036567600770454615,,,,,,5.171252325215366,,,,,,0.9778853170078433,,,,,
