index,bin_size,m12,m23,m34,m13,m24,m14,m12_err,m23_err,m34_err,m13_err,m24_err,m14_err,corr12,corr23,corr34,corr13,corr24,corr14,corr12_err,corr23_err,corr34_err,corr13_err,corr24_err,corr14_err
1114,1,0.13625047673917934,,,,,,0.06114077116642954,,,,,,7.339423860617188,,,,,,3.293478639450456,,,,,
1114,2,0.1344848310329534,,,,,,0.061105260753236496,,,,,,7.435782848661688,,,,,,3.3785628191820463,,,,,
1114,4,0.13509256669453723,,,,,,0.06529156959635808,,,,,,7.402331782333641,,,,,,3.577619942882572,,,,,
1114,8,0.13442337276516675,,,,,,0.057554345430494765,,,,,,7.439182483145751,,,,,,3.1851401251732696,,,,,
1114,16,0.1344007232021386,,,,,,0.05713767759266925,,,,,,7.44043615372516,,,,,,3.163146982929505,,,,,
1114,32,0.13335526829167885,,,,,,0.06495846140509154,,,,,,7.498766361541627,,,,,,3.6527115240515413,,,,,
