index,bin_size,m,n,a,b,corr
434,1,0.14314964154388887,36.0,2101.820807487666,-1939.6898007619627,6.985696849917753
434,2,0.1433869731535917,36.0,2093.7751067093113,-1940.1342103400214,6.974134246692207
434,4,0.14367678168996564,36.0,2080.051394277239,-1929.182093430226,6.960066812728725
434,8,0.14344156399190175,36.0,2090.632911847799,-1927.2206289151022,6.971480038076389
434,16,0.1433971496293593,36.0,2092.942721956554,-1936.2394908917736,6.97363931280862
434,32,0.1440638399578766,36.0,2060.644558523527,-1905.1400242841817,6.941367107057496
