index,bin_size,m12,m23,m34,m13,m24,m14,m12_err,m23_err,m34_err,m13_err,m24_err,m14_err,corr12,corr23,corr34,corr13,corr24,corr14,corr12_err,corr23_err,corr34_err,corr13_err,corr24_err,corr14_err
1066,1,0.1048396693218401,,,,,,0.07020668243074639,,,,,,9.53837422865355,,,,,,6.387444892838793,,,,,
1066,2,0.10351460687714688,,,,,,0.06922098910560494,,,,,,9.660472373592832,,,,,,6.460029875021423,,,,,
1066,4,0.10236875464313602,,,,,,0.06714301043451625,,,,,,9.768605698936785,,,,,,6.407165903901773,,,,,
1066,8,0.10238928731565923,,,,,,0.07007233684044403,,,,,,9.766646748082813,,,,,,6.684017231445458,,,,,
1066,16,0.10358036659208786,,,,,,0.06775728848227137,,,,,,9.654339262363516,,,,,,6.3154038938847705,,,,,
1066,32,0.10253085719207079,,,,,,0.0721948266425787,,,,,,9.753161412926673,,,,,,6.867472063598261,,,,,
