index,bin_size,m12,m23,m34,m13,m24,m14,m12_err,m23_err,m34_err,m13_err,m24_err,m14_err,corr12,corr23,corr34,corr13,corr24,corr14,corr12_err,corr23_err,corr34_err,corr13_err,corr24_err,corr14_err
632,1,0.007048084546988681,,,,,,0.024109765668889113,,,,,,141.8825204682389,,,,,,485.34524496618485,,,,,
632,2,0.006382867657017186,,,,,,0.022472505922158614,,,,,,156.66939277686916,,,,,,551.5943688928824,,,,,
632,4,0.006794386291100557,,,,,,0.02354053787479098,,,,,,147.18032757569625,,,,,,509.9362808172932,,,,,
632,8,0.00599554873611706,,,,,,0.022676980016686003,,,,,,166.79040468406518,,,,,,630.8517936333342,,,,,
632,16,0.007246808353595168,,,,,,0.02454388698169581,,,,,,137.99178220352638,,,,,,467.3581170565802,,,,,
632,32,0.01078216304849878,,,,,,0.0305197669726771,,,,,,92.74576868314301,,,,,,262.5242481660899,,,,,
