index,bin_size,m12,m23,m34,m13,m24,m14,m12_err,m23_err,m34_err,m13_err,m24_err,m14_err,corr12,corr23,corr34,corr13,corr24,corr14,corr12_err,corr23_err,corr34_err,corr13_err,corr24_err,corr14_err
2239,1,0.15848208963678906,,,,,,0.034315286441859875,,,,,,6.309861273862622,,,,,,1.3662408005676119,,,,,
2239,2,0.15870788567471808,,,,,,0.03495962008366563,,,,,,6.300884141633413,,,,,,1.3879368050694627,,,,,
2239,4,0.15833602619111795,,,,,,0.035744593689128926,,,,,,6.315682059577267,,,,,,1.4257746295642109,,,,,
2239,8,0.15828422960769373,,,,,,0.03721586564177884,,,,,,6.317748789494017,,,,,,1.48543219176708,,,,,
2239,16,0.15892850191850955,,,,,,0.036992155715264645,,,,,,6.292137583432009,,,,,,1.4645562656063618,,,,,
2239,32,0.15881228556750096,,,,,,0.03194536632162692,,,,,,6.296742071475093,,,,,,1.2666005743023894,,,,,
