index,bin_size,m,n,a,b,corr
2734,1,0.10895486101121317,16.0,15796.267141193415,-15821.33949151638,9.178112758980843
2734,2,0.11245194592873844,16.0,14761.104837825107,-14786.454511846609,8.89268737629233
2734,4,0.10942469508537454,16.0,15637.057099584574,-15659.967705803216,9.138704925974775
2734,8,0.11102004821613619,16.0,15161.09893104847,-15186.853744404394,9.007382144648133
2734,16,0.11084470706395333,16.0,15205.605139346773,-15229.297783080492,9.021630590110512
2734,32,0.10895724612866113,16.0,15792.928222404007,-15817.11875351299,9.17791184644259
