index,bin_size,m12,m23,m34,m13,m24,m14,m12_err,m23_err,m34_err,m13_err,m24_err,m14_err,corr12,corr23,corr34,corr13,corr24,corr14,corr12_err,corr23_err,corr34_err,corr13_err,corr24_err,corr14_err
17,1,0.054646475752395035,,,,,,0.0611317460409662,,,,,,18.299441752310482,,,,,,20.4711614151013,,,,,
17,2,0.05808830152706805,,,,,,0.06255489276600698,,,,,,17.215170244459962,,,,,,18.538898543778824,,,,,
17,4,0.05685054814069383,,,,,,0.06287451982116891,,,,,,17.58997991585232,,,,,,19.45384129166502,,,,,
17,8,0.054532920599346446,,,,,,0.061102206342815796,,,,,,18.33754710016365,,,,,,20.546572133324016,,,,,
17,16,0.05767705893606715,,,,,,0.06452268364667871,,,,,,17.337915948669686,,,,,,19.395733528797713,,,,,
17,32,0.05927454072383153,,,,,,0.06549852263741461,,,,,,16.8706494860777,,,,,,18.642111837190114,,,,,
