index,bin_size,m,n,a,b,corr
0,1,0.07413879175088185,16.0,47650.55934982914,-47640.86828433268,13.48821549938606
0,2,0.07568049482533344,16.0,45560.87206977114,-45551.94347733175,13.213444260743099
0,4,0.0725148776070001,16.0,49902.72394486233,-49895.26656278126,13.790273568681673
0,8,0.0754851691150298,16.0,45908.288112987124,-45900.009497632214,13.24763541929842
0,16,0.0763092395232341,16.0,44853.099799714044,-44843.11649976569,13.104573001222573
0,32,0.07420084456660613,16.0,47540.16664669682,-47531.60713861059,13.476935550273334
