index,bin_size,m,n,a,b,corr
1134,1,0.21838942107133494,16.0,3305.120697393051,-3397.5898702546287,4.578976376668717
1134,2,0.21909809111391026,16.0,3276.8030757788,-3370.0248948971453,4.564165734698687
1134,4,0.2175432215151578,16.0,3335.5155572200247,-3426.9773117419795,4.596787677571111
1134,8,0.21762869013965183,16.0,3333.639396142892,-3424.9536773724644,4.594982395741583
1134,16,0.21869308813937946,16.0,3292.7931132917674,-3385.9695718556736,4.572618222678674
1134,32,0.21846771795738934,16.0,3301.6399235382382,-3394.8449165066945,4.577335312281896
