index,bin_size,m12,m23,m34,m13,m24,m14,m12_err,m23_err,m34_err,m13_err,m24_err,m14_err,corr12,corr23,corr34,corr13,corr24,corr14,corr12_err,corr23_err,corr34_err,corr13_err,corr24_err,corr14_err
1474,1,0.09702406257397508,,,,,,0.06924909376577049,,,,,,10.30672158504556,,,,,,7.35622803792959,,,,,
1474,2,0.09847270338540731,,,,,,0.06767276083539273,,,,,,10.155098475220598,,,,,,6.978822828533259,,,,,
1474,4,0.09618074103707484,,,,,,0.06900315685718571,,,,,,10.397091862855678,,,,,,7.459208079865495,,,,,
1474,8,0.09848906022589993,,,,,,0.06443071164085422,,,,,,10.153411939420936,,,,,,6.642276363883938,,,,,
1474,16,0.09596301506920994,,,,,,0.06248629618517257,,,,,,10.420681335187158,,,,,,6.78542436262747,,,,,
1474,32,0.09935647695068323,,,,,,0.06691499470375031,,,,,,10.064769109077428,,,,,,6.778460673104156,,,,,
