index,bin_size,m12,m23,m34,m13,m24,m14,m12_err,m23_err,m34_err,m13_err,m24_err,m14_err,corr12,corr23,corr34,corr13,corr24,corr14,corr12_err,corr23_err,corr34_err,corr13_err,corr24_err,corr14_err
719,1,0.047530756635865125,,,,,,0.05871184521902827,,,,,,21.039008649936648,,,,,,25.988204414250944,,,,,
719,2,0.04471294943960422,,,,,,0.05605512355238003,,,,,,22.364885621127378,,,,,,28.03810624080002,,,,,
719,4,0.04628379721666571,,,,,,0.056926460827433044,,,,,,21.60583314542575,,,,,,26.573956506625166,,,,,
719,8,0.04456945737364178,,,,,,0.05470090356201035,,,,,,22.43688972061384,,,,,,27.53720177810805,,,,,
719,16,0.047683968962258315,,,,,,0.05838847703750212,,,,,,20.971408667585877,,,,,,25.679251121075705,,,,,
719,32,0.0461522242951099,,,,,,0.06048313663697895,,,,,,21.667428065995853,,,,,,28.395468090719877,,,,,
