index,bin_size,m12,m23,m34,m13,m24,m14,m12_err,m23_err,m34_err,m13_err,m24_err,m14_err,corr12,corr23,corr34,corr13,corr24,corr14,corr12_err,corr23_err,corr34_err,corr13_err,corr24_err,corr14_err
2457,1,0.10685991933559918,,,,,,0.042586337899370004,,,,,,9.358045619138524,,,,,,3.729414127319,,,,,
2457,2,0.10834178979142489,,,,,,0.04181900460345737,,,,,,9.230048736735458,,,,,,3.562719901108988,,,,,
2457,4,0.10833960310289857,,,,,,0.0432875762978641,,,,,,9.230235032799797,,,,,,3.687981973222214,,,,,
2457,8,0.10567792187916311,,,,,,0.04534568622495635,,,,,,9.462714465027473,,,,,,4.060387196657179,,,,,
2457,16,0.10531643001666464,,,,,,0.04934127941442401,,,,,,9.495194622926032,,,,,,4.448546640918197,,,,,
2457,32,0.10582033360623755,,,,,,0.046107627569919596,,,,,,9.449979658172758,,,,,,4.117508684518667,,,,,
