index,bin_size,m,n,a,b,corr
2006,1,-6.506970597367372e-7,16.0,697568073699773.8,-697568073699595.5,-1536813.4603291212
2006,2,-0.00003932423192775224,16.0,191414444010.4755,-191414443829.6068,-25429.613014113856
2006,4,0.000010221682803313806,16.0,2836866731901.965,-2836866731723.4106,97831.24943730462
2006,8,5.607450289112728e-7,16.0,938945636252420.8,-938945636252241.2,1783341.712260156
2006,16,-0.0000670471357760371,16.0,65841653360.9676,-65841653180.15611,-14914.880232026315
2006,32,9.583058411818382e-7,16.0,321882364895570.94,-321882364895393.4,1043508.1964717467
