index,bin_size,m12,m23,m34,m13,m24,m14,m12_err,m23_err,m34_err,m13_err,m24_err,m14_err,corr12,corr23,corr34,corr13,corr24,corr14,corr12_err,corr23_err,corr34_err,corr13_err,corr24_err,corr14_err
856,1,0.11036212898942584,,,,,,0.06902228655315239,,,,,,9.061079277437765,,,,,,5.666947675756269,,,,,
856,2,0.11168203505368204,,,,,,0.06761310000060057,,,,,,8.953991566497972,,,,,,5.420810311158473,,,,,
856,4,0.1136021830417902,,,,,,0.06848841732668295,,,,,,8.802647741655946,,,,,,5.306935095503735,,,,,
856,8,0.11188895650271818,,,,,,0.06703767741893268,,,,,,8.937432533618333,,,,,,5.354815505206939,,,,,
856,16,0.11211344387456247,,,,,,0.06716896862756627,,,,,,8.919536903342696,,,,,,5.343838113682093,,,,,
856,32,0.11463348952083312,,,,,,0.07219395757255707,,,,,,8.723454238198544,,,,,,5.493862987082798,,,,,
