index,bin_size,m,n,a,b,corr
427,1,0.04224031836747437,36.0,58914.97029757567,-58861.881642506196,23.674063990247145
427,2,0.04219267309459298,36.0,59042.216590936994,-58983.237223357086,23.70079747633128
427,4,0.04426511664712921,36.0,53365.896930074385,-53312.64514111667,22.591152486319142
427,8,0.0446145106942239,36.0,52369.63281983808,-52317.03842535328,22.41423215091916
427,16,0.04348998216561235,36.0,55460.45433531786,-55415.77785880126,22.99380110554984
427,32,0.04216212952931619,36.0,59076.69203242877,-59015.971264816515,23.717967075279716
