index,bin_size,m12,m23,m34,m13,m24,m14,m12_err,m23_err,m34_err,m13_err,m24_err,m14_err,corr12,corr23,corr34,corr13,corr24,corr14,corr12_err,corr23_err,corr34_err,corr13_err,corr24_err,corr14_err
1598,1,0.012934946788019425,,,,,,0.03378934648907602,,,,,,77.30994308582835,,,,,,201.95308854283928,,,,,
1598,2,0.015410557401300021,,,,,,0.03660959260525857,,,,,,64.8905794877764,,,,,,154.1552078295518,,,,,
1598,4,0.015108161175416161,,,,,,0.03603426708985311,,,,,,66.18939183857724,,,,,,157.86740665086518,,,,,
1598,8,0.014037812310513249,,,,,,0.03388775856699662,,,,,,71.23617112696944,,,,,,171.9665511256386,,,,,
1598,16,0.011909834363344208,,,,,,0.0304404448206399,,,,,,83.9642239759249,,,,,,214.60485921731225,,,,,
1598,32,0.00851627340720988,,,,,,0.025214256676979484,,,,,,117.42225175079508,,,,,,347.653798048206,,,,,
