index,bin_size,m12,m23,m34,m13,m24,m14,m12_err,m23_err,m34_err,m13_err,m24_err,m14_err,corr12,corr23,corr34,corr13,corr24,corr14,corr12_err,corr23_err,corr34_err,corr13_err,corr24_err,corr14_err
1223,1,0.26630822534906895,,,,,,0.043563013159750495,,,,,,3.755047365469953,,,,,,0.6142550707288016,,,,,
1223,2,0.2664882632085419,,,,,,0.04095802317139474,,,,,,3.7525104781723324,,,,,,0.5767436406593589,,,,,
1223,4,0.26403436222965937,,,,,,0.04119136053027674,,,,,,3.787385821888559,,,,,,0.5908608771193706,,,,,
1223,8,0.2650760232936989,,,,,,0.04090698415499571,,,,,,3.772502648766615,,,,,,0.5821790449405901,,,,,
1223,16,0.2661511631365842,,,,,,0.03908140422888013,,,,,,3.7572633093728665,,,,,,0.5517132612063227,,,,,
1223,32,0.2655580247934234,,,,,,0.04405992342779237,,,,,,3.7656553620546633,,,,,,0.6247767772660927,,,,,
