index,bin_size,m,n,a,b,corr
549,1,0.10084105695472774,54.0,2851.3304294208556,-2681.694502734169,9.916595781507395
549,2,0.1009304420520802,54.0,2848.7031209889683,-2690.176583111671,9.907813536415496
549,4,0.10043403114621186,54.0,2888.56110371881,-2722.2418559217504,9.956784454307128
549,8,0.10141566575719545,54.0,2803.4509784432175,-2645.645450994654,9.860409558363028
549,16,0.10133435232215562,54.0,2810.704716575893,-2646.492552156882,9.868321818654987
549,32,0.10104847540763151,54.0,2834.6951383039286,-2668.413158116983,9.896240353612269
