index,bin_size,m12,m23,m34,m13,m24,m14,m12_err,m23_err,m34_err,m13_err,m24_err,m14_err,corr12,corr23,corr34,corr13,corr24,corr14,corr12_err,corr23_err,corr34_err,corr13_err,corr24_err,corr14_err
267,1,3093022399003.842,,,,,,9807590799927.807,,,,,,3.233083602375677e-13,,,,,,1.0251707522153563e-12,,,,,
267,2,3186986914309.809,,,,,,10308956714258.117,,,,,,3.1377599810966447e-13,,,,,,1.0149722196729485e-12,,,,,
267,4,3160084119351.8794,,,,,,11887501558154.418,,,,,,3.16447272360932e-13,,,,,,1.1904010466771426e-12,,,,,
267,8,1789671779601.124,,,,,,7760487649877.972,,,,,,5.587616742902861e-13,,,,,,2.422937614583918e-12,,,,,
267,16,1649246852638.0298,,,,,,13618370142919.041,,,,,,6.063373705400523e-13,,,,,,5.006725785343046e-12,,,,,
267,32,1177628315841.406,,,,,,5231327315137.538,,,,,,8.491643641274947e-13,,,,,,3.7722061140552695e-12,,,,,
