index,bin_size,m12,m23,m34,m13,m24,m14,m12_err,m23_err,m34_err,m13_err,m24_err,m14_err,corr12,corr23,corr34,corr13,corr24,corr14,corr12_err,corr23_err,corr34_err,corr13_err,corr24_err,corr14_err
1001,1,0.18176941206340572,,,,,,0.05482909917518169,,,,,,5.501475680909255,,,,,,1.6594703822511339,,,,,
1001,2,0.18170095793966962,,,,,,0.052109157408234325,,,,,,5.503548310031647,,,,,,1.5783365615853426,,,,,
1001,4,0.18100453488210694,,,,,,0.05301158423833326,,,,,,5.524723458731719,,,,,,1.6180497533766725,,,,,
1001,8,0.18236083031883968,,,,,,0.04812101460946364,,,,,,5.4836337290831585,,,,,,1.4470104042013514,,,,,
1001,16,0.18175542540169956,,,,,,0.042858756003906456,,,,,,5.501899037070776,,,,,,1.2973728177125396,,,,,
1001,32,0.18362317130317724,,,,,,0.04126434029283126,,,,,,5.445935787422581,,,,,,1.2238267422910205,,,,,
