index,bin_size,m,n,a,b,corr
880,1,0.21442675125529037,16.0,3099.1587484834,-3083.364720242485,4.663597215113466
880,2,0.21511892651105136,16.0,3070.0520274491632,-3055.484578260115,4.648591438320639
880,4,0.21444037622943932,16.0,3097.1821715748047,-3079.625746044713,4.663300902485153
880,8,0.21453737303685835,16.0,3091.2978277570264,-3075.0903603223855,4.661192527178918
880,16,0.2134895644634044,16.0,3130.9456399506125,-3115.907678346554,4.684069699207319
880,32,0.2157654452184905,16.0,3048.421314706053,-3033.35686840821,4.63466241773501
