index,bin_size,m12,m23,m34,m13,m24,m14,m12_err,m23_err,m34_err,m13_err,m24_err,m14_err,corr12,corr23,corr34,corr13,corr24,corr14,corr12_err,corr23_err,corr34_err,corr13_err,corr24_err,corr14_err
1308,1,0.2140602183401375,,,,,,0.049313092723379436,,,,,,4.67158264040925,,,,,,1.076193370714858,,,,,
1308,2,0.21483618120243042,,,,,,0.04404614382417577,,,,,,4.654709436757979,,,,,,0.9543178442462034,,,,,
1308,4,0.2149560194693734,,,,,,0.04429015179931642,,,,,,4.652114430051951,,,,,,0.9585349356738899,,,,,
1308,8,0.21561533033536487,,,,,,0.05088333569439878,,,,,,4.637889144731105,,,,,,1.0945013506122387,,,,,
1308,16,0.21361554434016303,,,,,,0.049581404649662576,,,,,,4.681307266701492,,,,,,1.0865585208074817,,,,,
1308,32,0.2156582745314483,,,,,,0.05807170036879645,,,,,,4.636965598341441,,,,,,1.2486257595835208,,,,,
