index,bin_size,m12,m23,m34,m13,m24,m14,m12_err,m23_err,m34_err,m13_err,m24_err,m14_err,corr12,corr23,corr34,corr13,corr24,corr14,corr12_err,corr23_err,corr34_err,corr13_err,corr24_err,corr14_err
1265,1,0.05744645538838539,,,,,,0.06170602927415842,,,,,,17.407514410404886,,,,,,18.69825712546838,,,,,
1265,2,0.05589336022303336,,,,,,0.06133479182065075,,,,,,17.89121276676984,,,,,,19.632990503522873,,,,,
1265,4,0.05853670565335598,,,,,,0.06218017270233857,,,,,,17.083298228667378,,,,,,18.146604294312425,,,,,
1265,8,0.057994213408054614,,,,,,0.06394660121452111,,,,,,17.243099634163045,,,,,,19.01289027320332,,,,,
1265,16,0.05761850577994669,,,,,,0.06045618080678117,,,,,,17.35553510913912,,,,,,18.210284254225307,,,,,
1265,32,0.05853683996976783,,,,,,0.062119832977433856,,,,,,17.08325902997948,,,,,,18.128911608495443,,,,,
