index,bin_size,m12,m23,m34,m13,m24,m14,m12_err,m23_err,m34_err,m13_err,m24_err,m14_err,corr12,corr23,corr34,corr13,corr24,corr14,corr12_err,corr23_err,corr34_err,corr13_err,corr24_err,corr14_err
1216,1,0.1657137404077717,,,,,,0.05705520189381965,,,,,,6.034502616013015,,,,,,2.0776778331005454,,,,,
1216,2,0.16180413781653658,,,,,,0.06010085910840456,,,,,,6.18031166257232,,,,,,2.295627574737627,,,,,
1216,4,0.16339406363987943,,,,,,0.057974497431941406,,,,,,6.120173387718665,,,,,,2.1715230556438208,,,,,
1216,8,0.16350357923059197,,,,,,0.05981545845888837,,,,,,6.1160740621444285,,,,,,2.237478688339538,,,,,
1216,16,0.16143810334439818,,,,,,0.058160194553094555,,,,,,6.194324507558702,,,,,,2.231586663998779,,,,,
1216,32,0.1633054445604157,,,,,,0.05235944165156943,,,,,,6.12349455152455,,,,,,1.9633316974660748,,,,,
