index,bin_size,m12,m23,m34,m13,m24,m14,m12_err,m23_err,m34_err,m13_err,m24_err,m14_err,corr12,corr23,corr34,corr13,corr24,corr14,corr12_err,corr23_err,corr34_err,corr13_err,corr24_err,corr14_err
1584,1,0.04107768574267329,,,,,,0.055825479964631164,,,,,,24.34411729678229,,,,,,33.084191765855486,,,,,
1584,2,0.039492765974671676,,,,,,0.05419316415146625,,,,,,25.321092998179484,,,,,,34.74636722646752,,,,,
1584,4,0.042581232108708345,,,,,,0.055952563868047506,,,,,,23.484524765442114,,,,,,30.85912048046189,,,,,
1584,8,0.04258995923196914,,,,,,0.057049542142900284,,,,,,23.479712543358666,,,,,,31.4512357936247,,,,,
1584,16,0.04305205118189579,,,,,,0.05871230184149079,,,,,,23.22769699810538,,,,,,31.676807952159457,,,,,
1584,32,0.0428162400468774,,,,,,0.056758434280742,,,,,,23.355623915251527,,,,,,30.960884085761947,,,,,
