index,bin_size,m,n,a,b,corr
310,1,0.07385304740944292,24.0,28120.836673805545,-28082.48128983107,13.540402665525473
310,2,0.07464170042917644,24.0,27519.257406945504,-27483.67578638572,13.397336800343222
310,4,0.0749603927641532,24.0,27235.00799727754,-27191.48590881673,13.340378340149385
310,8,0.07253465052569687,24.0,29269.954908593107,-29228.067219643748,13.786514345247031
310,16,0.07536182461828492,24.0,26906.527732189887,-26864.453163835864,13.269317788749127
310,32,0.0748924881142365,24.0,27303.142587107108,-27262.150820597664,13.352473995451454
