index,bin_size,m12,m23,m34,m13,m24,m14,m12_err,m23_err,m34_err,m13_err,m24_err,m14_err,corr12,corr23,corr34,corr13,corr24,corr14,corr12_err,corr23_err,corr34_err,corr13_err,corr24_err,corr14_err
2361,1,0.22713855390104098,,,,,,0.031492337579385396,,,,,,4.402599130906138,,,,,,0.6104121721124043,,,,,
2361,2,0.22658362320629435,,,,,,0.032956969110252296,,,,,,4.413381628598746,,,,,,0.6419337812117892,,,,,
2361,4,0.22615310750345433,,,,,,0.0311518351902467,,,,,,4.4217831496510644,,,,,,0.6090858597768148,,,,,
2361,8,0.22754329289988157,,,,,,0.03075899194097376,,,,,,4.394768078002621,,,,,,0.5940787538537099,,,,,
2361,16,0.22727237639513254,,,,,,0.030092559181989845,,,,,,4.400006793000721,,,,,,0.5825937446499428,,,,,
2361,32,0.22732317742935523,,,,,,0.032216412106954445,,,,,,4.399023501731441,,,,,,0.6234329275289152,,,,,
