index,bin_size,m12,m23,m34,m13,m24,m14,m12_err,m23_err,m34_err,m13_err,m24_err,m14_err,corr12,corr23,corr34,corr13,corr24,corr14,corr12_err,corr23_err,corr34_err,corr13_err,corr24_err,corr14_err
187,1,0.10017314420289194,,,,,,0.04170322814670771,,,,,,9.982715506808765,,,,,,4.1559188904056,,,,,
187,2,0.09958331615869574,,,,,,0.04239337544268213,,,,,,10.041842736050308,,,,,,4.274888863585788,,,,,
187,4,0.09855193678805028,,,,,,0.039151745046115134,,,,,,10.1469340186651,,,,,,4.031074240102591,,,,,
187,8,0.09969887856841525,,,,,,0.038878024925357475,,,,,,10.030203091138896,,,,,,3.9113226887111012,,,,,
187,16,0.10068498713149669,,,,,,0.033697220452259244,,,,,,9.931967302076318,,,,,,3.324027754660161,,,,,
187,32,0.10259811349477353,,,,,,0.031694157255976636,,,,,,9.74676790768615,,,,,,3.010928605616591,,,,,
