index,bin_size,m,n,a,b,corr
405,1,0.20544596460372275,36.0,421.6156084956483,-413.358120813621,4.867459927620694
405,2,0.2055312990956383,36.0,420.71726757281505,-415.02332856655096,4.865439008073791
405,4,0.205373251705628,36.0,422.08962755348585,-415.3664180913935,4.869183263618726
405,8,0.20436892765554293,36.0,431.4564703570179,-425.25337552217417,4.893111743902023
405,16,0.20480729535559006,36.0,426.6758623142079,-417.5613236143631,4.882638571364279
405,32,0.20554295704854617,36.0,420.7907751718301,-413.0871514632437,4.865163050874154
