index,bin_size,m12,m23,m34,m13,m24,m14,m12_err,m23_err,m34_err,m13_err,m24_err,m14_err,corr12,corr23,corr34,corr13,corr24,corr14,corr12_err,corr23_err,corr34_err,corr13_err,corr24_err,corr14_err
1828,1,0.1086679257814742,,,,,,0.0652528685198887,,,,,,9.20234736062737,,,,,,5.525821516138046,,,,,
1828,2,0.1108390690185213,,,,,,0.06378413638852878,,,,,,9.022089492946744,,,,,,5.191907436821459,,,,,
1828,4,0.1099156773271741,,,,,,0.06163028522944929,,,,,,9.097883253026847,,,,,,5.101229901893652,,,,,
1828,8,0.11109933558999197,,,,,,0.05897951296378125,,,,,,9.000953918306617,,,,,,4.778353313203654,,,,,
1828,16,0.10993339662409515,,,,,,0.06038477200611947,,,,,,9.096416836999834,,,,,,4.99652583875926,,,,,
1828,32,0.10946212346082058,,,,,,0.055791487957552025,,,,,,9.135580129303143,,,,,,4.656291990824559,,,,,
