index,bin_size,m12,m23,m34,m13,m24,m14,m12_err,m23_err,m34_err,m13_err,m24_err,m14_err,corr12,corr23,corr34,corr13,corr24,corr14,corr12_err,corr23_err,corr34_err,corr13_err,corr24_err,corr14_err
1471,1,0.01771504564637341,,,,,,0.03805190875859583,,,,,,56.44919126723888,,,,,,121.252833239932,,,,,
1471,2,0.019842321284912257,,,,,,0.039830091532811134,,,,,,50.3973293064447,,,,,,101.16408309602645,,,,,
1471,4,0.016654660761137287,,,,,,0.03607905793663122,,,,,,60.04325241697169,,,,,,130.0719368424869,,,,,
1471,8,0.016848302387677178,,,,,,0.0368898590182033,,,,,,59.35316075116259,,,,,,129.95551017629907,,,,,
1471,16,0.017810082722057304,,,,,,0.037328805258540966,,,,,,56.147970540390986,,,,,,117.6825897259191,,,,,
1471,32,0.021707099836237573,,,,,,0.04133679864042143,,,,,,46.06787675664586,,,,,,87.72699069187526,,,,,
