index,bin_size,m12,m23,m34,m13,m24,m14,m12_err,m23_err,m34_err,m13_err,m24_err,m14_err,corr12,corr23,corr34,corr13,corr24,corr14,corr12_err,corr23_err,corr34_err,corr13_err,corr24_err,corr14_err
1772,1,0.00277818617871244,,,,,,0.01509400515118891,,,,,,359.9470790195398,,,,,,1955.607981389605,,,,,
1772,2,0.0038951053381154847,,,,,,0.017938816861824063,,,,,,256.7324663121476,,,,,,1182.3753906194065,,,,,
1772,4,0.005242113725816661,,,,,,0.02171555538858094,,,,,,190.7627442485925,,,,,,790.2382808687834,,,,,
1772,8,0.004395224255095613,,,,,,0.01983441745175251,,,,,,227.51967634885702,,,,,,1026.7326482736396,,,,,
1772,16,0.003631184812152732,,,,,,0.01694559593857847,,,,,,275.39220715322233,,,,,,1285.16870070438,,,,,
1772,32,0.0010695814708907253,,,,,,0.00927911793424547,,,,,,934.9451418293744,,,,,,8111.085007727252,,,,,
