index,bin_size,m12,m23,m34,m13,m24,m14,m12_err,m23_err,m34_err,m13_err,m24_err,m14_err,corr12,corr23,corr34,corr13,corr24,corr14,corr12_err,corr23_err,corr34_err,corr13_err,corr24_err,corr14_err
384,1,56294995350.8209,,,,,,1780204061496.7776,,,,,,1.7763568391260517e-11,,,,,,5.617333547987694e-10,,,,,
384,2,8.709428470186882,,,,,,2.344082146105812,,,,,,0.11481809666651324,,,,,,0.03090249278320898,,,,,
384,4,8.505677050467016,,,,,,1.7721114655326866,,,,,,0.11756853617491786,,,,,,0.02449476387420881,,,,,
384,8,8.506503341555428,,,,,,1.8037560341327983,,,,,,0.11755711599087533,,,,,,0.024927323109123472,,,,,
384,16,562949953429.7845,,,,,,17802040614970.188,,,,,,1.7763568393735157e-12,,,,,,5.617333549553555e-11,,,,,
384,32,86920554475.23781,,,,,,1710387914277.3127,,,,,,1.1504758638934856e-11,,,,,,2.2638604012032045e-10,,,,,
