index,bin_size,m,n,a,b,corr
326,1,-5.637968675837361e-6,24.0,5534403961746.503,-5534403961739.634,-177368.84638712156
326,2,2.9027888783434397e-6,24.0,20942118262460.22,-20942118262452.117,344496.2902609296
326,4,-3.8207324321526705e-6,24.0,12055113177755.164,-12055113177744.66,-261729.9216204422
326,8,6.298172954479411e-7,24.0,444462364400963.5,-444462364400951.3,1587762.0497683794
326,16,0.0000338554402906788,24.0,153699152759.9731,-153699152749.2461,29537.350316939268
326,32,-8.869227961170447e-8,24.0,2.236658107022788e16,-2.236658107022787e16,-11274938.522022527
