index,bin_size,m,n,a,b,corr
501,1,0.12560350863935793,36.0,3201.8141688678384,-3272.4198976113616,7.961561033070134
501,2,0.12606098587552148,36.0,3170.720800238848,-3239.249067051185,7.932668406920495
501,4,0.12608782753337733,36.0,3170.779605875522,-3242.28734074362,7.930979695365797
501,8,0.12595611880738428,36.0,3173.58243154498,-3248.17825349068,7.939272894945491
501,16,0.12575957213765196,36.0,3191.538162997041,-3262.8510745802078,7.95168099733542
501,32,0.12587442852934494,36.0,3180.353977859655,-3253.288093156643,7.944425342649094
