index,bin_size,m12,m23,m34,m13,m24,m14,m12_err,m23_err,m34_err,m13_err,m24_err,m14_err,corr12,corr23,corr34,corr13,corr24,corr14,corr12_err,corr23_err,corr34_err,corr13_err,corr24_err,corr14_err
2950,1,0.14364909125785125,,,,,,0.03389673573129513,,,,,,6.961408465891317,,,,,,1.6426767549984176,,,,,
2950,2,0.14418734189766208,,,,,,0.034553670966878364,,,,,,6.935421562246127,,,,,,1.662034069873729,,,,,
2950,4,0.1439930855973043,,,,,,0.03501192433736406,,,,,,6.944777909660413,,,,,,1.6886230175859203,,,,,
2950,8,0.14474416120781372,,,,,,0.030637515998020483,,,,,,6.908741545465649,,,,,,1.4623503833187173,,,,,
2950,16,0.14400918276789046,,,,,,0.028953003812975588,,,,,,6.944001630866617,,,,,,1.396089484236818,,,,,
2950,32,0.14482878980810077,,,,,,0.025853941150196878,,,,,,6.904704522664365,,,,,,1.2325852106131305,,,,,
