index,bin_size,m,n,a,b,corr
2300,1,-5.319708538084037e-6,24.0,5714774054199.992,-5714774054151.484,-187980.22351054652
2300,2,0.00003316138236393153,24.0,147457914335.79742,-147457914286.60025,30155.558324603044
2300,4,2.3901781948686546e-6,24.0,28395025808000.773,-28395025807948.715,418378.8481322633
2300,8,3.2377286435237893e-6,24.0,15458801035605.871,-15458801035552.99,308858.496217783
2300,16,3.2445653762715274e-8,24.0,1.538081151763078e17,-1.5380811517630774e17,30820769.010028206
2300,32,-5.7268678924560715e-6,24.0,4940178844129.375,-4940178844079.1045,-174615.51737858087
