index,bin_size,m,n,a,b,corr
1144,1,-5.749532732328737e-7,16.0,775964378606374.1,-775964378606356.1,-1739271.774864684
1144,2,8.112311771483094e-7,16.0,389219808760034.7,-389219808760019.1,1232694.2407653297
1144,4,-1.9261501994357914e-6,16.0,69144436339607.375,-69144436339589.08,-519170.31200003007
1144,8,-0.0000387289416194139,16.0,170878809907.28296,-170878809891.35568,-25820.483550181078
1144,16,0.000030428153961064005,16.0,276920220352.8588,-276920220335.40204,32864.30064997056
1144,32,-1.886536464316363e-6,16.0,72027810933054.66,-72027810933039.05,-530071.916930785
