index,bin_size,m,n,a,b,corr
642,1,0.23225165032942363,16.0,2458.4799492282136,-2457.6676909649505,4.30567446380514
642,2,0.2307775121498595,16.0,2499.9412510876728,-2497.963421529198,4.3331778329884765
642,4,0.2312710585529633,16.0,2486.0277492246914,-2487.177382435297,4.323930569855503
642,8,0.23206510779043435,16.0,2462.7540064393706,-2461.880281087665,4.309135524600479
642,16,0.23242051722472248,16.0,2453.386276084671,-2451.6697622185284,4.302546143261187
642,32,0.23305786775463294,16.0,2435.512444549674,-2435.828541713764,4.2907798377903985
