index,bin_size,m12,m23,m34,m13,m24,m14,m12_err,m23_err,m34_err,m13_err,m24_err,m14_err,corr12,corr23,corr34,corr13,corr24,corr14,corr12_err,corr23_err,corr34_err,corr13_err,corr24_err,corr14_err
1158,1,0.0015251074449919924,,,,,,0.011013607184774937,,,,,,655.6915076925944,,,,,,4735.095041226414,,,,,
1158,2,0.0017970656287239059,,,,,,0.010952923442007278,,,,,,556.4627045424595,,,,,,3391.580865921881,,,,,
1158,4,0.0018203963855579711,,,,,,0.012269553763026046,,,,,,549.3309083304345,,,,,,3702.5151043608016,,,,,
1158,8,0.002591233700786134,,,,,,0.014601939373494325,,,,,,385.9165615577699,,,,,,2174.6900842576833,,,,,
1158,16,0.001778936081553762,,,,,,0.011409061973788819,,,,,,562.1337440784145,,,,,,3605.199079523393,,,,,
1158,32,0.002569169731433902,,,,,,0.014105607419668584,,,,,,389.23080393052936,,,,,,2137.0082516197876,,,,,
