index,bin_size,m12,m23,m34,m13,m24,m14,m12_err,m23_err,m34_err,m13_err,m24_err,m14_err,corr12,corr23,corr34,corr13,corr24,corr14,corr12_err,corr23_err,corr34_err,corr13_err,corr24_err,corr14_err
83,1,0.1681069314524157,,,,,,0.056998468241471055,,,,,,5.948594691249002,,,,,,2.0169351891746,,,,,
83,2,0.16971480266545677,,,,,,0.0530250004904573,,,,,,5.892237944448537,,,,,,1.8409467824097292,,,,,
83,4,0.1665800874164903,,,,,,0.05543929372714971,,,,,,6.003118472976661,,,,,,1.997889744589519,,,,,
83,8,0.16584538371950125,,,,,,0.05391987131470075,,,,,,6.0297126008121325,,,,,,1.9603881652220494,,,,,
83,16,0.17039174612437386,,,,,,0.036712583128716024,,,,,,5.868828876664431,,,,,,1.264497095096858,,,,,
83,32,0.17153316464968577,,,,,,0.03824577027558988,,,,,,5.829776428612238,,,,,,1.2998319625368195,,,,,
