index,bin_size,m,n,a,b,corr
2163,1,0.0875696085422207,24.0,20067.949165955244,-19994.329963127486,11.419486927566442
2163,2,0.08701299024166222,24.0,20365.693914188923,-20290.443088482687,11.492536886994552
2163,4,0.08544243315759943,24.0,21204.721563787953,-21128.182525464563,11.703786550126562
2163,8,0.08643551480072134,24.0,20658.63715630916,-20586.00806838446,11.569318494897823
2163,16,0.08687557835476603,24.0,20413.15098233923,-20341.892754300738,11.510714736382985
2163,32,0.08752263459111873,24.0,20104.590301264405,-20033.28092071216,11.425615838368216
