index,bin_size,m12,m23,m34,m13,m24,m14,m12_err,m23_err,m34_err,m13_err,m24_err,m14_err,corr12,corr23,corr34,corr13,corr24,corr14,corr12_err,corr23_err,corr34_err,corr13_err,corr24_err,corr14_err
1840,1,0.10823121526996221,,,,,,0.0671029994467382,,,,,,9.239478624588017,,,,,,5.728446525223014,,,,,
1840,2,0.1104522698612996,,,,,,0.06690341442133163,,,,,,9.053684467107372,,,,,,5.484019519956387,,,,,
1840,4,0.10889887545646457,,,,,,0.0669614677546987,,,,,,9.182831280932543,,,,,,5.6464849442896705,,,,,
1840,8,0.10710847416765551,,,,,,0.06642165298449067,,,,,,9.336329433978426,,,,,,5.789779367428134,,,,,
1840,16,0.1073848008392311,,,,,,0.06620704415646152,,,,,,9.312304834434894,,,,,,5.741410074363328,,,,,
1840,32,0.10726456487420903,,,,,,0.0659471554560846,,,,,,9.322743267291644,,,,,,5.731700867348358,,,,,
