index,bin_size,m,n,a,b,corr
2029,1,0.0830279497526406,16.0,34823.11328010787,-34886.38597044238,12.044136980128142
2029,2,0.08141643464961446,16.0,36246.08313518853,-36309.943158141265,12.282532443279074
2029,4,0.08081577227340618,16.0,36829.08123611939,-36892.6700398647,12.373822236294675
2029,8,0.0804186955907793,16.0,37195.50676146204,-37257.57332069414,12.434919425808975
2029,16,0.08166331354100899,16.0,35994.00498509583,-36056.221191095625,12.24540073919274
2029,32,0.07965494352395477,16.0,37949.876077939145,-38013.339735561094,12.554148628569026
