index,bin_size,m,n,a,b,corr
1676,1,0.13739824550731364,16.0,10542.125101734337,-10587.340342538828,7.278113314385594
1676,2,0.13709988620176394,16.0,10585.04052246983,-10629.568956895668,7.293952079058209
1676,4,0.13793220631314582,16.0,10450.39719917039,-10496.06411668466,7.24993840618856
1676,8,0.13702482175856306,16.0,10602.873250866985,-10648.52731463411,7.297947825555243
1676,16,0.13750890712302014,16.0,10525.87571750344,-10572.680317022225,7.272256182687614
1676,32,0.13636015952040634,16.0,10715.12193775448,-10759.8371584461,7.333520315003369
