index,bin_size,m,n,a,b,corr
1473,1,6.267345995764894e-7,16.0,566141311907284.1,-566141311907246.9,1595571.7151657841
1473,2,-0.00003145140454609179,16.0,224351399173.34247,-224351399136.06216,-31795.082427384372
1473,4,0.000028103870141149104,16.0,281576118223.6281,-281576118185.82446,35582.287954562555
1473,8,0.000032921654284606066,16.0,205168656135.0626,-205168656097.02176,30375.14431550279
1473,16,-7.879107491441736e-6,16.0,3589626103028.335,-3589626102987.8345,-126917.92834228967
1473,32,-8.932389970685208e-8,16.0,2.792477889645855e16,-2.792477889645852e16,-11195212.068459315
