index,bin_size,m12,m23,m34,m13,m24,m14,m12_err,m23_err,m34_err,m13_err,m24_err,m14_err,corr12,corr23,corr34,corr13,corr24,corr14,corr12_err,corr23_err,corr34_err,corr13_err,corr24_err,corr14_err
2194,1,0.09170491644384282,,,,,,0.041730396710888344,,,,,,10.904540768131753,,,,,,4.962120133252091,,,,,
2194,2,0.09243954660454393,,,,,,0.04170281206077504,,,,,,10.817880839225626,,,,,,4.880336047774489,,,,,
2194,4,0.09375804649554614,,,,,,0.0390052167636254,,,,,,10.665751232855557,,,,,,4.437165174982591,,,,,
2194,8,0.09425268815955029,,,,,,0.03640064093758942,,,,,,10.609776967922729,,,,,,4.0975243187069665,,,,,
2194,16,0.0953750241023184,,,,,,0.033653132942587836,,,,,,10.484925266463883,,,,,,3.69961200226664,,,,,
2194,32,0.0966723787526429,,,,,,0.028812014131855586,,,,,,10.344216340830046,,,,,,3.082966523018539,,,,,
