index,bin_size,m,n,a,b,corr
1991,1,0.07694343367456526,16.0,44081.546629956494,-44063.7561556465,12.996560619188537
1991,2,0.07673656587899752,16.0,44305.49421212218,-44287.34748740193,13.031596977858712
1991,4,0.07465550787741995,16.0,46907.40909868117,-46887.012737732104,13.394858978683025
1991,8,0.07836642709377764,16.0,42404.721585526546,-42386.86709592202,12.76056644516081
1991,16,0.07280042245493655,16.0,49490.8536122363,-49470.19473792069,13.73618402584133
1991,32,0.07775237362204657,16.0,43126.55033598553,-43107.98266206533,12.861343691717876
