index,bin_size,m12,m23,m34,m13,m24,m14,m12_err,m23_err,m34_err,m13_err,m24_err,m14_err,corr12,corr23,corr34,corr13,corr24,corr14,corr12_err,corr23_err,corr34_err,corr13_err,corr24_err,corr14_err
42,1,0.043488117558468785,,,,,,0.05736124391698075,,,,,,22.994786993378657,,,,,,30.330344461859752,,,,,
42,2,0.043388563338612865,,,,,,0.059056211792491695,,,,,,23.047548087633224,,,,,,31.370038010675906,,,,,
42,4,0.04310362343251,,,,,,0.05901430107462483,,,,,,23.19990572406892,,,,,,31.763599258582992,,,,,
42,8,0.04442512073005062,,,,,,0.05837994213784844,,,,,,22.509786885588966,,,,,,29.580562400747045,,,,,
42,16,0.04032316820696297,,,,,,0.05536166090344103,,,,,,24.799638631255192,,,,,,34.04864363297592,,,,,
42,32,0.04332237649670889,,,,,,0.05663939348846808,,,,,,23.08275955442952,,,,,,30.178249831293293,,,,,
