index,bin_size,m12,m23,m34,m13,m24,m14,m12_err,m23_err,m34_err,m13_err,m24_err,m14_err,corr12,corr23,corr34,corr13,corr24,corr14,corr12_err,corr23_err,corr34_err,corr13_err,corr24_err,corr14_err
155,1,32573945576891.617,,,,,,131724870817923.88,,,,,,3.0699382045674354e-14,,,,,,1.2414437559032828e-13,,,,,
155,2,27544845134069.63,,,,,,144150525251598.84,,,,,,3.630443355672098e-14,,,,,,1.8999210707814578e-13,,,,,
155,4,NaN,,,,,,NaN,,,,,,NaN,,,,,,NaN,,,,,
155,8,NaN,,,,,,NaN,,,,,,NaN,,,,,,NaN,,,,,
155,16,NaN,,,,,,NaN,,,,,,NaN,,,,,,NaN,,,,,
155,32,16072561637556.627,,,,,,68355124650500.61,,,,,,6.221783574706026e-14,,,,,,2.646067262879204e-13,,,,,
