index,bin_size,m,n,a,b,corr
1562,1,0.22402181684728759,16.0,2692.5330645203944,-2700.7317021565405,4.463850950203147
1562,2,0.2220236385390129,16.0,2758.648033406619,-2764.9758734027455,4.5040249163572055
1562,4,0.2233427178761765,16.0,2715.7197555991524,-2723.710583822179,4.477423797423341
1562,8,0.22278266812908307,16.0,2731.7703179974624,-2740.160619265571,4.488679520709337
1562,16,0.22361610593435022,16.0,2707.1181738955233,-2715.468947683905,4.471949799061354
1562,32,0.22275937281272867,16.0,2728.7864469127944,-2736.442458821267,4.4891489295073965
