index,bin_size,m12,m23,m34,m13,m24,m14,m12_err,m23_err,m34_err,m13_err,m24_err,m14_err,corr12,corr23,corr34,corr13,corr24,corr14,corr12_err,corr23_err,corr34_err,corr13_err,corr24_err,corr14_err
1146,1,0.030638774331641597,,,,,,0.05099739662596765,,,,,,32.638381326085536,,,,,,54.32568743446792,,,,,
1146,2,0.0321799304175735,,,,,,0.05178714073972481,,,,,,31.075269182493283,,,,,,50.009410144646324,,,,,
1146,4,0.030397738905985874,,,,,,0.04925430633049577,,,,,,32.8971836718777,,,,,,53.304226574107965,,,,,
1146,8,0.035788277971493095,,,,,,0.05527553173540148,,,,,,27.942110005866812,,,,,,43.157007711118226,,,,,
1146,16,0.040339414211376164,,,,,,0.06134931437030788,,,,,,24.789651003855898,,,,,,37.70079765156538,,,,,
1146,32,0.04282132154195193,,,,,,0.06470289622664131,,,,,,23.352852363986543,,,,,,35.28609413940615,,,,,
