index,bin_size,m,n,a,b,corr
2680,1,0.11046982854125358,16.0,15896.856193546633,-15808.441737065461,9.052245424881441
2680,2,0.10830770816408813,16.0,16595.86991920524,-16506.148472937057,9.232953193737439
2680,4,0.109272055892303,16.0,16258.892939136986,-16168.63413268247,9.151470536855149
2680,8,0.1090362772819326,16.0,16346.568440486953,-16256.221659798466,9.171259556251384
2680,16,0.1097688697194868,16.0,16105.205616640069,-16015.54943389446,9.11005098763875
2680,32,0.10968355660613764,16.0,16125.666442862299,-16036.749295308518,9.117136888539246
