index,bin_size,m12,m23,m34,m13,m24,m14,m12_err,m23_err,m34_err,m13_err,m24_err,m14_err,corr12,corr23,corr34,corr13,corr24,corr14,corr12_err,corr23_err,corr34_err,corr13_err,corr24_err,corr14_err
1511,1,0.2300617035206776,,,,,,0.04722881242185495,,,,,,4.346659981634542,,,,,,0.8923153475465349,,,,,
1511,2,0.23052156618903571,,,,,,0.048575744875046845,,,,,,4.337988920220875,,,,,,0.9141055500491896,,,,,
1511,4,0.23049660601998498,,,,,,0.05048990440064371,,,,,,4.338458675236615,,,,,,0.9503322740459252,,,,,
1511,8,0.23042774535744454,,,,,,0.04407385283533079,,,,,,4.339755173357176,,,,,,0.8300638039712096,,,,,
1511,16,0.23117801433155055,,,,,,0.045153460262045704,,,,,,4.325670859711692,,,,,,0.8448857380986005,,,,,
1511,32,0.22840904970632517,,,,,,0.05237355663987319,,,,,,4.37811024250458,,,,,,1.0038884407436541,,,,,
