index,bin_size,m,n,a,b,corr
2716,1,1.5616108975949289e-6,16.0,91942699307910.84,-91942699307811.58,640364.3836887421
2716,2,-0.000013253341905149554,16.0,1276235126957.8264,-1276235126858.84,-75452.6674975051
2716,4,-5.005292094316893e-6,16.0,8960019201182.678,-8960019201081.236,-199788.54004053422
2716,8,0.00003914265546570114,16.0,146480943728.98715,-146480943627.73508,25547.576885177165
2716,16,-7.526203345164411e-6,16.0,3968890741263.3745,-3968890741164.017,-132869.11795208143
2716,32,-0.000014649248029410132,16.0,1044484670416.8567,-1044484670315.8134,-68262.88953483342
