index,bin_size,m12,m23,m34,m13,m24,m14,m12_err,m23_err,m34_err,m13_err,m24_err,m14_err,corr12,corr23,corr34,corr13,corr24,corr14,corr12_err,corr23_err,corr34_err,corr13_err,corr24_err,corr14_err
1994,1,0.1377095594551837,,,,,,0.06314920023383135,,,,,,7.261660003534037,,,,,,3.3299650613028944,,,,,
1994,2,0.13664145926481688,,,,,,0.0589956536424726,,,,,,7.318423012900924,,,,,,3.1597668204160794,,,,,
1994,4,0.14012384635986688,,,,,,0.05606158828155513,,,,,,7.136544035708199,,,,,,2.8552313105619276,,,,,
1994,8,0.13673851756972993,,,,,,0.05762513768686296,,,,,,7.313228326393469,,,,,,3.081983019371141,,,,,
1994,16,0.1407492270070867,,,,,,0.051684756233727334,,,,,,7.1048347565677945,,,,,,2.608978111514821,,,,,
1994,32,0.13558529272964376,,,,,,0.06514464371566057,,,,,,7.375431212838061,,,,,,3.5436722445092315,,,,,
