index,bin_size,m12,m23,m34,m13,m24,m14,m12_err,m23_err,m34_err,m13_err,m24_err,m14_err,corr12,corr23,corr34,corr13,corr24,corr14,corr12_err,corr23_err,corr34_err,corr13_err,corr24_err,corr14_err
415,1,0.11941335610283793,,,,,,0.020713554216828592,,,,,,8.37427263277658,,,,,,1.4526092881615211,,,,,
415,2,0.12003768809445174,,,,,,0.02035967208654928,,,,,,8.330716926280264,,,,,,1.4129784366679374,,,,,
415,4,0.11864542563012549,,,,,,0.022837840656636483,,,,,,8.428474968074015,,,,,,1.6223817081612677,,,,,
415,8,0.1190959238736466,,,,,,0.02053868785163483,,,,,,8.396592993904124,,,,,,1.4480344659149276,,,,,
415,16,0.11964926819383083,,,,,,0.021109272117600025,,,,,,8.357761105400229,,,,,,1.4745284792045525,,,,,
415,32,0.11834481529292183,,,,,,0.025017414757493413,,,,,,8.449884327630613,,,,,,1.7862570519371275,,,,,
