index,bin_size,m12,m23,m34,m13,m24,m14,m12_err,m23_err,m34_err,m13_err,m24_err,m14_err,corr12,corr23,corr34,corr13,corr24,corr14,corr12_err,corr23_err,corr34_err,corr13_err,corr24_err,corr14_err
2304,1,0.12715956006622842,,,,,,0.036206829841108595,,,,,,7.864135417574351,,,,,,2.2391978453153776,,,,,
2304,2,0.12764373193560585,,,,,,0.036022376906666924,,,,,,7.83430556938341,,,,,,2.2109217878767398,,,,,
2304,4,0.12577742712755263,,,,,,0.03800017388331547,,,,,,7.950552200323561,,,,,,2.4020396424096453,,,,,
2304,8,0.12761920924150838,,,,,,0.035326474219154046,,,,,,7.835810971901464,,,,,,2.169043170932045,,,,,
2304,16,0.1294373794967305,,,,,,0.03535038541293449,,,,,,7.725743551732359,,,,,,2.1099624638347283,,,,,
2304,32,0.12644975320953306,,,,,,0.0384970734579773,,,,,,7.908279570486421,,,,,,2.4076410734211287,,,,,
