index,bin_size,m12,m23,m34,m13,m24,m14,m12_err,m23_err,m34_err,m13_err,m24_err,m14_err,corr12,corr23,corr34,corr13,corr24,corr14,corr12_err,corr23_err,corr34_err,corr13_err,corr24_err,corr14_err
2862,1,0.17900572785773222,,,,,,0.030427948493020683,,,,,,5.586413417981611,,,,,,0.9495958692347598,,,,,
2862,2,0.17896775179226881,,,,,,0.030524353273978573,,,,,,5.587598827082091,,,,,,0.9530087898131039,,,,,
2862,4,0.17888451873184216,,,,,,0.027684988285439735,,,,,,5.590198677276571,,,,,,0.8651647777619217,,,,,
2862,8,0.17941924275285587,,,,,,0.029051667959355792,,,,,,5.573538181617828,,,,,,0.9024705384259877,,,,,
2862,16,0.1790459862463455,,,,,,0.02527139395647222,,,,,,5.585157316088179,,,,,,0.7883154143960506,,,,,
2862,32,0.17893003647979722,,,,,,0.02723221443533758,,,,,,5.588776594883827,,,,,,0.8505825274352765,,,,,
