index,bin_size,m,n,a,b,corr
60,1,0.18788853165802086,16.0,4915.48815115375,-4933.811618220847,5.322304619528972
60,2,0.19103426925758168,16.0,4719.440254515522,-4738.72582738192,5.234662889995128
60,4,0.18932788519818428,16.0,4824.688686568118,-4840.443069638729,5.281842127762753
60,8,0.18744769798034966,16.0,4955.397929137482,-4972.85488744536,5.334821450327072
60,16,0.18988346158081934,16.0,4791.860578078932,-4809.118610746183,5.266388087065571
60,32,0.18734257931902668,16.0,4966.9123876956955,-4981.23946460189,5.337814839717215
