index,bin_size,m,n,a,b,corr
1494,1,0.2231230613676871,16.0,2596.5663653341912,-2593.9038957069074,4.481831657697132
1494,2,0.22327592547903807,16.0,2590.7752002114557,-2586.905772023976,4.478763206801189
1494,4,0.2239554364456859,16.0,2570.046546593169,-2568.382302319791,4.4651740358288725
1494,8,0.22369374524994243,16.0,2577.761410517087,-2574.544303780512,4.470397680912615
1494,16,0.2241969281420529,16.0,2562.67501375632,-2560.132716077487,4.4603644139423375
1494,32,0.2242135498583679,16.0,2561.055010448063,-2558.6226330569916,4.460033751892711
