index,bin_size,m12,m23,m34,m13,m24,m14,m12_err,m23_err,m34_err,m13_err,m24_err,m14_err,corr12,corr23,corr34,corr13,corr24,corr14,corr12_err,corr23_err,corr34_err,corr13_err,corr24_err,corr14_err
2545,1,1.7960077869361145e-15,,,,,,1.2124647202069106e-15,,,,,,556790458968968.2,,,,,,375882996141876.4,,,,,
2545,2,1.8901546994243273e-15,,,,,,1.7309117898142012e-15,,,,,,529057224948076.4,,,,,,484484888156463.6,,,,,
2545,4,0.0005164042528601324,,,,,,0.009637271544022386,,,,,,1936.4673982862203,,,,,,36138.862238389636,,,,,
2545,8,0.009414350284578706,,,,,,0.04499600396967853,,,,,,106.22081925696587,,,,,,507.68372330250793,,,,,
2545,16,0.035669435439854666,,,,,,0.11893083277494082,,,,,,28.035206828159275,,,,,,93.47640224675996,,,,,
2545,32,0.09049624290791845,,,,,,0.13449777398687962,,,,,,11.050182503350088,,,,,,16.423056925817487,,,,,
