index,bin_size,m,n,a,b,corr
1167,1,-0.00003084355689532225,16.0,237027475753.60086,-237027475724.01236,-32421.682213689837
1167,2,8.745787800376825e-6,16.0,2955198999300.0513,-2955198999269.092,114340.75726796316
1167,4,-0.000022212119528826486,16.0,457713055536.5127,-457713055508.13104,-45020.467258976256
1167,8,5.169401994949353e-6,16.0,8457926285247.238,-8457926285216.291,193445.9732435255
1167,16,-0.00002769872404812822,16.0,294165763334.397,-294165763305.6697,-36102.7460421079
1167,32,-0.00002831424419319932,16.0,281583058969.7041,-281583058938.92285,-35317.91253817701
