index,bin_size,m,n,a,b,corr
2708,1,0.10049636359424899,16.0,20195.920737968834,-20131.65636364328,9.950608800508142
2708,2,0.10058205397326513,16.0,20173.1099367743,-20108.92046946911,9.94213142899032
2708,4,0.09917617756755556,16.0,20780.12584254008,-20715.151088059436,10.083066564234468
2708,8,0.10376541248383168,16.0,18846.51434048669,-18781.497512035672,9.637122583171113
2708,16,0.0999473183305168,16.0,20429.584355355288,-20364.921110932457,10.005270943769496
2708,32,0.09923428943326983,16.0,20758.386566836223,-20693.361711700752,10.077161893444611
