index,bin_size,m12,m23,m34,m13,m24,m14,m12_err,m23_err,m34_err,m13_err,m24_err,m14_err,corr12,corr23,corr34,corr13,corr24,corr14,corr12_err,corr23_err,corr34_err,corr13_err,corr24_err,corr14_err
1675,1,0.04395252189027948,,,,,,0.05718860996803689,,,,,,22.751823035236562,,,,,,29.603423823371134,,,,,
1675,2,0.041964950313999654,,,,,,0.054148962711077366,,,,,,23.829409841250225,,,,,,30.747988863706034,,,,,
1675,4,0.044080694696566156,,,,,,0.05577763776824833,,,,,,22.685667884401536,,,,,,28.705377138384872,,,,,
1675,8,0.044967820575121005,,,,,,0.05771868517865093,,,,,,22.238124668049004,,,,,,28.54386315063831,,,,,
1675,16,0.05045314783896131,,,,,,0.06256864950061582,,,,,,19.820368853730322,,,,,,24.579907595464434,,,,,
1675,32,0.05187463063784417,,,,,,0.06631942236254815,,,,,,19.27724569224149,,,,,,24.645106544965,,,,,
