index,bin_size,m12,m23,m34,m13,m24,m14,m12_err,m23_err,m34_err,m13_err,m24_err,m14_err,corr12,corr23,corr34,corr13,corr24,corr14,corr12_err,corr23_err,corr34_err,corr13_err,corr24_err,corr14_err
1465,1,0.010632441205465845,,,,,,0.030509363504813432,,,,,,94.05177801368208,,,,,,269.87780400030204,,,,,
1465,2,0.01244470547007197,,,,,,0.03217519724910477,,,,,,80.35545737943582,,,,,,207.7552335363086,,,,,
1465,4,0.00983567432812368,,,,,,0.028798115905647334,,,,,,101.67071078600533,,,,,,297.6842070759658,,,,,
1465,8,0.010615086709014034,,,,,,0.029644571291319866,,,,,,94.20554230148944,,,,,,263.0862084642686,,,,,
1465,16,0.013616079822374809,,,,,,0.03522818813541036,,,,,,73.44257767619256,,,,,,190.01423150258475,,,,,
1465,32,0.015466559147219552,,,,,,0.038354000875972565,,,,,,64.65562187952914,,,,,,160.33312610774254,,,,,
