index,bin_size,m12,m23,m34,m13,m24,m14,m12_err,m23_err,m34_err,m13_err,m24_err,m14_err,corr12,corr23,corr34,corr13,corr24,corr14,corr12_err,corr23_err,corr34_err,corr13_err,corr24_err,corr14_err
95,1,9323414079104.953,,,,,,83222007578618.92,,,,,,1.0725684727884573e-13,,,,,,9.573885790510528e-13,,,,,
95,2,8908290666434.49,,,,,,81290313525839.98,,,,,,1.1225498105578162e-13,,,,,,1.0243539357381633e-12,,,,,
95,4,NaN,,,,,,NaN,,,,,,NaN,,,,,,NaN,,,,,
95,8,5881460462201.205,,,,,,45742849690958.305,,,,,,1.7002579655627546e-13,,,,,,1.3223695892275638e-12,,,,,
95,16,NaN,,,,,,NaN,,,,,,NaN,,,,,,NaN,,,,,
95,32,6386704897008.934,,,,,,83857497152640.25,,,,,,1.5657526316400292e-13,,,,,,2.05583472176684e-12,,,,,
