index,bin_size,m,n,a,b,corr
213,1,0.119357905668582,24.0,7912.0586883560045,-7845.205779291872,8.378163091908416
213,2,0.11836137662957229,24.0,8081.656122882602,-8012.446518127136,8.448702004621266
213,4,0.11894675349703014,24.0,7975.49951728743,-7907.553274645008,8.4071231084501
213,8,0.11874589142859038,24.0,8013.619276186006,-7947.957842941803,8.421343997416239
213,16,0.11931307494704382,24.0,7925.032644952353,-7856.85803591759,8.381311104787486
213,32,0.11837078828453368,24.0,8075.971547883954,-8008.798554796986,8.448030248782755
