index,bin_size,m,n,a,b,corr
2698,1,0.036480398065492144,16.0,156906.35819526628,-156867.58833170737,27.4119815854183
2698,2,0.03632347702057957,16.0,158294.67778837297,-158254.80276352746,27.530404080904372
2698,4,0.030175659992270756,16.0,230275.5019897287,-230234.0731476104,33.1392917422897
2698,8,0.04249112134798668,16.0,115124.73210655461,-115085.98184551772,23.534328308503962
2698,16,0.04313249860008661,16.0,111731.98986398692,-111693.33933281305,23.18437448457929
2698,32,0.03471666134921419,16.0,173317.78299821934,-173279.05040039684,28.804613149318143
