index,bin_size,m12,m23,m34,m13,m24,m14,m12_err,m23_err,m34_err,m13_err,m24_err,m14_err,corr12,corr23,corr34,corr13,corr24,corr14,corr12_err,corr23_err,corr34_err,corr13_err,corr24_err,corr14_err
1449,1,0.0936944084808645,,,,,,0.06736345074307709,,,,,,10.672995499024184,,,,,,7.673561509558348,,,,,
1449,2,0.08900807141339806,,,,,,0.06528624136632707,,,,,,11.234936159390525,,,,,,8.240676853120048,,,,,
1449,4,0.0911007537181983,,,,,,0.06539987917994863,,,,,,10.97685759102825,,,,,,7.880123170543479,,,,,
1449,8,0.09037614822315916,,,,,,0.06366337310600023,,,,,,11.06486633542706,,,,,,7.794387432189802,,,,,
1449,16,0.09355849152296707,,,,,,0.06676909594678634,,,,,,10.688500677188841,,,,,,7.627971717215218,,,,,
1449,32,0.09008748529959512,,,,,,0.06437671526634624,,,,,,11.100320945516438,,,,,,7.932313778080148,,,,,
