index,bin_size,m12,m23,m34,m13,m24,m14,m12_err,m23_err,m34_err,m13_err,m24_err,m14_err,corr12,corr23,corr34,corr13,corr24,corr14,corr12_err,corr23_err,corr34_err,corr13_err,corr24_err,corr14_err
56,1,0.05312427616752765,,,,,,0.0583833799241283,,,,,,18.823785887387817,,,,,,20.68726997066497,,,,,
56,2,0.05407197129967874,,,,,,0.058685696422090074,,,,,,18.493869854638376,,,,,,20.071870987351982,,,,,
56,4,0.05509010868281356,,,,,,0.06121456118222805,,,,,,18.152078910528083,,,,,,20.17007356893824,,,,,
56,8,0.05693784288168198,,,,,,0.060990239503648666,,,,,,17.563011687640167,,,,,,18.81301143530275,,,,,
56,16,0.05494557455194576,,,,,,0.062397256027803466,,,,,,18.199827887041135,,,,,,20.668076175198497,,,,,
56,32,0.05320995913559024,,,,,,0.05641970440666293,,,,,,18.79347430904407,,,,,,19.92713925204405,,,,,
