index,bin_size,m12,m23,m34,m13,m24,m14,m12_err,m23_err,m34_err,m13_err,m24_err,m14_err,corr12,corr23,corr34,corr13,corr24,corr14,corr12_err,corr23_err,corr34_err,corr13_err,corr24_err,corr14_err
1759,1,0.028210923942440645,,,,,,0.04726886161627942,,,,,,35.44726156577932,,,,,,59.393719434625645,,,,,
1759,2,0.02886126673828854,,,,,,0.04867349550695942,,,,,,34.648513839254285,,,,,,58.433481037768594,,,,,
1759,4,0.030430462069296747,,,,,,0.050059814450342355,,,,,,32.86180793846586,,,,,,54.05951457970765,,,,,
1759,8,0.024150740330017833,,,,,,0.04358124152070049,,,,,,41.40659815538092,,,,,,74.72031623466654,,,,,
1759,16,0.02340132248971407,,,,,,0.042107236046278446,,,,,,42.732627629893344,,,,,,76.89107482196937,,,,,
1759,32,0.024385573036369606,,,,,,0.043061626537955165,,,,,,41.00785322979946,,,,,,72.4143270396485,,,,,
