index,bin_size,m12,m23,m34,m13,m24,m14,m12_err,m23_err,m34_err,m13_err,m24_err,m14_err,corr12,corr23,corr34,corr13,corr24,corr14,corr12_err,corr23_err,corr34_err,corr13_err,corr24_err,corr14_err
1650,1,0.06365850858575353,,,,,,0.06312153685270483,,,,,,15.708819169913685,,,,,,15.576312266418542,,,,,
1650,2,0.06266385256001761,,,,,,0.06373601697845799,,,,,,15.958163425113852,,,,,,16.23120401085946,,,,,
1650,4,0.06275144990095005,,,,,,0.06539104631465288,,,,,,15.935886765619738,,,,,,16.606218839573415,,,,,
1650,8,0.06354160533138112,,,,,,0.06529951120454675,,,,,,15.737720109286139,,,,,,16.17311091293472,,,,,
1650,16,0.06272221893438917,,,,,,0.06304796572813381,,,,,,15.943313501807932,,,,,,16.026114833506867,,,,,
1650,32,0.06809252608106961,,,,,,0.06608278007022123,,,,,,14.685899577428216,,,,,,14.252446307442073,,,,,
