index,bin_size,m12,m23,m34,m13,m24,m14,m12_err,m23_err,m34_err,m13_err,m24_err,m14_err,corr12,corr23,corr34,corr13,corr24,corr14,corr12_err,corr23_err,corr34_err,corr13_err,corr24_err,corr14_err
795,1,0.17182159260760732,,,,,,0.055124940338446664,,,,,,5.819990286574293,,,,,,1.8672077964637757,,,,,
795,2,0.17398826554154934,,,,,,0.058430140846661725,,,,,,5.74751404577451,,,,,,1.93017646430054,,,,,
795,4,0.1719082822511335,,,,,,0.05665008296875338,,,,,,5.817055390845814,,,,,,1.9169330657602839,,,,,
795,8,0.1719866288477741,,,,,,0.05863905340091963,,,,,,5.814405495935984,,,,,,1.9824287309716835,,,,,
795,16,0.17251530595225306,,,,,,0.057351272116684324,,,,,,5.796587117184659,,,,,,1.9270269572355148,,,,,
795,32,0.16997811315825792,,,,,,0.061606036690972886,,,,,,5.883110368856437,,,,,,2.132245772744682,,,,,
