index,bin_size,m12,m23,m34,m13,m24,m14,m12_err,m23_err,m34_err,m13_err,m24_err,m14_err,corr12,corr23,corr34,corr13,corr24,corr14,corr12_err,corr23_err,corr34_err,corr13_err,corr24_err,corr14_err
794,1,0.16995125498985408,,,,,,0.05753144251151392,,,,,,5.884040103497317,,,,,,1.991849456892845,,,,,
794,2,0.1717156907692892,,,,,,0.0576692672356757,,,,,,5.823579636316187,,,,,,1.9558001299146361,,,,,
794,4,0.1717005549115809,,,,,,0.05266011886292377,,,,,,5.824093000252452,,,,,,1.7862343532899685,,,,,
794,8,0.17187380695256896,,,,,,0.053092579303413115,,,,,,5.8182222045966805,,,,,,1.7972745776654317,,,,,
794,16,0.1707236881576044,,,,,,0.05677131810012421,,,,,,5.857417976331704,,,,,,1.9477867586408586,,,,,
794,32,0.17123779622936106,,,,,,0.06227084614805763,,,,,,5.83983222174017,,,,,,2.1236625430717773,,,,,
