index,bin_size,m12,m23,m34,m13,m24,m14,m12_err,m23_err,m34_err,m13_err,m24_err,m14_err,corr12,corr23,corr34,corr13,corr24,corr14,corr12_err,corr23_err,corr34_err,corr13_err,corr24_err,corr14_err
2498,1,0.22057727407338415,,,,,,0.03333623170121441,,,,,,4.533558609792723,,,,,,0.685164692881305,,,,,
2498,2,0.22147968415079686,,,,,,0.035148805847759715,,,,,,4.515086807326035,,,,,,0.7165438680526179,,,,,
2498,4,0.22255023204022584,,,,,,0.035078038718193,,,,,,4.493367590914264,,,,,,0.7082379599616624,,,,,
2498,8,0.2210731140655307,,,,,,0.04015556562840694,,,,,,4.523390391576875,,,,,,0.8216254631398953,,,,,
2498,16,0.22109955722927038,,,,,,0.049920701266644774,,,,,,4.522849401109585,,,,,,1.0211861871468475,,,,,
2498,32,0.2216078460107543,,,,,,0.0553418730716698,,,,,,4.51247560951191,,,,,,1.1268953555394197,,,,,
