index,bin_size,m,n,a,b,corr
2833,1,0.18213028087574676,24.0,2183.6752433352995,-2224.4294571095065,5.490575181631778
2833,2,0.1835788315417066,24.0,2132.5887654445896,-2173.4386874978227,5.447251143293249
2833,4,0.18354359014256721,24.0,2134.316196407481,-2176.5965930236316,5.448297046076365
2833,8,0.18201528138398368,24.0,2185.676946957694,-2225.258092674738,5.49404419451121
2833,16,0.18299519105469939,24.0,2151.828727582767,-2194.179270791691,5.464624475848048
2833,32,0.18226484817849203,24.0,2176.3983589880067,-2217.9110295307823,5.48652145487044
