index,bin_size,m,n,a,b,corr
509,1,0.22604396851921282,36.0,243.07832452563719,-230.25874710959792,4.423918083507741
509,2,0.22662055489143398,36.0,240.31931680290919,-226.90755850717056,4.412662392778383
509,4,0.2261496761351228,36.0,242.68310900902753,-229.54954574556976,4.421850241353019
509,8,0.22605295358364907,36.0,243.11442331203298,-230.18087358289617,4.423742243341041
509,16,0.22549824753562558,36.0,245.60519057551096,-232.62536954017727,4.434624263951381
509,32,0.22585572822309485,36.0,243.96179080149602,-230.49571610836108,4.427605214476668
