index,bin_size,m,n,a,b,corr
2746,1,0.052436728220674085,16.0,79561.34941137026,-79534.26712775277,19.070602494335883
2746,2,0.053118097987426664,16.0,77576.24976930005,-77551.09052644325,18.825975286929612
2746,4,0.054189770158439,16.0,74447.0422651853,-74422.43690775045,18.453667492521546
2746,8,0.04760664891230874,16.0,97094.57329042655,-97068.16764480546,21.005469253716978
2746,16,0.05130823112948996,16.0,83260.42683655431,-83234.48221238994,19.49005019245809
2746,32,0.05185552899670948,16.0,81562.53434878294,-81538.28388044318,19.28434670994207
