index,bin_size,m12,m23,m34,m13,m24,m14,m12_err,m23_err,m34_err,m13_err,m24_err,m14_err,corr12,corr23,corr34,corr13,corr24,corr14,corr12_err,corr23_err,corr34_err,corr13_err,corr24_err,corr14_err
1850,1,0.2079666140241647,,,,,,0.05042954979044174,,,,,,4.8084641118588625,,,,,,1.1659981169687301,,,,,
1850,2,0.2068581359960019,,,,,,0.04819605913837569,,,,,,4.834230934089669,,,,,,1.1263317193985256,,,,,
1850,4,0.2081200040712206,,,,,,0.04421765880504327,,,,,,4.8049201443307235,,,,,,1.0208644790088923,,,,,
1850,8,0.20869144378278426,,,,,,0.043619691500688076,,,,,,4.791763293567734,,,,,,1.0015515385829539,,,,,
1850,16,0.208740948212725,,,,,,0.04519072675572603,,,,,,4.790626892146307,,,,,,1.0371319701537085,,,,,
1850,32,0.20612389596061062,,,,,,0.046434159834823144,,,,,,4.851451091294605,,,,,,1.09290121047901,,,,,
