index,bin_size,m12,m23,m34,m13,m24,m14,m12_err,m23_err,m34_err,m13_err,m24_err,m14_err,corr12,corr23,corr34,corr13,corr24,corr14,corr12_err,corr23_err,corr34_err,corr13_err,corr24_err,corr14_err
93,1,0.12451187353337795,,,,,,0.06434240066871515,,,,,,8.031362565048301,,,,,,4.150264014279171,,,,,
93,2,0.12114414430223915,,,,,,0.06582252350835235,,,,,,8.254629274570036,,,,,,4.4850746406904705,,,,,
93,4,0.12882763200610026,,,,,,0.06487184014406797,,,,,,7.762309874271755,,,,,,3.908752473915171,,,,,
93,8,0.1258782851278282,,,,,,0.06448109200897197,,,,,,7.944181945158449,,,,,,4.069403443346811,,,,,
93,16,0.1260673479723161,,,,,,0.06440842575862464,,,,,,7.9322680780085575,,,,,,4.0526346259946315,,,,,
93,32,0.12491546464178037,,,,,,0.060327921723965554,,,,,,8.005413924270277,,,,,,3.8662145313734784,,,,,
