index,bin_size,m,n,a,b,corr
9,1,0.1115478329703684,16.0,16277.931119793451,-16246.832837216516,8.964764024287593
9,2,0.11214270039224943,16.0,16108.422481173498,-16081.57549083177,8.917209916492375
9,4,0.1101848087019104,16.0,16741.602874413227,-16714.27731694908,9.075661262028962
9,8,0.11208452148410769,16.0,16126.79642505098,-16099.94232949365,8.921838508645358
9,16,0.11168752455747262,16.0,16234.285354266844,-16205.155328101011,8.953551472845259
9,32,0.11144116097476293,16.0,16309.124338477648,-16280.461005212306,8.97334513794648
