index,bin_size,m,n,a,b,corr
399,1,0.09444031788733873,36.0,7414.6241786965165,-7386.926773024048,10.588697945647919
399,2,0.09468262046166964,36.0,7371.813112021031,-7350.305852766018,10.561600377387421
399,4,0.0939308715660836,36.0,7518.343179092581,-7486.633082310373,10.64612712867745
399,8,0.0939762676248305,36.0,7526.5962253813395,-7499.195592492966,10.640984423771465
399,16,0.09413941076338865,36.0,7471.8729067754075,-7443.674112105573,10.62254364979418
399,32,0.09415315097072681,36.0,7470.785565034149,-7445.948447648863,10.620993452581427
