index,bin_size,m,n,a,b,corr
2499,1,0.017160067498415945,24.0,602601.4022991633,-602705.0877289855,58.274829052526194
2499,2,0.014211464587011387,24.0,879719.1130727925,-879822.214915591,70.36572436833521
2499,4,0.016544024859728692,24.0,647901.6774856376,-648003.2426923529,60.44478344772018
2499,8,0.021660138889847753,24.0,377098.89404571784,-377202.86123671534,46.16775566793371
2499,16,0.019149760079480813,24.0,482899.03644287516,-483001.0179959286,52.21997538608912
2499,32,0.023558298309170715,24.0,318162.71452359116,-318266.8362786224,42.44788765624563
