index,bin_size,m,n,a,b,corr
229,1,0.11632181956933338,24.0,9160.881950930983,-9060.897776677848,8.596839386646218
229,2,0.11524414110808374,24.0,9363.34246862996,-9262.363116588587,8.677230706783892
229,4,0.11534238943004921,24.0,9351.563724870139,-9250.828045889379,8.669839466144076
229,8,0.11599441394521891,24.0,9223.11079105711,-9125.126126129559,8.621104810032262
229,16,0.11583006325380284,24.0,9254.707924318845,-9156.023331771816,8.633337252081391
229,32,0.11607872145126985,24.0,9214.22943270001,-9116.053081811824,8.6148433364663
