index,bin_size,m12,m23,m34,m13,m24,m14,m12_err,m23_err,m34_err,m13_err,m24_err,m14_err,corr12,corr23,corr34,corr13,corr24,corr14,corr12_err,corr23_err,corr34_err,corr13_err,corr24_err,corr14_err
435,1,0.11912026725365747,,,,,,0.02216934992156696,,,,,,8.394877068824709,,,,,,1.5623619017829147,,,,,
435,2,0.1184405339870703,,,,,,0.022686039304240024,,,,,,8.443055483937334,,,,,,1.6171785292473542,,,,,
435,4,0.11864026564830028,,,,,,0.022036600969681457,,,,,,8.42884154494749,,,,,,1.565598464802007,,,,,
435,8,0.11875720823648372,,,,,,0.020961668646186954,,,,,,8.4205414968048,,,,,,1.4862979965477467,,,,,
435,16,0.11913331203965767,,,,,,0.0184844610367821,,,,,,8.393957851747755,,,,,,1.3023879232315214,,,,,
435,32,0.11799411591001385,,,,,,0.018773984654942514,,,,,,8.47499887844096,,,,,,1.348452824680238,,,,,
