index,bin_size,m,n,a,b,corr
882,1,0.17773981967816715,16.0,4794.570075519901,-4791.7499798813105,5.626201274484785
882,2,0.17912636072022806,16.0,4697.751151037366,-4695.258336266977,5.582651241164159
882,4,0.17823581585370668,16.0,4762.169071612211,-4760.880055334431,5.610544632739725
882,8,0.1800687519621365,16.0,4633.3230278438705,-4629.886880321465,5.553434391605449
882,16,0.17888508435703748,16.0,4719.960496173113,-4718.639258086538,5.5901810013633995
882,32,0.1782180811430742,16.0,4756.859718700799,-4753.949162781062,5.6111029452572545
