index,bin_size,m12,m23,m34,m13,m24,m14,m12_err,m23_err,m34_err,m13_err,m24_err,m14_err,corr12,corr23,corr34,corr13,corr24,corr14,corr12_err,corr23_err,corr34_err,corr13_err,corr24_err,corr14_err
739,1,0.04258822719287445,,,,,,0.056006270953394235,,,,,,23.480667449978117,,,,,,30.87859509658213,,,,,
739,2,0.044916058173201205,,,,,,0.057654747031464046,,,,,,22.26375244559287,,,,,,28.577997879334205,,,,,
739,4,0.04444296094031628,,,,,,0.057937712437915616,,,,,,22.50075104903403,,,,,,29.332925087209198,,,,,
739,8,0.04411837674716855,,,,,,0.05648309434568905,,,,,,22.666291775210848,,,,,,29.018798768209788,,,,,
739,16,0.04184500169427424,,,,,,0.055788564799020376,,,,,,23.89771680035163,,,,,,31.860897796247016,,,,,
739,32,0.0470943321481278,,,,,,0.05930166959409854,,,,,,21.233977729096097,,,,,,26.738044134454565,,,,,
