index,bin_size,m,n,a,b,corr
87,1,0.0962504104504043,16.0,27327.91159146374,-27357.258397935373,10.389566084139222
87,2,0.09745391505386572,16.0,26651.053957319145,-26681.927440963515,10.261260406493365
87,4,0.0994645531305371,16.0,25515.087002602206,-25547.344748752796,10.05383293370455
87,8,0.10042614554058393,16.0,24980.157393507005,-25010.965864596663,9.957566275366835
87,16,0.10039748344611038,16.0,24982.28950567724,-25014.558401502218,9.960409022968815
87,32,0.09914124812905178,16.0,25654.207795298455,-25685.226012726525,10.086619029632386
