index,bin_size,m12,m23,m34,m13,m24,m14,m12_err,m23_err,m34_err,m13_err,m24_err,m14_err,corr12,corr23,corr34,corr13,corr24,corr14,corr12_err,corr23_err,corr34_err,corr13_err,corr24_err,corr14_err
180,1,0.1485726865622459,,,,,,0.03476214908082298,,,,,,6.730712240173706,,,,,,1.5748118158650435,,,,,
180,2,0.14662153060042535,,,,,,0.036928470217277715,,,,,,6.820280731656057,,,,,,1.717773186796231,,,,,
180,4,0.14611938558001297,,,,,,0.035143474534153146,,,,,,6.843718894865005,,,,,,1.645996934259554,,,,,
180,8,0.14697157593311888,,,,,,0.03339113883220481,,,,,,6.804036723774818,,,,,,1.5458399586486875,,,,,
180,16,0.1485544969922948,,,,,,0.03264218220267629,,,,,,6.731536373832344,,,,,,1.4791341983405273,,,,,
180,32,0.1476217856768968,,,,,,0.028937753223522072,,,,,,6.774067902069164,,,,,,1.327895502487056,,,,,
