index,bin_size,m,n,a,b,corr
73,1,0.000029064059250504583,16.0,299647636255.75494,-299647636208.7086,34406.75617197687
73,2,0.000025188389210736553,16.0,398598817703.5449,-398598817659.3606,39700.83166627225
73,4,2.2262030970422152e-7,16.0,5109151809803074.0,-5109151809803027.0,4491953.143577165
73,8,0.000015209213700503936,16.0,1094806896981.2532,-1094806896931.7932,65749.61859907764
73,16,-8.055522570247921e-7,16.0,390185486021425.9,-390185486021376.4,-1241384.393476069
73,32,1.5622589355029845e-6,16.0,103922176952305.19,-103922176952259.23,640098.7552540643
