index,bin_size,m,n,a,b,corr
818,1,0.05159233648462104,16.0,98849.43038769835,-98875.05107627306,19.382723639548406
818,2,0.04654497066885654,16.0,121803.33956689671,-121830.56318755366,21.484598349292867
818,4,0.0493645161875601,16.0,108287.01804980042,-108315.65126217563,20.25746583235026
818,8,0.0458011024246258,16.0,125997.73232254978,-126023.74145994222,21.833535593290254
818,16,0.050617563693231574,16.0,102894.37054299573,-102923.48128471643,19.75598837708811
818,32,0.05039467489578734,16.0,103849.29570927566,-103876.5727812502,19.843366428455585
