index,bin_size,m,n,a,b,corr
449,1,0.11194282102538342,36.0,4851.698022463432,-4835.411140011004,8.933132029728343
449,2,0.1115514981979736,36.0,4890.563032491817,-4871.489342935504,8.96446947064101
449,4,0.11268432815581785,36.0,4757.803530282606,-4741.80414977604,8.874348512929128
449,8,0.11151774312222677,36.0,4895.131462202373,-4877.189837388775,8.967182907422814
449,16,0.11117388437930817,36.0,4942.732773893342,-4924.433058809769,8.994918236266297
449,32,0.11121632920460867,36.0,4934.432776189404,-4912.777766702982,8.991485397438934
