index,bin_size,m,n,a,b,corr
2528,1,0.15533616292922137,24.0,3505.275077294952,-3583.0923945797595,6.4376509702743725
2528,2,0.1544063788017718,24.0,3562.5492836740345,-3636.858328200831,6.476416374506187
2528,4,0.15433543326452492,24.0,3565.5816844173764,-3639.965325673796,6.479393479824163
2528,8,0.15486369243667528,24.0,3530.5725360921997,-3605.363103008936,6.457291468811556
2528,16,0.15373790461049291,24.0,3599.013303556049,-3671.400888143393,6.504576750500006
2528,32,0.15332451749602052,24.0,3627.4666630221564,-3703.424391935564,6.522114116719491
