index,bin_size,m,n,a,b,corr
364,1,0.09449433322405035,36.0,7896.956067454519,-7680.693193966696,10.582645179673946
364,2,0.09365217909592954,36.0,8093.759271463645,-7873.88223331011,10.677808137018175
364,4,0.09374147836321835,36.0,8062.986945845589,-7842.254470116425,10.667636327702438
364,8,0.09331776797958427,36.0,8153.282817210406,-7934.598897760574,10.716072851407853
364,16,0.09337177001920004,36.0,8157.366393372155,-7939.243971816563,10.709875155995972
364,32,0.093123977824658,36.0,8200.039846004998,-7972.841710677298,10.738372902013355
