index,bin_size,m,n,a,b,corr
2581,1,0.1703393518177204,54.0,176.610382991854,20.99132329987749,5.8706340568331905
2581,2,0.171009797430187,54.0,173.23914502185139,24.32072435330314,5.847618177597338
2581,4,0.17006628539739002,54.0,177.87390974807883,26.57885825636649,5.880060222773272
2581,8,0.1696689364863589,54.0,179.99628296641382,21.471231347676426,5.89383077839
2581,16,0.16991260565555466,54.0,178.74990833126938,25.900018599585934,5.885378522339838
2581,32,0.1704097614370593,54.0,176.25986768650725,24.190105768530756,5.868208438102585
