index,bin_size,m12,m23,m34,m13,m24,m14,m12_err,m23_err,m34_err,m13_err,m24_err,m14_err,corr12,corr23,corr34,corr13,corr24,corr14,corr12_err,corr23_err,corr34_err,corr13_err,corr24_err,corr14_err
661,1,0.19840812882305725,,,,,,0.047194081462603295,,,,,,5.0401160775615805,,,,,,1.1988604003092407,,,,,
661,2,0.19741280906879372,,,,,,0.05010699016595423,,,,,,5.065527433184559,,,,,,1.2857237302747682,,,,,
661,4,0.19870162615353998,,,,,,0.048436882041539155,,,,,,5.032671444909483,,,,,,1.2267987829276263,,,,,
661,8,0.198299747468511,,,,,,0.044876627899915554,,,,,,5.042870768954433,,,,,,1.1412371318408538,,,,,
661,16,0.1994025149250046,,,,,,0.0419821396080572,,,,,,5.014981884135717,,,,,,1.0558526288941117,,,,,
661,32,0.19926981919198203,,,,,,0.049801687681035864,,,,,,5.01832140990991,,,,,,1.2541832805027449,,,,,
