index,bin_size,m12,m23,m34,m13,m24,m14,m12_err,m23_err,m34_err,m13_err,m24_err,m14_err,corr12,corr23,corr34,corr13,corr24,corr14,corr12_err,corr23_err,corr34_err,corr13_err,corr24_err,corr14_err
2310,1,0.20363783572937263,,,,,,0.02854358955358825,,,,,,4.91067878627901,,,,,,0.68832198693832,,,,,
2310,2,0.2034190504517565,,,,,,0.029166207736831682,,,,,,4.915960416584301,,,,,,0.7048500247037767,,,,,
2310,4,0.20388929092158362,,,,,,0.030444064961438283,,,,,,4.9046224815436865,,,,,,0.7323417760909974,,,,,
2310,8,0.20322022239404813,,,,,,0.031336753270458054,,,,,,4.920770129170411,,,,,,0.7587874750941588,,,,,
2310,16,0.20430133563785707,,,,,,0.03331224757669425,,,,,,4.894730604074915,,,,,,0.798107742150031,,,,,
2310,32,0.2044092756372974,,,,,,0.03263712584876791,,,,,,4.892145901316113,,,,,,0.781107319880619,,,,,
