index,bin_size,m12,m23,m34,m13,m24,m14,m12_err,m23_err,m34_err,m13_err,m24_err,m14_err,corr12,corr23,corr34,corr13,corr24,corr14,corr12_err,corr23_err,corr34_err,corr13_err,corr24_err,corr14_err
2842,1,0.09929463098325955,,,,,,0.041127414247036594,,,,,,10.071037981586272,,,,,,4.171381139793637,,,,,
2842,2,0.09889585300224903,,,,,,0.041901281395154276,,,,,,10.11164745176179,,,,,,4.284213871285686,,,,,
2842,4,0.09823216817735675,,,,,,0.04340975230526319,,,,,,10.179964654699615,,,,,,4.498625575880427,,,,,
2842,8,0.09945140805500641,,,,,,0.03689159810947047,,,,,,10.055161807733297,,,,,,3.7299722104630333,,,,,
2842,16,0.10150177817789253,,,,,,0.03755799910806605,,,,,,9.852044150865957,,,,,,3.645483577463507,,,,,
2842,32,0.09911519020302477,,,,,,0.04260737006900729,,,,,,10.089270856985978,,,,,,4.337148486014136,,,,,
