index,bin_size,m12,m23,m34,m13,m24,m14,m12_err,m23_err,m34_err,m13_err,m24_err,m14_err,corr12,corr23,corr34,corr13,corr24,corr14,corr12_err,corr23_err,corr34_err,corr13_err,corr24_err,corr14_err
434,1,0.13990374802873018,,,,,,0.02053126629326568,,,,,,7.147771336295031,,,,,,1.048955433836612,,,,,
434,2,0.13978062366197533,,,,,,0.020088609625378066,,,,,,7.154067379311822,,,,,,1.0281487022420672,,,,,
434,4,0.13899981196095282,,,,,,0.02106504780268088,,,,,,7.194254336695904,,,,,,1.0902699030248717,,,,,
434,8,0.13961495635223253,,,,,,0.019764444177305662,,,,,,7.162556406042305,,,,,,1.013959750106404,,,,,
434,16,0.14015684320972457,,,,,,0.021611992311232793,,,,,,7.134863893186034,,,,,,1.1001861919113929,,,,,
434,32,0.13956214366228364,,,,,,0.021335232572694995,,,,,,7.165266839264291,,,,,,1.0953732183352547,,,,,
