index,bin_size,m12,m23,m34,m13,m24,m14,m12_err,m23_err,m34_err,m13_err,m24_err,m14_err,corr12,corr23,corr34,corr13,corr24,corr14,corr12_err,corr23_err,corr34_err,corr13_err,corr24_err,corr14_err
1136,1,0.1904407549198697,,,,,,0.05429930049736928,,,,,,5.250976874255525,,,,,,1.4971814794575207,,,,,
1136,2,0.18949233798117887,,,,,,0.0567009936414947,,,,,,5.277258229297503,,,,,,1.579091737913137,,,,,
1136,4,0.1934084230884265,,,,,,0.05095316024173858,,,,,,5.17040563193465,,,,,,1.362135642656602,,,,,
1136,8,0.1906674375679708,,,,,,0.04762234054773175,,,,,,5.244734039306063,,,,,,1.3099589195091323,,,,,
1136,16,0.19330079534060582,,,,,,0.05535376079855396,,,,,,5.173284456682908,,,,,,1.4814256188316284,,,,,
1136,32,0.1929087332630909,,,,,,0.044709747379439994,,,,,,5.18379848897867,,,,,,1.2014299041198608,,,,,
