index,bin_size,m,n,a,b,corr
303,1,0.1970930389094939,24.0,1687.640174866634,-1764.5864208680287,5.073745909713255
303,2,0.19791112115484694,24.0,1668.5742689223493,-1743.562635160708,5.052773154761695
303,4,0.1969568689564878,24.0,1690.8173998182988,-1765.5193804473906,5.077253742396374
303,8,0.19689426645592936,24.0,1693.1346161706556,-1769.4944760890703,5.078868054412488
303,16,0.19719157293549164,24.0,1686.3022244527442,-1763.8990850651953,5.071210625857401
303,32,0.19787080418137917,24.0,1668.6023061146375,-1743.1115919827887,5.053802677646902
