index,bin_size,m12,m23,m34,m13,m24,m14,m12_err,m23_err,m34_err,m13_err,m24_err,m14_err,corr12,corr23,corr34,corr13,corr24,corr14,corr12_err,corr23_err,corr34_err,corr13_err,corr24_err,corr14_err
1905,1,0.09152823190630259,,,,,,0.06898874798797758,,,,,,10.925590707615761,,,,,,8.235085593252796,,,,,
1905,2,0.08990550197239203,,,,,,0.06589783969454079,,,,,,11.122789796636447,,,,,,8.152646978156026,,,,,
1905,4,0.09047205990818624,,,,,,0.06715292369226052,,,,,,11.053136194918409,,,,,,8.20419488857418,,,,,
1905,8,0.09119979812768216,,,,,,0.06695294120200487,,,,,,10.96493655172321,,,,,,8.049740978630565,,,,,
1905,16,0.08729500357881605,,,,,,0.0628846803882592,,,,,,11.455409347651036,,,,,,8.252130431420532,,,,,
1905,32,0.08961844049108827,,,,,,0.0657934273176022,,,,,,11.158417782325065,,,,,,8.191958544668589,,,,,
