index,bin_size,m,n,a,b,corr
2466,1,-0.000019872963845969612,24.0,493652395391.3242,-493652395275.60645,-50319.62055336842
2466,2,7.877761062143371e-7,24.0,314226192883916.5,-314226192883804.06,1269396.2054847109
2466,4,-0.000014271862510532859,24.0,957946093063.1237,-957946092952.0936,-70067.93957424858
2466,8,-6.507381951470147e-6,24.0,4604865324412.012,-4604865324297.922,-153671.63130390403
2466,16,1.764488095637928e-7,24.0,6260918353318063.0,-6260918353317945.0,5667366.090324701
2466,32,-4.086871618634647e-7,24.0,1168158739204212.2,-1168158739204099.2,-2446859.34209522
