index,bin_size,m,n,a,b,corr
927,1,0.05528804305438669,16.0,73302.51151275814,-73317.3766549397,18.08709342481706
927,2,0.06323010926703466,16.0,55690.9212292525,-55707.52048247041,15.815250227969399
927,4,0.06444816772283622,16.0,53510.93238861757,-53529.55473376208,15.516344922334623
927,8,0.06115389389253632,16.0,59581.93534993784,-59597.82538647143,16.35218849280908
927,16,0.06170271280489892,16.0,58504.95805477683,-58521.93142363883,16.206742856865194
927,32,0.05985478298610632,16.0,62280.71364351123,-62297.85058583287,16.707102592488276
