index,bin_size,m12,m23,m34,m13,m24,m14,m12_err,m23_err,m34_err,m13_err,m24_err,m14_err,corr12,corr23,corr34,corr13,corr24,corr14,corr12_err,corr23_err,corr34_err,corr13_err,corr24_err,corr14_err
2470,1,0.04161455219871074,,,,,,0.04269306668411249,,,,,,24.030055525407793,,,,,,24.652836778595553,,,,,
2470,2,0.044341577394548366,,,,,,0.04390905377002252,,,,,,22.552197255006682,,,,,,22.332215047090088,,,,,
2470,4,0.041652063001058136,,,,,,0.04258580436228718,,,,,,24.008414660627874,,,,,,24.54662689241088,,,,,
2470,8,0.04289066270158955,,,,,,0.04405336423139402,,,,,,23.315097902717632,,,,,,23.947135234190856,,,,,
2470,16,0.04429470089737628,,,,,,0.045954115212321095,,,,,,22.576063947622984,,,,,,23.421832017636394,,,,,
2470,32,0.042000674166312785,,,,,,0.04403190831144788,,,,,,23.809141635208885,,,,,,24.960597949083564,,,,,
