index,bin_size,m,n,a,b,corr
1312,1,-1.9640407087786103e-7,16.0,7086112594602678.0,-7086112594602667.0,-5091544.159600826
1312,2,-0.00001332224609992727,16.0,1543874047357.4395,-1543874047347.2678,-75062.41759078893
1312,4,0.000027732296655314027,16.0,356431579500.82996,-356431579489.5696,36059.040202441414
1312,8,6.067328267906247e-8,16.0,7.46397248807467e16,-7.46397248807467e16,16481719.06718155
1312,16,0.0000347306033363293,16.0,227019229473.30206,-227019229465.77142,28793.050046267654
1312,32,1.3774119895864322e-7,16.0,1.4446244769449008e16,-1.4446244769449002e16,7259991.981776273
