index,bin_size,m12,m23,m34,m13,m24,m14,m12_err,m23_err,m34_err,m13_err,m24_err,m14_err,corr12,corr23,corr34,corr13,corr24,corr14,corr12_err,corr23_err,corr34_err,corr13_err,corr24_err,corr14_err
2455,1,0.09954861990330761,,,,,,0.04002765615447007,,,,,,10.045342677490739,,,,,,4.039147132717438,,,,,
2455,2,0.09904190290994674,,,,,,0.04115763269959032,,,,,,10.096736538970218,,,,,,4.195777360147376,,,,,
2455,4,0.09817756019674492,,,,,,0.04017321549863875,,,,,,10.185626919186316,,,,,,4.167850417072947,,,,,
2455,8,0.09822308473381662,,,,,,0.04133073994305865,,,,,,10.180906074269485,,,,,,4.283966263945577,,,,,
2455,16,0.09441362947625029,,,,,,0.049631461596383826,,,,,,10.591691110143685,,,,,,5.5678519456355735,,,,,
2455,32,0.09854366086491931,,,,,,0.040339368046552755,,,,,,10.147786181505577,,,,,,4.154049870286507,,,,,
