index,bin_size,m12,m23,m34,m13,m24,m14,m12_err,m23_err,m34_err,m13_err,m24_err,m14_err,corr12,corr23,corr34,corr13,corr24,corr14,corr12_err,corr23_err,corr34_err,corr13_err,corr24_err,corr14_err
1941,1,0.047104706730608195,,,,,,0.058590749792939836,,,,,,21.229301048810253,,,,,,26.405867955900057,,,,,
1941,2,0.04687674949362358,,,,,,0.05697382909825462,,,,,,21.332537149062034,,,,,,25.92748727016904,,,,,
1941,4,0.04635849333815606,,,,,,0.05633326463990063,,,,,,21.57102028113012,,,,,,26.21237030258285,,,,,
1941,8,0.04549890651470848,,,,,,0.05509560859787815,,,,,,21.978550180689044,,,,,,26.614301113206132,,,,,
1941,16,0.044752979909508675,,,,,,0.05547526444694867,,,,,,22.344880765973972,,,,,,27.698449847013823,,,,,
1941,32,0.046667907405247185,,,,,,0.05840570860635014,,,,,,21.42800171681928,,,,,,26.817521801892514,,,,,
