index,bin_size,m12,m23,m34,m13,m24,m14,m12_err,m23_err,m34_err,m13_err,m24_err,m14_err,corr12,corr23,corr34,corr13,corr24,corr14,corr12_err,corr23_err,corr34_err,corr13_err,corr24_err,corr14_err
260,1,43684157253184.0,,,,,,174128195226557.62,,,,,,2.2891594181483567e-14,,,,,,9.124754215992044e-14,,,,,
260,2,NaN,,,,,,NaN,,,,,,NaN,,,,,,NaN,,,,,
260,4,NaN,,,,,,NaN,,,,,,NaN,,,,,,NaN,,,,,
260,8,46285820246826.7,,,,,,179258880415526.03,,,,,,2.1604888811893934e-14,,,,,,8.367288641033752e-14,,,,,
260,16,NaN,,,,,,NaN,,,,,,NaN,,,,,,NaN,,,,,
260,32,42077021626844.54,,,,,,175454905264408.38,,,,,,2.3765940680602123e-14,,,,,,9.91004284384589e-14,,,,,
