index,bin_size,m,n,a,b,corr
1259,1,0.08586341779553945,16.0,35669.603646128686,-35581.79830534555,11.646403388940678
1259,2,0.085478985143046,16.0,36000.33182296031,-35910.63382600863,11.698781850609668
1259,4,0.08852993508790735,16.0,33431.9784541356,-33343.62222631629,11.295614291448791
1259,8,0.08704586173250418,16.0,34635.25918533501,-34544.4912966605,11.488196912485565
1259,16,0.08830864798235741,16.0,33619.2176118671,-33530.86264815526,11.323919263261548
1259,32,0.0868079175099292,16.0,34819.57767603602,-34730.611593406,11.519686552619106
