index,bin_size,m12,m23,m34,m13,m24,m14,m12_err,m23_err,m34_err,m13_err,m24_err,m14_err,corr12,corr23,corr34,corr13,corr24,corr14,corr12_err,corr23_err,corr34_err,corr13_err,corr24_err,corr14_err
2026,1,0.035860755639858286,,,,,,0.05252669675903474,,,,,,27.8856366007114,,,,,,40.845217885765564,,,,,
2026,2,0.035374168752590474,,,,,,0.052326564265877236,,,,,,28.269215511297897,,,,,,41.81669773058732,,,,,
2026,4,0.03696191100571517,,,,,,0.05354686225626601,,,,,,27.054878191914284,,,,,,39.19450581650083,,,,,
2026,8,0.03636430610760971,,,,,,0.052180660808372595,,,,,,27.499493515448567,,,,,,39.46017117129544,,,,,
2026,16,0.03652064805866931,,,,,,0.05367639049770159,,,,,,27.38177039995376,,,,,,40.244483015339945,,,,,
2026,32,0.039295748580639084,,,,,,0.056227368826910464,,,,,,25.448045555052676,,,,,,36.41301400357991,,,,,
