index,bin_size,m,n,a,b,corr
1428,1,0.06929487813634543,16.0,58587.79179916373,-58693.265903127365,14.431081010524156
1428,2,0.06782202198737342,16.0,61209.22712421634,-61311.404812521345,14.744473412871299
1428,4,0.06674304340082934,16.0,63310.75474128563,-63415.29061699186,14.98283490002756
1428,8,0.07097564361451052,16.0,55760.25534079181,-55865.84185466211,14.089340357817571
1428,16,0.06756438845228709,16.0,61719.47268731773,-61822.9864646385,14.800696386176638
1428,32,0.06897833955419769,16.0,59152.708026141416,-59256.4165077964,14.4973046098664
