index,bin_size,m,n,a,b,corr
1690,1,0.10508838132069658,16.0,19963.371173228792,-19919.624802356215,9.515799819471152
1690,2,0.10715429811387045,16.0,19165.417779210817,-19123.081752825114,9.332336804047959
1690,4,0.10468943640355331,16.0,20133.26817492643,-20089.407768711015,9.552062121580574
1690,8,0.10487825792831654,16.0,20068.947905395762,-20026.489734905907,9.534864706500866
1690,16,0.10552398273643589,16.0,19807.780826367034,-19764.22279502671,9.476518740746075
1690,32,0.10518777652369117,16.0,19916.387803556554,-19871.945853145626,9.506808044134031
