index,bin_size,m,n,a,b,corr
38,1,0.09912142394655908,16.0,24419.993639204513,-24500.086318777277,10.088636343028586
38,2,0.10459036806075547,16.0,21759.857927810364,-21842.01802973329,9.56110986643732
38,4,0.099418803255025,16.0,24254.767966363233,-24333.18101850208,10.058459438853246
38,8,0.09841467072473185,16.0,24809.696378288052,-24884.72897061252,10.161086681852785
38,16,0.10085981954899963,16.0,23530.296958175953,-23609.335089194858,9.914751032388878
38,32,0.09934471810025647,16.0,24316.140730261526,-24396.321466682017,10.065960416645627
