index,bin_size,m,n,a,b,corr
1700,1,0.09613055811389082,16.0,27944.63750002048,-27909.505483134773,10.402519444600005
1700,2,0.09256239890272053,16.0,30321.888530625645,-30285.138919688696,10.803522940788959
1700,4,0.09266535859236832,16.0,30213.11361391825,-30177.915738216976,10.791519238585856
1700,8,0.09643331920169997,16.0,27767.903287643072,-27731.96249273382,10.369859798234256
1700,16,0.09677445192223218,16.0,27560.682119837424,-27526.181095768654,10.333305744821978
1700,32,0.0971309005360549,16.0,27357.814106453003,-27324.704505014568,10.295384830997227
