index,bin_size,m,n,a,b,corr
1433,1,0.028623514686098816,16.0,302689.0033048121,-302702.9805961631,34.936310616168186
1433,2,0.02889431880606575,16.0,297205.0450783655,-297220.4418265705,34.608879576357104
1433,4,0.018820913302761574,16.0,702213.1649743353,-702226.6996038248,53.13238438079787
1433,8,0.026809081267610366,16.0,345156.56304940325,-345170.26739672665,37.3007933400597
1433,16,0.029005969335093185,16.0,294782.5527782843,-294795.68958987034,34.47566217999614
1433,32,0.030118452004520062,16.0,273443.0229952913,-273457.59655609267,33.20223761333829
