index,bin_size,m,n,a,b,corr
2816,1,0.1881100821957025,24.0,2004.949567445051,-1981.9477759042634,5.316036165247318
2816,2,0.18651181272421571,24.0,2054.8125984848066,-2028.1549531830678,5.361590697092427
2816,4,0.18838850471972687,24.0,1997.7918021556366,-1973.5651159465501,5.308179506428696
2816,8,0.18648678892991188,24.0,2055.9730557351895,-2031.85658728123,5.3623101439954235
2816,16,0.18715203739240338,24.0,2032.640727570768,-2005.4422200200388,5.343249338521979
2816,32,0.18763142156349824,24.0,2019.2666304571753,-1995.9055694464728,5.329597738306214
