index,bin_size,m,n,a,b,corr
797,1,0.10576223703154332,16.0,15323.94117326612,-15304.804347295862,9.455170655115328
797,2,0.1047009654178164,16.0,15669.523499234732,-15651.41217094826,9.55101030835228
797,4,0.10749755333776896,16.0,14803.23445132199,-14784.90161434058,9.30253730387604
797,8,0.10569070369041333,16.0,15351.235197972463,-15332.480418451381,9.46157008216329
797,16,0.10371121120710197,16.0,15983.462149157382,-15964.317272507295,9.642159110485075
797,32,0.10466883180517536,16.0,15669.903217468955,-15649.943417958655,9.553942494183401
