index,bin_size,m12,m23,m34,m13,m24,m14,m12_err,m23_err,m34_err,m13_err,m24_err,m14_err,corr12,corr23,corr34,corr13,corr24,corr14,corr12_err,corr23_err,corr34_err,corr13_err,corr24_err,corr14_err
1285,1,0.07589534248703687,,,,,,0.06669396909222687,,,,,,13.17603909845723,,,,,,11.578607007940892,,,,,
1285,2,0.07558428279983928,,,,,,0.06683429555922984,,,,,,13.230263792383651,,,,,,11.698667075645337,,,,,
1285,4,0.07888820312014261,,,,,,0.0669311092035123,,,,,,12.676166529956985,,,,,,10.754838527711733,,,,,
1285,8,0.07771593851413253,,,,,,0.06785833825095487,,,,,,12.867373400092847,,,,,,11.235257442410697,,,,,
1285,16,0.07429705117820133,,,,,,0.05976332946615152,,,,,,13.459484382516097,,,,,,10.826588496325622,,,,,
1285,32,0.07360889587917616,,,,,,0.06431693681649946,,,,,,13.58531449298506,,,,,,11.870383374746167,,,,,
