index,bin_size,m,n,a,b,corr
3002,1,0.1749677213331517,24.0,2611.956040906067,-2725.371924601444,5.71533990601572
3002,2,0.1749865852826303,24.0,2612.3563626863206,-2725.6209734044924,5.714723779453413
3002,4,0.17510397280063525,24.0,2607.3932999417657,-2722.5176965752175,5.710892699953477
3002,8,0.17449660201559974,24.0,2633.5686611049314,-2746.672223788702,5.730770619307541
3002,16,0.1748613189869028,24.0,2617.080234808198,-2731.0370233833783,5.71881766530024
3002,32,0.17526780001933745,24.0,2601.7637694815876,-2717.687094830775,5.705554584981777
