index,bin_size,m,n,a,b,corr
224,1,0.000029384191610983836,24.0,202864640642.9196,-202864640666.49188,34031.90440761348
224,2,-0.000013579583893661775,24.0,950213799381.5775,-950213799400.3466,-73639.95891411272
224,4,-0.00001922921952630111,24.0,473524133138.24335,-473524133154.45496,-52004.19073859093
224,8,0.000028305208890574672,24.0,218693688303.4484,-218693688321.68408,35329.18636516366
224,16,-7.480124826417387e-7,24.0,312728163051728.1,-312728163051747.9,-1336876.0859020997
224,32,5.792794459863218e-6,24.0,5210537948370.16,-5210537948391.188,172628.25514158022
