index,bin_size,m,n,a,b,corr
2425,1,0.1249210549528285,24.0,6466.108443622519,-6432.331995485859,8.005055675983607
2425,2,0.12437450265549475,24.0,6523.43972239058,-6487.356298714047,8.040233155905776
2425,4,0.12508194251018517,24.0,6436.72394855261,-6405.346414957465,7.994759114958356
2425,8,0.1238542485801093,24.0,6599.397526750517,-6561.831996559021,8.07400643469406
2425,16,0.12608420182035274,24.0,6320.180974032256,-6286.146696986691,7.9312077608645986
2425,32,0.12542196425545676,24.0,6397.439245197341,-6363.212201753082,7.97308514450644
