index,bin_size,m12,m23,m34,m13,m24,m14,m12_err,m23_err,m34_err,m13_err,m24_err,m14_err,corr12,corr23,corr34,corr13,corr24,corr14,corr12_err,corr23_err,corr34_err,corr13_err,corr24_err,corr14_err
1044,1,0.2284952854509083,,,,,,0.04655594290909374,,,,,,4.3764579125850185,,,,,,0.8917038455313552,,,,,
1044,2,0.227273264696629,,,,,,0.04917328000060475,,,,,,4.399989595497866,,,,,,0.95199019853026,,,,,
1044,4,0.2271330364959719,,,,,,0.04977718541581909,,,,,,4.40270607669939,,,,,,0.9648720419193867,,,,,
1044,8,0.2282021099658212,,,,,,0.05118672997596158,,,,,,4.382080429272868,,,,,,0.9829197797502011,,,,,
1044,16,0.22615719862642325,,,,,,0.051475033862677835,,,,,,4.4217031607817425,,,,,,1.0064120059601638,,,,,
1044,32,0.22671125176690476,,,,,,0.05450715886541722,,,,,,4.410897086961343,,,,,,1.0604919975705644,,,,,
