index,bin_size,m,n,a,b,corr
2274,1,0.17462152405194986,24.0,2575.2635451817196,-2574.0123307387994,5.726670898270824
2274,2,0.17447099043752648,24.0,2581.5915081765797,-2578.64160483461,5.731611871361927
2274,4,0.17381290819632972,24.0,2615.3245812923415,-2613.7697476033877,5.7533126300979545
2274,8,0.17363137066402837,24.0,2618.466845011848,-2613.373951727889,5.759327915086098
2274,16,0.17385503885246548,24.0,2609.296769864708,-2606.349910130576,5.751918417783718
2274,32,0.17456661240691496,24.0,2583.4480247198444,-2581.2766224226507,5.728472278931546
