index,bin_size,m12,m23,m34,m13,m24,m14,m12_err,m23_err,m34_err,m13_err,m24_err,m14_err,corr12,corr23,corr34,corr13,corr24,corr14,corr12_err,corr23_err,corr34_err,corr13_err,corr24_err,corr14_err
2190,1,0.21244052484694503,,,,,,0.03193123866896144,,,,,,4.707199818492542,,,,,,0.7075237691823034,,,,,
2190,2,0.21259291771946068,,,,,,0.03191724701298324,,,,,,4.70382555885332,,,,,,0.7062002059072461,,,,,
2190,4,0.21205597066700968,,,,,,0.03390089049658295,,,,,,4.715736118415145,,,,,,0.75389366900785,,,,,
2190,8,0.21314957158288864,,,,,,0.03697240002812066,,,,,,4.691541214808985,,,,,,0.813783191090673,,,,,
2190,16,0.21498513475399122,,,,,,0.036180268881240124,,,,,,4.651484397487789,,,,,,0.782807408477702,,,,,
2190,32,0.2128218965804431,,,,,,0.03217556605222974,,,,,,4.698764629334167,,,,,,0.7103846649438945,,,,,
