index,bin_size,m,n,a,b,corr
358,1,-0.000021057841157482543,36.0,272639693283.03964,-272639693320.11972,-47488.24879632389
358,2,-0.000016269135574139954,36.0,456832083311.909,-456832083353.4939,-61466.080692665426
358,4,0.00001474728766004814,36.0,554790113330.3855,-554790113379.3307,67809.07940848668
358,8,-0.000016374893236808398,36.0,450924965492.33606,-450924965532.97406,-61069.10045386704
358,16,-3.363210636198264e-6,36.0,10687740404624.355,-10687740404672.303,-297334.9302707929
358,32,-0.00002576953271267445,36.0,182076811283.20642,-182076811327.56158,-38805.5154569474
