index,bin_size,m12,m23,m34,m13,m24,m14,m12_err,m23_err,m34_err,m13_err,m24_err,m14_err,corr12,corr23,corr34,corr13,corr24,corr14,corr12_err,corr23_err,corr34_err,corr13_err,corr24_err,corr14_err
6,1,0.023231728319504364,,,,,,0.04429503316067484,,,,,,43.04458050847826,,,,,,82.07142812571682,,,,,
6,2,0.023128297636530338,,,,,,0.04471686454748594,,,,,,43.237077614417025,,,,,,83.59571350635176,,,,,
6,4,0.021767176155005546,,,,,,0.04265705308195184,,,,,,45.940731718204134,,,,,,90.02987882176411,,,,,
6,8,0.026265267259236624,,,,,,0.04804836232019592,,,,,,38.07309440753294,,,,,,69.6490089626195,,,,,
6,16,0.03068254444454569,,,,,,0.05364354304630864,,,,,,32.59182111859585,,,,,,56.9816092760124,,,,,
6,32,0.02551245103972073,,,,,,0.047701486377213796,,,,,,39.19654753841897,,,,,,73.28710109141174,,,,,
