index,bin_size,m,n,a,b,corr
1053,1,0.221674868039394,16.0,2665.0770083777425,-2645.2608451417727,4.511111290352902
1053,2,0.22349628746920563,16.0,2606.772495755535,-2588.9601564642003,4.4743472534763455
1053,4,0.22381592270756884,16.0,2599.554771231714,-2581.295007864802,4.467957363813521
1053,8,0.22212044737169637,16.0,2649.5972520710775,-2628.608261607091,4.502061885039336
1053,16,0.2231919558890843,16.0,2616.0339542796983,-2597.4898672735976,4.480448213361919
1053,32,0.2241610911498921,16.0,2588.2965532521407,-2569.8945203939343,4.461077499535009
