index,bin_size,m,n,a,b,corr
452,1,0.13485658369024559,36.0,2398.9380609476707,-2264.223068281467,7.415284983764065
452,2,0.13462426731733768,36.0,2411.615001215301,-2278.659344872005,7.428081280790112
452,4,0.1343522694384941,36.0,2430.179956982383,-2294.4698221071258,7.443119525850628
452,8,0.13404870638832816,36.0,2445.2171034534,-2316.2139543862604,7.459975011643019
452,16,0.13437685512659245,36.0,2425.6592804935162,-2292.0390758884596,7.441757727236061
452,32,0.1344119335865236,36.0,2422.578719041735,-2285.3748935165195,7.439815597595584
