index,bin_size,m,n,a,b,corr
2109,1,0.09321980012935036,24.0,19203.20677523165,-19328.80080623211,10.727334735886748
2109,2,0.09241019391234484,24.0,19604.50879162746,-19736.147041457192,10.821316974494657
2109,4,0.09472372992845321,24.0,18526.930344520544,-18653.83368112737,10.557016713291597
2109,8,0.09225033077763432,24.0,19677.92058663167,-19802.353788869776,10.840069532221618
2109,16,0.09400632638820274,24.0,18843.828238558977,-18969.96397105518,10.637581941777638
2109,32,0.09326451342924989,24.0,19192.038086232995,-19319.57608061457,10.722191787968702
