index,bin_size,m,n,a,b,corr
198,1,0.17144833474099647,24.0,2736.151413998645,-2755.477993341178,5.832660909251056
198,2,0.17032288909673354,24.0,2789.7120847342458,-2810.6431538611682,5.871201488556585
198,4,0.17112179541674172,24.0,2752.320416226488,-2771.032297537376,5.843790953482276
198,8,0.17002660827085883,24.0,2802.4336265660995,-2820.9354050116517,5.881432383847604
198,16,0.17158314140138328,24.0,2729.556832011024,-2743.8470140070826,5.828078398802052
198,32,0.17127667128413965,24.0,2745.6590548690056,-2769.0344868795564,5.838506741767819
