index,bin_size,m,n,a,b,corr
1650,1,0.03640508337440322,16.0,205770.35328194394,-205794.6096213928,27.468691383443172
1650,2,0.04017562012988813,16.0,168382.04969344632,-168407.16286690504,24.89071722519755
1650,4,0.04181911402873644,16.0,155584.54664312414,-155607.7947976538,23.912510420781263
1650,8,0.04213778887914132,16.0,153226.38146887408,-153251.0323784838,23.731667621862602
1650,16,0.035321704612969164,16.0,218625.94360535938,-218650.6430302715,28.31120442677694
1650,32,0.04552396798726324,16.0,130837.58419329539,-130864.24525258532,21.966450733815236
