index,bin_size,m,n,a,b,corr
989,1,9.459944024692216e-6,16.0,3089045957053.9463,-3089045956985.7983,105708.8707279677
989,2,-8.180357364823002e-7,16.0,413568661293192.3,-413568661293126.44,-1222440.4820016527
989,4,-0.00001427520817051663,16.0,1357024255875.1482,-1357024255808.981,-70051.51785214277
989,8,0.000010632373975780256,16.0,2449355105395.6904,-2449355105327.0005,94052.37271355621
989,16,-6.142214116384018e-6,16.0,7339107480610.967,-7339107480542.006,-162807.7401815992
989,32,5.137877445773907e-7,16.0,1046724314570324.9,-1046724314570258.5,1946329.0250773437
