index,bin_size,m,n,a,b,corr
953,1,5.327658383365463e-6,16.0,10428295032356.227,-10428295032231.922,187699.72247513055
953,2,-6.086057302183488e-7,16.0,797267304203420.9,-797267304203302.5,-1643099.8762388108
953,4,6.222728788499616e-6,16.0,7626051558142.25,-7626051558022.439,160701.20263767973
953,8,6.299807390825981e-6,16.0,7446992971513.149,-7446992971391.49,158735.0117173801
953,16,0.0000334547237148629,16.0,264131818025.59482,-264131817905.44662,29891.145074850247
953,32,0.000027600412627779333,16.0,387698759216.47955,-387698759097.68176,36231.34238919013
