index,bin_size,m,n,a,b,corr
2668,1,0.1370795371424248,16.0,10202.097446831422,-10217.637239359621,7.2950348450695905
2668,2,0.1375272909942545,16.0,10117.388449960243,-10131.490873765904,7.271284068569177
2668,4,0.139694207240908,16.0,9759.129718940378,-9774.9235092532,7.158492966536985
2668,8,0.1368544935113054,16.0,10236.020446477729,-10250.84335555279,7.307030805805372
2668,16,0.13764205653003753,16.0,10108.30445071541,-10123.458799772865,7.265221293622351
2668,32,0.13676912602105107,16.0,10248.027830093495,-10262.192870985446,7.311591651511199
