index,bin_size,m12,m23,m34,m13,m24,m14,m12_err,m23_err,m34_err,m13_err,m24_err,m14_err,corr12,corr23,corr34,corr13,corr24,corr14,corr12_err,corr23_err,corr34_err,corr13_err,corr24_err,corr14_err
2055,1,0.23372708140930654,,,,,,0.04448055659933643,,,,,,4.278494361758551,,,,,,0.8142394517170628,,,,,
2055,2,0.23199877403855165,,,,,,0.04263419971315842,,,,,,4.310367604933241,,,,,,0.7921122603661469,,,,,
2055,4,0.23492800214743426,,,,,,0.041236154099033105,,,,,,4.256623266954903,,,,,,0.7471513458303126,,,,,
2055,8,0.23334709321813393,,,,,,0.04137258956598147,,,,,,4.285461568039313,,,,,,0.7598150896593189,,,,,
2055,16,0.23315359448470144,,,,,,0.031952012547966514,,,,,,4.289018156508051,,,,,,0.58777889424387,,,,,
2055,32,0.23303204666949756,,,,,,0.03527533209981512,,,,,,4.291255277083286,,,,,,0.6495907201934693,,,,,
