index,bin_size,m12,m23,m34,m13,m24,m14,m12_err,m23_err,m34_err,m13_err,m24_err,m14_err,corr12,corr23,corr34,corr13,corr24,corr14,corr12_err,corr23_err,corr34_err,corr13_err,corr24_err,corr14_err
2512,1,0.18968098721126742,,,,,,0.03067044742548603,,,,,,5.272009676363589,,,,,,0.8524570542511288,,,,,
2512,2,0.1893162376890419,,,,,,0.029084955625580916,,,,,,5.282167088290295,,,,,,0.8115077567840331,,,,,
2512,4,0.19182434100423623,,,,,,0.02658421564766916,,,,,,5.213102752053328,,,,,,0.7224643495633472,,,,,
2512,8,0.19110234517663163,,,,,,0.029209974461426053,,,,,,5.232798158890841,,,,,,0.7998326783573638,,,,,
2512,16,0.19107163947110817,,,,,,0.033509964746300594,,,,,,5.233639083058213,,,,,,0.9178707088796433,,,,,
2512,32,0.19012616122608322,,,,,,0.03403336155399127,,,,,,5.259665442941742,,,,,,0.9415016561545793,,,,,
