index,bin_size,m12,m23,m34,m13,m24,m14,m12_err,m23_err,m34_err,m13_err,m24_err,m14_err,corr12,corr23,corr34,corr13,corr24,corr14,corr12_err,corr23_err,corr34_err,corr13_err,corr24_err,corr14_err
2286,1,0.09878600133802289,,,,,,0.041113771380842004,,,,,,10.12289177064907,,,,,,4.2130489374437365,,,,,
2286,2,0.09942166243262007,,,,,,0.03861249763021679,,,,,,10.058170176722992,,,,,,3.906302335029251,,,,,
2286,4,0.09792087014686748,,,,,,0.04056501545439071,,,,,,10.212327550808537,,,,,,4.230591745176611,,,,,
2286,8,0.0985451931411494,,,,,,0.04204702825542109,,,,,,10.147628393884908,,,,,,4.329765909454845,,,,,
2286,16,0.09873469275359574,,,,,,0.037682749024461525,,,,,,10.12815224427365,,,,,,3.8654763433048864,,,,,
2286,32,0.10065721408414585,,,,,,0.03301397395819115,,,,,,9.934707701765277,,,,,,3.2584269724983326,,,,,
