index,bin_size,m,n,a,b,corr
2646,1,0.1556696306995666,54.0,385.9627004011937,7.676070611105715,6.423860553314617
2646,2,0.15520134615227074,54.0,391.12033143425367,9.040943500296263,6.443243082562458
2646,4,0.15510108963255959,54.0,392.2490732031494,-0.4868228895621698,6.447407960634179
2646,8,0.1557228777208658,54.0,385.2861652496802,14.451550181179591,6.421664013893361
2646,16,0.1552772623621721,54.0,390.1662174721141,7.288562687641601,6.440092933037279
2646,32,0.1552002458246654,54.0,391.3222781471518,-7.371378310504216,6.443288763406544
