index,bin_size,m12,m23,m34,m13,m24,m14,m12_err,m23_err,m34_err,m13_err,m24_err,m14_err,corr12,corr23,corr34,corr13,corr24,corr14,corr12_err,corr23_err,corr34_err,corr13_err,corr24_err,corr14_err
2990,1,0.06475696447448509,,,,,,0.04671824771423392,,,,,,15.442354472838366,,,,,,11.140728219855419,,,,,
2990,2,0.06382659690390317,,,,,,0.04818153289638016,,,,,,15.667449754615497,,,,,,11.827071822283333,,,,,
2990,4,0.06455751937841751,,,,,,0.04799981758519923,,,,,,15.49006234484149,,,,,,11.517173740481798,,,,,
2990,8,0.0652186135896624,,,,,,0.04732289245569578,,,,,,15.333045965860688,,,,,,11.125720792318077,,,,,
2990,16,0.06597300826543477,,,,,,0.04943717904284507,,,,,,15.157714136311863,,,,,,11.358503232445784,,,,,
2990,32,0.0656508562659338,,,,,,0.05035350206303368,,,,,,15.232093789443834,,,,,,11.682852435986778,,,,,
