index,bin_size,m,n,a,b,corr
152,1,0.22423506204268864,16.0,2664.111137812113,-2687.7288876948037,4.4596058747031515
152,2,0.22372524978888803,16.0,2679.254981045033,-2703.088755112739,4.469768168517508
152,4,0.22508264492477362,16.0,2637.27288897696,-2661.772486511638,4.442812551515097
152,8,0.22367570075202367,16.0,2679.8442634461003,-2701.7769852139936,4.470758319468247
152,16,0.2237784088834629,16.0,2677.825935537073,-2701.7693599216013,4.4687063644320135
152,32,0.2253971688548698,16.0,2629.704003928065,-2653.880051880088,4.4366129578312785
