index,bin_size,m12,m23,m34,m13,m24,m14,m12_err,m23_err,m34_err,m13_err,m24_err,m14_err,corr12,corr23,corr34,corr13,corr24,corr14,corr12_err,corr23_err,corr34_err,corr13_err,corr24_err,corr14_err
2460,1,0.13920432829745305,,,,,,0.0360422300118247,,,,,,7.183684675832716,,,,,,1.8599710122915796,,,,,
2460,2,0.13794860523323546,,,,,,0.03796063672739903,,,,,,7.2490765550638105,,,,,,1.9947977092673388,,,,,
2460,4,0.13919546376709763,,,,,,0.035812759350301024,,,,,,7.1841421619400165,,,,,,1.8483645042800936,,,,,
2460,8,0.13955532945002866,,,,,,0.03556760797742093,,,,,,7.165616705151167,,,,,,1.8262566316146016,,,,,
2460,16,0.13978008364489358,,,,,,0.033114313869945754,,,,,,7.154095017860091,,,,,,1.6948261991220286,,,,,
2460,32,0.13967143067364168,,,,,,0.027441982973413326,,,,,,7.159660319773016,,,,,,1.4066962416223912,,,,,
