index,bin_size,m,n,a,b,corr
1220,1,0.1422510773454441,16.0,9002.054091899705,-9048.566863135435,7.029823736038138
1220,2,0.14156231213952525,16.0,9093.326582461908,-9141.562367768829,7.064027034359187
1220,4,0.1409898187045775,16.0,9196.037416244359,-9242.98158489756,7.09271073037796
1220,8,0.14160921224364972,16.0,9099.213042361089,-9147.377587184972,7.061687471853327
1220,16,0.13989190022511147,16.0,9358.359431470499,-9406.588828040984,7.148376699371575
1220,32,0.14017210593712548,16.0,9307.530149924027,-9353.77414850035,7.1340870090697805
