index,bin_size,m12,m23,m34,m13,m24,m14,m12_err,m23_err,m34_err,m13_err,m24_err,m14_err,corr12,corr23,corr34,corr13,corr24,corr14,corr12_err,corr23_err,corr34_err,corr13_err,corr24_err,corr14_err
273,1,0.06815218602653535,,,,,,0.04576266076072426,,,,,,14.673043643980044,,,,,,9.852618936468412,,,,,
273,2,0.0684111164452447,,,,,,0.04653135575897011,,,,,,14.617507387127443,,,,,,9.942425615641007,,,,,
273,4,0.06856193460108709,,,,,,0.046968829452741924,,,,,,14.585352729882631,,,,,,9.991797181100534,,,,,
273,8,0.06858594303402708,,,,,,0.04674833212873005,,,,,,14.580247143410665,,,,,,9.937929054077022,,,,,
273,16,0.06813885902380269,,,,,,0.03850919308513072,,,,,,14.675913485000883,,,,,,8.294203838915887,,,,,
273,32,0.06566434173002529,,,,,,0.03924455413576639,,,,,,15.228965579392169,,,,,,9.101651647851657,,,,,
