index,bin_size,m12,m23,m34,m13,m24,m14,m12_err,m23_err,m34_err,m13_err,m24_err,m14_err,corr12,corr23,corr34,corr13,corr24,corr14,corr12_err,corr23_err,corr34_err,corr13_err,corr24_err,corr14_err
1151,1,0.1612863340993423,,,,,,0.060848480649583515,,,,,,6.200153321012694,,,,,,2.339131281548734,,,,,
1151,2,0.15945466886987633,,,,,,0.06249197288596645,,,,,,6.2713748495884705,,,,,,2.4578181989643397,,,,,
1151,4,0.16050256040966185,,,,,,0.06162009638507842,,,,,,6.230430202780756,,,,,,2.3919849542334335,,,,,
1151,8,0.16120894736362582,,,,,,0.06266298764323826,,,,,,6.203129642329231,,,,,,2.4111976567275004,,,,,
1151,16,0.1648832546281907,,,,,,0.049345364732969896,,,,,,6.064897264764607,,,,,,1.8150695064375137,,,,,
1151,32,0.16454742602354214,,,,,,0.04689633661373735,,,,,,6.077275252284578,,,,,,1.7320352728258257,,,,,
