index,bin_size,m,n,a,b,corr
1519,1,0.18961541301459456,16.0,5308.053948355148,-5370.005918956784,5.2738328815233535
1519,2,0.1885751676744782,16.0,5372.94559826058,-5435.214662667607,5.302925153571746
1519,4,0.19034419575541645,16.0,5251.934261772672,-5316.563923862652,5.253640627345181
1519,8,0.18889441462836118,16.0,5351.4262524534315,-5414.600981491234,5.293962777922482
1519,16,0.1891964941443008,16.0,5331.827591527874,-5395.931670419924,5.285510202093368
1519,32,0.19035769094930197,16.0,5253.656269549385,-5317.827946098829,5.253268176415999
