index,bin_size,m,n,a,b,corr
238,1,0.02485543786154751,24.0,285915.06867359334,-285878.83961212606,40.23264468605662
238,2,0.021843033573039874,24.0,370816.97311732103,-370782.25771134906,45.781186786906126
238,4,0.023140770569929713,24.0,329468.3664245948,-329431.7479986235,43.21377272109731
238,8,0.0202251535199602,24.0,432917.9388606965,-432880.59934453014,49.44338242046471
238,16,0.023897242686548522,24.0,308865.3614920909,-308829.2333612776,41.84583188598943
238,32,0.023905445793892737,24.0,308953.16725301865,-308920.49424400635,41.83147256996462
