index,bin_size,m,n,a,b,corr
1367,1,0.029530618704317148,16.0,271689.0759881657,-271685.8042924803,33.86315776221132
1367,2,0.023903540439481744,16.0,415858.51831388974,-415856.17291423253,41.83480696224769
1367,4,0.04155936444235774,16.0,136296.61590620648,-136294.41445782376,24.06196565847358
1367,8,0.03093433022377971,16.0,247364.40929712247,-247360.7374648266,32.32654441735041
1367,16,0.02293833427377105,16.0,451700.1781722661,-451697.43110459315,43.595144619696946
1367,32,0.026567287467900366,16.0,336660.9502353737,-336657.69120086887,37.64027476302348
