index,bin_size,m12,m23,m34,m13,m24,m14,m12_err,m23_err,m34_err,m13_err,m24_err,m14_err,corr12,corr23,corr34,corr13,corr24,corr14,corr12_err,corr23_err,corr34_err,corr13_err,corr24_err,corr14_err
2400,1,0.10360491424455825,,,,,,0.04265727181586077,,,,,,9.652051809429725,,,,,,3.974041198892651,,,,,
2400,2,0.10282642690050596,,,,,,0.04206973969782152,,,,,,9.725126411010976,,,,,,3.9788753628044993,,,,,
2400,4,0.10416168014690201,,,,,,0.039755516063497545,,,,,,9.60045957966186,,,,,,3.6642191686801215,,,,,
2400,8,0.10466927852309413,,,,,,0.03604985286157118,,,,,,9.553901718920905,,,,,,3.2905237915155676,,,,,
2400,16,0.10461036492065802,,,,,,0.03994006267758301,,,,,,9.55928220648549,,,,,,3.6497179870207916,,,,,
2400,32,0.1031359299519327,,,,,,0.04413439137309326,,,,,,9.695942049158404,,,,,,4.149131164355879,,,,,
