index,bin_size,m12,m23,m34,m13,m24,m14,m12_err,m23_err,m34_err,m13_err,m24_err,m14_err,corr12,corr23,corr34,corr13,corr24,corr14,corr12_err,corr23_err,corr34_err,corr13_err,corr24_err,corr14_err
199,1,0.17980421396561536,,,,,,0.031938161931379286,,,,,,5.561604914283231,,,,,,0.9878936340429765,,,,,
199,2,0.17908839022414455,,,,,,0.028752283963149793,,,,,,5.583834880353852,,,,,,0.8964735563390503,,,,,
199,4,0.18077605380509784,,,,,,0.029811837814671154,,,,,,5.5317061023919765,,,,,,0.9122354520512599,,,,,
199,8,0.17939588734105752,,,,,,0.029535372957269285,,,,,,5.574263796242192,,,,,,0.9177354209420437,,,,,
199,16,0.18006189988988597,,,,,,0.02785680713151322,,,,,,5.553645721896383,,,,,,0.8591869676274081,,,,,
199,32,0.18026659539861173,,,,,,0.02645673724862895,,,,,,5.54733947123573,,,,,,0.8141525194665223,,,,,
