index,bin_size,m12,m23,m34,m13,m24,m14,m12_err,m23_err,m34_err,m13_err,m24_err,m14_err,corr12,corr23,corr34,corr13,corr24,corr14,corr12_err,corr23_err,corr34_err,corr13_err,corr24_err,corr14_err
2890,1,0.007008847262461363,,,,,,0.019734775234289494,,,,,,142.67681439655465,,,,,,401.73437340274285,,,,,
2890,2,0.007273684831513699,,,,,,0.020173469566573704,,,,,,137.4818985375111,,,,,,381.30424404490924,,,,,
2890,4,0.00901453145937872,,,,,,0.022603595590675388,,,,,,110.9319995727121,,,,,,278.15777976988426,,,,,
2890,8,0.009723529542548882,,,,,,0.024582658874582938,,,,,,102.84331380124182,,,,,,260.00456826347994,,,,,
2890,16,0.007075505193102049,,,,,,0.02061770346597301,,,,,,141.33266427037688,,,,,,411.8370183408784,,,,,
2890,32,0.005698133147928808,,,,,,0.017385930403463517,,,,,,175.496074598307,,,,,,535.4670485641884,,,,,
