index,bin_size,m12,m23,m34,m13,m24,m14,m12_err,m23_err,m34_err,m13_err,m24_err,m14_err,corr12,corr23,corr34,corr13,corr24,corr14,corr12_err,corr23_err,corr34_err,corr13_err,corr24_err,corr14_err
1098,1,0.10503547267091,,,,,,0.06719503398315806,,,,,,9.520593134598746,,,,,,6.090671684065851,,,,,
1098,2,0.10636075072892,,,,,,0.06857186257403414,,,,,,9.40196447605644,,,,,,6.061542547976707,,,,,
1098,4,0.10643484411852443,,,,,,0.06564904969055155,,,,,,9.395419406885336,,,,,,5.795098030296612,,,,,
1098,8,0.10605207076232506,,,,,,0.06509474668588883,,,,,,9.42933026023712,,,,,,5.787721638017968,,,,,
1098,16,0.10426482948570978,,,,,,0.07136143431382949,,,,,,9.590961831832823,,,,,,6.564292064205494,,,,,
1098,32,0.10839047475496062,,,,,,0.06962175791052579,,,,,,9.225902942677477,,,,,,5.926015017769834,,,,,
