index,bin_size,m,n,a,b,corr
2695,1,0.15444540524425843,16.0,7463.110473872297,-7470.765209231356,6.474779864240574
2695,2,0.15448222716815008,16.0,7459.209019172978,-7464.789328083591,6.4732365549826305
2695,4,0.15095617349798676,16.0,7873.630254732296,-7879.363735255137,6.62443924503251
2695,8,0.15213454030115448,16.0,7729.8014870093375,-7735.284447065734,6.5731292711074865
2695,16,0.15373020390606162,16.0,7543.366632245272,-7549.581103102542,6.504902579918908
2695,32,0.1538525879019014,16.0,7532.892260061197,-7540.320363208213,6.499728172512862
