index,bin_size,m,n,a,b,corr
2923,1,0.06779389920962421,24.0,35913.00926294205,-35795.5694833677,14.750589826791336
2923,2,0.06844364559441306,24.0,35218.83686435825,-35098.20840050503,14.610560137691268
2923,4,0.0676838100552189,24.0,36083.70474308091,-35968.43647603654,14.774581974391866
2923,8,0.06617665707615324,24.0,37767.588880906216,-37651.66705115722,15.111068527520864
2923,16,0.06606532385035992,24.0,37933.82895130669,-37815.62161302754,15.136533686946455
2923,32,0.06743490756718873,24.0,36274.959461068116,-36156.16871070944,14.829115009962024
