index,bin_size,m,n,a,b,corr
446,1,0.00001365726244160012,36.0,558000765605.989,-558000765479.2639,73221.11618460173
446,2,-0.00002299255763434356,36.0,197017916265.37576,-197017916152.59393,-43492.33416757074
446,4,-9.099422800493718e-6,36.0,1258133576202.156,-1258133576078.8772,-109897.08049896767
446,8,-0.00001729329166319432,36.0,347499092776.3185,-347499092650.36395,-57825.89107245101
446,16,5.1073839397607015e-6,36.0,3997436760072.7183,-3997436759947.3906,195794.95330575312
446,32,1.5913960226056547e-6,36.0,41110170755532.44,-41110170755408.07,628379.0997307263
