index,bin_size,m12,m23,m34,m13,m24,m14,m12_err,m23_err,m34_err,m13_err,m24_err,m14_err,corr12,corr23,corr34,corr13,corr24,corr14,corr12_err,corr23_err,corr34_err,corr13_err,corr24_err,corr14_err
552,1,0.1262941544603486,,,,,,0.018253366524806382,,,,,,7.918022843360977,,,,,,1.144396379462158,,,,,
552,2,0.12521869403473976,,,,,,0.01827996224427765,,,,,,7.986028026474764,,,,,,1.1658346377993771,,,,,
552,4,0.12552678742472453,,,,,,0.01869313426336893,,,,,,7.9664270911073585,,,,,,1.1863403363422471,,,,,
552,8,0.12603595574047735,,,,,,0.023131034945902944,,,,,,7.934243796739368,,,,,,1.4561501077485852,,,,,
552,16,0.12516007254343253,,,,,,0.016057340817684375,,,,,,7.9897684595299685,,,,,,1.0250428319665408,,,,,
552,32,0.12580824001190463,,,,,,0.01580613170535964,,,,,,7.948604955489201,,,,,,0.9986364707784499,,,,,
