index,bin_size,m,n,a,b,corr
2704,1,0.09908406093639872,16.0,19597.07822583931,-19553.81431965113,10.092440605980936
2704,2,0.09799109935973968,16.0,20091.34743239255,-20049.618657242558,10.205008480707553
2704,4,0.09540183957505892,16.0,21283.273636029564,-21240.579511262888,10.48197817205856
2704,8,0.09491895050940029,16.0,21504.274512039614,-21457.67352591183,10.535304010772487
2704,16,0.09655355331419029,16.0,20746.726257614497,-20702.767883022116,10.356946644376183
2704,32,0.09416302682740814,16.0,21887.005374464323,-21843.745714664157,10.619879518453722
