index,bin_size,m,n,a,b,corr
245,1,0.08834677064944788,24.0,17909.175980959357,-17792.42000634685,11.319032859366315
245,2,0.0876241188240789,24.0,18236.710628284673,-18116.43170253352,11.412382953689713
245,4,0.08730572113645876,24.0,18400.19809565539,-18281.555901473632,11.454003093760612
245,8,0.08847404471203496,24.0,17854.51967597066,-17739.51917311304,11.30274989975644
245,16,0.08806773933551999,24.0,18005.830275793443,-17885.403919446097,11.354895760298847
245,32,0.08901771235841947,24.0,17626.089977917814,-17512.068007337435,11.233719374562405
