index,bin_size,m12,m23,m34,m13,m24,m14,m12_err,m23_err,m34_err,m13_err,m24_err,m14_err,corr12,corr23,corr34,corr13,corr24,corr14,corr12_err,corr23_err,corr34_err,corr13_err,corr24_err,corr14_err
124,1,345726861858.53876,,,,,,7599346184933.538,,,,,,2.892456763770848e-12,,,,,,6.357845657315771e-11,,,,,
124,2,70673370780.56844,,,,,,1778671593850.0522,,,,,,1.4149601030137208e-11,,,,,,3.561099907737281e-10,,,,,
124,4,11315576957.938814,,,,,,357829962109.8164,,,,,,8.837375272309179e-11,,,,,,2.7946234386413877e-9,,,,,
124,8,110730706439.13196,,,,,,2921646972618.4585,,,,,,9.030918632761495e-12,,,,,,2.3828219770163773e-10,,,,,
124,16,4.83327266547978,,,,,,1.447399134438447,,,,,,0.20689914871598372,,,,,,0.06195918779968925,,,,,
124,32,11914284733.172213,,,,,,376762764337.8587,,,,,,8.393286062870072e-11,,,,,,2.654190100158354e-9,,,,,
