index,bin_size,m12,m23,m34,m13,m24,m14,m12_err,m23_err,m34_err,m13_err,m24_err,m14_err,corr12,corr23,corr34,corr13,corr24,corr14,corr12_err,corr23_err,corr34_err,corr13_err,corr24_err,corr14_err
961,1,0.047857670193505335,,,,,,0.05835074130231552,,,,,,20.89529214348817,,,,,,25.476705852397448,,,,,
961,2,0.0462708446538432,,,,,,0.05555192676572586,,,,,,21.611881250085226,,,,,,25.94682793141057,,,,,
961,4,0.046604463123482286,,,,,,0.05634923577922213,,,,,,21.457172403218536,,,,,,25.943765593882805,,,,,
961,8,0.04884379769725202,,,,,,0.05873691113759701,,,,,,20.473428503620646,,,,,,24.62023854395678,,,,,
961,16,0.04565392303145245,,,,,,0.0576833359231259,,,,,,21.903922677380166,,,,,,27.675416392213123,,,,,
961,32,0.04848812299361007,,,,,,0.06045783034884354,,,,,,20.62360714873998,,,,,,25.71472074396515,,,,,
