index,bin_size,m12,m23,m34,m13,m24,m14,m12_err,m23_err,m34_err,m13_err,m24_err,m14_err,corr12,corr23,corr34,corr13,corr24,corr14,corr12_err,corr23_err,corr34_err,corr13_err,corr24_err,corr14_err
2621,1,0.06903515799789385,,,,,,0.017983182351585865,,,,,,14.485372801355917,,,,,,3.773339673176859,,,,,
2621,2,0.06875794886396322,,,,,,0.01660777958588232,,,,,,14.543772996755445,,,,,,3.512899675863007,,,,,
2621,4,0.06862758114383655,,,,,,0.016924291765385197,,,,,,14.57140093432843,,,,,,3.593462522394743,,,,,
2621,8,0.06901910859691905,,,,,,0.01725309066002157,,,,,,14.488741166451968,,,,,,3.6218312576923246,,,,,
2621,16,0.06976838566999385,,,,,,0.015860884606877807,,,,,,14.333139435532077,,,,,,3.258442465855094,,,,,
2621,32,0.06991734418014899,,,,,,0.012330260130809035,,,,,,14.302602762247385,,,,,,2.5223328299161705,,,,,
