index,bin_size,m12,m23,m34,m13,m24,m14,m12_err,m23_err,m34_err,m13_err,m24_err,m14_err,corr12,corr23,corr34,corr13,corr24,corr14,corr12_err,corr23_err,corr34_err,corr13_err,corr24_err,corr14_err
1030,1,0.0339301557247384,,,,,,0.050990191670896634,,,,,,29.472307999780334,,,,,,44.29094419972887,,,,,
1030,2,0.032909790293942504,,,,,,0.051042369770790554,,,,,,30.3860945654237,,,,,,47.128172523908326,,,,,
1030,4,0.033683290094872975,,,,,,0.051002564589171386,,,,,,29.68831124226231,,,,,,44.95344746347637,,,,,
1030,8,0.03393925878939357,,,,,,0.050761042683602604,,,,,,29.464403044432782,,,,,,44.068252340641266,,,,,
1030,16,0.026929237531539172,,,,,,0.04370849760332655,,,,,,37.13435996206031,,,,,,60.27230000484937,,,,,
1030,32,0.02890233616770029,,,,,,0.04555011572274442,,,,,,34.599279248490184,,,,,,54.52850470452741,,,,,
