index,bin_size,m12,m23,m34,m13,m24,m14,m12_err,m23_err,m34_err,m13_err,m24_err,m14_err,corr12,corr23,corr34,corr13,corr24,corr14,corr12_err,corr23_err,corr34_err,corr13_err,corr24_err,corr14_err
233,1,3.7785949201521905,,,,,,0.46280703645532895,,,,,,0.26464863821913015,,,,,,0.03241449653756507,,,,,
233,2,3.7847414031297353,,,,,,0.4535323290064637,,,,,,0.26421884442965243,,,,,,0.03166181652000944,,,,,
233,4,3.7615238190297986,,,,,,0.40211281812189315,,,,,,0.2658497056275262,,,,,,0.028419752065888326,,,,,
233,8,3.770666266109653,,,,,,0.4010986977849762,,,,,,0.2652051201104414,,,,,,0.028210777834750133,,,,,
233,16,3.76161818264955,,,,,,0.3636617452089525,,,,,,0.2658430365454145,,,,,,0.025700891990493566,,,,,
233,32,3.7712002850576507,,,,,,0.35310420139926235,,,,,,0.26516756587079887,,,,,,0.02482811161072114,,,,,
