index,bin_size,m,n,a,b,corr
256,1,0.03895501268264797,24.0,118271.1883119595,-118316.88060367452,25.67063725910267
256,2,0.039558167519347834,24.0,114605.25192297228,-114650.61611865913,25.279229618280514
256,4,0.03718866501417851,24.0,130143.84398116799,-130190.49505511882,26.889913892277153
256,8,0.039120272699786136,24.0,117332.43119576648,-117379.05069855899,25.56219399783138
256,16,0.037662618709637274,24.0,126645.56219255051,-126689.40135814172,26.551526002734263
256,32,0.039333281883547414,24.0,116006.15219430398,-116053.04574622841,25.423762068994467
