index,bin_size,m12,m23,m34,m13,m24,m14,m12_err,m23_err,m34_err,m13_err,m24_err,m14_err,corr12,corr23,corr34,corr13,corr24,corr14,corr12_err,corr23_err,corr34_err,corr13_err,corr24_err,corr14_err
2333,1,0.1353467037242957,,,,,,0.03796777997870738,,,,,,7.388432614044467,,,,,,2.072620730010364,,,,,
2333,2,0.1350730054289134,,,,,,0.038523144036089266,,,,,,7.403403787637514,,,,,,2.111468457837683,,,,,
2333,4,0.13403637637170218,,,,,,0.039544578226283086,,,,,,7.4606612553211376,,,,,,2.2011092109256145,,,,,
2333,8,0.13397956165682232,,,,,,0.038302094810217756,,,,,,7.46382498669027,,,,,,2.13375927456265,,,,,
2333,16,0.13467212711017393,,,,,,0.04155938094029299,,,,,,7.425441488585904,,,,,,2.2914671216378566,,,,,
2333,32,0.1337414355024744,,,,,,0.04906002974134185,,,,,,7.477114300762076,,,,,,2.742810772118661,,,,,
