index,bin_size,m,n,a,b,corr
2136,1,0.11334209039178245,24.0,7943.762185788406,-7881.957190071997,8.822847686533423
2136,2,0.11255724390186082,24.0,8074.77680113837,-8013.01513429366,8.884368214203118
2136,4,0.11349733908589107,24.0,7934.025641420812,-7874.241461091979,8.810779248694391
2136,8,0.11379795707624321,24.0,7871.955622562449,-7810.523293980363,8.787503973643503
2136,16,0.11213111820738296,24.0,8153.828984215446,-8092.938231950693,8.91813098796118
2136,32,0.11343802745666891,24.0,7943.8178704586935,-7883.14057716471,8.815386007853322
