index,bin_size,m,n,a,b,corr
1876,1,0.007198855486555383,16.0,4913073.3386540655,-4912984.355396258,138.91097020458386
1876,2,0.00001128164579447577,16.0,2003473305350.5322,-2003473305260.565,88639.54942546284
1876,4,0.016708936388675023,16.0,910161.6003367518,-910070.6796661998,59.84821395799793
1876,8,0.012967097690322022,16.0,1514140.8909279094,-1514052.1036029216,77.11825914185476
1876,16,0.016887616952185932,16.0,892040.0308506913,-891951.7005017136,59.21498591727355
1876,32,0.012546490591473914,16.0,1615864.148727911,-1615774.9607148624,79.70356273805835
