index,bin_size,m12,m23,m34,m13,m24,m14,m12_err,m23_err,m34_err,m13_err,m24_err,m14_err,corr12,corr23,corr34,corr13,corr24,corr14,corr12_err,corr23_err,corr34_err,corr13_err,corr24_err,corr14_err
482,1,0.09386329661164981,,,,,,0.024845041486414768,,,,,,10.653791589458038,,,,,,2.819993581973226,,,,,
482,2,0.09257856665236666,,,,,,0.02476568340332322,,,,,,10.80163623352486,,,,,,2.88954466320313,,,,,
482,4,0.09371015266292927,,,,,,0.02394272841573992,,,,,,10.671202335961931,,,,,,2.7264676466632,,,,,
482,8,0.09362825901437992,,,,,,0.024582307451886522,,,,,,10.680536095906843,,,,,,2.804198484778294,,,,,
482,16,0.09482183897171254,,,,,,0.02469512900420205,,,,,,10.546093714743522,,,,,,2.7465945356078776,,,,,
482,32,0.09386794100869698,,,,,,0.020537147795951356,,,,,,10.653264461264243,,,,,,2.33080287475432,,,,,
