index,bin_size,m,n,a,b,corr
1289,1,0.1807403580831735,16.0,4575.814778036245,-4561.08588796211,5.532798599081107
1289,2,0.17989041887292165,16.0,4631.93386160696,-4617.150313026063,5.558939749350525
1289,4,0.179822577203761,16.0,4638.033194906848,-4624.995492821228,5.5610369707185185
1289,8,0.17884201288064228,16.0,4701.857683978411,-4687.478567495275,5.591527314487295
1289,16,0.17997665644702682,16.0,4629.09407743452,-4615.243638685842,5.556276129034177
1289,32,0.1798454233144136,16.0,4633.351244131768,-4618.621992830814,5.560330541477035
