index,bin_size,m,n,a,b,corr
924,1,0.000010516948564438514,16.0,2273662602702.9893,-2273662602670.8354,95084.61450323624
924,2,0.00004275415754243421,16.0,137598085035.47565,-137598085005.7351,23389.538175497517
924,4,-0.000029231531055851988,16.0,294632995189.0432,-294632995154.40924,-34209.63472933812
924,8,2.5202205334074593e-7,16.0,3958370632290038.0,-3958370632290005.0,3967906.7238133796
924,16,2.852948081590829e-6,16.0,30889563614492.805,-30889563614462.336,350514.6155489767
924,32,0.00003470698811458139,16.0,209016167075.254,-209016167041.88986,28812.641324525408
