index,bin_size,m12,m23,m34,m13,m24,m14,m12_err,m23_err,m34_err,m13_err,m24_err,m14_err,corr12,corr23,corr34,corr13,corr24,corr14,corr12_err,corr23_err,corr34_err,corr13_err,corr24_err,corr14_err
925,1,0.01018135179305727,,,,,,0.028929071594967257,,,,,,98.21878472777126,,,,,,279.0767191934106,,,,,
925,2,0.00906570363460848,,,,,,0.02753587700184667,,,,,,110.3058339765799,,,,,,335.03939676232295,,,,,
925,4,0.011682409300958093,,,,,,0.031948933796559914,,,,,,85.59878140187986,,,,,,234.09467427669904,,,,,
925,8,0.01330338839313955,,,,,,0.03381900390248527,,,,,,75.16881943518179,,,,,,191.0892565637324,,,,,
925,16,0.007364852101672013,,,,,,0.024113303668736954,,,,,,135.78005181841655,,,,,,444.55823096719223,,,,,
925,32,0.007267781666366277,,,,,,0.02438406795375272,,,,,,137.59356649743398,,,,,,461.6389194792765,,,,,
