index,bin_size,m,n,a,b,corr
776,1,0.08985335964911541,16.0,25015.787305788836,-24917.228412652777,11.129244403382136
776,2,0.08953705747468321,16.0,25201.089424841153,-25102.190531249762,11.168560015307094
776,4,0.08718742176640805,16.0,26660.84207876131,-26563.933890491167,11.469544341834
776,8,0.09104427879104438,16.0,24325.553182078947,-24228.584586163415,10.983666555205506
776,16,0.08739009965586203,16.0,26531.36965973097,-26432.246925710482,11.442943811003207
776,32,0.08602274355227453,16.0,27461.591545644143,-27364.299457147237,11.624832674539348
