index,bin_size,m12,m23,m34,m13,m24,m14,m12_err,m23_err,m34_err,m13_err,m24_err,m14_err,corr12,corr23,corr34,corr13,corr24,corr14,corr12_err,corr23_err,corr34_err,corr13_err,corr24_err,corr14_err
544,1,0.015612293163067644,,,,,,0.018920147489738234,,,,,,64.05208956526609,,,,,,77.62312486339691,,,,,
544,2,0.015241089834062414,,,,,,0.01909351724932469,,,,,,65.61210588530837,,,,,,82.19660727186572,,,,,
544,4,0.014617725669789649,,,,,,0.01770249161489819,,,,,,68.41009487999169,,,,,,82.84661775328483,,,,,
544,8,0.015433930444881472,,,,,,0.01879229468304135,,,,,,64.79230961751816,,,,,,78.8908683938679,,,,,
544,16,0.014574184553233723,,,,,,0.017990412123546785,,,,,,68.61447351290195,,,,,,84.69788835378796,,,,,
544,32,0.014937953789040354,,,,,,0.019317750477303497,,,,,,66.9435730035313,,,,,,86.57137768696003,,,,,
