index,bin_size,m12,m23,m34,m13,m24,m14,m12_err,m23_err,m34_err,m13_err,m24_err,m14_err,corr12,corr23,corr34,corr13,corr24,corr14,corr12_err,corr23_err,corr34_err,corr13_err,corr24_err,corr14_err
498,1,7444002571164.994,,,,,,105277511203791.45,,,,,,1.343363318913388e-13,,,,,,1.899864293511835e-12,,,,,
498,2,1694593047435.2178,,,,,,21342091754664.62,,,,,,5.901121815137323e-13,,,,,,7.432007550410323e-12,,,,,
498,4,1183054567651.4868,,,,,,16578492956244.705,,,,,,8.452695482889912e-13,,,,,,1.1845011748067843e-11,,,,,
498,8,1712991179615.0278,,,,,,36060291284433.695,,,,,,5.837741676082284e-13,,,,,,1.2289068839812402e-11,,,,,
498,16,367880512220.29285,,,,,,4921445438659.306,,,,,,2.718273914442045e-12,,,,,,3.6364624688916686e-11,,,,,
498,32,181048215711.79654,,,,,,4334407431974.137,,,,,,5.523390529249182e-12,,,,,,1.3223342116656563e-10,,,,,
