index,bin_size,m,n,a,b,corr
1727,1,0.13865647379439117,16.0,10162.26155731558,-10208.386338587283,7.2120685939472615
1727,2,0.14218417641686196,16.0,9615.017662843513,-9661.812761304884,7.0331314299571215
1727,4,0.1427674130345314,16.0,9502.573108535322,-9549.772451478028,7.004399524687951
1727,8,0.14395855212145964,16.0,9321.604682008674,-9367.463528837408,6.946443856675409
1727,16,0.14176404785186592,16.0,9654.447851772895,-9699.19383572104,7.053974651210115
1727,32,0.1426532712959851,16.0,9519.815680922291,-9566.570416862705,7.010003983190426
