index,bin_size,m,n,a,b,corr
1229,1,6.928139807754007e-6,16.0,5606416314003.583,-5606416313911.779,144338.8886120334
1229,2,-0.000013751864135003299,16.0,1419705403156.701,-1419705403063.6462,-72717.4141762098
1229,4,-1.6467231115168615e-7,16.0,9913330761872474.0,-9913330761872380.0,-6072666.333557805
1229,8,3.388179421352098e-6,16.0,23432670927581.23,-23432670927488.168,295143.75587610906
1229,16,0.000027773278684004875,16.0,348581341895.8345,-348581341803.7477,36005.83177008618
1229,32,-8.239095514398433e-8,16.0,3.96464357476903e16,-3.964643574769022e16,-12137254.608256761
