index,bin_size,m12,m23,m34,m13,m24,m14,m12_err,m23_err,m34_err,m13_err,m24_err,m14_err,corr12,corr23,corr34,corr13,corr24,corr14,corr12_err,corr23_err,corr34_err,corr13_err,corr24_err,corr14_err
87,1,0.0952094391424886,,,,,,0.06816780315964617,,,,,,10.503160285435769,,,,,,7.520025003196173,,,,,
87,2,0.09405047245924385,,,,,,0.06581977611673291,,,,,,10.632588798885019,,,,,,7.441053680906948,,,,,
87,4,0.09608862364743948,,,,,,0.06322788371146659,,,,,,10.407059254684699,,,,,,6.848014961145516,,,,,
87,8,0.09359049787560493,,,,,,0.0661272247766628,,,,,,10.68484539241518,,,,,,7.549475523757187,,,,,
87,16,0.09617473701135536,,,,,,0.06492092120037757,,,,,,10.397740935667231,,,,,,7.018796629167714,,,,,
87,32,0.09677224572766517,,,,,,0.06779541561346993,,,,,,10.333541321487807,,,,,,7.239335238956367,,,,,
