index,bin_size,m,n,a,b,corr
158,1,0.10482888815129306,16.0,20143.218609277876,-20060.042801898904,9.539355206713266
158,2,0.10607980497551889,16.0,19636.433950819774,-19551.253829270732,9.426864993113252
158,4,0.1044476459662821,16.0,20304.599676358208,-20221.130424468254,9.574174609189575
158,8,0.10512114329225858,16.0,20008.57896818968,-19922.8445982061,9.512834132899341
158,16,0.10213470578063008,16.0,21300.421576435103,-21214.7382423644,9.790991146024828
158,32,0.1064765382236224,16.0,19461.07707198979,-19376.373682814454,9.39174034658975
