index,bin_size,m,n,a,b,corr
1668,1,0.10456424631505182,16.0,23005.713407415788,-23114.99677241257,9.563498377705535
1668,2,0.10070556678461282,16.0,24938.349846385063,-25047.723810821783,9.929937658151324
1668,4,0.10429075401413845,16.0,23145.891098715307,-23256.08616235118,9.588577716721009
1668,8,0.10360710061734178,16.0,23450.660885005887,-23560.051592836822,9.65184812663911
1668,16,0.10316495801177349,16.0,23696.1655874914,-23806.002443094676,9.69321385160528
1668,32,0.104784255576427,16.0,22916.05913011008,-23027.604277565613,9.543418469682454
