index,bin_size,m,n,a,b,corr
988,1,0.06254345521498114,16.0,65733.11891924922,-65655.99775775154,15.988883194295736
988,2,0.06039637766684834,16.0,70560.65805147884,-70482.5280103621,16.55728437086222
988,4,0.05869633179846674,16.0,74847.91409972207,-74770.77991230544,17.03683977106934
988,8,0.06496361445558743,16.0,60791.203407959896,-60712.40881830802,15.393232171274168
988,16,0.06621762915761266,16.0,58416.848917202544,-58339.38898594626,15.101718571345675
988,32,0.06438320702887099,16.0,61888.248128848485,-61811.55751248041,15.53200044153712
