index,bin_size,m12,m23,m34,m13,m24,m14,m12_err,m23_err,m34_err,m13_err,m24_err,m14_err,corr12,corr23,corr34,corr13,corr24,corr14,corr12_err,corr23_err,corr34_err,corr13_err,corr24_err,corr14_err
663,1,0.006743479425636007,,,,,,0.024603759605845415,,,,,,148.29139927355612,,,,,,541.0450168307448,,,,,
663,2,0.005297811572766009,,,,,,0.020952658295360832,,,,,,188.75718516313634,,,,,,746.528023353697,,,,,
663,4,0.00447179461325025,,,,,,0.01924550923477324,,,,,,223.6238661402131,,,,,,962.422372477669,,,,,
663,8,0.004856222507248411,,,,,,0.01999053617370599,,,,,,205.92137170555864,,,,,,847.6709260901574,,,,,
663,16,0.007707029466296924,,,,,,0.02602357569212282,,,,,,129.75167726723126,,,,,,438.1198501069279,,,,,
663,32,0.002911551240040218,,,,,,0.013783589103162408,,,,,,343.45952296762147,,,,,,1625.9734237369883,,,,,
