index,bin_size,m,n,a,b,corr
889,1,0.08366566459151921,16.0,33285.201049287,-33311.141891688865,11.952334388094554
889,2,0.08356453163912315,16.0,33398.82819666525,-33427.85001144856,11.966799554606983
889,4,0.08234303466039529,16.0,34399.00818719796,-34425.496694527406,12.144318024278164
889,8,0.08315662994948245,16.0,33684.33146503195,-33711.23177695269,12.025499357146854
889,16,0.08375066429599792,16.0,33206.60525974825,-33234.56215739726,11.940203799049575
889,32,0.08510513767435156,16.0,32092.975357060666,-32121.873878317245,11.750171932350609
