index,bin_size,m,n,a,b,corr
486,1,0.1239758866376332,36.0,3139.8461604418753,-3008.1689201498125,8.066084680828952
486,2,0.1235937344069996,36.0,3165.9961667074504,-3037.6767583578703,8.091025041018309
486,4,0.12456149848296502,36.0,3097.4932773985624,-2972.763570866965,8.028162892860184
486,8,0.12454921097697709,36.0,3096.4120180386935,-2970.643561414799,8.02895491794685
486,16,0.12388665730385004,36.0,3148.258441497075,-3021.851389679545,8.071894276292843
486,32,0.12428695745370204,36.0,3117.3429262845366,-2987.6437713548653,8.045896532405733
