index,bin_size,m12,m23,m34,m13,m24,m14,m12_err,m23_err,m34_err,m13_err,m24_err,m14_err,corr12,corr23,corr34,corr13,corr24,corr14,corr12_err,corr23_err,corr34_err,corr13_err,corr24_err,corr14_err
205,1,6.761529162650479,,,,,,6.99972026323623,,,,,,0.14789553900378447,,,,,,0.15310551449300133,,,,,
205,2,514697100277.4333,,,,,,14384205071990.852,,,,,,1.942890293069414e-12,,,,,,5.429782369635818e-11,,,,,
205,4,6.562905421259702,,,,,,1.589451128257376,,,,,,0.15237153909922677,,,,,,0.03690242342226117,,,,,
205,8,34118179001.70357,,,,,,1078911552422.2544,,,,,,2.930988784454377e-11,,,,,,9.268600353524117e-10,,,,,
205,16,225179981375.16934,,,,,,7120816245987.976,,,,,,4.440892098369586e-12,,,,,,1.4043333873477632e-10,,,,,
205,32,118515779674.19905,,,,,,3747798024204.105,,,,,,8.43769498668455e-12,,,,,,2.6682334358230215e-10,,,,,
