index,bin_size,m12,m23,m34,m13,m24,m14,m12_err,m23_err,m34_err,m13_err,m24_err,m14_err,corr12,corr23,corr34,corr13,corr24,corr14,corr12_err,corr23_err,corr34_err,corr13_err,corr24_err,corr14_err
853,1,0.025438745562520185,,,,,,0.04504312902875985,,,,,,39.31011446858983,,,,,,69.60447612451354,,,,,
853,2,0.02495952324806435,,,,,,0.04565209770319224,,,,,,40.064867828657405,,,,,,73.28045661774397,,,,,
853,4,0.025375087880836644,,,,,,0.04528865143912054,,,,,,39.40873051144006,,,,,,70.33545137546919,,,,,
853,8,0.023059056179043563,,,,,,0.042609416206723524,,,,,,43.36690939279709,,,,,,80.13505312486745,,,,,
853,16,0.0217111765739838,,,,,,0.040120949919344985,,,,,,46.05922652751514,,,,,,85.11468342294087,,,,,
853,32,0.019362540790140464,,,,,,0.038207973824397216,,,,,,51.646114569282496,,,,,,101.91293668441384,,,,,
