index,bin_size,m,n,a,b,corr
2263,1,0.06893902658137717,24.0,34513.65939285582,-34590.41557236565,14.505571801475579
2263,2,0.07070845763302763,24.0,32667.239201551718,-32741.802855890175,14.142579734802531
2263,4,0.06979722345955239,24.0,33607.747056436216,-33684.10051942749,14.327217479925999
2263,8,0.06847867286835746,24.0,34994.159453146174,-35069.64235266457,14.603086743844868
2263,16,0.06811347652354299,24.0,35426.92152640592,-35501.85691722045,14.681382467012329
2263,32,0.06818195057576415,24.0,35371.40152003008,-35446.84905800885,14.666638187313145
