index,bin_size,m,n,a,b,corr
2091,1,8.940209126905812e-8,16.0,3.659757160189381e16,-3.6597571601893784e16,11185420.67422642
2091,2,0.00003140023859227721,16.0,295648277296.3843,-295648277264.44965,31846.89176998632
2091,4,-0.000024799675576999807,16.0,473979803161.4945,-473979803129.51227,-40323.10813482735
2091,8,0.00004665867619642625,16.0,133920893034.1193,-133920893003.39117,21432.241150394948
2091,16,0.00004498256962429995,16.0,144201198277.4514,-144201198244.71237,22230.833150531977
2091,32,-0.000014984816670944884,16.0,1298439126425.2893,-1298439126393.1768,-66734.21650456161
