index,bin_size,m12,m23,m34,m13,m24,m14,m12_err,m23_err,m34_err,m13_err,m24_err,m14_err,corr12,corr23,corr34,corr13,corr24,corr14,corr12_err,corr23_err,corr34_err,corr13_err,corr24_err,corr14_err
417,1,0.123394061136233,,,,,,0.022447604389718313,,,,,,8.104117741095754,,,,,,1.4742851260804912,,,,,
417,2,0.12359582240187428,,,,,,0.023074377776462582,,,,,,8.090888353398224,,,,,,1.510505863268246,,,,,
417,4,0.12394024932988215,,,,,,0.023605541846332553,,,,,,8.06840397212997,,,,,,1.53670053616158,,,,,
417,8,0.12376851545373642,,,,,,0.02202900191914364,,,,,,8.07959921256219,,,,,,1.4380515586451657,,,,,
417,16,0.12307156608162725,,,,,,0.020049017319512953,,,,,,8.12535366078587,,,,,,1.3236636329484655,,,,,
417,32,0.12437747439320929,,,,,,0.015819479597379497,,,,,,8.040041051473526,,,,,,1.022606914928828,,,,,
