index,bin_size,m12,m23,m34,m13,m24,m14,m12_err,m23_err,m34_err,m13_err,m24_err,m14_err,corr12,corr23,corr34,corr13,corr24,corr14,corr12_err,corr23_err,corr34_err,corr13_err,corr24_err,corr14_err
60,1,0.1982162126982333,,,,,,0.05117905752161849,,,,,,5.044995999002421,,,,,,1.3026085854155833,,,,,
60,2,0.1959312422500604,,,,,,0.05325436333702312,,,,,,5.103831265070703,,,,,,1.3872278942326246,,,,,
60,4,0.19717215544196137,,,,,,0.054643196285873115,,,,,,5.071710038156757,,,,,,1.405545557377693,,,,,
60,8,0.1970883203664641,,,,,,0.05352184274644831,,,,,,5.0738673815912065,,,,,,1.377873288528295,,,,,
60,16,0.19737548740138924,,,,,,0.04182164047359733,,,,,,5.066485272136997,,,,,,1.0735311071591458,,,,,
60,32,0.1971346736175631,,,,,,0.05001608970459449,,,,,,5.07267433805165,,,,,,1.287015267676289,,,,,
