index,bin_size,m,n,a,b,corr
539,1,0.1463544468358715,54.0,433.00782351037964,-297.11626380631134,6.832727133473745
539,2,0.14599467397227905,54.0,438.14434620179117,-305.07477263855543,6.849564938169432
539,4,0.14579071045961922,54.0,440.19781597870104,-312.259663945655,6.859147587986943
539,8,0.14620561590293785,54.0,434.9984604356953,-307.59989648981815,6.839682551345184
539,16,0.14597762002380688,54.0,437.91008523834006,-312.78423655649465,6.850365143896127
539,32,0.14648088613110544,54.0,431.5391307517353,-302.6263008499863,6.826829263614405
