index,bin_size,m,n,a,b,corr
902,1,-0.000029177555944577712,16.0,323703711042.83704,-323703710989.3541,-34272.91860563933
902,2,1.21685290534769e-6,16.0,185966267423507.53,-185966267423456.4,821792.014141817
902,4,0.00001642735729975611,16.0,1022592061658.0248,-1022592061601.1124,60874.06402336221
902,8,-4.1899129604075865e-7,16.0,1569802873355073.5,-1569802873355019.5,-2386684.4238757696
902,16,6.470059814119631e-6,16.0,6587517625755.777,-6587517625700.643,154558.07654477892
902,32,2.3935214567079768e-6,16.0,48123018817303.79,-48123018817251.3,417794.4581183697
