index,bin_size,m,n,a,b,corr
2504,1,0.06114510052366289,24.0,41702.840246473585,-41684.00352412934,16.35454012563123
2504,2,0.05818412087983733,24.0,46330.285578979216,-46309.916493568235,17.186819786539598
2504,4,0.059782128736008244,24.0,43729.83928646944,-43711.5694620248,16.727407021852592
2504,8,0.059013117326641364,24.0,44974.38293828403,-44956.383990823466,16.945385116074046
2504,16,0.058593481216054503,24.0,45643.502214949214,-45625.23606845322,17.06674495602425
2504,32,0.05836086924915971,24.0,46015.95878894229,-45996.85274474815,17.13476877341744
