index,bin_size,m12,m23,m34,m13,m24,m14,m12_err,m23_err,m34_err,m13_err,m24_err,m14_err,corr12,corr23,corr34,corr13,corr24,corr14,corr12_err,corr23_err,corr34_err,corr13_err,corr24_err,corr14_err
1564,1,0.020488623250763605,,,,,,0.04200499520765697,,,,,,48.80757422110977,,,,,,100.06343013695022,,,,,
1564,2,0.021999778313882584,,,,,,0.04276731533174576,,,,,,45.45500348832911,,,,,,88.36400257561932,,,,,
1564,4,0.019801098819283422,,,,,,0.041488641991266444,,,,,,50.5022478361728,,,,,,105.81582867455276,,,,,
1564,8,0.01690429849142886,,,,,,0.03703227850500988,,,,,,59.15655124683459,,,,,,129.59436809989123,,,,,
1564,16,0.016258475162564165,,,,,,0.03514416961295857,,,,,,61.506382978801284,,,,,,132.9516288626953,,,,,
1564,32,0.013089132791013572,,,,,,0.0325876154946515,,,,,,76.39925547142103,,,,,,190.20890085931563,,,,,
