index,bin_size,m,n,a,b,corr
2943,1,0.05525372190531046,24.0,50543.80535654699,-50608.93591153414,18.098328321008356
2943,2,0.055747433670408214,24.0,49664.44169120879,-49731.941304356114,17.93804546972032
2943,4,0.05421969702771325,24.0,52523.68322502926,-52588.77279969741,18.443481886091526
2943,8,0.05352230399830443,24.0,54164.299787299875,-54229.83960350031,18.683799561985964
2943,16,0.05359697385653057,24.0,53853.72776798565,-53918.44522349635,18.657769796422084
2943,32,0.056647375188057604,24.0,48003.11322776879,-48072.20299288808,17.653068596386085
