index,bin_size,m,n,a,b,corr
912,1,0.18211397444345329,16.0,5395.6715256487605,-5456.889491073858,5.4910668061362955
912,2,0.17966921776983497,16.0,5578.319240492194,-5638.380379593181,5.5657836796565165
912,4,0.18331878682757013,16.0,5307.2957315100975,-5368.379477177038,5.454978277488827
912,8,0.18365001835912476,16.0,5285.41650775131,-5348.358678701135,5.445139668020699
912,16,0.18142984654044012,16.0,5449.538420059277,-5510.317896508257,5.511772285918256
912,32,0.1798456818249389,16.0,5570.772108321706,-5633.100522424377,5.560322549047334
