index,bin_size,m12,m23,m34,m13,m24,m14,m12_err,m23_err,m34_err,m13_err,m24_err,m14_err,corr12,corr23,corr34,corr13,corr24,corr14,corr12_err,corr23_err,corr34_err,corr13_err,corr24_err,corr14_err
757,1,0.04506634908409626,,,,,,0.0566116867138997,,,,,,22.18950548077337,,,,,,27.874131322903306,,,,,
757,2,0.04435131764935527,,,,,,0.05720565914041256,,,,,,22.547244433774715,,,,,,29.082111828820285,,,,,
757,4,0.04139177536600017,,,,,,0.055043716738311765,,,,,,24.159388940379085,,,,,,32.127700482672815,,,,,
757,8,0.042729366860076376,,,,,,0.05533159464250227,,,,,,23.403108294926245,,,,,,30.30541748465137,,,,,
757,16,0.045326756870092695,,,,,,0.05683473272085483,,,,,,22.062024046106323,,,,,,27.66333456274391,,,,,
757,32,0.05006119283622854,,,,,,0.06210102035731892,,,,,,19.975552785396573,,,,,,24.779717379744056,,,,,
