index,bin_size,m12,m23,m34,m13,m24,m14,m12_err,m23_err,m34_err,m13_err,m24_err,m14_err,corr12,corr23,corr34,corr13,corr24,corr14,corr12_err,corr23_err,corr34_err,corr13_err,corr24_err,corr14_err
548,1,0.08910538526050082,,,,,,0.013867987993732338,,,,,,11.222666251613033,,,,,,1.7466486495741107,,,,,
548,2,0.08910308655697206,,,,,,0.013487042256162724,,,,,,11.222955776740742,,,,,,1.6987568517412273,,,,,
548,4,0.08956021701048614,,,,,,0.012939573561527832,,,,,,11.165671917509034,,,,,,1.6132054830056675,,,,,
548,8,0.0885967194412659,,,,,,0.014225640336948018,,,,,,11.287099638750593,,,,,,1.8123269227209617,,,,,
548,16,0.08944183169142367,,,,,,0.014564575049518582,,,,,,11.180450814670506,,,,,,1.820608007442382,,,,,
548,32,0.08901080277277165,,,,,,0.014724751219802804,,,,,,11.23459140743644,,,,,,1.8584998492030194,,,,,
