index,bin_size,m,n,a,b,corr
1096,1,-0.000040566585390887475,16.0,142269833896.77997,-142269833856.40045,-24650.829996271546
1096,2,0.000052821831755328276,16.0,83844959916.97923,-83844959874.51775,18931.566111376425
1096,4,-5.107800823083391e-6,16.0,8946075532962.396,-8946075532926.002,-195778.97311123752
1096,8,0.00004973046180580889,16.0,94601686830.05177,-94601686791.9151,20108.399634511185
1096,16,-3.137531697455095e-7,16.0,2376078473025782.5,-2376078473025741.5,-3187218.7962630526
1096,32,-0.000017015981563451476,16.0,805720945787.7963,-805720945750.3579,-58768.28182206626
