index,bin_size,m12,m23,m34,m13,m24,m14,m12_err,m23_err,m34_err,m13_err,m24_err,m14_err,corr12,corr23,corr34,corr13,corr24,corr14,corr12_err,corr23_err,corr34_err,corr13_err,corr24_err,corr14_err
344,1,1153399846428.4146,,,,,,16512715510236.564,,,,,,8.670020228427911e-13,,,,,,1.241248452939792e-11,,,,,
344,2,2737163497288.777,,,,,,45004192286591.09,,,,,,3.653417126856042e-13,,,,,,6.006915079899881e-12,,,,,
344,4,879332489367.6678,,,,,,14163814895291.766,,,,,,1.1372262620696577e-12,,,,,,1.8317829108761977e-11,,,,,
344,8,1126266786211.94,,,,,,22890046138109.008,,,,,,8.878890971857362e-13,,,,,,1.8045300322192877e-11,,,,,
344,16,458517913977.55725,,,,,,8769190252753.58,,,,,,2.18093987064799e-12,,,,,,4.1710642207240157e-11,,,,,
344,32,NaN,,,,,,NaN,,,,,,NaN,,,,,,NaN,,,,,
