index,bin_size,m,n,a,b,corr
2795,1,0.11433078294569264,24.0,8758.7267369639,-8682.687860428148,8.74655079091868
2795,2,0.11359463730688744,24.0,8900.874992312645,-8824.727364999188,8.803232473892217
2795,4,0.11406095871577764,24.0,8817.748886103698,-8744.296144473516,8.767241756154673
2795,8,0.11389525641546014,24.0,8845.76294348178,-8769.490532727139,8.779996915343526
2795,16,0.11420839701889075,24.0,8785.382358498979,-8713.616198623016,8.755923610718343
2795,32,0.11381460149701557,24.0,8861.947990859418,-8791.694013911087,8.786218875670551
