index,bin_size,m,n,a,b,corr
1615,1,0.00002858743123070724,16.0,353629029397.36194,-353629029321.4061,34980.407715886286
1615,2,1.554471128106436e-7,16.0,1.195652165351267e16,-1.1956521653512596e16,6433056.1174085
1615,4,0.000029494053594815034,16.0,332459025771.3808,-332459025696.89435,33905.13944735616
1615,8,-8.088146467560961e-7,16.0,441633670152985.6,-441633670152907.0,-1236377.214496163
1615,16,-3.1233399370688957e-6,16.0,29616200888368.938,-29616200888290.523,-320170.0807944882
1615,32,-4.864506273632435e-6,16.0,12198271189905.234,-12198271189831.82,-205570.70825880088
