index,bin_size,m,n,a,b,corr
354,1,0.20246350243325067,36.0,485.58504185028613,-418.1448354652508,4.939161814261737
354,2,0.20279458792594054,36.0,481.91817206877107,-419.43481221443267,4.931098064437471
354,4,0.2025834600263817,36.0,483.9668221050749,-422.55600371450544,4.936237143297748
354,8,0.20166544146503182,36.0,492.5401368344842,-427.3134281831383,4.958707811984717
354,16,0.2020855199845306,36.0,488.81737704929856,-424.55245566499923,4.948400063876664
354,32,0.20239210094659196,36.0,486.5728584871809,-422.690166445052,4.940904290844256
