index,bin_size,m,n,a,b,corr
480,1,0.07186130911984989,36.0,17952.90292143428,-17981.64577881808,13.915694164883714
480,2,0.07188056900425463,36.0,17945.64829779717,-17976.559880119297,13.911965554151495
480,4,0.07205340368723268,36.0,17858.11086656899,-17882.59731806531,13.878594886936515
480,8,0.072287863449287,36.0,17731.518797788885,-17764.531587305446,13.833580801589775
480,16,0.07183003816061831,36.0,17995.401103257278,-18020.92043634129,13.921752314316077
480,32,0.07188445884505304,36.0,17950.83735414194,-17973.637336459138,13.911212744266464
