index,bin_size,m12,m23,m34,m13,m24,m14,m12_err,m23_err,m34_err,m13_err,m24_err,m14_err,corr12,corr23,corr34,corr13,corr24,corr14,corr12_err,corr23_err,corr34_err,corr13_err,corr24_err,corr14_err
2191,1,0.2158460919836622,,,,,,0.030810872240118678,,,,,,4.63293076473996,,,,,,0.6613260243809411,,,,,
2191,2,0.21641948257075713,,,,,,0.0314088462902812,,,,,,4.620656089375205,,,,,,0.6705934010538462,,,,,
2191,4,0.21583509970015413,,,,,,0.030292077685192986,,,,,,4.633166715651142,,,,,,0.6502568223330295,,,,,
2191,8,0.216291556138173,,,,,,0.027242068883409878,,,,,,4.623388993332558,,,,,,0.5823189942315817,,,,,
2191,16,0.21743479283688147,,,,,,0.026215838470428007,,,,,,4.599079967621351,,,,,,0.554505265558823,,,,,
2191,32,0.21650836778621677,,,,,,0.028260606284728002,,,,,,4.618759127995521,,,,,,0.6028817018710383,,,,,
