index,bin_size,m12,m23,m34,m13,m24,m14,m12_err,m23_err,m34_err,m13_err,m24_err,m14_err,corr12,corr23,corr34,corr13,corr24,corr14,corr12_err,corr23_err,corr34_err,corr13_err,corr24_err,corr14_err
3001,1,0.017963701693333212,,,,,,0.03120576096885292,,,,,,55.667813743039694,,,,,,96.70370389019682,,,,,
3001,2,0.018759148798948962,,,,,,0.03188844212374404,,,,,,53.307322774476205,,,,,,90.61645042022741,,,,,
3001,4,0.016434780641210345,,,,,,0.02915867351932185,,,,,,60.846568130790374,,,,,,107.95429848622722,,,,,
3001,8,0.016529327071969937,,,,,,0.029457901080805614,,,,,,60.49853062051012,,,,,,107.81804502950534,,,,,
3001,16,0.016784059114915307,,,,,,0.02918645435222505,,,,,,59.58034305964407,,,,,,103.60657997533423,,,,,
3001,32,0.013851168459778568,,,,,,0.026507705327520222,,,,,,72.19607521948993,,,,,,138.16540411582852,,,,,
