index,bin_size,m12,m23,m34,m13,m24,m14,m12_err,m23_err,m34_err,m13_err,m24_err,m14_err,corr12,corr23,corr34,corr13,corr24,corr14,corr12_err,corr23_err,corr34_err,corr13_err,corr24_err,corr14_err
722,1,0.08444726923614809,,,,,,0.06570916853245831,,,,,,11.841709140453116,,,,,,9.214138818941374,,,,,
722,2,0.08644972881279142,,,,,,0.0677300331748404,,,,,,11.567416274555582,,,,,,9.062625167042912,,,,,
722,4,0.0879485018117239,,,,,,0.06460978789339072,,,,,,11.370290333549445,,,,,,8.352979659728224,,,,,
722,8,0.08495374604143449,,,,,,0.06283185785258096,,,,,,11.771111299933377,,,,,,8.705923239730923,,,,,
722,16,0.08693008474015046,,,,,,0.06491904138730153,,,,,,11.503497356400588,,,,,,8.590766053101067,,,,,
722,32,0.08587040769566998,,,,,,0.06903993595473917,,,,,,11.645455365066644,,,,,,9.362963495147312,,,,,
