index,bin_size,m12,m23,m34,m13,m24,m14,m12_err,m23_err,m34_err,m13_err,m24_err,m14_err,corr12,corr23,corr34,corr13,corr24,corr14,corr12_err,corr23_err,corr34_err,corr13_err,corr24_err,corr14_err
1625,1,0.20694153845055024,,,,,,0.052758751864376716,,,,,,4.832282621881422,,,,,,1.2319672584598194,,,,,
1625,2,0.2075268590435266,,,,,,0.05567651145986825,,,,,,4.81865337628543,,,,,,1.292776323808854,,,,,
1625,4,0.20838036904193122,,,,,,0.05443007095989196,,,,,,4.798916541887761,,,,,,1.253502760871823,,,,,
1625,8,0.2079833957686355,,,,,,0.0535258956208639,,,,,,4.8080761269636065,,,,,,1.2373900327856446,,,,,
1625,16,0.2092255772279052,,,,,,0.055634660476406694,,,,,,4.779530367411629,,,,,,1.2709132064574191,,,,,
1625,32,0.20922774944112824,,,,,,0.04743097549728934,,,,,,4.779480746082281,,,,,,1.083486462779076,,,,,
