index,bin_size,m12,m23,m34,m13,m24,m14,m12_err,m23_err,m34_err,m13_err,m24_err,m14_err,corr12,corr23,corr34,corr13,corr24,corr14,corr12_err,corr23_err,corr34_err,corr13_err,corr24_err,corr14_err
2736,1,0.009187697202468795,,,,,,0.029117956645342693,,,,,,108.84120122409927,,,,,,344.94316787222243,,,,,
2736,2,0.010240382903073398,,,,,,0.03000357361076686,,,,,,97.6525984882728,,,,,,286.11497780480533,,,,,
2736,4,0.009051170636022014,,,,,,0.028601402393458156,,,,,,110.48294637382946,,,,,,349.1224874577726,,,,,
2736,8,0.008040756974771317,,,,,,0.026194411389948054,,,,,,124.36640022047682,,,,,,405.14900035947755,,,,,
2736,16,0.004933982939086787,,,,,,0.01957090483244752,,,,,,202.67601496511995,,,,,,803.9251553302345,,,,,
2736,32,0.002197133684562095,,,,,,0.012040714026397347,,,,,,455.13844106363854,,,,,,2494.2459577100412,,,,,
