index,bin_size,m12,m23,m34,m13,m24,m14,m12_err,m23_err,m34_err,m13_err,m24_err,m14_err,corr12,corr23,corr34,corr13,corr24,corr14,corr12_err,corr23_err,corr34_err,corr13_err,corr24_err,corr14_err
2724,1,0.1837425141979085,,,,,,0.05122398458227592,,,,,,5.442398588945523,,,,,,1.517239179118183,,,,,
2724,2,0.18451743238916118,,,,,,0.049320624498836854,,,,,,5.419542137844865,,,,,,1.448617614473002,,,,,
2724,4,0.18578537736394535,,,,,,0.04838137456878397,,,,,,5.3825549361780185,,,,,,1.401700231736449,,,,,
2724,8,0.18409291155638668,,,,,,0.04847980709735929,,,,,,5.432039677930268,,,,,,1.430496337446432,,,,,
2724,16,0.18187928174938758,,,,,,0.053545135637340535,,,,,,5.498152347983787,,,,,,1.6186522752668913,,,,,
2724,32,0.18207523116285498,,,,,,0.052280593330215785,,,,,,5.492235234926392,,,,,,1.5770256885421299,,,,,
