index,bin_size,m12,m23,m34,m13,m24,m14,m12_err,m23_err,m34_err,m13_err,m24_err,m14_err,corr12,corr23,corr34,corr13,corr24,corr14,corr12_err,corr23_err,corr34_err,corr13_err,corr24_err,corr14_err
1461,1,0.2619963318048337,,,,,,0.04664633598290718,,,,,,3.816847331835622,,,,,,0.6795589152328066,,,,,
1461,2,0.2627357089629055,,,,,,0.047619498394059365,,,,,,3.8061061587223595,,,,,,0.6898372011491137,,,,,
1461,4,0.2618646275353884,,,,,,0.0443096218982064,,,,,,3.818767007257824,,,,,,0.6461663944515477,,,,,
1461,8,0.26124740379562505,,,,,,0.04243187517312757,,,,,,3.827789235303958,,,,,,0.6217105803222491,,,,,
1461,16,0.2624653418589511,,,,,,0.04353013492349622,,,,,,3.8100268512305147,,,,,,0.6318966981375244,,,,,
1461,32,0.2621146546878625,,,,,,0.041034559630278244,,,,,,3.815124343928207,,,,,,0.5972651455687475,,,,,
