index,bin_size,m,n,a,b,corr
1076,1,0.00003151868745256596,16.0,265843668997.01376,-265843668905.13382,31727.20950086991
1076,2,0.00001430766469646221,16.0,1291692123536.5186,-1291692123444.582,69892.60799823365
1076,4,-2.436098014907036e-6,16.0,44582726648462.35,-44582726648368.875,-410492.5146200084
1076,8,-0.000055699499436718094,16.0,85169090038.97954,-85169089945.03036,-17953.482708334403
1076,16,-3.3613558711834117e-7,16.0,2335077374857275.0,-2335077374857182.5,-2974989.969294552
1076,32,-9.057524963223914e-6,16.0,3222029653264.2285,-3222029653170.2383,-110405.43681196352
