index,bin_size,m,n,a,b,corr
106,1,0.1506764434341139,16.0,10365.873122114594,-10355.56377871617,6.63673748336958
106,2,0.151433712424463,16.0,10246.059772521487,-10234.581313872613,6.603549394582877
106,4,0.1503449666419685,16.0,10416.630861979982,-10406.179220796244,6.651369994855897
106,8,0.15068427478179836,16.0,10354.247295576917,-10344.008747972093,6.636392559529332
106,16,0.1505101804354418,16.0,10388.569003572542,-10378.234256616392,6.644068840439197
106,32,0.14943018700019536,16.0,10570.035515327367,-10557.090381293609,6.692088259239698
