index,bin_size,m,n,a,b,corr
2528,1,0.15477026745707356,24.0,3541.358247951842,-3617.9506445786838,6.461189325510184
2528,2,0.15492435910752736,24.0,3529.0226193945937,-3604.832466005304,6.454762864669567
2528,4,0.15532120291979654,24.0,3503.364023593129,-3578.143615051048,6.4382710228968
2528,8,0.15360443678992786,24.0,3608.542414103893,-3682.6659485665537,6.510228616427387
2528,16,0.1538484065036703,24.0,3593.929540260455,-3668.0371825072957,6.499904826613485
2528,32,0.15453161664112436,24.0,3551.3521847189622,-3627.6361651152574,6.47116765964045
