index,bin_size,m,n,a,b,corr
2307,1,0.17899464762811465,24.0,2354.529271915342,-2416.995854306503,5.5867592313577665
2307,2,0.17802615648388298,24.0,2392.1690149407395,-2452.247426234412,5.617152107030585
2307,4,0.1774910476506609,24.0,2413.696175541525,-2475.9526701513005,5.6340869764215205
2307,8,0.1792607988650272,24.0,2346.273593003785,-2406.182942599631,5.578464484881277
2307,16,0.17931083401627354,24.0,2341.431263564512,-2402.695653116404,5.576907862183297
2307,32,0.17873712718115295,24.0,2368.2191527835494,-2430.8426904606263,5.594808508847096
