index,bin_size,m12,m23,m34,m13,m24,m14,m12_err,m23_err,m34_err,m13_err,m24_err,m14_err,corr12,corr23,corr34,corr13,corr24,corr14,corr12_err,corr23_err,corr34_err,corr13_err,corr24_err,corr14_err
2230,1,0.015358439089554882,,,,,,0.028706073739997617,,,,,,65.11078333996127,,,,,,121.69693397404399,,,,,
2230,2,0.0149614371335566,,,,,,0.027979020840553107,,,,,,66.83849894052805,,,,,,124.99305635646319,,,,,
2230,4,0.013681387019629121,,,,,,0.0266175196719003,,,,,,73.09200438268928,,,,,,142.2025311997639,,,,,
2230,8,0.01553967581057335,,,,,,0.02916396431044308,,,,,,64.35140682404648,,,,,,120.7709964365113,,,,,
2230,16,0.01603656298700151,,,,,,0.028971695440355057,,,,,,62.3575014677742,,,,,,112.65522059871529,,,,,
2230,32,0.011155262591906903,,,,,,0.02263168432701759,,,,,,89.64378845958282,,,,,,181.86841462316625,,,,,
