index,bin_size,m12,m23,m34,m13,m24,m14,m12_err,m23_err,m34_err,m13_err,m24_err,m14_err,corr12,corr23,corr34,corr13,corr24,corr14,corr12_err,corr23_err,corr34_err,corr13_err,corr24_err,corr14_err
784,1,0.0926782226596626,,,,,,0.06408792170951112,,,,,,10.79002133729137,,,,,,7.461408115773648,,,,,
784,2,0.0912851629392251,,,,,,0.06305379852024592,,,,,,10.954682752396133,,,,,,7.566775770369922,,,,,
784,4,0.09093279559624246,,,,,,0.06437575216607623,,,,,,10.997132480564826,,,,,,7.785405369584859,,,,,
784,8,0.09082191610872739,,,,,,0.061762812351560295,,,,,,11.010558275415052,,,,,,7.48765357291368,,,,,
784,16,0.0897635424367182,,,,,,0.05838899365664486,,,,,,11.140380302002711,,,,,,7.246545503090211,,,,,
784,32,0.092415261131997,,,,,,0.05129836752612184,,,,,,10.820723631042897,,,,,,6.006426329640512,,,,,
