index,bin_size,m,n,a,b,corr
2284,1,0.05215235290483219,24.0,54037.22278533989,-53927.22751813136,19.17459029748483
2284,2,0.053090949938703794,24.0,52096.244466340526,-51983.89514623551,18.835601946368467
2284,4,0.053352597686251335,24.0,51427.370035513486,-51316.857887967904,18.74322982136059
2284,8,0.05418902555069811,24.0,49851.71652752701,-49741.86794817059,18.45392106312045
2284,16,0.051829616730365506,24.0,54731.468583973445,-54621.67306765645,19.293987937482246
2284,32,0.052388498261235025,24.0,53514.604922012026,-53405.65947832209,19.088159294307392
