index,bin_size,m12,m23,m34,m13,m24,m14,m12_err,m23_err,m34_err,m13_err,m24_err,m14_err,corr12,corr23,corr34,corr13,corr24,corr14,corr12_err,corr23_err,corr34_err,corr13_err,corr24_err,corr14_err
1090,1,0.0026364933667733553,,,,,,0.014480673629837317,,,,,,379.29168060977884,,,,,,2083.2212614835885,,,,,
1090,2,0.00309384850096892,,,,,,0.016725980018168073,,,,,,323.2220322639663,,,,,,1747.404648736252,,,,,
1090,4,0.0028491694938399116,,,,,,0.01582418376363429,,,,,,350.97947039025394,,,,,,1949.3272157821589,,,,,
1090,8,0.002587679004880186,,,,,,0.014800400925019323,,,,,,386.44669532583765,,,,,,2210.307389820947,,,,,
1090,16,0.004135239257698554,,,,,,0.018777124601905518,,,,,,241.82397623990076,,,,,,1098.0643804663412,,,,,
1090,32,0.0038790050478292597,,,,,,0.01840509185584058,,,,,,257.7980661715335,,,,,,1223.199513700141,,,,,
