index,bin_size,m,n,a,b,corr
2844,1,0.12833564588576263,24.0,7172.339137966221,-7199.232144815081,7.792067380018061
2844,2,0.12818586824187847,24.0,7192.241241461309,-7220.071837806562,7.801171952223816
2844,4,0.12928489104818272,24.0,7050.570855743044,-7079.301660601155,7.734855882171982
2844,8,0.12838719664344897,24.0,7161.361873438928,-7188.648490395752,7.78893866478878
2844,16,0.12860576968813991,24.0,7134.423057843017,-7157.463058392469,7.775700906926111
2844,32,0.12810091851092054,24.0,7200.479043935964,-7226.588551695253,7.806345275461475
