index,bin_size,m,n,a,b,corr
858,1,0.16918460151103837,16.0,6777.194079491262,-6841.294353976794,5.910703403670904
858,2,0.1719049666781796,16.0,6526.569823983491,-6593.586876908493,5.817167585809683
858,4,0.17124139246910874,16.0,6576.081387584138,-6642.753485448668,5.8397095794487655
858,8,0.1711128868548367,16.0,6596.790775482643,-6664.455081976912,5.844095195754298
858,16,0.17078822655945783,16.0,6619.649778862036,-6686.204799668219,5.855204542754955
858,32,0.17060470255714336,16.0,6643.23440626473,-6709.6181415866085,5.8615031415388685
