index,bin_size,m,n,a,b,corr
2646,1,0.1553795838657732,54.0,388.7579077900181,0.7103216842975684,6.435851964076979
2646,2,0.15577867507449322,54.0,384.3740706659907,4.7755724760967055,6.419363879695349
2646,4,0.15582282540237355,54.0,384.4220490607538,1.8752207429238439,6.417545038204445
2646,8,0.15545591626003774,54.0,388.4453033295969,4.493544964375662,6.432691814232772
2646,16,0.15537962701407376,54.0,388.8451308651901,6.835450479196201,6.435850176866645
2646,32,0.1552936802406354,54.0,390.0601001794681,8.546049486459449,6.439412076849808
