index,bin_size,m,n,a,b,corr
2946,1,0.08427081450997148,24.0,18319.742021648606,-18155.680517574256,11.866504504731864
2946,2,0.08420338527306151,24.0,18366.92558623131,-18199.176462870746,11.87600708400404
2946,4,0.08330019773203956,24.0,18835.267807720622,-18669.37345703202,12.004773424629848
2946,8,0.08368836274869215,24.0,18605.803714036527,-18438.616396152203,11.949092647479564
2946,16,0.08358973247166024,24.0,18686.123933153085,-18518.361425269184,11.963191775246248
2946,32,0.08404896195800696,24.0,18440.850183582046,-18272.041320751134,11.897826894038571
