index,bin_size,m12,m23,m34,m13,m24,m14,m12_err,m23_err,m34_err,m13_err,m24_err,m14_err,corr12,corr23,corr34,corr13,corr24,corr14,corr12_err,corr23_err,corr34_err,corr13_err,corr24_err,corr14_err
1135,1,0.13815661428092196,,,,,,0.06392046352159972,,,,,,7.238162321831666,,,,,,3.34885660787323,,,,,
1135,2,0.13872170340327622,,,,,,0.06461093510683763,,,,,,7.208677340797293,,,,,,3.357509116784568,,,,,
1135,4,0.1395158087494591,,,,,,0.06673097491077933,,,,,,7.167646512344623,,,,,,3.4283142811689316,,,,,
1135,8,0.1404713005214693,,,,,,0.06135321885598883,,,,,,7.118891875334794,,,,,,3.1092965582160454,,,,,
1135,16,0.1433723796194989,,,,,,0.054873881786266204,,,,,,6.974844127257537,,,,,,2.6695293272841116,,,,,
1135,32,0.14172007241298415,,,,,,0.060984487315659426,,,,,,7.056163484632695,,,,,,3.03638366251905,,,,,
