index,bin_size,m12,m23,m34,m13,m24,m14,m12_err,m23_err,m34_err,m13_err,m24_err,m14_err,corr12,corr23,corr34,corr13,corr24,corr14,corr12_err,corr23_err,corr34_err,corr13_err,corr24_err,corr14_err
1121,1,0.1974890629381332,,,,,,0.058853964275863535,,,,,,5.063571547317873,,,,,,1.5090013316204869,,,,,
1121,2,0.19966139528865356,,,,,,0.05942523122089312,,,,,,5.0084794737324385,,,,,,1.4906740001559085,,,,,
1121,4,0.19778368303991106,,,,,,0.05626682137383627,,,,,,5.056028812034047,,,,,,1.43837280029962,,,,,
1121,8,0.1974526584851624,,,,,,0.06742092807774155,,,,,,5.064505120730725,,,,,,1.7292936854521943,,,,,
1121,16,0.19772814683156223,,,,,,0.07160483063800102,,,,,,5.05744890661351,,,,,,1.8314932811609088,,,,,
1121,32,0.19358301326310756,,,,,,0.0806898754367781,,,,,,5.165742505727267,,,,,,2.1532009048700966,,,,,
