index,bin_size,m12,m23,m34,m13,m24,m14,m12_err,m23_err,m34_err,m13_err,m24_err,m14_err,corr12,corr23,corr34,corr13,corr24,corr14,corr12_err,corr23_err,corr34_err,corr13_err,corr24_err,corr14_err
1580,1,0.2723686113175419,,,,,,0.04201945216686529,,,,,,3.6714950197919336,,,,,,0.5664169913660504,,,,,
1580,2,0.2720631885603595,,,,,,0.04387151664670702,,,,,,3.675616702471094,,,,,,0.5927111278915237,,,,,
1580,4,0.2741550662579172,,,,,,0.0438385440601002,,,,,,3.64757074764115,,,,,,0.5832618492717035,,,,,
1580,8,0.27126907835514424,,,,,,0.043980992941256035,,,,,,3.6863766635827346,,,,,,0.5976741138464101,,,,,
1580,16,0.27240313102318503,,,,,,0.045389704543578845,,,,,,3.671029757418196,,,,,,0.6116925140838992,,,,,
1580,32,0.2726622174857541,,,,,,0.04710686416429376,,,,,,3.6675415069278805,,,,,,0.6336278681251006,,,,,
