index,bin_size,m,n,a,b,corr
1028,1,0.15799011386281941,16.0,7639.600743205658,-7605.60195336893,6.329509964580986
1028,2,0.15792090078191648,16.0,7653.582977190171,-7618.208465831294,6.332284042509147
1028,4,0.16019853895430572,16.0,7384.120838866186,-7348.558359096401,6.242254183636689
1028,8,0.1591017801462276,16.0,7514.987151529095,-7478.542032135172,6.28528479744801
1028,16,0.15832947118156546,16.0,7599.079207737141,-7564.005879323286,6.3159435355736315
1028,32,0.15864296628253716,16.0,7557.377389029392,-7520.944677381039,6.30346257027896
