index,bin_size,m,n,a,b,corr
613,1,0.00001465952338279281,16.0,1307610971009.7437,-1307610970949.484,68215.0417778104
613,2,5.38820336317083e-6,16.0,9694598686655.193,-9694598686595.162,185590.6194697751
613,4,0.00001879424734943898,16.0,795425574511.4736,-795425574451.1603,53207.77051653791
613,8,-0.000013380304970065,16.0,1570843471175.155,-1570843471115.6543,-74736.71207324821
613,16,-0.00004291633584781516,16.0,152524813062.81308,-152524813001.9743,-23301.150488384697
613,32,3.8967586031399013e-7,16.0,1855581950595231.5,-1855581950595172.0,2566235.4326855848
