index,bin_size,m,n,a,b,corr
498,1,0.08515080215512792,36.0,10864.178542131089,-10727.857205457472,11.743870576558958
498,2,0.08487473913862988,36.0,10943.094704834131,-10800.141166265683,11.782068612507349
498,4,0.08527835404786901,36.0,10825.481271117867,-10682.1122999337,11.726305123556598
498,8,0.08514188455831062,36.0,10873.089504685116,-10735.170452606899,11.745100606918513
498,16,0.08477535075481096,36.0,10982.398148235412,-10843.426641623368,11.795881598794216
498,32,0.08498634174821856,36.0,10910.27898011138,-10770.67273275942,11.766596601635245
