index,bin_size,m,n,a,b,corr
2864,1,0.09307960951045627,24.0,13458.970893168284,-13397.376807577992,10.743491568770098
2864,2,0.09298547890737084,24.0,13490.648262614768,-13430.788436929239,10.754367367362468
2864,4,0.09399841599916932,24.0,13165.601218012678,-13108.42233938561,10.638477142091812
2864,8,0.09186118265324521,24.0,13845.819582958446,-13786.665137802138,10.885990917129485
2864,16,0.09400314505277137,24.0,13158.313854986107,-13098.228374626166,10.637941947991434
2864,32,0.09269043556392309,24.0,13564.00434918738,-13502.86122957976,10.788599642628277
