index,bin_size,m,n,a,b,corr
2260,1,0.20886139047525276,24.0,1324.3007130108826,-1412.042277362571,4.787864323437445
2260,2,0.20828960806465005,24.0,1336.1010456707236,-1421.7429516720858,4.801007641675597
2260,4,0.20945013642912103,24.0,1312.6363549069674,-1399.653656584279,4.774406056968147
2260,8,0.20869170256417488,24.0,1327.8806727505055,-1416.0340811077008,4.791757351696767
2260,16,0.2092958123581608,24.0,1316.897130048385,-1405.2274080499812,4.777926460796712
2260,32,0.20854965880679888,24.0,1331.2401769087205,-1417.7800697307007,4.795021031064853
