index,bin_size,m12,m23,m34,m13,m24,m14,m12_err,m23_err,m34_err,m13_err,m24_err,m14_err,corr12,corr23,corr34,corr13,corr24,corr14,corr12_err,corr23_err,corr34_err,corr13_err,corr24_err,corr14_err
2915,1,0.006182736129891204,,,,,,0.019003546906092145,,,,,,161.74068874868783,,,,,,497.133744783222,,,,,
2915,2,0.00580442805219363,,,,,,0.018467943969322064,,,,,,172.2822629564814,,,,,,548.1503346373411,,,,,
2915,4,0.005964114791058373,,,,,,0.01919908502496931,,,,,,167.66947569473982,,,,,,539.7448963895752,,,,,
2915,8,0.004948685217380997,,,,,,0.017155986840873192,,,,,,202.07387539780353,,,,,,700.5450124475075,,,,,
2915,16,0.0022239673490340316,,,,,,0.010241563214243568,,,,,,449.64688912107664,,,,,,2070.6630612277963,,,,,
2915,32,0.003076153780519693,,,,,,0.012609742291327927,,,,,,325.08127725365455,,,,,,1332.5702882161438,,,,,
