index,bin_size,m,n,a,b,corr
4,1,-0.000023928119857686305,16.0,459100839189.8841,-459100839112.55084,-41791.83345568102
4,2,0.000020983363982045203,16.0,596677007577.956,-596677007497.5573,47656.80092361111
4,4,-0.000018541038580247613,16.0,765360681601.0343,-765360681516.4619,-53934.41126136987
4,8,-1.74774334529519e-7,16.0,8627977756561238.0,-8627977756561154.0,-5721663.897001434
4,16,9.39776183557238e-6,16.0,2973756552161.2744,-2973756552081.808,106408.3148196843
4,32,-0.000035038192730802996,16.0,213697648292.46878,-213697648215.40222,-28540.284816712985
