index,bin_size,m,n,a,b,corr
1238,1,0.2304754419823177,16.0,2578.107453660008,-2615.219640170371,4.33885706606746
1238,2,0.2300488673466907,16.0,2590.0242091151304,-2625.793681167509,4.346902514816425
1238,4,0.23064333445669993,16.0,2571.644161639532,-2608.5164327506805,4.3356986767277945
1238,8,0.2303351912662762,16.0,2582.0945600066493,-2619.020933432776,4.341498988940696
1238,16,0.23079223312647962,16.0,2570.193247415222,-2607.793375777487,4.332901443230008
1238,32,0.22908030961543654,16.0,2620.662375224205,-2656.5899862124293,4.3652813359591125
