index,bin_size,m,n,a,b,corr
341,1,0.08851637405714217,36.0,11515.371676420933,-11606.581051664545,11.297344820681936
341,2,0.08840199085806345,36.0,11541.903205383462,-11628.602758830257,11.311962437651216
341,4,0.0896409561063394,36.0,11150.941149702749,-11243.211395389462,11.155615060751009
341,8,0.08904379423217992,36.0,11339.149226534413,-11431.519870816031,11.230428898756491
341,16,0.08863358212840163,36.0,11468.679585349906,-11561.328421277989,11.282405336515913
341,32,0.08853628638962703,36.0,11515.500831477144,-11603.65294297249,11.294803981265252
