index,bin_size,m12,m23,m34,m13,m24,m14,m12_err,m23_err,m34_err,m13_err,m24_err,m14_err,corr12,corr23,corr34,corr13,corr24,corr14,corr12_err,corr23_err,corr34_err,corr13_err,corr24_err,corr14_err
1889,1,0.06320754598238335,,,,,,0.0625225717654188,,,,,,15.82089581960216,,,,,,15.649446263108858,,,,,
1889,2,0.06366523853898677,,,,,,0.06393350504740014,,,,,,15.707158615099331,,,,,,15.77334394158935,,,,,
1889,4,0.06577914597721372,,,,,,0.06400563188775507,,,,,,15.202386488058172,,,,,,14.792505115634963,,,,,
1889,8,0.06584962505414338,,,,,,0.06406484223597556,,,,,,15.186115322262996,,,,,,14.774512102356967,,,,,
1889,16,0.06312551612342245,,,,,,0.06427932494963934,,,,,,15.84145463531433,,,,,,16.13100490437832,,,,,
1889,32,0.06422826362792985,,,,,,0.06291491821781059,,,,,,15.569469630892325,,,,,,15.2511036916202,,,,,
