index,bin_size,m12,m23,m34,m13,m24,m14,m12_err,m23_err,m34_err,m13_err,m24_err,m14_err,corr12,corr23,corr34,corr13,corr24,corr14,corr12_err,corr23_err,corr34_err,corr13_err,corr24_err,corr14_err
260,1,0.05178398752606419,,,,,,0.046835441300367854,,,,,,19.31098873945686,,,,,,17.46560515649108,,,,,
260,2,0.048639750270400975,,,,,,0.04433295363141944,,,,,,20.559316082848717,,,,,,18.738895687737138,,,,,
260,4,0.05107547844147675,,,,,,0.04610185978489227,,,,,,19.578867012392628,,,,,,17.67231965896549,,,,,
260,8,0.05216084316552836,,,,,,0.047440370814702655,,,,,,19.17146923462449,,,,,,17.436482126391578,,,,,
260,16,0.049356422520686276,,,,,,0.04498202973021922,,,,,,20.26078773397484,,,,,,18.465101594941224,,,,,
260,32,0.05012552724083442,,,,,,0.04228932642389885,,,,,,19.949914844693282,,,,,,16.831113954028016,,,,,
