index,bin_size,m,n,a,b,corr
1652,1,-3.559609406922176e-6,16.0,21054090016371.496,-21054090016356.195,-280929.69921232236
1652,2,-4.909682792004939e-6,16.0,11054036001253.164,-11054036001239.752,-203679.14636530637
1652,4,-1.0805300051531922e-6,16.0,228461085063266.53,-228461085063252.0,-925471.7548155684
1652,8,0.00003271262980723355,16.0,248927717555.8764,-248927717542.04114,30569.23291990655
1652,16,0.000033901060750227216,16.0,232257902773.31146,-232257902759.32755,29497.602077047035
1652,32,0.00003592159890960589,16.0,206721057633.58234,-206721057621.075,27838.40447961205
