index,bin_size,m12,m23,m34,m13,m24,m14,m12_err,m23_err,m34_err,m13_err,m24_err,m14_err,corr12,corr23,corr34,corr13,corr24,corr14,corr12_err,corr23_err,corr34_err,corr13_err,corr24_err,corr14_err
2510,1,0.1587229953985679,,,,,,0.03213204932354282,,,,,,6.300284325462161,,,,,,1.2754361533421539,,,,,
2510,2,0.1595827291491537,,,,,,0.03086711187154211,,,,,,6.266342262296767,,,,,,1.2120602816292438,,,,,
2510,4,0.15913034036567378,,,,,,0.030834802845740035,,,,,,6.28415673404612,,,,,,1.2176856625880772,,,,,
2510,8,0.15948202671581607,,,,,,0.03466169370128177,,,,,,6.270299046186052,,,,,,1.3627816841180531,,,,,
2510,16,0.15833549264733893,,,,,,0.03655936630690716,,,,,,6.315703341557807,,,,,,1.4582839772005476,,,,,
2510,32,0.15818950141350072,,,,,,0.043097170838572986,,,,,,6.321532030030501,,,,,,1.7222391083185002,,,,,
