index,bin_size,m12,m23,m34,m13,m24,m14,m12_err,m23_err,m34_err,m13_err,m24_err,m14_err,corr12,corr23,corr34,corr13,corr24,corr14,corr12_err,corr23_err,corr34_err,corr13_err,corr24_err,corr14_err
764,1,0.22974317542130826,,,,,,0.05149033603997964,,,,,,4.35268642111426,,,,,,0.9755296804304673,,,,,
764,2,0.2277557672916131,,,,,,0.0537991616113981,,,,,,4.390668178863825,,,,,,1.0371384652326925,,,,,
764,4,0.2310259983141045,,,,,,0.05513074253954706,,,,,,4.3285171681863845,,,,,,1.0329329483205782,,,,,
764,8,0.23067838416796577,,,,,,0.047813204859984824,,,,,,4.335039902446437,,,,,,0.8985330449556007,,,,,
764,16,0.22992850181752253,,,,,,0.041281966959069515,,,,,,4.349178079686819,,,,,,0.7808628524324076,,,,,
764,32,0.2299237295250724,,,,,,0.04151614769785239,,,,,,4.349268351142301,,,,,,0.785325062430882,,,,,
