index,bin_size,m,n,a,b,corr
2624,1,0.10316416282604242,54.0,2609.262322282736,-2822.95452358803,9.693288566556015
2624,2,0.10327824118740206,54.0,2598.5805683700187,-2810.679408423834,9.682581621287143
2624,4,0.10355190605455486,54.0,2578.980652182733,-2790.1241745776774,9.65699269188888
2624,8,0.10348365646581806,54.0,2578.782446270797,-2793.023875071729,9.6633616761533
2624,16,0.10377712349922669,54.0,2557.7225204413385,-2772.356572683434,9.63603505552408
2624,32,0.1033579693271537,54.0,2592.0556774586685,-2799.6421125186116,9.675112683713348
