index,bin_size,m,n,a,b,corr
820,1,0.10597940925669874,16.0,20588.38740214388,-20543.447494468597,9.435795189024343
820,2,0.107538413804238,16.0,19943.78552293161,-19896.212656125557,9.299002697030582
820,4,0.105794018984085,16.0,20649.169698281174,-20603.347368920386,9.452330194114602
820,8,0.10697610099936575,16.0,20170.099080165237,-20122.439126458434,9.34788229013814
820,16,0.10721389600878238,16.0,20087.010035307776,-20043.39367693585,9.327149159079951
820,32,0.10778922311512647,16.0,19870.262299717786,-19825.83260213623,9.277365316307455
