index,bin_size,m12,m23,m34,m13,m24,m14,m12_err,m23_err,m34_err,m13_err,m24_err,m14_err,corr12,corr23,corr34,corr13,corr24,corr14,corr12_err,corr23_err,corr34_err,corr13_err,corr24_err,corr14_err
127,1,0.13213496257301716,,,,,,0.06361560175627053,,,,,,7.568019701427658,,,,,,3.6435786413727365,,,,,
127,2,0.12737330836814775,,,,,,0.06261956394430995,,,,,,7.8509384172521814,,,,,,3.859696717785047,,,,,
127,4,0.13224009948390014,,,,,,0.060547098242578846,,,,,,7.5620027805691965,,,,,,3.462318366763785,,,,,
127,8,0.13203547107645705,,,,,,0.05788021758751406,,,,,,7.573722362992408,,,,,,3.320082813682529,,,,,
127,16,0.13187772008008294,,,,,,0.05271095711726769,,,,,,7.5827819846502384,,,,,,3.030805323141566,,,,,
127,32,0.13261569762495637,,,,,,0.051120649357045564,,,,,,7.540585450359343,,,,,,2.906742049834964,,,,,
