index,bin_size,m12,m23,m34,m13,m24,m14,m12_err,m23_err,m34_err,m13_err,m24_err,m14_err,corr12,corr23,corr34,corr13,corr24,corr14,corr12_err,corr23_err,corr34_err,corr13_err,corr24_err,corr14_err
701,1,0.05944626975864646,,,,,,0.05971956672864024,,,,,,16.821913369165607,,,,,,16.899250062821174,,,,,
701,2,0.05529542597410744,,,,,,0.05959237100193851,,,,,,18.084678477172027,,,,,,19.490018392607272,,,,,
701,4,0.05879033975729373,,,,,,0.06006612699154984,,,,,,17.009597225128072,,,,,,17.37871614992497,,,,,
701,8,0.06013756269924573,,,,,,0.06272372515588157,,,,,,16.628542214141685,,,,,,17.343637898977892,,,,,
701,16,0.058634490546611975,,,,,,0.06332503769941233,,,,,,17.054808367526306,,,,,,18.419131346784777,,,,,
701,32,0.056842540654317646,,,,,,0.0616588789403907,,,,,,17.59245784035943,,,,,,19.08308840098011,,,,,
