index,bin_size,m12,m23,m34,m13,m24,m14,m12_err,m23_err,m34_err,m13_err,m24_err,m14_err,corr12,corr23,corr34,corr13,corr24,corr14,corr12_err,corr23_err,corr34_err,corr13_err,corr24_err,corr14_err
2084,1,0.047730109074973555,,,,,,0.05856190629603449,,,,,,20.95113586330211,,,,,,25.70575427127003,,,,,
2084,2,0.049250298610483925,,,,,,0.058953734930469646,,,,,,20.30444541887772,,,,,,24.304885998800728,,,,,
2084,4,0.04988253998497901,,,,,,0.06057300041565014,,,,,,20.0470946407526,,,,,,24.343441059187192,,,,,
2084,8,0.053286460525511156,,,,,,0.06324037605908958,,,,,,18.766493216813398,,,,,,22.272075807576798,,,,,
2084,16,0.05852163775426157,,,,,,0.06977370504004078,,,,,,17.08769676267612,,,,,,20.37318092051861,,,,,
2084,32,0.06118889228420245,,,,,,0.0741289736609263,,,,,,16.34283548320055,,,,,,19.79897945287368,,,,,
