index,bin_size,m12,m23,m34,m13,m24,m14,m12_err,m23_err,m34_err,m13_err,m24_err,m14_err,corr12,corr23,corr34,corr13,corr24,corr14,corr12_err,corr23_err,corr34_err,corr13_err,corr24_err,corr14_err
702,1,0.09995581149561673,,,,,,0.06794866877446823,,,,,,10.004420803925463,,,,,,6.800875960235094,,,,,
702,2,0.09921511345089493,,,,,,0.07022696824941146,,,,,,10.079109575326298,,,,,,7.134248840819064,,,,,
702,4,0.0938325940098321,,,,,,0.07222837993609746,,,,,,10.657277575585479,,,,,,8.203523540372142,,,,,
702,8,0.09595030196803056,,,,,,0.06884786416787417,,,,,,10.422062041380416,,,,,,7.4782121270779385,,,,,
702,16,0.09675849624795735,,,,,,0.06391223228006837,,,,,,10.33500972811068,,,,,,6.826620586031694,,,,,
702,32,0.0978082233385733,,,,,,0.06475724758476926,,,,,,10.224089200949868,,,,,,6.769204603817456,,,,,
