index,bin_size,m12,m23,m34,m13,m24,m14,m12_err,m23_err,m34_err,m13_err,m24_err,m14_err,corr12,corr23,corr34,corr13,corr24,corr14,corr12_err,corr23_err,corr34_err,corr13_err,corr24_err,corr14_err
1752,1,0.0860164145545419,,,,,,0.06330834492562055,,,,,,11.625688017557543,,,,,,8.556542037060808,,,,,
1752,2,0.08490775840233554,,,,,,0.06427765693346854,,,,,,11.777486755232644,,,,,,8.915902002784353,,,,,
1752,4,0.08789786179337507,,,,,,0.06519930592240025,,,,,,11.37684102431,,,,,,8.438909926138935,,,,,
1752,8,0.08591533304415364,,,,,,0.06158527288320584,,,,,,11.63936592652303,,,,,,8.343254939185579,,,,,
1752,16,0.08439943420457538,,,,,,0.06612616834340232,,,,,,11.848420660926527,,,,,,9.283126914438483,,,,,
1752,32,0.08237561379202164,,,,,,0.06400820100297888,,,,,,12.139515008953456,,,,,,9.432749341735766,,,,,
