index,bin_size,m12,m23,m34,m13,m24,m14,m12_err,m23_err,m34_err,m13_err,m24_err,m14_err,corr12,corr23,corr34,corr13,corr24,corr14,corr12_err,corr23_err,corr34_err,corr13_err,corr24_err,corr14_err
1477,1,0.09795131904524638,,,,,,0.06907752664859472,,,,,,10.209152972591138,,,,,,7.199729859666132,,,,,
1477,2,0.1001689058564625,,,,,,0.06859269353032482,,,,,,9.983137895435881,,,,,,6.836156512619296,,,,,
1477,4,0.09812204602622693,,,,,,0.06749924374434309,,,,,,10.191389606090269,,,,,,7.010769943904153,,,,,
1477,8,0.0962446319086644,,,,,,0.06559793578024858,,,,,,10.390189875202537,,,,,,7.081693749163443,,,,,
1477,16,0.09683325933590377,,,,,,0.06236306769325141,,,,,,10.32703026685399,,,,,,6.65086863768594,,,,,
1477,32,0.09981054881032371,,,,,,0.06700205537309123,,,,,,10.018981078847318,,,,,,6.7256651028197485,,,,,
