index,bin_size,m12,m23,m34,m13,m24,m14,m12_err,m23_err,m34_err,m13_err,m24_err,m14_err,corr12,corr23,corr34,corr13,corr24,corr14,corr12_err,corr23_err,corr34_err,corr13_err,corr24_err,corr14_err
1487,1,0.18745688210135175,,,,,,0.0521623973799872,,,,,,5.334560080111292,,,,,,1.4844130534281141,,,,,
1487,2,0.18658719007428767,,,,,,0.052124916535995144,,,,,,5.359424725790987,,,,,,1.4972065681549729,,,,,
1487,4,0.1861005307795215,,,,,,0.046447825348602235,,,,,,5.373439805954815,,,,,,1.3411277903549141,,,,,
1487,8,0.18592329806207092,,,,,,0.053293231576227014,,,,,,5.378562075991938,,,,,,1.541716166024846,,,,,
1487,16,0.1857347809529391,,,,,,0.05587659103797177,,,,,,5.384021209540592,,,,,,1.6197329855063163,,,,,
1487,32,0.18916011646312703,,,,,,0.05432761433813522,,,,,,5.286526666919927,,,,,,1.5183136240280222,,,,,
