index,bin_size,m12,m23,m34,m13,m24,m14,m12_err,m23_err,m34_err,m13_err,m24_err,m14_err,corr12,corr23,corr34,corr13,corr24,corr14,corr12_err,corr23_err,corr34_err,corr13_err,corr24_err,corr14_err
2416,1,0.060911387076882595,,,,,,0.0471210007904386,,,,,,16.417291544154068,,,,,,12.70040373325442,,,,,
2416,2,0.0602276971967141,,,,,,0.04656555453893462,,,,,,16.603656565746267,,,,,,12.83725779574019,,,,,
2416,4,0.06191956516873001,,,,,,0.04677134799345168,,,,,,16.149984213794347,,,,,,12.198996063583293,,,,,
2416,8,0.0596694846699766,,,,,,0.04838241575505524,,,,,,16.758985024436818,,,,,,13.588858452015934,,,,,
2416,16,0.05928219145991646,,,,,,0.04278022947548554,,,,,,16.868472223671894,,,,,,12.172915589962141,,,,,
2416,32,0.05961125229423238,,,,,,0.03951758706625695,,,,,,16.77535635494029,,,,,,11.120746164696493,,,,,
