index,bin_size,m12,m23,m34,m13,m24,m14,m12_err,m23_err,m34_err,m13_err,m24_err,m14_err,corr12,corr23,corr34,corr13,corr24,corr14,corr12_err,corr23_err,corr34_err,corr13_err,corr24_err,corr14_err
399,1,1575487165595.4868,,,,,,19833452547390.086,,,,,,6.347243073998829e-13,,,,,,7.990401132041237e-12,,,,,
399,2,313998863594.4158,,,,,,5084123910042.584,,,,,,3.184724901717078e-12,,,,,,5.15655879590762e-11,,,,,
399,4,437209533300.5874,,,,,,7818869804487.553,,,,,,2.287232834222045e-12,,,,,,4.09039016334441e-11,,,,,
399,8,316034597599.44666,,,,,,3290601369782.1753,,,,,,3.164210525036993e-12,,,,,,3.2946251983343414e-11,,,,,
399,16,475341503553.6234,,,,,,6125464786115.177,,,,,,2.1037506561578622e-12,,,,,,2.7109878827586866e-11,,,,,
399,32,11.742186034549915,,,,,,2.9826943772560273,,,,,,0.08516301794722252,,,,,,0.02163270570181111,,,,,
