index,bin_size,m12,m23,m34,m13,m24,m14,m12_err,m23_err,m34_err,m13_err,m24_err,m14_err,corr12,corr23,corr34,corr13,corr24,corr14,corr12_err,corr23_err,corr34_err,corr13_err,corr24_err,corr14_err
2600,1,0.196130229500376,,,,,,0.03291585848791146,,,,,,5.098653086509965,,,,,,0.8556893238846349,,,,,
2600,2,0.19636148490959973,,,,,,0.03407913698882798,,,,,,5.092648390087174,,,,,,0.8838447224088516,,,,,
2600,4,0.19616931634219759,,,,,,0.03505356632288508,,,,,,5.097637177139369,,,,,,0.9108986370077992,,,,,
2600,8,0.19473719653396324,,,,,,0.03400268200313556,,,,,,5.135125789004539,,,,,,0.8966342966695082,,,,,
2600,16,0.1959296716524357,,,,,,0.031610860103196296,,,,,,5.1038721780431695,,,,,,0.8234474546097305,,,,,
2600,32,0.19604459925820195,,,,,,0.03540401402290773,,,,,,5.1008801251542915,,,,,,0.9211762637862029,,,,,
