index,bin_size,m12,m23,m34,m13,m24,m14,m12_err,m23_err,m34_err,m13_err,m24_err,m14_err,corr12,corr23,corr34,corr13,corr24,corr14,corr12_err,corr23_err,corr34_err,corr13_err,corr24_err,corr14_err
2551,1,0.06253360914949821,,,,,,0.018705749941494376,,,,,,15.991400681980696,,,,,,4.783525954119248,,,,,
2551,2,0.06256402447856894,,,,,,0.017769107429293433,,,,,,15.983626506356636,,,,,,4.539586109880787,,,,,
2551,4,0.0636789529981878,,,,,,0.016707153948083153,,,,,,15.70377578331821,,,,,,4.1201274082748185,,,,,
2551,8,0.06303052767145521,,,,,,0.017370699179799918,,,,,,15.865328071065354,,,,,,4.37235497611294,,,,,
2551,16,0.0627373729696845,,,,,,0.016550025414726176,,,,,,15.939462439449175,,,,,,4.204806417339597,,,,,
2551,32,0.06375292838053943,,,,,,0.013107522978145408,,,,,,15.685553987905124,,,,,,3.224930439182237,,,,,
