index,bin_size,m,n,a,b,corr
2214,1,0.08574060207311524,24.0,19935.519700363137,-19889.74286257726,11.663085817233366
2214,2,0.08383850210607069,24.0,20960.314101812815,-20912.559198605282,11.9276940174196
2214,4,0.08418563895359321,24.0,20758.208305993216,-20708.976160490918,11.878510544431974
2214,8,0.08534140365124396,24.0,20141.856170709783,-20092.87891276993,11.717641815297512
2214,16,0.08517621460046171,24.0,20251.11884115373,-20202.796056217707,11.740366775991703
2214,32,0.08524103025746393,24.0,20214.235244477743,-20165.82260996913,11.731439624551433
