index,bin_size,m12,m23,m34,m13,m24,m14,m12_err,m23_err,m34_err,m13_err,m24_err,m14_err,corr12,corr23,corr34,corr13,corr24,corr14,corr12_err,corr23_err,corr34_err,corr13_err,corr24_err,corr14_err
234,1,0.16606746788696186,,,,,,0.03133254933897001,,,,,,6.021648988353793,,,,,,1.1361262770501186,,,,,
234,2,0.1663564019092344,,,,,,0.030970427570628206,,,,,,6.011190363119354,,,,,,1.1190981147561838,,,,,
234,4,0.1668194081308208,,,,,,0.03135199480169908,,,,,,5.994506341946699,,,,,,1.1266059134083584,,,,,
234,8,0.1659467111484229,,,,,,0.030518617064772834,,,,,,6.026030844959615,,,,,,1.1082239985662996,,,,,
234,16,0.1658942232212847,,,,,,0.03211101807323755,,,,,,6.0279374446095675,,,,,,1.1667869107775448,,,,,
234,32,0.1666637278432708,,,,,,0.026449549529537927,,,,,,6.000105799507808,,,,,,0.9522173635512928,,,,,
