index,bin_size,m12,m23,m34,m13,m24,m14,m12_err,m23_err,m34_err,m13_err,m24_err,m14_err,corr12,corr23,corr34,corr13,corr24,corr14,corr12_err,corr23_err,corr34_err,corr13_err,corr24_err,corr14_err
852,1,0.12325457247844299,,,,,,0.06288042824695858,,,,,,8.113289267016023,,,,,,4.139133286034054,,,,,
852,2,0.12248086049518737,,,,,,0.06245351964103329,,,,,,8.164540940984757,,,,,,4.163134680441338,,,,,
852,4,0.12210554139333485,,,,,,0.060051020958526845,,,,,,8.189636511079629,,,,,,4.027630754163334,,,,,
852,8,0.1223520032036475,,,,,,0.05474566962156993,,,,,,8.173139579378693,,,,,,3.6570222592833197,,,,,
852,16,0.12122528413500054,,,,,,0.05515893475204681,,,,,,8.249104195840584,,,,,,3.753439749371839,,,,,
852,32,0.1243021677386235,,,,,,0.04645444631076759,,,,,,8.044911993029364,,,,,,3.0065600548566223,,,,,
