index,bin_size,m,n,a,b,corr
211,1,0.09881650323166627,24.0,13070.343510931607,-12982.827686349685,10.119767116790111
211,2,0.09914567655359655,24.0,12954.591481462952,-12869.805554440789,10.086168502359417
211,4,0.09794705445966612,24.0,13337.979129212583,-13253.66978739322,10.20959747607104
211,8,0.09881576860265412,24.0,13046.49825643282,-12958.097882619642,10.119842350476246
211,16,0.10092195516505312,24.0,12434.179373011422,-12351.051705488688,9.908646719780121
211,32,0.0982676402932451,24.0,13238.250169660294,-13153.331469816441,10.176289946678814
