index,bin_size,m,n,a,b,corr
1594,1,0.1308010385960025,16.0,10306.31856122359,-10357.126573892921,7.645199233384082
1594,2,0.13234075810497245,16.0,10025.270236805702,-10075.868624546314,7.55625110751445
1594,4,0.1309092258645454,16.0,10277.96032133015,-10328.184865294263,7.638881013892188
1594,8,0.13081705303115834,16.0,10280.928992016616,-10329.671438106589,7.644263319108843
1594,16,0.1305882069529031,16.0,10339.79668225403,-10390.223942580194,7.657659319578927
1594,32,0.13103678570749927,16.0,10256.637861113748,-10306.984471917236,7.6314448236864045
