index,bin_size,m12,m23,m34,m13,m24,m14,m12_err,m23_err,m34_err,m13_err,m24_err,m14_err,corr12,corr23,corr34,corr13,corr24,corr14,corr12_err,corr23_err,corr34_err,corr13_err,corr24_err,corr14_err
869,1,0.020518647833367775,,,,,,0.04100006060074188,,,,,,48.736154941642056,,,,,,97.38386867798312,,,,,
869,2,0.02178287203943826,,,,,,0.042652390997070876,,,,,,45.90762862626577,,,,,,89.8903561647285,,,,,
869,4,0.01917370835768612,,,,,,0.03945464385750848,,,,,,52.15475177492893,,,,,,107.32129217620518,,,,,
869,8,0.016443871014303942,,,,,,0.03668389387306335,,,,,,60.81293140344724,,,,,,135.66483948781877,,,,,
869,16,0.017184599838531767,,,,,,0.036806857302459146,,,,,,58.19163724474826,,,,,,124.63783319885052,,,,,
869,32,0.01319373290979978,,,,,,0.031865704681083316,,,,,,75.79356099116117,,,,,,183.05776293819716,,,,,
