index,bin_size,m,n,a,b,corr
465,1,0.08479419395356949,36.0,10543.37514622696,-10442.548108263934,11.793260285575297
465,2,0.08523442201541451,36.0,10430.448165388012,-10330.084323975705,11.732349165448106
465,4,0.08582707758237391,36.0,10246.09119521752,-10143.933018091404,11.651334615701368
465,8,0.08562653495540284,36.0,10304.639032071558,-10206.559957121752,11.67862276011558
465,16,0.08555371355939301,36.0,10313.861893274587,-10218.140983038262,11.688563341038154
465,32,0.08571972041055761,36.0,10281.902274377993,-10186.345488092857,11.665926991017527
