index,bin_size,m12,m23,m34,m13,m24,m14,m12_err,m23_err,m34_err,m13_err,m24_err,m14_err,corr12,corr23,corr34,corr13,corr24,corr14,corr12_err,corr23_err,corr34_err,corr13_err,corr24_err,corr14_err
2093,1,0.04158701614609921,,,,,,0.05672895493089287,,,,,,24.04596657011658,,,,,,32.801164407508246,,,,,
2093,2,0.04242449776509299,,,,,,0.05756250884748224,,,,,,23.571286701779254,,,,,,31.98204977771373,,,,,
2093,4,0.03906808683022472,,,,,,0.054993284905345635,,,,,,25.596339138530784,,,,,,36.03009220533608,,,,,
2093,8,0.03773305909321439,,,,,,0.05158838109680006,,,,,,26.501959396656286,,,,,,36.23329817466326,,,,,
2093,16,0.03551681196203529,,,,,,0.050908215545571005,,,,,,28.155680218960033,,,,,,40.357097336076585,,,,,
2093,32,0.033668382655012104,,,,,,0.04833198680166086,,,,,,29.701456415255908,,,,,,42.63734359210603,,,,,
