index,bin_size,m12,m23,m34,m13,m24,m14,m12_err,m23_err,m34_err,m13_err,m24_err,m14_err,corr12,corr23,corr34,corr13,corr24,corr14,corr12_err,corr23_err,corr34_err,corr13_err,corr24_err,corr14_err
1013,1,0.10483713988728031,,,,,,0.06611129758398665,,,,,,9.53860436363667,,,,,,6.015134639292159,,,,,
1013,2,0.10582602028996929,,,,,,0.06555231707285615,,,,,,9.449471852574096,,,,,,5.853331471349675,,,,,
1013,4,0.10402416940471379,,,,,,0.068431566631456,,,,,,9.61315053725087,,,,,,6.323943322909053,,,,,
1013,8,0.10757292181863383,,,,,,0.07307886510025713,,,,,,9.296019696164649,,,,,,6.315181905077469,,,,,
1013,16,0.10539102193318656,,,,,,0.07246451087456249,,,,,,9.488474270929432,,,,,,6.524062812719164,,,,,
1013,32,0.10539558706262302,,,,,,0.07104414939434528,,,,,,9.48806328490612,,,,,,6.39563196393943,,,,,
