index,bin_size,m,n,a,b,corr
1265,1,-5.0713497485077426e-6,16.0,10072077198754.488,-10072077198810.512,-197186.16336691284
1265,2,-0.000052205610537080784,16.0,95040862235.03267,-95040862291.30614,-19155.02931030213
1265,4,3.255562454250787e-7,16.0,2443710322562400.0,-2443710322562456.5,3071665.845925641
1265,8,6.233490129306745e-6,16.0,6666442430348.456,-6666442430404.386,160423.7721174052
1265,16,-0.000038179669585759446,16.0,177584186613.9987,-177584186672.24866,-26191.950083637912
1265,32,0.000020015665340890707,16.0,645828563529.6171,-645828563587.1031,49960.86729912819
