index,bin_size,m12,m23,m34,m13,m24,m14,m12_err,m23_err,m34_err,m13_err,m24_err,m14_err,corr12,corr23,corr34,corr13,corr24,corr14,corr12_err,corr23_err,corr34_err,corr13_err,corr24_err,corr14_err
1052,1,0.26365814713958974,,,,,,0.04593567666770972,,,,,,3.7927900611034993,,,,,,0.6607964889592922,,,,,
1052,2,0.2624978595695559,,,,,,0.04541317356379572,,,,,,3.8095548727132496,,,,,,0.6590681421898925,,,,,
1052,4,0.2603600348030608,,,,,,0.045552771190501454,,,,,,3.840835252447293,,,,,,0.6719951837749815,,,,,
1052,8,0.2631156563418276,,,,,,0.04497689310670804,,,,,,3.8006100203358733,,,,,,0.649674873025622,,,,,
1052,16,0.2619207703116477,,,,,,0.04921978282482146,,,,,,3.8179484536875226,,,,,,0.7174635043386095,,,,,
1052,32,0.2612879058314251,,,,,,0.04383722555496732,,,,,,3.827195892660907,,,,,,0.6421026226061266,,,,,
