index,bin_size,m,n,a,b,corr
2603,1,0.05872436551439966,54.0,15620.37850319056,-15503.978406991224,17.0287067597996
2603,2,0.05906620734667877,54.0,15393.23830613709,-15280.104299132881,16.930154227283882
2603,4,0.058825347695880964,54.0,15534.492934135436,-15422.855911540704,16.99947453213305
2603,8,0.05875316133708595,54.0,15575.793558971582,-15463.630529138103,17.02036073025374
2603,16,0.05864509825782955,54.0,15674.561451508394,-15560.206153991176,17.051723497905346
2603,32,0.058897082751272825,54.0,15489.246306056457,-15375.830207668057,16.978769631478716
