index,bin_size,m,n,a,b,corr
616,1,0.00003583565275632928,16.0,197175121083.98926,-197175121067.25797,27905.170495977094
616,2,-0.000011112377592062297,16.0,2055693739571.7695,-2055693739551.544,-89989.74267345917
616,4,4.203512722865187e-6,16.0,14362504424170.057,-14362504424150.887,237896.27055497112
616,8,-3.054658271325829e-7,16.0,2716775696827840.0,-2716775696827821.5,-3273688.6131814835
616,16,6.067465817825947e-7,16.0,687449752570322.6,-687449752570304.2,1648134.5425334643
616,32,-2.8804266827854642e-6,16.0,30505259383523.22,-30505259383506.645,-347170.7875699055
