index,bin_size,m12,m23,m34,m13,m24,m14,m12_err,m23_err,m34_err,m13_err,m24_err,m14_err,corr12,corr23,corr34,corr13,corr24,corr14,corr12_err,corr23_err,corr34_err,corr13_err,corr24_err,corr14_err
1716,1,0.2106002756787598,,,,,,0.051326125932122164,,,,,,4.74833186602925,,,,,,1.1572324800518092,,,,,
1716,2,0.21030602270677237,,,,,,0.053795284420237274,,,,,,4.754975569074834,,,,,,1.216300226961703,,,,,
1716,4,0.20951992595759733,,,,,,0.05491778148396548,,,,,,4.772815737832879,,,,,,1.2510144348112449,,,,,
1716,8,0.20868402490097163,,,,,,0.05429967868001614,,,,,,4.79193364453526,,,,,,1.2468633249607781,,,,,
1716,16,0.20943968394791282,,,,,,0.054394257122655026,,,,,,4.774644332679082,,,,,,1.2400383089078941,,,,,
1716,32,0.20886801185039622,,,,,,0.05953290351717299,,,,,,4.787712542197509,,,,,,1.3646246082274982,,,,,
