index,bin_size,m,n,a,b,corr
1414,1,0.09402948173896927,16.0,27696.168804329307,-27647.618653657522,10.634962370377112
1414,2,0.0937154569462398,16.0,27903.652503325917,-27857.262145631168,10.670598347225193
1414,4,0.0949129597716139,16.0,27167.21063520021,-27122.084610796723,10.53596898048769
1414,8,0.09545248826839817,16.0,26828.40308140436,-26783.12056117062,10.476416258402287
1414,16,0.09499762088710176,16.0,27120.06840427904,-27074.710652187827,10.526579409693136
1414,32,0.09565741563310841,16.0,26717.3127174342,-26671.361981302827,10.453972578931827
