index,bin_size,m12,m23,m34,m13,m24,m14,m12_err,m23_err,m34_err,m13_err,m24_err,m14_err,corr12,corr23,corr34,corr13,corr24,corr14,corr12_err,corr23_err,corr34_err,corr13_err,corr24_err,corr14_err
461,1,0.062437710109469274,,,,,,0.0303994831193094,,,,,,16.01596212043562,,,,,,7.797803110749282,,,,,
461,2,0.06129797822253416,,,,,,0.03051366001017295,,,,,,16.31375175816783,,,,,,8.120859595595888,,,,,
461,4,0.06238701720866892,,,,,,0.028393241287158606,,,,,,16.02897597516565,,,,,,7.295020708021712,,,,,
461,8,0.06364918267168652,,,,,,0.028337545193111196,,,,,,15.711120834939432,,,,,,6.994820326146541,,,,,
461,16,0.06330901795956062,,,,,,0.026844359206940584,,,,,,15.795538017013023,,,,,,6.697641348131983,,,,,
461,32,0.06270648407216778,,,,,,0.025518699650218423,,,,,,15.947314138185737,,,,,,6.4898347553928675,,,,,
