index,bin_size,m,n,a,b,corr
1677,1,0.1615802820337184,16.0,7232.774422887319,-7296.396853502936,6.188873960445997
1677,2,0.16247151392905906,16.0,7141.7826080791165,-7202.352948207681,6.154925105435013
1677,4,0.1616994407630102,16.0,7209.329032881712,-7270.087012263337,6.184313286931023
1677,8,0.16123178691032372,16.0,7261.122115145405,-7323.629211895644,6.202250928076576
1677,16,0.16195017273594658,16.0,7190.7650173913735,-7250.890388997755,6.174738705777491
1677,32,0.1621571616580653,16.0,7169.437276185121,-7229.624149538402,6.166856830589218
