index,bin_size,m,n,a,b,corr
3,1,-0.00003490322080202422,16.0,216371192058.954,-216371191960.89362,-28650.65105802513
3,2,-7.342944152413043e-6,16.0,4889593092664.303,-4889593092564.782,-136185.1566951356
3,4,0.0000640252974911502,16.0,64342894636.75757,-64342894538.44866,15618.826295000401
3,8,-9.420786702430413e-6,16.0,2974377610374.6455,-2974377610275.661,-106148.24765558231
3,16,0.00009766167294011299,16.0,27615790628.336784,-27615790531.195538,10239.431395089954
3,32,6.756440307241203e-6,16.0,5780744599319.201,-5780744599220.472,148006.93183483792
