index,bin_size,m,n,a,b,corr
89,1,0.13710429123659096,16.0,11169.375483631622,-11130.308104479365,7.293717731083794
89,2,0.13375790959270747,16.0,11827.389322037752,-11789.427537041716,7.4761933933103295
89,4,0.13419295515904084,16.0,11725.966221972812,-11686.726527695362,7.451956019709341
89,8,0.1332818211808759,16.0,11913.748038577653,-11873.615664991998,7.502898678454479
89,16,0.1357684008908583,16.0,11405.079716333577,-11369.295562049076,7.3654841144065735
89,32,0.13636375603650383,16.0,11294.568629632007,-11257.598295848133,7.333326897598108
