index,bin_size,m,n,a,b,corr
251,1,0.19152162251181593,24.0,1780.51566277531,-1701.0639537821774,5.22134256636378
251,2,0.19203006493960229,24.0,1769.9743006137483,-1692.8271211882218,5.207517897338223
251,4,0.19209806334996254,24.0,1767.5219641588546,-1691.3953274584364,5.205674552679945
251,8,0.19149479901245314,24.0,1785.6495508096548,-1707.545863915912,5.222073942253485
251,16,0.19201015697852072,24.0,1771.364689920363,-1695.179474907669,5.208057822232109
251,32,0.19186785720095567,24.0,1773.0009716915079,-1695.4076344906675,5.211920404951597
