index,bin_size,m12,m23,m34,m13,m24,m14,m12_err,m23_err,m34_err,m13_err,m24_err,m14_err,corr12,corr23,corr34,corr13,corr24,corr14,corr12_err,corr23_err,corr34_err,corr13_err,corr24_err,corr14_err
80,1,0.09487730160940051,,,,,,0.06682113582812345,,,,,,10.539928761010623,,,,,,7.423166546807168,,,,,
80,2,0.09334307159403937,,,,,,0.07024581079209913,,,,,,10.713167918333825,,,,,,8.06224986733049,,,,,
80,4,0.09496051019749324,,,,,,0.06770827529546605,,,,,,10.530693210475167,,,,,,7.508543008710266,,,,,
80,8,0.09146142877123206,,,,,,0.06921750174340657,,,,,,10.93357072412733,,,,,,8.27446564990664,,,,,
80,16,0.0948990255649486,,,,,,0.07128746332606697,,,,,,10.537515997101604,,,,,,7.91570599085984,,,,,
80,32,0.09698863919637785,,,,,,0.06903577089019755,,,,,,10.310485932019821,,,,,,7.338924955203496,,,,,
