index,bin_size,m12,m23,m34,m13,m24,m14,m12_err,m23_err,m34_err,m13_err,m24_err,m14_err,corr12,corr23,corr34,corr13,corr24,corr14,corr12_err,corr23_err,corr34_err,corr13_err,corr24_err,corr14_err
2370,1,0.05480526201000593,,,,,,0.045699737364752524,,,,,,18.246423122973624,,,,,,15.21490298529734,,,,,
2370,2,0.05487553870061169,,,,,,0.04687963688972645,,,,,,18.2230557308197,,,,,,15.567778575129568,,,,,
2370,4,0.05496230575681632,,,,,,0.04471104367065419,,,,,,18.194287634593675,,,,,,14.800790792621987,,,,,
2370,8,0.05402210904156589,,,,,,0.04519921844115467,,,,,,18.510939645665747,,,,,,15.4877330678022,,,,,
2370,16,0.054219111188181617,,,,,,0.047313225089446596,,,,,,18.44368116860563,,,,,,16.09451021023813,,,,,
2370,32,0.05232245072870557,,,,,,0.04497355508708064,,,,,,19.112254607205774,,,,,,16.427862675474955,,,,,
