index,bin_size,m,n,a,b,corr
716,1,0.02491773849430474,16.0,415773.6800363253,-415878.2184599692,40.13205292400682
716,2,0.02311320767207663,16.0,483711.4724362907,-483813.2053362843,43.26530588863756
716,4,0.020005657885091614,16.0,646123.1650677224,-646226.2122469427,49.98585928759726
716,8,0.01933988250337834,16.0,690974.1525932516,-691077.7852674391,51.7066223036938
716,16,0.018280539857991513,16.0,773993.8738926612,-774096.4541652085,54.70297965860349
716,32,0.023667813861792075,16.0,460748.00092608854,-460851.66689601436,42.25147306969239
