index,bin_size,m12,m23,m34,m13,m24,m14,m12_err,m23_err,m34_err,m13_err,m24_err,m14_err,corr12,corr23,corr34,corr13,corr24,corr14,corr12_err,corr23_err,corr34_err,corr13_err,corr24_err,corr14_err
2502,1,0.025717759487270855,,,,,,0.035785952646353134,,,,,,38.8836360529367,,,,,,54.10611135068539,,,,,
2502,2,0.024542547495436565,,,,,,0.035659315548115605,,,,,,40.74556645702488,,,,,,59.20163796150044,,,,,
2502,4,0.028779888038455124,,,,,,0.03998602820220702,,,,,,34.74648680577977,,,,,,48.275865405976205,,,,,
2502,8,0.029940966617314248,,,,,,0.04237430112415849,,,,,,33.39905530710957,,,,,,47.26840134905558,,,,,
2502,16,0.030881262960066137,,,,,,0.04219792523280906,,,,,,32.38209529490883,,,,,,44.24874843698213,,,,,
2502,32,0.0317880510494403,,,,,,0.04430036035117078,,,,,,31.458361459300832,,,,,,43.840899416478926,,,,,
