index,bin_size,m,n,a,b,corr
1472,1,0.18300462189419395,16.0,5253.884856220495,-5215.726142124509,5.464342865494187
1472,2,0.18002607183818417,16.0,5483.426948756822,-5445.217891310809,5.554750985728593
1472,4,0.18179436133668112,16.0,5338.914093293462,-5300.229083583122,5.500720663981493
1472,8,0.18248165382083098,16.0,5293.302147624281,-5255.612587090777,5.480002943100498
1472,16,0.18078573212438112,16.0,5419.081099277701,-5381.289790831018,5.531409963879213
1472,32,0.18302442591542276,16.0,5255.985868157484,-5217.25490637343,5.463751600358026
