index,bin_size,m12,m23,m34,m13,m24,m14,m12_err,m23_err,m34_err,m13_err,m24_err,m14_err,corr12,corr23,corr34,corr13,corr24,corr14,corr12_err,corr23_err,corr34_err,corr13_err,corr24_err,corr14_err
621,1,0.048054853233883046,,,,,,0.056913637718371594,,,,,,20.809552682077676,,,,,,24.645738416157812,,,,,
621,2,0.04767092409906112,,,,,,0.05768297767136829,,,,,,20.977147368110177,,,,,,25.38285854768091,,,,,
621,4,0.04766322936198565,,,,,,0.057461546764096066,,,,,,20.980533912323644,,,,,,25.293584733480262,,,,,
621,8,0.0470626070057099,,,,,,0.05779800832757866,,,,,,21.248291661332626,,,,,,26.095216914768923,,,,,
621,16,0.05243782547858066,,,,,,0.06166341496598207,,,,,,19.07020344328487,,,,,,22.425298106408132,,,,,
621,32,0.050120081777667934,,,,,,0.057396461509408456,,,,,,19.952082369617585,,,,,,22.84870429462391,,,,,
