index,bin_size,m12,m23,m34,m13,m24,m14,m12_err,m23_err,m34_err,m13_err,m24_err,m14_err,corr12,corr23,corr34,corr13,corr24,corr14,corr12_err,corr23_err,corr34_err,corr13_err,corr24_err,corr14_err
934,1,0.1567366691164355,,,,,,0.06627019680197768,,,,,,6.3801279281820555,,,,,,2.6975967768481985,,,,,
934,2,0.15311226568331454,,,,,,0.06864410069640031,,,,,,6.53115539461954,,,,,,2.9280821270020447,,,,,
934,4,0.15459494251090963,,,,,,0.06567548006030097,,,,,,6.468516911084791,,,,,,2.747974458373303,,,,,
934,8,0.1565907880207248,,,,,,0.07112445908143274,,,,,,6.386071700895011,,,,,,2.9005914148748557,,,,,
934,16,0.15455788269409762,,,,,,0.07260670344968613,,,,,,6.470067929043834,,,,,,3.039445774196999,,,,,
934,32,0.1553540198099789,,,,,,0.06834139318927407,,,,,,6.436911006378521,,,,,,2.831645209756096,,,,,
