index,bin_size,m12,m23,m34,m13,m24,m14,m12_err,m23_err,m34_err,m13_err,m24_err,m14_err,corr12,corr23,corr34,corr13,corr24,corr14,corr12_err,corr23_err,corr34_err,corr13_err,corr24_err,corr14_err
1964,1,0.1409476279569532,,,,,,0.06540606892731031,,,,,,7.094833836475843,,,,,,3.2923235223091263,,,,,
1964,2,0.14234065845311122,,,,,,0.06409038502152987,,,,,,7.025399565152443,,,,,,3.1632603639319967,,,,,
1964,4,0.14144594873359703,,,,,,0.058492456558485596,,,,,,7.069838400839786,,,,,,2.9236059373852537,,,,,
1964,8,0.14349975623342653,,,,,,0.05848037830516804,,,,,,6.968652952785031,,,,,,2.839931381439977,,,,,
1964,16,0.14220423651091194,,,,,,0.05604790851889105,,,,,,7.032139298629586,,,,,,2.7716241778172757,,,,,
1964,32,0.14139616312266093,,,,,,0.06089466588166471,,,,,,7.072327692035757,,,,,,3.045818375132,,,,,
