index,bin_size,m12,m23,m34,m13,m24,m14,m12_err,m23_err,m34_err,m13_err,m24_err,m14_err,corr12,corr23,corr34,corr13,corr24,corr14,corr12_err,corr23_err,corr34_err,corr13_err,corr24_err,corr14_err
1402,1,0.0135872016814563,,,,,,0.033651979274246305,,,,,,73.59867200358053,,,,,,182.28484738375371,,,,,
1402,2,0.012998221902168079,,,,,,0.03202063429807779,,,,,,76.93359965128784,,,,,,189.5230500148418,,,,,
1402,4,0.013670990653448293,,,,,,0.0332396046917631,,,,,,73.14758859466893,,,,,,177.85082227594333,,,,,
1402,8,0.015809903901718228,,,,,,0.037278848039745495,,,,,,63.25149135734592,,,,,,149.1433944985277,,,,,
1402,16,0.013716910520063656,,,,,,0.03457744205026885,,,,,,72.90271366407946,,,,,,183.77238470280204,,,,,
1402,32,0.01072993962768808,,,,,,0.02944158434808831,,,,,,93.19716929436856,,,,,,255.72113320216556,,,,,
