index,bin_size,m12,m23,m34,m13,m24,m14,m12_err,m23_err,m34_err,m13_err,m24_err,m14_err,corr12,corr23,corr34,corr13,corr24,corr14,corr12_err,corr23_err,corr34_err,corr13_err,corr24_err,corr14_err
1264,1,0.09169182139823341,,,,,,0.06799149553194044,,,,,,10.906098109414005,,,,,,8.08711081936707,,,,,
1264,2,0.09420667783264805,,,,,,0.06848505571001963,,,,,,10.6149587588306,,,,,,7.716714554455278,,,,,
1264,4,0.09660683687741416,,,,,,0.0683826917709836,,,,,,10.351234263770738,,,,,,7.327072130587137,,,,,
1264,8,0.0939182548666989,,,,,,0.06963162110192582,,,,,,10.647557297772739,,,,,,7.894170057480924,,,,,
1264,16,0.09427973995335982,,,,,,0.07187388789007852,,,,,,10.606732692460755,,,,,,8.086012082713507,,,,,
1264,32,0.09587819435254369,,,,,,0.06782179536939918,,,,,,10.429900216132612,,,,,,7.377846057267049,,,,,
