index,bin_size,m12,m23,m34,m13,m24,m14,m12_err,m23_err,m34_err,m13_err,m24_err,m14_err,corr12,corr23,corr34,corr13,corr24,corr14,corr12_err,corr23_err,corr34_err,corr13_err,corr24_err,corr14_err
962,1,0.09711937938792983,,,,,,0.06671554286087555,,,,,,10.296606159370514,,,,,,7.073188418998622,,,,,
962,2,0.09450700614056019,,,,,,0.06502095549417305,,,,,,10.581226099922167,,,,,,7.27989870183336,,,,,
962,4,0.09434198151618572,,,,,,0.06284281599418357,,,,,,10.599734963468364,,,,,,7.060665709910646,,,,,
962,8,0.09338375976439077,,,,,,0.06225425313432122,,,,,,10.708500091697116,,,,,,7.138818110123064,,,,,
962,16,0.09291311220427242,,,,,,0.058759873128981864,,,,,,10.762743559826824,,,,,,6.806546795083141,,,,,
962,32,0.09605821596077585,,,,,,0.053901039596514745,,,,,,10.410353658955495,,,,,,5.841550138867998,,,,,
