index,bin_size,m12,m23,m34,m13,m24,m14,m12_err,m23_err,m34_err,m13_err,m24_err,m14_err,corr12,corr23,corr34,corr13,corr24,corr14,corr12_err,corr23_err,corr34_err,corr13_err,corr24_err,corr14_err
2813,1,0.14495794337426413,,,,,,0.032731173892665465,,,,,,6.898552619625123,,,,,,1.5576774900680674,,,,,
2813,2,0.14500978061435127,,,,,,0.0328220658091104,,,,,,6.896086565770808,,,,,,1.5608864872984363,,,,,
2813,4,0.14621764824325462,,,,,,0.03059766268971584,,,,,,6.839119709656064,,,,,,1.431161562812903,,,,,
2813,8,0.14559809584486264,,,,,,0.03075659164790018,,,,,,6.868221690656709,,,,,,1.4508643719617202,,,,,
2813,16,0.1441978867459602,,,,,,0.03246310684684752,,,,,,6.934914391372074,,,,,,1.5612494187066117,,,,,
2813,32,0.14678634700672155,,,,,,0.023035068874537715,,,,,,6.812622702261326,,,,,,1.0690996564935489,,,,,
