index,bin_size,m12,m23,m34,m13,m24,m14,m12_err,m23_err,m34_err,m13_err,m24_err,m14_err,corr12,corr23,corr34,corr13,corr24,corr14,corr12_err,corr23_err,corr34_err,corr13_err,corr24_err,corr14_err
2392,1,0.17425423288711014,,,,,,0.030693395280034397,,,,,,5.738741512510893,,,,,,1.0108303180649378,,,,,
2392,2,0.17377693897847613,,,,,,0.03111369628266543,,,,,,5.7545034794510865,,,,,,1.0303085931290272,,,,,
2392,4,0.17505130927427412,,,,,,0.029732842904462153,,,,,,5.712610800489236,,,,,,0.9702992808762845,,,,,
2392,8,0.1745279178025576,,,,,,0.0309803254465702,,,,,,5.729742339167158,,,,,,1.017082450918862,,,,,
2392,16,0.17455744774072757,,,,,,0.031049895801191392,,,,,,5.728773036858977,,,,,,1.0190215780844265,,,,,
2392,32,0.17545936751375824,,,,,,0.03337905698681923,,,,,,5.699325229367348,,,,,,1.084228812135392,,,,,
