index,bin_size,m,n,a,b,corr
1152,1,0.09856391089935476,16.0,19477.578067488874,-19491.27220048635,10.145701310707086
1152,2,0.10017171168907178,16.0,18824.735564181345,-18837.20672018825,9.982858265454746
1152,4,0.0990398277755762,16.0,19274.836335261843,-19287.833440687984,10.096948091085089
1152,8,0.09968082360624358,16.0,18993.604490968475,-19006.564140426985,10.032019839143507
1152,16,0.09967176591939625,16.0,19025.693117054445,-19039.459922167727,10.032931500468166
1152,32,0.09948051597558638,16.0,19093.290081326046,-19107.27193576411,10.052219675312209
