index,bin_size,m12,m23,m34,m13,m24,m14,m12_err,m23_err,m34_err,m13_err,m24_err,m14_err,corr12,corr23,corr34,corr13,corr24,corr14,corr12_err,corr23_err,corr34_err,corr13_err,corr24_err,corr14_err
2353,1,0.10978938519299473,,,,,,0.037814505831966355,,,,,,9.108348664510114,,,,,,3.1371676149588037,,,,,
2353,2,0.10981230973119252,,,,,,0.03909575570984308,,,,,,9.106447195654852,,,,,,3.242108610750568,,,,,
2353,4,0.10709465076212107,,,,,,0.04213331694122368,,,,,,9.337534534952663,,,,,,3.6735849943117196,,,,,
2353,8,0.10756414044995474,,,,,,0.04108791735179964,,,,,,9.296778608715417,,,,,,3.5512324973265628,,,,,
2353,16,0.10809711267816241,,,,,,0.044550740059552486,,,,,,9.250940892170734,,,,,,3.8126482084719173,,,,,
2353,32,0.1040969252721051,,,,,,0.05027782258629837,,,,,,9.606431673039728,,,,,,4.639814923274358,,,,,
