index,bin_size,m12,m23,m34,m13,m24,m14,m12_err,m23_err,m34_err,m13_err,m24_err,m14_err,corr12,corr23,corr34,corr13,corr24,corr14,corr12_err,corr23_err,corr34_err,corr13_err,corr24_err,corr14_err
335,1,0.1599401935607209,,,,,,0.032727891581405134,,,,,,6.2523370626055454,,,,,,1.2793895327985185,,,,,
335,2,0.1583696042202031,,,,,,0.031288576645969006,,,,,,6.314342988504045,,,,,,1.2475045671645515,,,,,
335,4,0.15964748874220516,,,,,,0.03059908104043231,,,,,,6.263800375931847,,,,,,1.20056091601746,,,,,
335,8,0.1581671269076551,,,,,,0.029613942059459004,,,,,,6.3224262813084025,,,,,,1.1837602998199626,,,,,
335,16,0.15835522169587615,,,,,,0.027082783909605505,,,,,,6.314916485169758,,,,,,1.0800118666343408,,,,,
335,32,0.15772237988572654,,,,,,0.02623537114194004,,,,,,6.340254317266344,,,,,,1.0546310882975931,,,,,
