index,bin_size,m12,m23,m34,m13,m24,m14,m12_err,m23_err,m34_err,m13_err,m24_err,m14_err,corr12,corr23,corr34,corr13,corr24,corr14,corr12_err,corr23_err,corr34_err,corr13_err,corr24_err,corr14_err
924,1,0.02702127136553867,,,,,,0.04681586114620597,,,,,,37.00788117894929,,,,,,64.11822016630121,,,,,
924,2,0.029388078269241565,,,,,,0.04810484244300274,,,,,,34.027403589932234,,,,,,55.698874674339166,,,,,
924,4,0.028527831724354462,,,,,,0.047728042673764105,,,,,,35.053487754076,,,,,,58.64568942905404,,,,,
924,8,0.02973748148235414,,,,,,0.04921005684012813,,,,,,33.627595551203214,,,,,,55.64747940922629,,,,,
924,16,0.031218329352861222,,,,,,0.049904828280431156,,,,,,32.03246364329704,,,,,,51.20628267609011,,,,,
924,32,0.03781018680380735,,,,,,0.0577754813250899,,,,,,26.44789895349852,,,,,,40.413449952113176,,,,,
