index,bin_size,m12,m23,m34,m13,m24,m14,m12_err,m23_err,m34_err,m13_err,m24_err,m14_err,corr12,corr23,corr34,corr13,corr24,corr14,corr12_err,corr23_err,corr34_err,corr13_err,corr24_err,corr14_err
1309,1,0.035169067293549024,,,,,,0.052536484270973446,,,,,,28.434077925729568,,,,,,42.47557875891504,,,,,
1309,2,0.03668929537805738,,,,,,0.053727055246370725,,,,,,27.255906380749572,,,,,,39.9129929539131,,,,,
1309,4,0.03792087933958656,,,,,,0.055055789070006786,,,,,,26.370696497960026,,,,,,38.286546338212716,,,,,
1309,8,0.03401475793513444,,,,,,0.051117453550318076,,,,,,29.39900386493953,,,,,,44.18088811208023,,,,,
1309,16,0.0367169382699846,,,,,,0.05183534902336587,,,,,,27.235386367100247,,,,,,38.44971352850914,,,,,
1309,32,0.03163025894002892,,,,,,0.04766714458251133,,,,,,31.615296033333255,,,,,,47.644595319219206,,,,,
