index,bin_size,m12,m23,m34,m13,m24,m14,m12_err,m23_err,m34_err,m13_err,m24_err,m14_err,corr12,corr23,corr34,corr13,corr24,corr14,corr12_err,corr23_err,corr34_err,corr13_err,corr24_err,corr14_err
1665,1,0.27391732497520577,,,,,,0.0420439206117201,,,,,,3.6507365866343693,,,,,,0.5603562287878323,,,,,
1665,2,0.27140478928955475,,,,,,0.0412843718234063,,,,,,3.6845333592589107,,,,,,0.5604678001356234,,,,,
1665,4,0.2713723066291747,,,,,,0.04158825437242885,,,,,,3.6849743896914346,,,,,,0.5647284138089621,,,,,
1665,8,0.2709579390563494,,,,,,0.04116468288543258,,,,,,3.690609706741371,,,,,,0.5606876800177959,,,,,
1665,16,0.27168198114312936,,,,,,0.03689111380313983,,,,,,3.680774101368074,,,,,,0.4998044245918638,,,,,
1665,32,0.27170951869878956,,,,,,0.03976006574691402,,,,,,3.680401057677244,,,,,,0.5385640839122763,,,,,
