index,bin_size,m12,m23,m34,m13,m24,m14,m12_err,m23_err,m34_err,m13_err,m24_err,m14_err,corr12,corr23,corr34,corr13,corr24,corr14,corr12_err,corr23_err,corr34_err,corr13_err,corr24_err,corr14_err
860,1,0.009952943336781326,,,,,,0.02949900785384331,,,,,,100.4727914309004,,,,,,297.7860481295745,,,,,
860,2,0.0073508623957680794,,,,,,0.024429815465238335,,,,,,136.03846000106108,,,,,,452.1094662191501,,,,,
860,4,0.008720248655703833,,,,,,0.026953814283412713,,,,,,114.67562904251696,,,,,,354.4561319388264,,,,,
860,8,0.006957746914353365,,,,,,0.023259525657444678,,,,,,143.72468736065508,,,,,,480.46703831337317,,,,,
860,16,0.003141632938303882,,,,,,0.015203852039202267,,,,,,318.3058045412155,,,,,,1540.4327782725097,,,,,
860,32,0.0004985753654208695,,,,,,0.004915796312056806,,,,,,2005.7148213808275,,,,,,19775.717385592347,,,,,
