index,bin_size,m,n,a,b,corr
1402,1,-0.000042143545004807194,16.0,133921046048.19876,-133921045982.0767,-23728.42626043758
1402,2,-5.010339508253332e-6,16.0,9483156029843.75,-9483156029778.312,-199587.2731484044
1402,4,0.00002330780120791986,16.0,438071992506.04535,-438071992440.4514,42904.0899688215
1402,8,-1.0762785711220384e-6,16.0,205691671912290.06,-205691671912222.9,-929127.4831919057
1402,16,-0.000043821170905773806,16.0,124145765760.32881,-124145765694.50977,-22820.020080025784
1402,32,8.05885523330294e-6,16.0,3672833101791.3677,-3672833101722.9214,124087.10307483061
