index,bin_size,m12,m23,m34,m13,m24,m14,m12_err,m23_err,m34_err,m13_err,m24_err,m14_err,corr12,corr23,corr34,corr13,corr24,corr14,corr12_err,corr23_err,corr34_err,corr13_err,corr24_err,corr14_err
1350,1,0.10632734027151859,,,,,,0.06729313540925073,,,,,,9.40491878614089,,,,,,5.95224588306864,,,,,
1350,2,0.10767490511564011,,,,,,0.06571672628388794,,,,,,9.287215056526174,,,,,,5.668222963873147,,,,,
1350,4,0.10955861596484494,,,,,,0.06686756416942324,,,,,,9.127534071084643,,,,,,5.570862362871518,,,,,
1350,8,0.10985963399964985,,,,,,0.06286136282820268,,,,,,9.102524408584753,,,,,,5.20843797370052,,,,,
1350,16,0.1071425998790488,,,,,,0.06928159231095143,,,,,,9.333355743923338,,,,,,6.03522546842751,,,,,
1350,32,0.1074567572231163,,,,,,0.0582148814172374,,,,,,9.306069025735294,,,,,,5.041578759620931,,,,,
