index,bin_size,m,n,a,b,corr
2049,1,0.10711837143686022,16.0,18216.67369979742,-18258.50369920298,9.335466797956682
2049,2,0.11048668564678134,16.0,17045.65714742836,-17086.99629291126,9.050864311351814
2049,4,0.10851343839631934,16.0,17719.77443567516,-17762.29498518313,9.21544847143945
2049,8,0.11115102634424202,16.0,16841.074696690837,-16885.832235787766,8.99676802716094
2049,16,0.10809070844722848,16.0,17887.183962650397,-17929.512143032047,9.251488998133592
2049,32,0.10861760262700113,16.0,17703.02828475358,-17744.94186045375,9.206610860617642
