index,bin_size,m12,m23,m34,m13,m24,m14,m12_err,m23_err,m34_err,m13_err,m24_err,m14_err,corr12,corr23,corr34,corr13,corr24,corr14,corr12_err,corr23_err,corr34_err,corr13_err,corr24_err,corr14_err
1271,1,0.2288846429894235,,,,,,0.04987647530761152,,,,,,4.369013084229548,,,,,,0.9520558931700636,,,,,
1271,2,0.2266376355711257,,,,,,0.05078016220831155,,,,,,4.412329829862569,,,,,,0.9886214348837776,,,,,
1271,4,0.22818092575965482,,,,,,0.04904414954144384,,,,,,4.382487259488594,,,,,,0.9419514790829823,,,,,
1271,8,0.22885162015824634,,,,,,0.04371264769003202,,,,,,4.369643524081323,,,,,,0.8346398761219961,,,,,
1271,16,0.22728206196909476,,,,,,0.04803408249550215,,,,,,4.399819287700661,,,,,,0.9298634516060169,,,,,
1271,32,0.2275906116955708,,,,,,0.05227638189595438,,,,,,4.393854353437116,,,,,,1.0092455328637377,,,,,
