index,bin_size,m12,m23,m34,m13,m24,m14,m12_err,m23_err,m34_err,m13_err,m24_err,m14_err,corr12,corr23,corr34,corr13,corr24,corr14,corr12_err,corr23_err,corr34_err,corr13_err,corr24_err,corr14_err
2199,1,0.1250689335165091,,,,,,0.03793685210106571,,,,,,7.995590686539275,,,,,,2.425282864476171,,,,,
2199,2,0.12253021754202244,,,,,,0.0401779654197608,,,,,,8.16125213894315,,,,,,2.6760950302561137,,,,,
2199,4,0.12128630466520864,,,,,,0.041527299330300714,,,,,,8.2449539769584,,,,,,2.822995330848105,,,,,
2199,8,0.12307489852738614,,,,,,0.039685532355447174,,,,,,8.125133654101562,,,,,,2.619951414791782,,,,,
2199,16,0.12300521102060051,,,,,,0.03748427399935342,,,,,,8.129736876208629,,,,,,2.477433940253274,,,,,
2199,32,0.1238352557861072,,,,,,0.033201571301141514,,,,,,8.075244756850479,,,,,,2.165060449601131,,,,,
