index,bin_size,m,n,a,b,corr
2195,1,-0.000020920606949472767,24.0,411388341195.5174,-411388340987.2102,-47799.760418767466
2195,2,-1.5269338016305828e-6,24.0,77342500920430.38,-77342500920223.16,-654907.2388941286
2195,4,-1.9648480687599556e-7,24.0,4671049769920324.0,-4671049769920113.0,-5089452.033973877
2195,8,5.712463883781891e-8,24.0,5.519600564956877e16,-5.519600564956856e16,17505581.135297403
2195,16,0.000030404947515621586,24.0,194899820934.4318,-194899820731.03656,32889.384186116935
2195,32,-1.6652478597544648e-6,24.0,65027582717419.85,-65027582717207.68,-600511.2056696753
