index,bin_size,m,n,a,b,corr
846,1,0.18598396768352685,16.0,4499.733559995083,-4463.767344023912,5.376807541290953
846,2,0.18407999016389903,16.0,4611.847144874553,-4575.305527070353,5.432420976933079
846,4,0.18569546526136213,16.0,4519.521805297647,-4483.639585056963,5.385161121692028
846,8,0.1840382038989706,16.0,4616.135945360047,-4579.039809222359,5.433654419649514
846,16,0.18612139846174935,16.0,4489.760118377053,-4452.538633962537,5.372837343071621
846,32,0.1875261624201959,16.0,4408.966954777218,-4373.518632448446,5.332589261648025
