index,bin_size,m12,m23,m34,m13,m24,m14,m12_err,m23_err,m34_err,m13_err,m24_err,m14_err,corr12,corr23,corr34,corr13,corr24,corr14,corr12_err,corr23_err,corr34_err,corr13_err,corr24_err,corr14_err
1961,1,0.09459179824974394,,,,,,0.06738587970470586,,,,,,10.571741086471068,,,,,,7.531161118656121,,,,,
1961,2,0.09548709152705459,,,,,,0.06635486905856658,,,,,,10.472619743755287,,,,,,7.27752097884509,,,,,
1961,4,0.09542534184852457,,,,,,0.0673858165552733,,,,,,10.479396569386894,,,,,,7.4001589216794,,,,,
1961,8,0.09384922446080587,,,,,,0.06767566153457785,,,,,,10.655389064164602,,,,,,7.683712976518014,,,,,
1961,16,0.09355156129878442,,,,,,0.07187177385380027,,,,,,10.689292472695415,,,,,,8.212138852509742,,,,,
1961,32,0.09669616147920773,,,,,,0.06345609854373259,,,,,,10.341672148123758,,,,,,6.786641340250363,,,,,
