index,bin_size,m12,m23,m34,m13,m24,m14,m12_err,m23_err,m34_err,m13_err,m24_err,m14_err,corr12,corr23,corr34,corr13,corr24,corr14,corr12_err,corr23_err,corr34_err,corr13_err,corr24_err,corr14_err
254,1,0.16925963255410326,,,,,,0.03193143865800024,,,,,,5.908083250035141,,,,,,1.114581161722381,,,,,
254,2,0.16822734481679297,,,,,,0.03204320064468026,,,,,,5.94433682044405,,,,,,1.1322509883543947,,,,,
254,4,0.16907133777389807,,,,,,0.031178075814563905,,,,,,5.914663083445384,,,,,,1.0907100899613993,,,,,
254,8,0.16912454118782946,,,,,,0.02978735357812979,,,,,,5.912802441186826,,,,,,1.0414026002155115,,,,,
254,16,0.16793379443090437,,,,,,0.028839799676010722,,,,,,5.954727596007757,,,,,,1.022624133373795,,,,,
254,32,0.16837718696597834,,,,,,0.029358215648822572,,,,,,5.939046838940576,,,,,,1.035531125016989,,,,,
