index,bin_size,m12,m23,m34,m13,m24,m14,m12_err,m23_err,m34_err,m13_err,m24_err,m14_err,corr12,corr23,corr34,corr13,corr24,corr14,corr12_err,corr23_err,corr34_err,corr13_err,corr24_err,corr14_err
2147,1,0.07624648513621551,,,,,,0.04615666654675726,,,,,,13.115358671465113,,,,,,7.939529746957509,,,,,
2147,2,0.07510006549181904,,,,,,0.04588175987355207,,,,,,13.315567615702468,,,,,,8.135035195012705,,,,,
2147,4,0.07604308248873155,,,,,,0.045920393620881704,,,,,,13.150440083069817,,,,,,7.9412007659193895,,,,,
2147,8,0.07630765265995801,,,,,,0.043613349110582185,,,,,,13.104845518655878,,,,,,7.490024692442188,,,,,
2147,16,0.07634048736284907,,,,,,0.04689961944058237,,,,,,13.099209011424884,,,,,,8.047471778487038,,,,,
2147,32,0.0758245759563027,,,,,,0.044695848799216634,,,,,,13.188336200868367,,,,,,7.7740478375632796,,,,,
