index,bin_size,m12,m23,m34,m13,m24,m14,m12_err,m23_err,m34_err,m13_err,m24_err,m14_err,corr12,corr23,corr34,corr13,corr24,corr14,corr12_err,corr23_err,corr34_err,corr13_err,corr24_err,corr14_err
463,1,0.08873361237615195,,,,,,0.024161147043261794,,,,,,11.26968657334591,,,,,,3.068606665936481,,,,,
463,2,0.08971477065067512,,,,,,0.02478007142614731,,,,,,11.146436564985798,,,,,,3.0787516060521702,,,,,
463,4,0.08835575025272864,,,,,,0.025662959926692222,,,,,,11.317882504982947,,,,,,3.287283106641025,,,,,
463,8,0.08845829061203629,,,,,,0.028460225374509877,,,,,,11.304762878426374,,,,,,3.637150312303568,,,,,
463,16,0.08684032538385766,,,,,,0.03339239386984983,,,,,,11.515387529695799,,,,,,4.427970004210014,,,,,
463,32,0.08721318408494415,,,,,,0.028810910714816475,,,,,,11.466156298410308,,,,,,3.787849381050855,,,,,
