index,bin_size,m,n,a,b,corr
29,1,0.1511566248159811,16.0,8040.126016099487,-8018.53679157314,6.61565446580595
29,2,0.15031685724055688,16.0,8147.857438523926,-8127.048387035994,6.6526138076427985
29,4,0.15397451991887892,16.0,7705.882908044698,-7685.160944639542,6.494581054883934
29,8,0.152980048612752,16.0,7812.537476634401,-7792.40934556628,6.536800119153856
29,16,0.14974525573984473,16.0,8229.509290079006,-8208.113951555835,6.678007894536031
29,32,0.15351082427517035,16.0,7750.238043641548,-7729.252053256385,6.514198622290541
