index,bin_size,m12,m23,m34,m13,m24,m14,m12_err,m23_err,m34_err,m13_err,m24_err,m14_err,corr12,corr23,corr34,corr13,corr24,corr14,corr12_err,corr23_err,corr34_err,corr13_err,corr24_err,corr14_err
462,1,0.060759822671079225,,,,,,0.030056001168691317,,,,,,16.45824421531739,,,,,,8.141383329047168,,,,,
462,2,0.06032416910261769,,,,,,0.031003537528661862,,,,,,16.577103586771265,,,,,,8.519783377284444,,,,,
462,4,0.061238925208306705,,,,,,0.03129086396715172,,,,,,16.329483193874797,,,,,,8.343772127537557,,,,,
462,8,0.061882090592512644,,,,,,0.02710722563920999,,,,,,16.15976432640099,,,,,,7.078726230448471,,,,,
462,16,0.059754155549511245,,,,,,0.03164941105487497,,,,,,16.735237755496644,,,,,,8.863993038708566,,,,,
462,32,0.06146500703978904,,,,,,0.03600682963167648,,,,,,16.269419758671066,,,,,,9.530792456876789,,,,,
