index,bin_size,m,n,a,b,corr
142,1,0.10314649476730768,16.0,21157.90714095257,-21168.69047504131,9.694948938943007
142,2,0.10436848461817289,16.0,20636.187272248764,-20647.997059238216,9.581436423633553
142,4,0.10170750669601711,16.0,21811.763130608444,-21821.120307423498,9.832115961595589
142,8,0.1020913481762214,16.0,21633.175557842176,-21641.908071265592,9.795149323269637
142,16,0.10280950203426555,16.0,21328.365966505608,-21339.36266714529,9.726727395943502
142,32,0.10337260170286194,16.0,21077.465605093552,-21088.88267589939,9.673743173016359
