index,bin_size,m,n,a,b,corr
2826,1,0.03828785683817482,24.0,106736.77696131305,-106776.16122182846,26.117941367847788
2826,2,0.037808006048497496,24.0,109410.04682383475,-109449.84801480659,26.44942446097975
2826,4,0.03731264981395913,24.0,112461.8460809778,-112501.82363854008,26.800562409424145
2826,8,0.03680945611810133,24.0,115686.59577352523,-115723.47129573644,27.16693223587844
2826,16,0.038588092154278324,24.0,105058.12271677655,-105101.0476273303,25.914730274871296
2826,32,0.03744376533907608,24.0,111689.57158419218,-111730.487202727,26.70671581622178
