index,bin_size,m,n,a,b,corr
237,1,0.25577603876044863,24.0,648.6831248917651,-677.343742762179,3.9096703696180346
237,2,0.2547190481501719,24.0,657.3206304504729,-685.0402110083595,3.9258940674528633
237,4,0.25475032558678845,24.0,657.5019796942934,-684.8673123312112,3.925412058636681
237,8,0.2547993870600834,24.0,657.7158803031087,-687.4645430576359,3.9246562228353916
237,16,0.25462292107800083,24.0,659.1996923294739,-687.3766779453954,3.9273761991508276
237,32,0.2544453254735952,24.0,660.6237673917786,-689.5385533458184,3.930117396099595
