index,bin_size,m12,m23,m34,m13,m24,m14,m12_err,m23_err,m34_err,m13_err,m24_err,m14_err,corr12,corr23,corr34,corr13,corr24,corr14,corr12_err,corr23_err,corr34_err,corr13_err,corr24_err,corr14_err
262,1,0.10208999170082123,,,,,,0.04425836923391177,,,,,,9.795279471963713,,,,,,4.2464798791441085,,,,,
262,2,0.10089832108156535,,,,,,0.040529390589998375,,,,,,9.91096768787271,,,,,,3.9810918183854316,,,,,
262,4,0.10234571935226217,,,,,,0.04354821400120747,,,,,,9.770804351456217,,,,,,4.157487792885787,,,,,
262,8,0.10110290641893359,,,,,,0.038112321828268514,,,,,,9.890912491242977,,,,,,3.7285341578558113,,,,,
262,16,0.10356114172050648,,,,,,0.03257606540731661,,,,,,9.656131473509882,,,,,,3.0374208437335106,,,,,
262,32,0.10317786949833191,,,,,,0.027211093636096202,,,,,,9.692000860864521,,,,,,2.556070834069444,,,,,
