index,bin_size,m,n,a,b,corr
1364,1,0.1514442807576658,16.0,9746.337973840287,-9779.833965935326,6.603088574867704
1364,2,0.15355377442803558,16.0,9433.97998275024,-9466.839266035964,6.5123765516337695
1364,4,0.1509328469911682,16.0,9822.918697550336,-9855.2886018364,6.625463044889855
1364,8,0.15272201054123108,16.0,9558.341333392964,-9591.19579184514,6.547844652228601
1364,16,0.15166736963391,16.0,9710.664471683544,-9742.188500069693,6.593376033445883
1364,32,0.15149757283784787,16.0,9739.516304074354,-9772.049872875448,6.600765816032764
