index,bin_size,m12,m23,m34,m13,m24,m14,m12_err,m23_err,m34_err,m13_err,m24_err,m14_err,corr12,corr23,corr34,corr13,corr24,corr14,corr12_err,corr23_err,corr34_err,corr13_err,corr24_err,corr14_err
813,1,0.2260219196250702,,,,,,0.04470772595872346,,,,,,4.42434964563977,,,,,,0.8751479141092029,,,,,
813,2,0.22242900304016033,,,,,,0.04430877119218853,,,,,,4.4958165811652115,,,,,,0.8955851327577531,,,,,
813,4,0.2231717537762549,,,,,,0.04329363523365113,,,,,,4.480853795693917,,,,,,0.8692518048703618,,,,,
813,8,0.22424791737095373,,,,,,0.03801000023400536,,,,,,4.45935022150412,,,,,,0.755859429822461,,,,,
813,16,0.22368407830487422,,,,,,0.036719950139970335,,,,,,4.470590877894456,,,,,,0.7338916358130149,,,,,
813,32,0.2246389496451904,,,,,,0.038764416054822434,,,,,,4.451587765966081,,,,,,0.7681802311532545,,,,,
