index,bin_size,m,n,a,b,corr
2223,1,0.19430124359893805,24.0,1845.1722809410644,-1844.433685376299,5.146647450513104
2223,2,0.19425618135501285,24.0,1849.7551334354484,-1848.7598708042838,5.1478413352131644
2223,4,0.194520912870911,24.0,1840.8866858435883,-1839.4394664896895,5.14083542607897
2223,8,0.19408137053277724,24.0,1852.9404418967777,-1850.3948877694634,5.152478041838209
2223,16,0.19291053890956752,24.0,1888.3580444668742,-1886.8174473396439,5.1837499685218305
2223,32,0.19493871349829645,24.0,1828.9170970262999,-1829.2044415998757,5.129817377238098
