index,bin_size,m12,m23,m34,m13,m24,m14,m12_err,m23_err,m34_err,m13_err,m24_err,m14_err,corr12,corr23,corr34,corr13,corr24,corr14,corr12_err,corr23_err,corr34_err,corr13_err,corr24_err,corr14_err
768,1,0.0647654993144565,,,,,,0.06329133588920352,,,,,,15.440319469239187,,,,,,15.08887380022242,,,,,
768,2,0.06480603875078417,,,,,,0.0650190094857593,,,,,,15.430660772919094,,,,,,15.481370231934143,,,,,
768,4,0.06601415704319598,,,,,,0.06423832875895889,,,,,,15.148265838578471,,,,,,14.740766596928113,,,,,
768,8,0.06583635348564507,,,,,,0.06362174034607623,,,,,,15.18917660313674,,,,,,14.678240800899871,,,,,
768,16,0.0660233736236254,,,,,,0.06257670290830696,,,,,,15.146151205490144,,,,,,14.35546462065517,,,,,
768,32,0.06109418362374229,,,,,,0.055993265261259105,,,,,,16.368170269016936,,,,,,15.001547534524205,,,,,
