index,bin_size,m,n,a,b,corr
1959,1,-0.00002725687152469647,16.0,373569890944.18427,-373569890914.6339,-36687.99623955141
1959,2,-2.0685282276656364e-6,16.0,64812734021620.15,-64812734021590.91,-483435.5106328495
1959,4,-3.061308427373093e-6,16.0,29552971391789.926,-29552971391760.89,-326657.70984013507
1959,8,-0.00002950625625786862,16.0,318967997903.534,-318967997877.4736,-33891.11757386448
1959,16,0.000012124358770199705,16.0,1886274511441.0276,-1886274511416.6606,82478.58867867604
1959,32,-0.0000365576449324388,16.0,207460704854.75742,-207460704827.03387,-27354.05964602132
