index,bin_size,m12,m23,m34,m13,m24,m14,m12_err,m23_err,m34_err,m13_err,m24_err,m14_err,corr12,corr23,corr34,corr13,corr24,corr14,corr12_err,corr23_err,corr34_err,corr13_err,corr24_err,corr14_err
171,1,0.03806858823494228,,,,,,0.043257855589843026,,,,,,26.268376274645327,,,,,,29.849113932343574,,,,,
171,2,0.035504608220184364,,,,,,0.04118427340032351,,,,,,28.165357967011733,,,,,,32.670964730486695,,,,,
171,4,0.037153624399158036,,,,,,0.04305637576659314,,,,,,26.915274516869523,,,,,,31.191416509168477,,,,,
171,8,0.03561476657427104,,,,,,0.04176770667683923,,,,,,28.07824102720426,,,,,,32.92914282563607,,,,,
171,16,0.03922853824959567,,,,,,0.044721392863162956,,,,,,25.49164574110296,,,,,,29.06103451173561,,,,,
171,32,0.04007167803576035,,,,,,0.046439027400225694,,,,,,24.95528136125446,,,,,,28.92065048739473,,,,,
