index,bin_size,m12,m23,m34,m13,m24,m14,m12_err,m23_err,m34_err,m13_err,m24_err,m14_err,corr12,corr23,corr34,corr13,corr24,corr14,corr12_err,corr23_err,corr34_err,corr13_err,corr24_err,corr14_err
823,1,0.04712085751596064,,,,,,0.06045563010539656,,,,,,21.22202465566937,,,,,,27.227663932817485,,,,,
823,2,0.044141045249970944,,,,,,0.05574162097699364,,,,,,22.654651568330458,,,,,,28.608452607690847,,,,,
823,4,0.04540463038304373,,,,,,0.059709417890394474,,,,,,22.02418545341684,,,,,,28.96293355632549,,,,,
823,8,0.046571363410431305,,,,,,0.05853542266040974,,,,,,21.472422681445796,,,,,,26.98863089157213,,,,,
823,16,0.051381927243704696,,,,,,0.06459970935617373,,,,,,19.462095986726926,,,,,,24.46863735261219,,,,,
823,32,0.03863268690445191,,,,,,0.050246892518116905,,,,,,25.884816204299867,,,,,,33.66660933746199,,,,,
