index,bin_size,m12,m23,m34,m13,m24,m14,m12_err,m23_err,m34_err,m13_err,m24_err,m14_err,corr12,corr23,corr34,corr13,corr24,corr14,corr12_err,corr23_err,corr34_err,corr13_err,corr24_err,corr14_err
180,1,34420722683.81056,,,,,,781967798653.5455,,,,,,2.90522662521069e-11,,,,,,6.600075453308792e-10,,,,,
180,2,150837166198.9259,,,,,,2183253251370.3318,,,,,,6.629665785958798e-12,,,,,,9.595936961321846e-11,,,,,
180,4,26842134509.113667,,,,,,609734505191.2997,,,,,,3.725486136955582e-11,,,,,,8.46265577553976e-10,,,,,
180,8,7.137269967102075,,,,,,2.392507003691512,,,,,,0.14010959437002032,,,,,,0.046966583491972934,,,,,
180,16,6565014041.2643175,,,,,,207603972186.02438,,,,,,1.5232259881159613e-10,,,,,,4.816863508321683e-9,,,,,
180,32,41164324664.35846,,,,,,1066407387628.3402,,,,,,2.429288001573449e-11,,,,,,6.293339421156242e-10,,,,,
