index,bin_size,m12,m23,m34,m13,m24,m14,m12_err,m23_err,m34_err,m13_err,m24_err,m14_err,corr12,corr23,corr34,corr13,corr24,corr14,corr12_err,corr23_err,corr34_err,corr13_err,corr24_err,corr14_err
1292,1,0.09030771473220806,,,,,,0.07012037911820049,,,,,,11.073251083424351,,,,,,8.597942782000402,,,,,
1292,2,0.08847008365368814,,,,,,0.07191183044445157,,,,,,11.303255956154079,,,,,,9.187713995738985,,,,,
1292,4,0.09092926656544999,,,,,,0.06902012893895808,,,,,,10.997559287253349,,,,,,8.347729929985778,,,,,
1292,8,0.09157603722025154,,,,,,0.07191486044288327,,,,,,10.919887236383444,,,,,,8.575411106376992,,,,,
1292,16,0.08824314783693626,,,,,,0.06471457856929831,,,,,,11.332324656503541,,,,,,8.310748566124099,,,,,
1292,32,0.08903455800480294,,,,,,0.06594642143536891,,,,,,11.231593915994454,,,,,,8.319055458613494,,,,,
