index,bin_size,m,n,a,b,corr
1736,1,0.000017319523097158727,16.0,935178492824.7146,-935178492680.3541,57738.31036745176
1736,2,-0.000055605600336320166,16.0,90797868475.4818,-90797868330.06117,-17983.800084014656
1736,4,3.96249665600311e-6,16.0,17858442687474.766,-17858442687328.04,252366.1435739052
1736,8,-0.00001946856778162538,16.0,739953020502.7401,-739953020357.0006,-51364.846721997164
1736,16,-4.6524816529175915e-8,16.0,1.3036247299980062e17,-1.3036247299980048e17,-21493905.287576914
1736,32,-0.000030494091217464347,16.0,301742291644.88007,-301742291499.4121,-32793.2382988114
