index,bin_size,m,n,a,b,corr
2678,1,0.10762839060965002,16.0,17322.822262552472,-17275.750402335805,9.291228776492915
2678,2,0.1082695821537052,16.0,17101.238320147615,-17052.22696290251,9.236204482440389
2678,4,0.10885922351388688,16.0,16900.293070855056,-16852.213002597717,9.186176124730787
2678,8,0.10879357940813648,16.0,16935.742838746646,-16887.582648556527,9.191718899591713
2678,16,0.10916774848455679,16.0,16796.685197778887,-16748.678738631723,9.160214567780182
2678,32,0.10710977108630275,16.0,17505.614906356797,-17458.138030787246,9.336216386778185
