index,bin_size,m12,m23,m34,m13,m24,m14,m12_err,m23_err,m34_err,m13_err,m24_err,m14_err,corr12,corr23,corr34,corr13,corr24,corr14,corr12_err,corr23_err,corr34_err,corr13_err,corr24_err,corr14_err
2808,1,0.12873635892945287,,,,,,0.034239889461437696,,,,,,7.767813291565881,,,,,,2.0659980651313314,,,,,
2808,2,0.1269751965251913,,,,,,0.0341126348760363,,,,,,7.875553866944436,,,,,,2.1158139610071895,,,,,
2808,4,0.1284738230373147,,,,,,0.032046252519703416,,,,,,7.7836867959440585,,,,,,1.9415472093848742,,,,,
2808,8,0.12859637621377779,,,,,,0.02865719530141146,,,,,,7.7762688921934044,,,,,,1.732910855819289,,,,,
2808,16,0.12933529333449625,,,,,,0.02221311751916833,,,,,,7.731841589547626,,,,,,1.327930694246209,,,,,
2808,32,0.12965249434752402,,,,,,0.018998859450516242,,,,,,7.712925270219432,,,,,,1.130227257860947,,,,,
