index,bin_size,m12,m23,m34,m13,m24,m14,m12_err,m23_err,m34_err,m13_err,m24_err,m14_err,corr12,corr23,corr34,corr13,corr24,corr14,corr12_err,corr23_err,corr34_err,corr13_err,corr24_err,corr14_err
1391,1,0.23333122024567335,,,,,,0.042836954979525506,,,,,,4.285753097879935,,,,,,0.7868154647884031,,,,,
1391,2,0.23317671707597817,,,,,,0.043070428773472794,,,,,,4.2885928429730855,,,,,,0.7921525566444576,,,,,
1391,4,0.23353248559663048,,,,,,0.043881512636388585,,,,,,4.282059506390269,,,,,,0.8046128908334781,,,,,
1391,8,0.23317053794625162,,,,,,0.04193236826962385,,,,,,4.288706492715264,,,,,,0.77126219134219,,,,,
1391,16,0.23425606658595965,,,,,,0.04056506045664895,,,,,,4.268832882639787,,,,,,0.7392144267054502,,,,,
1391,32,0.23196989069804763,,,,,,0.0376157071078734,,,,,,4.310904303100646,,,,,,0.6990463854922607,,,,,
