index,bin_size,m12,m23,m34,m13,m24,m14,m12_err,m23_err,m34_err,m13_err,m24_err,m14_err,corr12,corr23,corr34,corr13,corr24,corr14,corr12_err,corr23_err,corr34_err,corr13_err,corr24_err,corr14_err
138,1,0.006513905083129446,,,,,,0.02330351161164079,,,,,,153.51774200547214,,,,,,549.2101032732076,,,,,
138,2,0.006104792811294607,,,,,,0.022394425177217247,,,,,,163.80572296407482,,,,,,600.8942678172609,,,,,
138,4,0.007158113911154139,,,,,,0.02474506129907433,,,,,,139.70160469809636,,,,,,482.93793794573287,,,,,
138,8,0.007938229802329553,,,,,,0.02760993011683007,,,,,,125.97266958768817,,,,,,438.1451142830248,,,,,
138,16,0.008729041898353712,,,,,,0.02818240429327948,,,,,,114.56010999197963,,,,,,369.86640381293654,,,,,
138,32,0.01339580690793134,,,,,,0.03620184912183504,,,,,,74.65022501988467,,,,,,201.74045517786826,,,,,
