index,bin_size,m12,m23,m34,m13,m24,m14,m12_err,m23_err,m34_err,m13_err,m24_err,m14_err,corr12,corr23,corr34,corr13,corr24,corr14,corr12_err,corr23_err,corr34_err,corr13_err,corr24_err,corr14_err
205,1,0.15872178971652834,,,,,,0.03144127578162785,,,,,,6.300332183665303,,,,,,1.2480358371479379,,,,,
205,2,0.1599810293561773,,,,,,0.03243510283220871,,,,,,6.2507411286473715,,,,,,1.2672967044974535,,,,,
205,4,0.15939364064489445,,,,,,0.03181664485343174,,,,,,6.273776017374826,,,,,,1.2523115892653147,,,,,
205,8,0.16078190398844822,,,,,,0.03212918671149168,,,,,,6.219605410767169,,,,,,1.242869119952079,,,,,
205,16,0.15932043842156052,,,,,,0.03190797845734112,,,,,,6.276658600160317,,,,,,1.2570608603779576,,,,,
205,32,0.15889557771400248,,,,,,0.03066865175002481,,,,,,6.293441355554329,,,,,,1.214705682936643,,,,,
