index,bin_size,m12,m23,m34,m13,m24,m14,m12_err,m23_err,m34_err,m13_err,m24_err,m14_err,corr12,corr23,corr34,corr13,corr24,corr14,corr12_err,corr23_err,corr34_err,corr13_err,corr24_err,corr14_err
1904,1,0.09145628927455776,,,,,,0.06871655835818173,,,,,,10.934185149344236,,,,,,8.215504673040545,,,,,
1904,2,0.09221350867109074,,,,,,0.06953776280198051,,,,,,10.844398119225925,,,,,,8.177708396659106,,,,,
1904,4,0.09231774139694114,,,,,,0.06547966505476482,,,,,,10.832154089431981,,,,,,7.683093312994641,,,,,
1904,8,0.09260200381455894,,,,,,0.06314193734246734,,,,,,10.798902386632582,,,,,,7.363378650311372,,,,,
1904,16,0.09193949949599617,,,,,,0.05951883174464513,,,,,,10.876717901249272,,,,,,7.041255893791516,,,,,
1904,32,0.09061793467879575,,,,,,0.06051660296157905,,,,,,11.035343097860252,,,,,,7.3696391245857695,,,,,
