index,bin_size,m,n,a,b,corr
1464,1,0.09655882947890618,16.0,28523.57210815385,-28524.226577401965,10.356380720402743
1464,2,0.09741453016911641,16.0,27982.49480739474,-27983.9858641573,10.265409054110828
1464,4,0.09366315760181426,16.0,30414.552650978287,-30417.353041219685,10.676556562947114
1464,8,0.09877757879635564,16.0,27170.25659668519,-27172.07567358646,10.123754926830568
1464,16,0.09643358495031008,16.0,28577.98458343748,-28579.778235112226,10.36983122130403
1464,32,0.09599692854078193,16.0,28876.857413152735,-28879.00857016476,10.416999951984659
