index,bin_size,m,n,a,b,corr
2857,1,0.000014904440603428206,24.0,783989570833.8943,-783989570694.4028,67094.09810187627
2857,2,0.000028930810854666122,24.0,208609417369.71912,-208609417229.01126,34565.22546234526
2857,4,-0.000013142271793718832,24.0,1010376194680.1454,-1010376194541.3208,-76090.34539050823
2857,8,-4.165898904336755e-6,24.0,10042962356075.95,-10042962355936.654,-240044.23126038583
2857,16,0.000022755175758205036,24.0,337166311334.85254,-337166311194.3326,43946.04597327363
2857,32,0.000020873979730600926,24.0,400477176487.83044,-400477176345.8066,47906.53305723085
