index,bin_size,m12,m23,m34,m13,m24,m14,m12_err,m23_err,m34_err,m13_err,m24_err,m14_err,corr12,corr23,corr34,corr13,corr24,corr14,corr12_err,corr23_err,corr34_err,corr13_err,corr24_err,corr14_err
503,1,0.1250955916772004,,,,,,0.023081799905725158,,,,,,7.993886807621673,,,,,,1.4749784008269609,,,,,
503,2,0.12274554687901354,,,,,,0.022473549056485426,,,,,,8.14693506547874,,,,,,1.4916267800289686,,,,,
503,4,0.12473781775811578,,,,,,0.023235897104390904,,,,,,8.016814932093338,,,,,,1.4933553449546828,,,,,
503,8,0.12270823219266767,,,,,,0.02312156061671159,,,,,,8.149412489537553,,,,,,1.5355704462564033,,,,,
503,16,0.12256108802217736,,,,,,0.023382165926498173,,,,,,8.159196496518133,,,,,,1.5566089481350565,,,,,
503,32,0.12325419590248719,,,,,,0.024341354655951306,,,,,,8.113314055378302,,,,,,1.6022907245553057,,,,,
