index,bin_size,m12,m23,m34,m13,m24,m14,m12_err,m23_err,m34_err,m13_err,m24_err,m14_err,corr12,corr23,corr34,corr13,corr24,corr14,corr12_err,corr23_err,corr34_err,corr13_err,corr24_err,corr14_err
2734,1,0.08709934122404737,,,,,,0.06805719616629637,,,,,,11.481143094155902,,,,,,8.97107138574495,,,,,
2734,2,0.08772155427420174,,,,,,0.06504804204121908,,,,,,11.39970681406511,,,,,,8.453208726569008,,,,,
2734,4,0.08762670517046406,,,,,,0.06546277165385844,,,,,,11.412046111452625,,,,,,8.525530741387911,,,,,
2734,8,0.086238661742695,,,,,,0.060131953375105615,,,,,,11.595727250309595,,,,,,8.085395996130728,,,,,
2734,16,0.08673797202410355,,,,,,0.06042910259107028,,,,,,11.52897602588761,,,,,,8.032072445096487,,,,,
2734,32,0.08455703522854616,,,,,,0.05346987525979527,,,,,,11.82633706701206,,,,,,7.478416976710033,,,,,
