index,bin_size,m12,m23,m34,m13,m24,m14,m12_err,m23_err,m34_err,m13_err,m24_err,m14_err,corr12,corr23,corr34,corr13,corr24,corr14,corr12_err,corr23_err,corr34_err,corr13_err,corr24_err,corr14_err
963,1,0.1389722512062503,,,,,,0.06352130833580262,,,,,,7.195681089715446,,,,,,3.288995272211305,,,,,
963,2,0.13995133186056433,,,,,,0.06414392466618694,,,,,,7.145341074683844,,,,,,3.2749257439391375,,,,,
963,4,0.14106540385514138,,,,,,0.061571936986106655,,,,,,7.088910339964643,,,,,,3.094152987366609,,,,,
963,8,0.1429530713877997,,,,,,0.06012743794161528,,,,,,6.995302656262794,,,,,,2.9422916364366727,,,,,
963,16,0.13818805903540474,,,,,,0.06348668307329232,,,,,,7.236515274766202,,,,,,3.3246168663995315,,,,,
963,32,0.13880177687587128,,,,,,0.06680276801052472,,,,,,7.204518720925941,,,,,,3.46740368584692,,,,,
