index,bin_size,m,n,a,b,corr
1354,1,0.15988423014340233,16.0,6828.681369006174,-6743.810730090152,6.254525534526366
1354,2,0.1601786312698843,16.0,6798.158357158441,-6713.984693529232,6.243029997647465
1354,4,0.16178126446368252,16.0,6647.681426409891,-6561.852646588645,6.1811854624518965
1354,8,0.15940158551361594,16.0,6878.965640428269,-6792.463227754598,6.273463320818606
1354,16,0.16010889283203517,16.0,6799.855335753868,-6714.539969898069,6.2457492667135375
1354,32,0.1615496286269195,16.0,6654.875910661537,-6571.649554064816,6.190048274944576
