index,bin_size,m12,m23,m34,m13,m24,m14,m12_err,m23_err,m34_err,m13_err,m24_err,m14_err,corr12,corr23,corr34,corr13,corr24,corr14,corr12_err,corr23_err,corr34_err,corr13_err,corr24_err,corr14_err
2311,1,0.23438704609412334,,,,,,0.0322735711257057,,,,,,4.266447385485748,,,,,,0.5874620438463204,,,,,
2311,2,0.23613966471699704,,,,,,0.03188619891908644,,,,,,4.234781993099109,,,,,,0.5718272750694058,,,,,
2311,4,0.23519883898806224,,,,,,0.03204849769497387,,,,,,4.251721667940529,,,,,,0.5793450880154158,,,,,
2311,8,0.2365231535587482,,,,,,0.032198883696193926,,,,,,4.2279158930274345,,,,,,0.5755638298770903,,,,,
2311,16,0.23715678444790128,,,,,,0.03379281508966963,,,,,,4.216619829485335,,,,,,0.6008322913171174,,,,,
2311,32,0.23604267135612078,,,,,,0.03202338659253502,,,,,,4.236522126506891,,,,,,0.5747595766710965,,,,,
