index,bin_size,m,n,a,b,corr
2416,1,0.07501611994510983,24.0,28764.348180194153,-28694.52404470377,13.330468181128426
2416,2,0.0749846902705058,24.0,28798.55673149539,-28730.053478411384,13.336055618720563
2416,4,0.07683944626740692,24.0,27293.589550426055,-27225.367554536886,13.014148963540503
2416,8,0.07428061681881833,24.0,29404.85263835719,-29336.64098042114,13.462462252287853
2416,16,0.07531512891753046,24.0,28508.05777349811,-28439.214715518796,13.277544822302476
2416,32,0.07530797726353562,24.0,28522.589278299878,-28455.699536550987,13.278805729976808
