index,bin_size,m,n,a,b,corr
1268,1,0.11137959586626191,16.0,16100.747132935567,-16140.279081864166,8.978305157443213
1268,2,0.11420405961427342,16.0,15234.632491530569,-15273.655307334211,8.75625615567013
1268,4,0.11205561380848367,16.0,15878.009208109597,-15917.165593318558,8.924140130177847
1268,8,0.11378912789641878,16.0,15356.010846318368,-15396.303207698838,8.788185817807577
1268,16,0.11331334014521034,16.0,15499.053513945546,-15540.947150977036,8.825086249496364
1268,32,0.11127420773447362,16.0,16118.778661702574,-16158.102532510544,8.986808536855502
