index,bin_size,m,n,a,b,corr
1791,1,-0.00003713625223773898,16.0,180557434188.46234,-180557434193.37433,-26927.865353730278
1791,2,5.472775001853265e-7,16.0,830704174423573.1,-830704174423577.6,1827226.5891825745
1791,4,-0.000013945038009166533,16.0,1281694857009.5498,-1281694857016.2456,-71710.0949701727
1791,8,0.00006608754653754969,16.0,57026905910.39173,-57026905916.376015,15131.443855792391
1791,16,-0.00005747263373976015,16.0,75360535665.85178,-75360535672.14545,-17399.585418828472
1791,32,-7.552828299396969e-6,16.0,4360031650799.8135,-4360031650808.364,-132400.73259441656
