index,bin_size,m12,m23,m34,m13,m24,m14,m12_err,m23_err,m34_err,m13_err,m24_err,m14_err,corr12,corr23,corr34,corr13,corr24,corr14,corr12_err,corr23_err,corr34_err,corr13_err,corr24_err,corr14_err
1086,1,0.16662712012451303,,,,,,0.05791510272392168,,,,,,6.0014240134063686,,,,,,2.085933478094768,,,,,
1086,2,0.165992952293415,,,,,,0.0583423119769089,,,,,,6.024352155821439,,,,,,2.117406962630673,,,,,
1086,4,0.16805968970102564,,,,,,0.06007276060642351,,,,,,5.950266847326549,,,,,,2.126916671687778,,,,,
1086,8,0.1653153525175595,,,,,,0.06545294500385701,,,,,,6.049044960260312,,,,,,2.3949851062243104,,,,,
1086,16,0.16420583403319994,,,,,,0.060821296082243834,,,,,,6.0899176079079815,,,,,,2.2556852752999803,,,,,
1086,32,0.16705648544893878,,,,,,0.05288873723771342,,,,,,5.985999270322567,,,,,,1.8951191368742255,,,,,
