index,bin_size,m12,m23,m34,m13,m24,m14,m12_err,m23_err,m34_err,m13_err,m24_err,m14_err,corr12,corr23,corr34,corr13,corr24,corr14,corr12_err,corr23_err,corr34_err,corr13_err,corr24_err,corr14_err
926,1,0.14667706904562697,,,,,,0.061736509393401376,,,,,,6.8176982708110225,,,,,,2.8695752926885323,,,,,
926,2,0.14688341580052047,,,,,,0.06158570553795585,,,,,,6.808120539340402,,,,,,2.8545285695979943,,,,,
926,4,0.14916585322147355,,,,,,0.05818289435361827,,,,,,6.703947172918007,,,,,,2.6149084504949887,,,,,
926,8,0.147060305663068,,,,,,0.05846130634503348,,,,,,6.799931466830448,,,,,,2.703196316743697,,,,,
926,16,0.15121462430071403,,,,,,0.05597086899504905,,,,,,6.613116982728753,,,,,,2.4477917132747677,,,,,
926,32,0.15150250102164908,,,,,,0.04259239615997235,,,,,,6.600551101510226,,,,,,1.855634629751047,,,,,
