index,bin_size,m12,m23,m34,m13,m24,m14,m12_err,m23_err,m34_err,m13_err,m24_err,m14_err,corr12,corr23,corr34,corr13,corr24,corr14,corr12_err,corr23_err,corr34_err,corr13_err,corr24_err,corr14_err
1786,1,0.04168872595859705,,,,,,0.05693056736667105,,,,,,23.98730057121786,,,,,,32.757312671789364,,,,,
1786,2,0.036344567946746516,,,,,,0.05372536561337595,,,,,,27.514428056078124,,,,,,40.67245232139438,,,,,
1786,4,0.03825782402737622,,,,,,0.05369153357364842,,,,,,26.138444237822522,,,,,,36.68303653008969,,,,,
1786,8,0.034113864106668446,,,,,,0.05095799589232716,,,,,,29.313595108228267,,,,,,43.78753618891397,,,,,
1786,16,0.03301301983118252,,,,,,0.04806972269082756,,,,,,30.2910792503583,,,,,,44.106349162134414,,,,,
1786,32,0.03641394649633853,,,,,,0.051546303615297,,,,,,27.462005528583706,,,,,,38.874250419511036,,,,,
