index,bin_size,m12,m23,m34,m13,m24,m14,m12_err,m23_err,m34_err,m13_err,m24_err,m14_err,corr12,corr23,corr34,corr13,corr24,corr14,corr12_err,corr23_err,corr34_err,corr13_err,corr24_err,corr14_err
1444,1,0.18520097465607274,,,,,,0.055420252514602766,,,,,,5.399539618282511,,,,,,1.61577901878502,,,,,
1444,2,0.18666804406974108,,,,,,0.05502772830032177,,,,,,5.3571033273718225,,,,,,1.579216345488841,,,,,
1444,4,0.1808140660300488,,,,,,0.06059488828882324,,,,,,5.530543181490172,,,,,,1.8534102662301575,,,,,
1444,8,0.18249282706987474,,,,,,0.06139806965558853,,,,,,5.47966742614552,,,,,,1.8435848012323361,,,,,
1444,16,0.182614210197643,,,,,,0.060547132875442014,,,,,,5.476025107343519,,,,,,1.8156178505754865,,,,,
1444,32,0.18251697285532392,,,,,,0.06705941861951811,,,,,,5.478942502474397,,,,,,2.0130440096491196,,,,,
