index,bin_size,m12,m23,m34,m13,m24,m14,m12_err,m23_err,m34_err,m13_err,m24_err,m14_err,corr12,corr23,corr34,corr13,corr24,corr14,corr12_err,corr23_err,corr34_err,corr13_err,corr24_err,corr14_err
1533,1,0.018101518943083126,,,,,,0.04009686143501467,,,,,,55.24398273671479,,,,,,122.37151632840315,,,,,
1533,2,0.01843265045901124,,,,,,0.04011162937472603,,,,,,54.25155770320194,,,,,,118.05781162244911,,,,,
1533,4,0.016500863170325498,,,,,,0.036826279090131274,,,,,,60.60289026566565,,,,,,135.25225483994961,,,,,
1533,8,0.01562998144456355,,,,,,0.03626360991141443,,,,,,63.97960250604276,,,,,,148.44108137911326,,,,,
1533,16,0.017551606915655524,,,,,,0.03807805828447144,,,,,,56.974840241438464,,,,,,123.60641950833683,,,,,
1533,32,0.018113578917911752,,,,,,0.039286909864969737,,,,,,55.20720143334801,,,,,,119.74002246813951,,,,,
