index,bin_size,m12,m23,m34,m13,m24,m14,m12_err,m23_err,m34_err,m13_err,m24_err,m14_err,corr12,corr23,corr34,corr13,corr24,corr14,corr12_err,corr23_err,corr34_err,corr13_err,corr24_err,corr14_err
1495,1,0.10306526186108257,,,,,,0.06744425465138142,,,,,,9.70259020297119,,,,,,6.349219442232677,,,,,
1495,2,0.10332086735546721,,,,,,0.06690804867922694,,,,,,9.678586965008527,,,,,,6.267614513658605,,,,,
1495,4,0.10296021738225225,,,,,,0.07056654577537803,,,,,,9.712489206266719,,,,,,6.656714909821346,,,,,
1495,8,0.10402305182215767,,,,,,0.0745449996715129,,,,,,9.613253817140873,,,,,,6.8890499758274855,,,,,
1495,16,0.10285199227646202,,,,,,0.07488919659736566,,,,,,9.722709087754374,,,,,,7.079356035949775,,,,,
1495,32,0.10370043261412974,,,,,,0.07786764721542178,,,,,,9.64316131371418,,,,,,7.240956129968796,,,,,
