index,bin_size,m12,m23,m34,m13,m24,m14,m12_err,m23_err,m34_err,m13_err,m24_err,m14_err,corr12,corr23,corr34,corr13,corr24,corr14,corr12_err,corr23_err,corr34_err,corr13_err,corr24_err,corr14_err
1820,1,0.018179046959929564,,,,,,0.03936632490057803,,,,,,55.008384224113065,,,,,,119.11944176146494,,,,,
1820,2,0.02024954678339329,,,,,,0.042369899269955304,,,,,,49.383821311996115,,,,,,103.33009212189974,,,,,
1820,4,0.019702573484677556,,,,,,0.04221944071865225,,,,,,50.754791031622716,,,,,,108.75934013460918,,,,,
1820,8,0.02499195374791751,,,,,,0.047108717421739665,,,,,,40.01287814816504,,,,,,75.42248953103459,,,,,
1820,16,0.01839972140269358,,,,,,0.03983876748690565,,,,,,54.348648988435635,,,,,,117.674781204066,,,,,
1820,32,0.018816834162944187,,,,,,0.04033332834687592,,,,,,53.143902493932295,,,,,,113.91238559902096,,,,,
