index,bin_size,m,n,a,b,corr
1154,1,0.1656193390233558,16.0,5761.224479457962,-5714.638247585922,6.037942222791863
1154,2,0.1656581871985004,16.0,5757.594103759651,-5709.425386853816,6.03652627685553
1154,4,0.16368824808608606,16.0,5917.5109881694025,-5869.805709006141,6.109174065288336
1154,8,0.16526596971651134,16.0,5786.373686371056,-5739.7633054573,6.0508524635492
1154,16,0.16543753753143015,16.0,5775.601376770307,-5728.453033415313,6.0445773971340575
1154,32,0.16433731120611125,16.0,5870.445145102348,-5823.921624132261,6.085045402415059
