index,bin_size,m12,m23,m34,m13,m24,m14,m12_err,m23_err,m34_err,m13_err,m24_err,m14_err,corr12,corr23,corr34,corr13,corr24,corr14,corr12_err,corr23_err,corr34_err,corr13_err,corr24_err,corr14_err
2913,1,0.13077756724287093,,,,,,0.03609107728717668,,,,,,7.646571358395665,,,,,,2.11024722126274,,,,,
2913,2,0.1310339806192713,,,,,,0.03499805175531666,,,,,,7.631608192576949,,,,,,2.038337057592413,,,,,
2913,4,0.13029223658696426,,,,,,0.03460091694950908,,,,,,7.675054371582182,,,,,,2.0382175166425176,,,,,
2913,8,0.1296814839693374,,,,,,0.031021658896895274,,,,,,7.711201085857758,,,,,,1.8446291825856107,,,,,
2913,16,0.13098177092626426,,,,,,0.030523437094335294,,,,,,7.634650172526271,,,,,,1.779146537952586,,,,,
2913,32,0.13243252228596608,,,,,,0.022487839354285263,,,,,,7.551015284906118,,,,,,1.282207842587589,,,,,
