index,bin_size,m,n,a,b,corr
2626,1,0.09997925274691423,54.0,2603.7594532672724,-2444.1489645251863,10.002075155846413
2626,2,0.09951584431719918,54.0,2643.0996798451774,-2473.2576781000616,10.048651115420135
2626,4,0.09982985142919001,54.0,2612.3263337799112,-2443.047629285372,10.017043856960028
2626,8,0.10034392104968995,54.0,2569.5029107211185,-2404.9645718509096,9.965725771318061
2626,16,0.0999046406883902,54.0,2608.831906390751,-2445.5010042534673,10.00954503323897
2626,32,0.09979460480018625,54.0,2618.3005719730945,-2451.5529115460968,10.020581793998284
