index,bin_size,m,n,a,b,corr
866,1,0.15978772555439327,16.0,5805.10521083173,-5786.881972599338,6.258302986230256
866,2,0.1621278331891715,16.0,5615.951004356152,-5599.041373460257,6.167972397640049
866,4,0.16100313701147323,16.0,5705.827128860003,-5689.003970918639,6.211059104573466
866,8,0.16204583339667764,16.0,5622.9408454929635,-5606.312266169269,6.171093566793941
866,16,0.16181934716867233,16.0,5640.312202960022,-5622.202445585488,6.179730776924037
866,32,0.16090709043704754,16.0,5713.460621139112,-5696.133706079799,6.214766529454057
