index,bin_size,m12,m23,m34,m13,m24,m14,m12_err,m23_err,m34_err,m13_err,m24_err,m14_err,corr12,corr23,corr34,corr13,corr24,corr14,corr12_err,corr23_err,corr34_err,corr13_err,corr24_err,corr14_err
48,1,13590599088640.568,,,,,,81254373360517.73,,,,,,7.358027364929263e-14,,,,,,4.3991578208394664e-13,,,,,
48,2,NaN,,,,,,NaN,,,,,,NaN,,,,,,NaN,,,,,
48,4,NaN,,,,,,NaN,,,,,,NaN,,,,,,NaN,,,,,
48,8,8585719015428.213,,,,,,33078490671522.145,,,,,,1.164724815944987e-13,,,,,,4.4873747778018854e-13,,,,,
48,16,NaN,,,,,,NaN,,,,,,NaN,,,,,,NaN,,,,,
48,32,10281326288795.314,,,,,,95770061859775.3,,,,,,9.726371597503031e-14,,,,,,9.060068549513685e-13,,,,,
