index,bin_size,m,n,a,b,corr
1794,1,0.08828909384290658,16.0,27903.449253564606,-27930.343211125586,11.326427268347631
1794,2,0.08557689508049175,16.0,29742.500601470983,-29770.05455379696,11.685397081296557
1794,4,0.08497620477278724,16.0,30228.013385001796,-30255.3627142239,11.768000261647833
1794,8,0.08527698108715973,16.0,29987.179744186193,-30014.58296032958,11.726493917249744
1794,16,0.08518449525722722,16.0,30065.846559556794,-30092.64405915983,11.73922551258127
1794,32,0.08346543725221836,16.0,31384.908958018328,-31412.1141896743,11.981007144048979
