index,bin_size,m12,m23,m34,m13,m24,m14,m12_err,m23_err,m34_err,m13_err,m24_err,m14_err,corr12,corr23,corr34,corr13,corr24,corr14,corr12_err,corr23_err,corr34_err,corr13_err,corr24_err,corr14_err
1611,1,0.02866333489111466,,,,,,0.0474078943037612,,,,,,34.8877757524994,,,,,,57.70284552201648,,,,,
1611,2,0.02930757744507562,,,,,,0.04909658373541588,,,,,,34.12086863453889,,,,,,57.15989617975882,,,,,
1611,4,0.03056496199293115,,,,,,0.04943550693618478,,,,,,32.71720083379371,,,,,,52.9165195469773,,,,,
1611,8,0.02527198754375819,,,,,,0.0440074145990854,,,,,,39.56950351722476,,,,,,68.90441615434264,,,,,
1611,16,0.0256209407182756,,,,,,0.044517949412517736,,,,,,39.0305731157909,,,,,,67.81800475698144,,,,,
1611,32,0.023523460687465473,,,,,,0.04189330735739983,,,,,,42.510751852632474,,,,,,75.70807786396206,,,,,
