index,bin_size,m12,m23,m34,m13,m24,m14,m12_err,m23_err,m34_err,m13_err,m24_err,m14_err,corr12,corr23,corr34,corr13,corr24,corr14,corr12_err,corr23_err,corr34_err,corr13_err,corr24_err,corr14_err
882,1,0.1659617070497397,,,,,,0.062118079062909455,,,,,,6.025486347283076,,,,,,2.2552891505317803,,,,,
882,2,0.1681925290543236,,,,,,0.05952816023913775,,,,,,5.945567294948132,,,,,,2.104306800285616,,,,,
882,4,0.167725769466808,,,,,,0.05964772639363366,,,,,,5.962113056204488,,,,,,2.1202853290517933,,,,,
882,8,0.16867610680291942,,,,,,0.061971330520136376,,,,,,5.928521940386,,,,,,2.178129431768354,,,,,
882,16,0.16768871632196253,,,,,,0.06821845188578861,,,,,,5.963430467676781,,,,,,2.426018895942689,,,,,
882,32,0.1665456809630101,,,,,,0.062253818188904964,,,,,,6.004358649337179,,,,,,2.2443947482482938,,,,,
