index,bin_size,m,n,a,b,corr
1451,1,0.046186582402544654,16.0,115054.19924653943,-115055.96045202133,21.651309709048853
1451,2,0.04772163914107362,16.0,107495.06626406533,-107499.7377638994,20.95485440145555
1451,4,0.04427720802635674,16.0,125255.90219460423,-125257.4193682678,22.58498321314057
1451,8,0.04872016488509549,16.0,103107.86414758915,-103112.37510981529,20.525382095041323
1451,16,0.0495063630777975,16.0,99840.35500552219,-99845.66987250086,20.199423626181858
1451,32,0.044798566849567255,16.0,122271.32984913493,-122275.70887578295,22.322142655991232
