index,bin_size,m12,m23,m34,m13,m24,m14,m12_err,m23_err,m34_err,m13_err,m24_err,m14_err,corr12,corr23,corr34,corr13,corr24,corr14,corr12_err,corr23_err,corr34_err,corr13_err,corr24_err,corr14_err
1683,1,0.0012795308611772147,,,,,,0.009628107761133781,,,,,,781.5364445996745,,,,,,5880.840655094489,,,,,
1683,2,0.001981648787983718,,,,,,0.013039717498315171,,,,,,504.6302887089679,,,,,,3320.5865972614674,,,,,
1683,4,0.001960859524671282,,,,,,0.013914540535076288,,,,,,509.9804383833359,,,,,,3618.894363771673,,,,,
1683,8,0.0011340789381776742,,,,,,0.008706777448487432,,,,,,881.772834620205,,,,,,6769.722611634671,,,,,
1683,16,0.002082492931371829,,,,,,0.013724897837157418,,,,,,480.193706751867,,,,,,3164.7692378354345,,,,,
1683,32,0.0013015437750473872,,,,,,0.010877722892163492,,,,,,768.3183763554872,,,,,,6421.2626199588885,,,,,
