index,bin_size,m12,m23,m34,m13,m24,m14,m12_err,m23_err,m34_err,m13_err,m24_err,m14_err,corr12,corr23,corr34,corr13,corr24,corr14,corr12_err,corr23_err,corr34_err,corr13_err,corr24_err,corr14_err
2711,1,0.08414138347796522,,,,,,0.0701530767901409,,,,,,11.88475823269388,,,,,,9.90894518805689,,,,,
2711,2,0.07953951984239625,,,,,,0.06762010789558355,,,,,,12.572366566726227,,,,,,10.688331856030512,,,,,
2711,4,0.08377782100392787,,,,,,0.06674605353964841,,,,,,11.936333363851938,,,,,,9.509714339949234,,,,,
2711,8,0.08225912168787035,,,,,,0.06692781674612999,,,,,,12.15670650842187,,,,,,9.890961740625034,,,,,
2711,16,0.0827826830343286,,,,,,0.06353341299809079,,,,,,12.079821085109268,,,,,,9.270927612059086,,,,,
2711,32,0.08384700789301382,,,,,,0.054568332555046804,,,,,,11.9264840228523,,,,,,7.7618553449381045,,,,,
