index,bin_size,m12,m23,m34,m13,m24,m14,m12_err,m23_err,m34_err,m13_err,m24_err,m14_err,corr12,corr23,corr34,corr13,corr24,corr14,corr12_err,corr23_err,corr34_err,corr13_err,corr24_err,corr14_err
1525,1,0.08483153657784359,,,,,,0.06725407479498889,,,,,,11.788068922721616,,,,,,9.34552998800999,,,,,
1525,2,0.08533539281333896,,,,,,0.06581362737656538,,,,,,11.718467180286863,,,,,,9.037690072100505,,,,,
1525,4,0.08566943924338082,,,,,,0.06862450729315193,,,,,,11.672773965043366,,,,,,9.350339738068545,,,,,
1525,8,0.08424102048208183,,,,,,0.07105429093134438,,,,,,11.870701402681858,,,,,,10.012512505171758,,,,,
1525,16,0.08816509057373065,,,,,,0.07530283193457507,,,,,,11.342357768732972,,,,,,9.68764003124848,,,,,
1525,32,0.08985851352163703,,,,,,0.07553043443323906,,,,,,11.128606080927547,,,,,,9.354132613449563,,,,,
