index,bin_size,m12,m23,m34,m13,m24,m14,m12_err,m23_err,m34_err,m13_err,m24_err,m14_err,corr12,corr23,corr34,corr13,corr24,corr14,corr12_err,corr23_err,corr34_err,corr13_err,corr24_err,corr14_err
95,1,0.1365189819702469,,,,,,0.06079403207458066,,,,,,7.3249886980401095,,,,,,3.2619317213458556,,,,,
95,2,0.13759339256418884,,,,,,0.05680620080957634,,,,,,7.2677908536450175,,,,,,3.000548056706716,,,,,
95,4,0.1358195725457722,,,,,,0.05890974282919695,,,,,,7.362709079819792,,,,,,3.1934668199033336,,,,,
95,8,0.1344148617376493,,,,,,0.056953162910371655,,,,,,7.439653525454635,,,,,,3.152268980932619,,,,,
95,16,0.13564472089225466,,,,,,0.05980019674043245,,,,,,7.372199916237951,,,,,,3.250100722688739,,,,,
95,32,0.13708582743193307,,,,,,0.050172600143839445,,,,,,7.294700106738079,,,,,,2.669816993345419,,,,,
