index,bin_size,m,n,a,b,corr
915,1,0.19564152376297167,16.0,4004.738767391309,-4002.0882969762465,5.111389344991731
915,2,0.1961963732690839,16.0,3976.7939803432764,-3975.818504611965,5.096934175375898
915,4,0.19540330136696074,16.0,4020.714820042496,-4018.7623125037735,5.117620802741884
915,8,0.19574198978592225,16.0,4004.9490085400635,-4004.0059375203623,5.108765886633078
915,16,0.19619174756387214,16.0,3979.447868326262,-3977.2990120743348,5.097054348192908
915,32,0.19478857582107814,16.0,4053.1914002259914,-4050.7386233731786,5.133771299393573
