index,bin_size,m12,m23,m34,m13,m24,m14,m12_err,m23_err,m34_err,m13_err,m24_err,m14_err,corr12,corr23,corr34,corr13,corr24,corr14,corr12_err,corr23_err,corr34_err,corr13_err,corr24_err,corr14_err
216,1,0.14600199975447342,,,,,,0.03387718321233628,,,,,,6.8492212550627105,,,,,,1.5892407207421002,,,,,
216,2,0.14453585043361408,,,,,,0.03715982971029017,,,,,,6.918698696551442,,,,,,1.7787812823555786,,,,,
216,4,0.14570733503796132,,,,,,0.03503346210406588,,,,,,6.8630724715366505,,,,,,1.6501378553550212,,,,,
216,8,0.14541810827782706,,,,,,0.03493559001060739,,,,,,6.876722657466155,,,,,,1.652080103523968,,,,,
216,16,0.14359109316861424,,,,,,0.03668180698901875,,,,,,6.9642202586042945,,,,,,1.7790809841886128,,,,,
216,32,0.14425774212580167,,,,,,0.03865701792553221,,,,,,6.932036958736941,,,,,,1.8575909550882728,,,,,
