index,bin_size,m12,m23,m34,m13,m24,m14,m12_err,m23_err,m34_err,m13_err,m24_err,m14_err,corr12,corr23,corr34,corr13,corr24,corr14,corr12_err,corr23_err,corr34_err,corr13_err,corr24_err,corr14_err
130,1,0.20116675142512652,,,,,,0.052198741594213734,,,,,,4.971000391047206,,,,,,1.2898750068725247,,,,,
130,2,0.20150484732479917,,,,,,0.05513784140654629,,,,,,4.962659773579205,,,,,,1.3579343186181578,,,,,
130,4,0.20141220581254363,,,,,,0.055860147953814616,,,,,,4.964942397436976,,,,,,1.3769891242893288,,,,,
130,8,0.20157074227621455,,,,,,0.05934786628881598,,,,,,4.961037443765967,,,,,,1.46066330629956,,,,,
130,16,0.20022062819062594,,,,,,0.06569712220839698,,,,,,4.994490373129389,,,,,,1.6388103832125824,,,,,
130,32,0.1992742244873128,,,,,,0.06222635875349738,,,,,,5.01821047138822,,,,,,1.5670113176781755,,,,,
