index,bin_size,m12,m23,m34,m13,m24,m14,m12_err,m23_err,m34_err,m13_err,m24_err,m14_err,corr12,corr23,corr34,corr13,corr24,corr14,corr12_err,corr23_err,corr34_err,corr13_err,corr24_err,corr14_err
146,1,0.10493608343055255,,,,,,0.066492244739802,,,,,,9.529610476283947,,,,,,6.038391860540558,,,,,
146,2,0.10773807380429049,,,,,,0.06569750820124327,,,,,,9.281769802349823,,,,,,5.659922497033225,,,,,
146,4,0.10676758849122991,,,,,,0.06681419852395472,,,,,,9.36613830218842,,,,,,5.861245278351836,,,,,
146,8,0.10704315960321947,,,,,,0.06782112370892934,,,,,,9.34202618557537,,,,,,5.91898366950772,,,,,
146,16,0.10918956758669349,,,,,,0.0713574979622032,,,,,,9.158384103005332,,,,,,5.985181454706293,,,,,
146,32,0.1047664223827438,,,,,,0.07132199612370929,,,,,,9.545042937007947,,,,,,6.497993344345127,,,,,
