index,bin_size,m12,m23,m34,m13,m24,m14,m12_err,m23_err,m34_err,m13_err,m24_err,m14_err,corr12,corr23,corr34,corr13,corr24,corr14,corr12_err,corr23_err,corr34_err,corr13_err,corr24_err,corr14_err
2261,1,0.017907290574021177,,,,,,0.03184510254100119,,,,,,55.84317716107986,,,,,,99.30769233676146,,,,,
2261,2,0.020216658894795483,,,,,,0.03339330747883221,,,,,,49.464157515040085,,,,,,81.70350153686125,,,,,
2261,4,0.01709744767195556,,,,,,0.030405591086550814,,,,,,58.48826206032323,,,,,,104.01378110290815,,,,,
2261,8,0.01965280464669381,,,,,,0.03394642410305427,,,,,,50.883322659406275,,,,,,87.89111181946957,,,,,
2261,16,0.019476352308020282,,,,,,0.03279668002070046,,,,,,51.34431664538149,,,,,,86.45988208000676,,,,,
2261,32,0.024244904407738205,,,,,,0.03869609432487319,,,,,,41.24578027541456,,,,,,65.83035252269451,,,,,
