index,bin_size,m12,m23,m34,m13,m24,m14,m12_err,m23_err,m34_err,m13_err,m24_err,m14_err,corr12,corr23,corr34,corr13,corr24,corr14,corr12_err,corr23_err,corr34_err,corr13_err,corr24_err,corr14_err
63,1,6026558182414.078,,,,,,82297171376533.69,,,,,,1.6593219043633737e-13,,,,,,2.2659284951518966e-12,,,,,
63,2,3395461613593.042,,,,,,17253051478052.592,,,,,,2.94510765781213e-13,,,,,,1.4964708723321643e-12,,,,,
63,4,1948105043628.7808,,,,,,14295913196987.19,,,,,,5.133193424402191e-13,,,,,,3.766926627421776e-12,,,,,
63,8,3591190169547.2783,,,,,,41353310765631.98,,,,,,2.784592162453108e-13,,,,,,3.2065164921072154e-12,,,,,
63,16,4577792040643.015,,,,,,74282591234762.92,,,,,,2.1844592133537286e-13,,,,,,3.544662784458293e-12,,,,,
63,32,2687975492307.0166,,,,,,24057997111250.77,,,,,,3.720272014614713e-13,,,,,,3.329728773079343e-12,,,,,
