index,bin_size,m,n,a,b,corr
1183,1,0.05746240725333196,16.0,69456.18463041066,-69480.28999290404,17.402681993313376
1183,2,0.05533906362518371,16.0,75092.74275707568,-75117.43296930302,18.070417793352757
1183,4,0.05525816096311616,16.0,75227.2085978909,-75250.50843409284,18.09687442670201
1183,8,0.05678837221894059,16.0,71175.7241108598,-71198.10736956919,17.609238668518667
1183,16,0.055111801467292804,16.0,75621.4322194544,-75645.92167923674,18.144933995552112
1183,32,0.05313131449248226,16.0,81602.9864395789,-81626.24338426566,18.821292293483413
