index,bin_size,m,n,a,b,corr
2554,1,0.08363765363501952,54.0,5020.873252193914,-4892.0619842939295,11.956337325815353
2554,2,0.08391195532937379,54.0,4980.229043021243,-4856.951708563657,11.917252983496443
2554,4,0.08375409954440986,54.0,5000.262221109009,-4873.887737290319,11.939714061038396
2554,8,0.08369578328964994,54.0,5023.224760162253,-4897.904411765994,11.9480332305303
2554,16,0.0839708088590425,54.0,4971.359061441715,-4849.143796369517,11.908900409410714
2554,32,0.08390103046932748,54.0,4972.445273215702,-4845.639573782696,11.91880474418702
