index,bin_size,m,n,a,b,corr
1883,1,0.07425453294010194,16.0,36863.63511501268,-36866.801777294575,13.467191300047078
1883,2,0.07347662962699317,16.0,37677.66664114503,-37681.85642451233,13.60976959717038
1883,4,0.07101273744293633,16.0,40448.47250395491,-40451.76614542249,14.08198072639531
1883,8,0.07260785916997016,16.0,38638.69422934434,-38643.65712796018,13.77261375602697
1883,16,0.07003494510060546,16.0,41638.87082675361,-41642.93399134089,14.278586190986461
1883,32,0.07052026373482524,16.0,41077.771375031036,-41082.02236966583,14.180321329487128
