index,bin_size,m12,m23,m34,m13,m24,m14,m12_err,m23_err,m34_err,m13_err,m24_err,m14_err,corr12,corr23,corr34,corr13,corr24,corr14,corr12_err,corr23_err,corr34_err,corr13_err,corr24_err,corr14_err
1921,1,0.11918243814674495,,,,,,0.06361179240028826,,,,,,8.390497925279368,,,,,,4.478299155960819,,,,,
1921,2,0.12115174546197141,,,,,,0.06146114814894258,,,,,,8.254111372368897,,,,,,4.187369814282009,,,,,
1921,4,0.12105711484521352,,,,,,0.05990535918264989,,,,,,8.260563629643938,,,,,,4.087756691687916,,,,,
1921,8,0.12228494026254476,,,,,,0.059285986948975994,,,,,,8.17762185476812,,,,,,3.9646614007787266,,,,,
1921,16,0.12046753312196988,,,,,,0.05653430953820625,,,,,,8.300991761718313,,,,,,3.8955793778556065,,,,,
1921,32,0.12338888405079576,,,,,,0.0522911431000288,,,,,,8.10445776937514,,,,,,3.4345991879793045,,,,,
