index,bin_size,m,n,a,b,corr
2100,1,0.16026712449492148,16.0,7429.582438098603,-7478.945266421552,6.239582841156471
2100,2,0.16023701124620005,16.0,7427.283934856293,-7478.996576355338,6.240755442346124
2100,4,0.16042750252841176,16.0,7418.836229232098,-7468.781302542815,6.233345182338045
2100,8,0.1586937530088915,16.0,7604.469656290357,-7653.30964690589,6.301445274559552
2100,16,0.15756985602181006,16.0,7742.416613716769,-7793.636252158658,6.346391532283845
2100,32,0.1586536049927326,16.0,7621.917512628451,-7673.800211875681,6.303039883939648
