index,bin_size,m12,m23,m34,m13,m24,m14,m12_err,m23_err,m34_err,m13_err,m24_err,m14_err,corr12,corr23,corr34,corr13,corr24,corr14,corr12_err,corr23_err,corr34_err,corr13_err,corr24_err,corr14_err
1102,1,0.20278819410927454,,,,,,0.05121007686697104,,,,,,4.931253539647084,,,,,,1.245288829189789,,,,,
1102,2,0.2024064449760474,,,,,,0.04998105399760236,,,,,,4.940554141536052,,,,,,1.2199913068747064,,,,,
1102,4,0.20562701063268715,,,,,,0.04954088735415357,,,,,,4.863174331636355,,,,,,1.1716650016255665,,,,,
1102,8,0.20274082633591853,,,,,,0.042563943253088626,,,,,,4.932405663293063,,,,,,1.035522240625417,,,,,
1102,16,0.2054234627045472,,,,,,0.040071537256691915,,,,,,4.867993104751925,,,,,,0.9495895186176713,,,,,
1102,32,0.2039106242071451,,,,,,0.03658693819283078,,,,,,4.90410935618606,,,,,,0.879926421702236,,,,,
