index,bin_size,m,n,a,b,corr
1363,1,-0.00004123944372829842,16.0,162308768381.67374,-162308768295.76648,-24248.62969996373
1363,2,-1.0322421425517639e-7,16.0,2.587544667900052e16,-2.587544667900044e16,-9687649.426208667
1363,4,-1.3116868001362938e-6,16.0,160296240602266.6,-160296240602183.1,-762377.1161653016
1363,8,2.265868443635259e-6,16.0,53732063968359.8,-53732063968274.47,441331.88879917684
1363,16,-0.000023068184483484563,16.0,519626358801.2514,-519626358712.3406,-43349.748685941886
1363,32,-0.000026775785866437528,16.0,384155155000.89935,-384155154914.7716,-37347.176474602136
