index,bin_size,m12,m23,m34,m13,m24,m14,m12_err,m23_err,m34_err,m13_err,m24_err,m14_err,corr12,corr23,corr34,corr13,corr24,corr14,corr12_err,corr23_err,corr34_err,corr13_err,corr24_err,corr14_err
2460,1,0.13702381443417086,,,,,,0.03533173104087012,,,,,,7.298001476089554,,,,,,1.881797163170832,,,,,
2460,2,0.13715095805668992,,,,,,0.03779892792838125,,,,,,7.291235979457471,,,,,,2.0094712220852036,,,,,
2460,4,0.13877019368987722,,,,,,0.035346753734629185,,,,,,7.206158422137782,,,,,,1.8355116494919808,,,,,
2460,8,0.13901749309035485,,,,,,0.03457462181677799,,,,,,7.193339325649088,,,,,,1.789033748597568,,,,,
2460,16,0.13907884134979084,,,,,,0.03196288546571311,,,,,,7.190166313544025,,,,,,1.6524329662858666,,,,,
2460,32,0.1396418195850022,,,,,,0.027298317313029136,,,,,,7.161178527835524,,,,,,1.3999253545182302,,,,,
