index,bin_size,m,n,a,b,corr
1378,1,1.034634573775335e-6,16.0,271940927498206.8,-271940927498165.28,966524.8246548006
1378,2,0.00003938901580131841,16.0,187995404295.80112,-187995404254.46667,25387.78843939859
1378,4,-7.10666784674928e-6,16.0,5759187731345.136,-5759187731307.025,-140712.9222252055
1378,8,3.869627741068836e-6,16.0,19503007272442.27,-19503007272397.1,258422.79074725375
1378,16,-1.4274789223034513e-6,16.0,142786503966508.5,-142786503966469.4,-700535.737779126
1378,32,4.946039522974461e-6,16.0,11919917650279.531,-11919917650236.342,202181.96707789702
