index,bin_size,m,n,a,b,corr
1395,1,0.06035300177203736,16.0,72511.11192875843,-72565.36438936833,16.569184143932972
1395,2,0.05762750554307444,16.0,79659.59410477818,-79712.83623476033,17.352824672456745
1395,4,0.06321610308076032,16.0,65948.69738967094,-66006.38963311656,15.81875426143355
1395,8,0.06002168236717715,16.0,73344.36879049723,-73398.57144667799,16.660645962613835
1395,16,0.061699844458060066,16.0,69279.26818383575,-69333.9371032522,16.207496287608006
1395,32,0.057942002228222184,16.0,78816.03412729471,-78868.57030579685,17.258637284593586
