index,bin_size,m,n,a,b,corr
1951,1,0.18658974320699012,16.0,4777.33965404633,-4801.277634993451,5.359351392057318
1951,2,0.18572411698197547,16.0,4825.070172060323,-4849.386999909308,5.384330351114551
1951,4,0.18768595637590973,16.0,4707.293953654971,-4733.734797146439,5.328049148211891
1951,8,0.18806327920545038,16.0,4682.30418202712,-4708.543775263204,5.317359158177533
1951,16,0.18695232796478556,16.0,4751.982723249756,-4776.459815872223,5.348957196127349
1951,32,0.18859830082980766,16.0,4651.92863687693,-4678.056774171049,5.3022747055521275
