index,bin_size,m12,m23,m34,m13,m24,m14,m12_err,m23_err,m34_err,m13_err,m24_err,m14_err,corr12,corr23,corr34,corr13,corr24,corr14,corr12_err,corr23_err,corr34_err,corr13_err,corr24_err,corr14_err
200,1,1865617084.7701943,,,,,,58995992095.81585,,,,,,5.36015674472224e-10,,,,,,1.6950303871328456e-8,,,,,
200,2,26807140645.596207,,,,,,847716219760.3,,,,,,3.7303493618379504e-11,,,,,,1.1796400448706583e-9,,,,,
200,4,6169314564.422738,,,,,,195090856054.27658,,,,,,1.6209256142761945e-10,,,,,,5.1258168535135524e-9,,,,,
200,8,11258999074.859972,,,,,,356040812299.2132,,,,,,8.881784191925933e-11,,,,,,2.8086667716499026e-9,,,,,
200,16,6.481929906005364,,,,,,1.9943193538149366,,,,,,0.15427504069019973,,,,,,0.047466372503349556,,,,,
200,32,6.324739908565564,,,,,,1.3435221078237036,,,,,,0.15810926843737952,,,,,,0.03358609218218888,,,,,
