index,bin_size,m12,m23,m34,m13,m24,m14,m12_err,m23_err,m34_err,m13_err,m24_err,m14_err,corr12,corr23,corr34,corr13,corr24,corr14,corr12_err,corr23_err,corr34_err,corr13_err,corr24_err,corr14_err
2867,1,0.19221163707223718,,,,,,0.029474536666135732,,,,,,5.202598631549967,,,,,,0.7977882424838674,,,,,
2867,2,0.19288667020689734,,,,,,0.030995282934937703,,,,,,5.184391430093967,,,,,,0.8330885646419476,,,,,
2867,4,0.19216032658095114,,,,,,0.03292867949687345,,,,,,5.203987825128571,,,,,,0.8917576809336939,,,,,
2867,8,0.19287405738569552,,,,,,0.028686868147504138,,,,,,5.1847304585928455,,,,,,0.7711440359683772,,,,,
2867,16,0.193081294113932,,,,,,0.027151452791237877,,,,,,5.179165618239161,,,,,,0.7283039583246516,,,,,
2867,32,0.1926771503860509,,,,,,0.028245838929848756,,,,,,5.190029009648444,,,,,,0.7608412474133489,,,,,
