index,bin_size,m,n,a,b,corr
1878,1,0.057311690293465736,16.0,68567.67654091932,-68533.80382016963,17.4484471646095
1878,2,0.06289223848657695,16.0,56700.73482396282,-56669.12982368775,15.90021319106696
1878,4,0.06257019492964593,16.0,57299.231160420255,-57267.479157504255,15.982050257705003
1878,8,0.05772428359061383,16.0,67649.93243511148,-67617.30092447318,17.323731674040275
1878,16,0.05942384071624931,16.0,63690.857609208375,-63657.57007490933,16.82826266270858
1878,32,0.06211988014773358,16.0,58145.615465489005,-58112.37252528987,16.09790613925524
