index,bin_size,m12,m23,m34,m13,m24,m14,m12_err,m23_err,m34_err,m13_err,m24_err,m14_err,corr12,corr23,corr34,corr13,corr24,corr14,corr12_err,corr23_err,corr34_err,corr13_err,corr24_err,corr14_err
1549,1,0.030235820455699357,,,,,,0.048838201095964685,,,,,,33.073354217894334,,,,,,53.421507995068374,,,,,
1549,2,0.02980893414890834,,,,,,0.04857115813785259,,,,,,33.546989469820474,,,,,,54.662005774775345,,,,,
1549,4,0.030262778223511977,,,,,,0.04698252931440981,,,,,,33.04389281824339,,,,,,51.30016984987743,,,,,
1549,8,0.02666880398011833,,,,,,0.04425647172605443,,,,,,37.49699464383565,,,,,,62.22568827998727,,,,,
1549,16,0.02917554831259086,,,,,,0.04750516521893612,,,,,,34.275276998596965,,,,,,55.808812204583965,,,,,
1549,32,0.027904903463242103,,,,,,0.0456877172866077,,,,,,35.83599568144917,,,,,,58.67301571334374,,,,,
