index,bin_size,m,n,a,b,corr
2670,1,0.09558867010996695,16.0,21382.498275112186,-21383.029694064167,10.461490873861742
2670,2,0.09761838341762803,16.0,20430.280816714254,-20428.75286455183,10.243972139159794
2670,4,0.09497638446360702,16.0,21645.06719897273,-21644.902067188596,10.528933120034477
2670,8,0.09635139371500612,16.0,21011.663943103737,-21012.030554959103,10.378677063643309
2670,16,0.09720396051471542,16.0,20630.24610761782,-20629.024452280577,10.287646662798405
2670,32,0.10111667142905503,16.0,18953.184191509798,-18953.61828673281,9.88956604155641
