index,bin_size,m,n,a,b,corr
676,1,0.19153455843103911,16.0,4166.95922076966,-4191.192770208459,5.2209899257425345
676,2,0.19013190075505995,16.0,4246.30741397458,-4270.956926716117,5.259506668942755
676,4,0.18967945818516765,16.0,4267.397693035322,-4288.9639577709895,5.272052174589124
676,8,0.19061712159729385,16.0,4216.0317856600195,-4239.351321995176,5.2461184578825195
676,16,0.1903563989303613,16.0,4231.413887124416,-4254.726782097195,5.253303832280591
676,32,0.1903042776152866,16.0,4237.243337012676,-4260.313713272169,5.254742628652678
