index,bin_size,m12,m23,m34,m13,m24,m14,m12_err,m23_err,m34_err,m13_err,m24_err,m14_err,corr12,corr23,corr34,corr13,corr24,corr14,corr12_err,corr23_err,corr34_err,corr13_err,corr24_err,corr14_err
2535,1,0.05748383228757458,,,,,,0.011972008191749999,,,,,,17.39619576853012,,,,,,3.623060432092091,,,,,
2535,2,0.05748872319431911,,,,,,0.011827052846347729,,,,,,17.394715770949972,,,,,,3.5785839594112456,,,,,
2535,4,0.05703526345999672,,,,,,0.012299121501060505,,,,,,17.533012724687037,,,,,,3.780830326694491,,,,,
2535,8,0.0569170077962584,,,,,,0.013084840308598106,,,,,,17.569440817753915,,,,,,4.039097210355952,,,,,
2535,16,0.0573710145372183,,,,,,0.015248553791858025,,,,,,17.430404675017034,,,,,,4.6328004732847425,,,,,
2535,32,0.05703523177867159,,,,,,0.011151495259825405,,,,,,17.533022463738835,,,,,,3.4280463285135756,,,,,
