index,bin_size,m,n,a,b,corr
415,1,0.1113991655961564,36.0,5120.280733885042,-5135.8491294702435,8.976727919356184
415,2,0.11060155831716294,36.0,5216.720934270939,-5228.264938820996,9.041463928856976
415,4,0.11299510862668433,36.0,4920.4944487744315,-4945.467325131536,8.849940604985138
415,8,0.11172914571432056,36.0,5077.9722694414395,-5097.3734390937225,8.950216110636813
415,16,0.1117375998649793,36.0,5075.625209522107,-5102.867962464534,8.949538930569235
415,32,0.11125987316401822,36.0,5137.1875619032935,-5156.92911550205,8.987966385021936
