index,bin_size,m,n,a,b,corr
1941,1,0.05066746898632815,16.0,102248.44055351849,-102261.1821950066,19.73652957225542
1941,2,0.054452956618678376,16.0,88397.26134306304,-88410.87787534819,18.3644757254004
1941,4,0.04931587408892214,16.0,108141.1717714465,-108153.94734213171,20.277446531656036
1941,8,0.05238920648328355,16.0,95566.31358108734,-95578.10448748397,19.08790125155039
1941,16,0.05149354451510567,16.0,98918.79332601248,-98931.44811834727,19.419909998750413
1941,32,0.04904097306842209,16.0,109345.457015052,-109357.32029101721,20.391112521458282
