index,bin_size,m12,m23,m34,m13,m24,m14,m12_err,m23_err,m34_err,m13_err,m24_err,m14_err,corr12,corr23,corr34,corr13,corr24,corr14,corr12_err,corr23_err,corr34_err,corr13_err,corr24_err,corr14_err
342,1,0.1043828397892657,,,,,,0.0221852207007356,,,,,,9.580118743836243,,,,,,2.036130163735183,,,,,
342,2,0.1039440041044022,,,,,,0.021344552013547662,,,,,,9.620564539688042,,,,,,1.9755506052163603,,,,,
342,4,0.10284136503578271,,,,,,0.02315479219684864,,,,,,9.723713796020299,,,,,,2.18929972633231,,,,,
342,8,0.10435363813385466,,,,,,0.02047149580433032,,,,,,9.582799583060991,,,,,,1.879898439254588,,,,,
342,16,0.10386684541697712,,,,,,0.021223556324240535,,,,,,9.627711287326237,,,,,,1.9672713844325163,,,,,
342,32,0.10473021364860176,,,,,,0.011739948004484104,,,,,,9.548342977273693,,,,,,1.0703410809252245,,,,,
