index,bin_size,m12,m23,m34,m13,m24,m14,m12_err,m23_err,m34_err,m13_err,m24_err,m14_err,corr12,corr23,corr34,corr13,corr24,corr14,corr12_err,corr23_err,corr34_err,corr13_err,corr24_err,corr14_err
1355,1,0.07732753403149002,,,,,,0.06790168936103678,,,,,,12.932004266329907,,,,,,11.355656785205976,,,,,
1355,2,0.0763905698070488,,,,,,0.06831590843366625,,,,,,13.090621035107489,,,,,,11.70691186403101,,,,,
1355,4,0.07698051276073233,,,,,,0.06732520627037346,,,,,,12.990300585658074,,,,,,11.360987801703791,,,,,
1355,8,0.07546690688572111,,,,,,0.06803965206989893,,,,,,13.250841213278973,,,,,,11.94672821492787,,,,,
1355,16,0.07550281129239012,,,,,,0.07254343970221812,,,,,,13.244539943386048,,,,,,12.725413376276283,,,,,
1355,32,0.07889939752044821,,,,,,0.07460282230904428,,,,,,12.674368010742185,,,,,,11.984167868199238,,,,,
