index,bin_size,m,n,a,b,corr
712,1,0.25984600841218036,16.0,1797.8639623224572,-1855.8970228763308,3.84843317821435
712,2,0.25955902917426743,16.0,1805.4167843225773,-1863.8616697576092,3.852688165698917
712,4,0.26012515576313394,16.0,1791.7573701172446,-1851.8861535569595,3.8443033203239483
712,8,0.2592920148280423,16.0,1808.5591150242003,-1866.7883130804462,3.856655596059067
712,16,0.2600884246137463,16.0,1794.123455574208,-1855.2538676991862,3.8448462344492493
712,32,0.2586317281278819,16.0,1825.0158767391667,-1884.5118537459657,3.866501636278533
