index,bin_size,m12,m23,m34,m13,m24,m14,m12_err,m23_err,m34_err,m13_err,m24_err,m14_err,corr12,corr23,corr34,corr13,corr24,corr14,corr12_err,corr23_err,corr34_err,corr13_err,corr24_err,corr14_err
2331,1,0.12547373085290814,,,,,,0.03888279746858286,,,,,,7.969795695102842,,,,,,2.46974366484684,,,,,
2331,2,0.12430765235530226,,,,,,0.03828528873494501,,,,,,8.04455704095956,,,,,,2.4776285548178847,,,,,
2331,4,0.12435455637065723,,,,,,0.036934087904339566,,,,,,8.041522797277741,,,,,,2.3883830118305855,,,,,
2331,8,0.12613813814665353,,,,,,0.035967271760552484,,,,,,7.927816397903049,,,,,,2.260552843420165,,,,,
2331,16,0.12564700465422388,,,,,,0.038547707109180714,,,,,,7.958804929349209,,,,,,2.4417110634665935,,,,,
2331,32,0.12437763296578959,,,,,,0.037267393103800533,,,,,,8.040030800996613,,,,,,2.4090423758893964,,,,,
