index,bin_size,m12,m23,m34,m13,m24,m14,m12_err,m23_err,m34_err,m13_err,m24_err,m14_err,corr12,corr23,corr34,corr13,corr24,corr14,corr12_err,corr23_err,corr34_err,corr13_err,corr24_err,corr14_err
2519,1,0.0010459190638056363,,,,,,0.007413873713638054,,,,,,956.0969243274359,,,,,,6777.180089986969,,,,,
2519,2,0.0011762860196655107,,,,,,0.008099431857277165,,,,,,850.1333717154613,,,,,,5853.676060661376,,,,,
2519,4,0.0013807321007115701,,,,,,0.008753343046241433,,,,,,724.2534590777188,,,,,,4591.505460376475,,,,,
2519,8,0.0015410963628280003,,,,,,0.009585785711654596,,,,,,648.8886899745468,,,,,,4036.1576880228467,,,,,
2519,16,0.0015212706665444682,,,,,,0.00936313964228951,,,,,,657.3452193563144,,,,,,4045.838270191013,,,,,
2519,32,0.0005750940146453116,,,,,,0.005655177963993289,,,,,,1738.8461269532575,,,,,,17098.916089373535,,,,,
