index,bin_size,m12,m23,m34,m13,m24,m14,m12_err,m23_err,m34_err,m13_err,m24_err,m14_err,corr12,corr23,corr34,corr13,corr24,corr14,corr12_err,corr23_err,corr34_err,corr13_err,corr24_err,corr14_err
14,1,0.2043670557632555,,,,,,0.05048431695322882,,,,,,4.893156562173249,,,,,,1.2087450487748355,,,,,
14,2,0.202719282758494,,,,,,0.05088151530245605,,,,,,4.932929844623278,,,,,,1.2381404568906245,,,,,
14,4,0.2046343857964505,,,,,,0.05120794752927198,,,,,,4.886764245940066,,,,,,1.222869588217377,,,,,
14,8,0.2023948216524504,,,,,,0.057419195356531935,,,,,,4.940837872409533,,,,,,1.401710442513191,,,,,
14,16,0.20629209397750461,,,,,,0.043323927717946006,,,,,,4.847495513371667,,,,,,1.0180348707754294,,,,,
14,32,0.20484243913544556,,,,,,0.052101322499032814,,,,,,4.8818008817927705,,,,,,1.241677667927827,,,,,
