index,bin_size,m12,m23,m34,m13,m24,m14,m12_err,m23_err,m34_err,m13_err,m24_err,m14_err,corr12,corr23,corr34,corr13,corr24,corr14,corr12_err,corr23_err,corr34_err,corr13_err,corr24_err,corr14_err
2125,1,0.026268834253429463,,,,,,0.03722623867181229,,,,,,38.06792453568614,,,,,,53.94703209263967,,,,,
2125,2,0.026627106765744334,,,,,,0.03762325501015919,,,,,,37.55571376183071,,,,,,53.06502912166482,,,,,
2125,4,0.02577233443772453,,,,,,0.0368219318215237,,,,,,38.80129688741891,,,,,,55.43691480597532,,,,,
2125,8,0.025942509563809304,,,,,,0.03574405748723156,,,,,,38.546771951277776,,,,,,53.11043749197579,,,,,
2125,16,0.02083606155705545,,,,,,0.03181688180498496,,,,,,47.993714995595354,,,,,,73.2868998882334,,,,,
2125,32,0.020424538348188335,,,,,,0.031020951900795745,,,,,,48.96071494750335,,,,,,74.36192473597778,,,,,
