index,bin_size,m,n,a,b,corr
592,1,0.11615852830485547,16.0,14113.27452301559,-14127.256500032072,8.60892449821267
592,2,0.11894853648074605,16.0,13393.326924535058,-13407.344539366988,8.406997089551144
592,4,0.11725567964549574,16.0,13820.15995266379,-13834.145969473453,8.528371529834153
592,8,0.11562134513404605,16.0,14249.04909966834,-14262.331390675583,8.648922038060068
592,16,0.11828771406701821,16.0,13543.181068555448,-13554.18102774361,8.453963354414226
592,32,0.11737024718533506,16.0,13796.307403101011,-13808.88178819315,8.520046808974822
