index,bin_size,m,n,a,b,corr
1170,1,0.17718744922932547,16.0,5088.369448282754,-5157.621040216828,5.643740594209619
1170,2,0.1784197448954677,16.0,5005.077438151644,-5075.89486512728,5.604760844075181
1170,4,0.17809398688236905,16.0,5030.239163694985,-5100.986899159832,5.615012710454392
1170,8,0.17756941631739123,16.0,5062.381772616124,-5132.806062763513,5.631600422747233
1170,16,0.17672001700439835,16.0,5124.307242843054,-5195.491093861951,5.658668536542248
1170,32,0.17920331072612425,16.0,4950.097011191735,-5019.343511796166,5.580254047472907
