index,bin_size,m12,m23,m34,m13,m24,m14,m12_err,m23_err,m34_err,m13_err,m24_err,m14_err,corr12,corr23,corr34,corr13,corr24,corr14,corr12_err,corr23_err,corr34_err,corr13_err,corr24_err,corr14_err
579,1,0.03165339201681195,,,,,,0.049427593860547264,,,,,,31.592190798031176,,,,,,49.33202656766251,,,,,
579,2,0.03607203754120303,,,,,,0.0537360203195759,,,,,,27.722304260128283,,,,,,41.29753700012469,,,,,
579,4,0.035261175146139974,,,,,,0.053624441638510136,,,,,,28.359803547541993,,,,,,43.12898319219113,,,,,
579,8,0.03328527948873665,,,,,,0.0518968367014263,,,,,,30.04331089779157,,,,,,46.842112296532456,,,,,
579,16,0.03439160945900634,,,,,,0.05225389125641849,,,,,,29.076859609957097,,,,,,44.1787716259076,,,,,
579,32,0.025944218783431134,,,,,,0.040800617622042804,,,,,,38.54423246841544,,,,,,60.615758123473725,,,,,
