index,bin_size,m12,m23,m34,m13,m24,m14,m12_err,m23_err,m34_err,m13_err,m24_err,m14_err,corr12,corr23,corr34,corr13,corr24,corr14,corr12_err,corr23_err,corr34_err,corr13_err,corr24_err,corr14_err
1515,1,0.07287029809772631,,,,,,0.06423888945754938,,,,,,13.723012339799963,,,,,,12.097536249114121,,,,,
1515,2,0.07247576841106074,,,,,,0.0642815454671907,,,,,,13.797715042195911,,,,,,12.237723949304126,,,,,
1515,4,0.07546057363228637,,,,,,0.06529547430465459,,,,,,13.251953329601282,,,,,,11.466816861689486,,,,,
1515,8,0.07373677175118332,,,,,,0.06604197289963135,,,,,,13.561754552726972,,,,,,12.146518017698186,,,,,
1515,16,0.07724863311970405,,,,,,0.06968010134726266,,,,,,12.94521287451657,,,,,,11.676889397647114,,,,,
1515,32,0.07337211365551768,,,,,,0.06402677687770536,,,,,,13.629156230867265,,,,,,11.893223481636788,,,,,
