index,bin_size,m12,m23,m34,m13,m24,m14,m12_err,m23_err,m34_err,m13_err,m24_err,m14_err,corr12,corr23,corr34,corr13,corr24,corr14,corr12_err,corr23_err,corr34_err,corr13_err,corr24_err,corr14_err
2736,1,0.009710448786911687,,,,,,0.029255806928684177,,,,,,102.98185201778303,,,,,,310.26549296582846,,,,,
2736,2,0.00931451181385658,,,,,,0.028163377099216215,,,,,,107.35935709613535,,,,,,324.61197317178363,,,,,
2736,4,0.010036808438076847,,,,,,0.029819414802529247,,,,,,99.63326551160222,,,,,,296.01099699679753,,,,,
2736,8,0.007973232790263384,,,,,,0.02588845384081321,,,,,,125.41964173191617,,,,,,407.2276190998789,,,,,
2736,16,0.00589352717659271,,,,,,0.021130922531632484,,,,,,169.67767688790755,,,,,,608.3701216999624,,,,,
2736,32,0.0018931912880150706,,,,,,0.011370383344872946,,,,,,528.2086423757299,,,,,,3172.386640435005,,,,,
