index,bin_size,m,n,a,b,corr
751,1,0.11692745585286136,16.0,17644.56480145025,-17729.204079727555,8.552311283146153
751,2,0.11629255060466664,16.0,17858.63678744829,-17942.581739311136,8.599003072857803
751,4,0.1182343863891223,16.0,17243.435827361413,-17326.64604982708,8.4577763757228
751,8,0.11952944471652088,16.0,16809.123213028204,-16894.363988080448,8.366139425909873
751,16,0.11874774223510287,16.0,17067.330219037874,-17152.550655066243,8.421212742050697
751,32,0.11864657946359396,16.0,17085.66639982983,-17170.362051366257,8.42839300147582
