index,bin_size,m12,m23,m34,m13,m24,m14,m12_err,m23_err,m34_err,m13_err,m24_err,m14_err,corr12,corr23,corr34,corr13,corr24,corr14,corr12_err,corr23_err,corr34_err,corr13_err,corr24_err,corr14_err
350,1,0.12623612243226065,,,,,,0.023856895100426198,,,,,,7.9216628389121215,,,,,,1.4970855863406487,,,,,
350,2,0.12588176851946864,,,,,,0.022920064111932457,,,,,,7.943962114302055,,,,,,1.4464058068456993,,,,,
350,4,0.12458618711686993,,,,,,0.02580194687217467,,,,,,8.026571991178566,,,,,,1.662312563493096,,,,,
350,8,0.12660863484731405,,,,,,0.028565593663849555,,,,,,7.89835544160134,,,,,,1.7820365287843978,,,,,
350,16,0.12582167526175014,,,,,,0.027417200196084478,,,,,,7.947756202734335,,,,,,1.7318575870709514,,,,,
350,32,0.12622931892906125,,,,,,0.026216750957720702,,,,,,7.922089800405112,,,,,,1.6453503601539607,,,,,
