index,bin_size,m,n,a,b,corr
1426,1,0.19985326762032893,16.0,3603.2881822455056,-3650.664681881056,5.003671002766636
1426,2,0.19910871045562417,16.0,3628.60551287404,-3674.231027148243,5.022381982745412
1426,4,0.19930477148085587,16.0,3622.769316216737,-3669.2181727330967,5.017441341568958
1426,8,0.19980376119801785,16.0,3598.8516794335364,-3644.63746809417,5.0049107884858
1426,16,0.1984008224575768,16.0,3662.8437731903596,-3708.725171694121,5.040301686318996
1426,32,0.20014914923643107,16.0,3585.387149561451,-3631.7359415330857,4.996274047703923
