index,bin_size,m,n,a,b,corr
2733,1,-0.00004403071747490716,16.0,110604124353.92302,-110604124441.94997,-22711.41733199996
2733,2,1.5047672172771741e-6,16.0,94792565311738.48,-94792565311825.02,664554.615835841
2733,4,-0.000012340703579270156,16.0,1410251563997.7898,-1410251564086.807,-81032.65697749959
2733,8,0.000021179447476102906,16.0,478466343795.54865,-478466343887.1426,47215.5848790822
2733,16,0.00004287921406058581,16.0,116746071940.11916,-116746072029.14505,23321.32297450832
2733,32,0.000039407703883607945,16.0,138184195359.5291,-138184195452.08752,25375.748938672892
