index,bin_size,m,n,a,b,corr
1505,1,0.10144480486388469,16.0,20911.548187629796,-20976.93901989227,9.857577244510127
1505,2,0.10462855807415403,16.0,19544.00044472001,-19608.645890861197,9.55762000744829
1505,4,0.10280206146168304,16.0,20285.62233748135,-20351.06593781604,9.727431393705325
1505,8,0.10305799930834604,16.0,20163.520575547416,-20228.479894172608,9.703273949730326
1505,16,0.10338984656101863,16.0,20034.421542859025,-20100.253086046265,9.67212964582378
1505,32,0.10405616459554982,16.0,19769.92142144857,-19835.17100108234,9.61019468559931
