index,bin_size,m12,m23,m34,m13,m24,m14,m12_err,m23_err,m34_err,m13_err,m24_err,m14_err,corr12,corr23,corr34,corr13,corr24,corr14,corr12_err,corr23_err,corr34_err,corr13_err,corr24_err,corr14_err
2177,1,0.024821385462016465,,,,,,0.035753941156800986,,,,,,40.287839755370406,,,,,,58.032580580661936,,,,,
2177,2,0.021046083128340887,,,,,,0.03332767279493003,,,,,,47.51477953887719,,,,,,75.2423629488805,,,,,
2177,4,0.020204465132145945,,,,,,0.031710961018330805,,,,,,49.494010034889186,,,,,,77.68097856548135,,,,,
2177,8,0.021665743998326166,,,,,,0.03222277687880699,,,,,,46.155811684900236,,,,,,68.64608119147327,,,,,
2177,16,0.021574861380130688,,,,,,0.03223726193029823,,,,,,46.350239863925495,,,,,,69.25675195306704,,,,,
2177,32,0.02318921360389215,,,,,,0.03444341025407457,,,,,,43.12349772103341,,,,,,64.05220758960549,,,,,
