index,bin_size,m,n,a,b,corr
286,1,0.18594714341556604,24.0,1898.6335671587158,-1980.8190568183363,5.37787234389043
286,2,0.18424235415105314,24.0,1949.853906121521,-2030.013321878565,5.427633643782791
286,4,0.18476520068313584,24.0,1934.7956306630756,-2015.1788647578553,5.412274585813136
286,8,0.18603151249179567,24.0,1896.007387223182,-1979.0068310228442,5.3754333693551075
286,16,0.1849869397263281,24.0,1927.7957610368867,-2009.0633064395051,5.405787032746269
286,32,0.18544397253844574,24.0,1912.307828686964,-1992.974407149623,5.392464291567539
