index,bin_size,m,n,a,b,corr
531,1,0.0908830515680679,54.0,4222.509256785431,-4288.566697514191,11.003151663003289
531,2,0.09118608948317207,54.0,4182.389060995105,-4247.473603284841,10.966584987554981
531,4,0.09090844190719256,54.0,4216.95779065118,-4290.241443503736,11.000078529790326
531,8,0.09106157867911932,54.0,4204.915828244617,-4275.293461062229,10.981579877104666
531,16,0.09062463363549368,54.0,4259.2266070264395,-4319.050000418711,11.034527367273615
531,32,0.09096079965011411,54.0,4208.87809967098,-4270.988169059214,10.99374679913278
