index,bin_size,m12,m23,m34,m13,m24,m14,m12_err,m23_err,m34_err,m13_err,m24_err,m14_err,corr12,corr23,corr34,corr13,corr24,corr14,corr12_err,corr23_err,corr34_err,corr13_err,corr24_err,corr14_err
2687,1,0.053167305395723084,,,,,,0.061805042118090084,,,,,,18.808551468934187,,,,,,21.864251104425055,,,,,
2687,2,0.0512793892514275,,,,,,0.06055913443119409,,,,,,19.501012289692245,,,,,,23.03000176163302,,,,,
2687,4,0.05365860549487858,,,,,,0.0607280413435079,,,,,,18.63633970315245,,,,,,21.09164778970484,,,,,
2687,8,0.05115367231388999,,,,,,0.06234399692672869,,,,,,19.548938615077017,,,,,,23.825444270366376,,,,,
2687,16,0.05121775641233924,,,,,,0.06036748055799531,,,,,,19.524478814520716,,,,,,23.012401905145047,,,,,
2687,32,0.047891205017680016,,,,,,0.06034074099837684,,,,,,20.88066064804236,,,,,,26.308683098982073,,,,,
