index,bin_size,m,n,a,b,corr
998,1,0.1956897643880887,16.0,4177.527389849571,-4154.737209667284,5.110129306593761
998,2,0.19683103790618411,16.0,4115.028435509967,-4093.670084173365,5.0804995524975665
998,4,0.19748871837645787,16.0,4082.5620527693413,-4060.3725284899865,5.0635803818108505
998,8,0.19623223900879483,16.0,4147.13639408324,-4125.79944021532,5.096002599018306
998,16,0.19553863764175644,16.0,4183.590302185848,-4161.426006672416,5.114078793123668
998,32,0.19633846825765547,16.0,4140.854865657173,-4120.527108500242,5.093245398490618
