index,bin_size,m12,m23,m34,m13,m24,m14,m12_err,m23_err,m34_err,m13_err,m24_err,m14_err,corr12,corr23,corr34,corr13,corr24,corr14,corr12_err,corr23_err,corr34_err,corr13_err,corr24_err,corr14_err
886,1,0.07582864379202563,,,,,,0.06481477091314038,,,,,,13.187628711159451,,,,,,11.272166968272233,,,,,
886,2,0.07146658288771111,,,,,,0.060911384923198905,,,,,,13.992553716625968,,,,,,11.925935046189235,,,,,
886,4,0.0714273289355441,,,,,,0.06027305344826612,,,,,,14.000243532869588,,,,,,11.813929476585471,,,,,
886,8,0.07302971547070645,,,,,,0.05724870408749056,,,,,,13.69305622450519,,,,,,10.734119923615323,,,,,
886,16,0.06982419961401927,,,,,,0.056736983144517326,,,,,,14.321682246669399,,,,,,11.637355654947852,,,,,
886,32,0.07022239229134372,,,,,,0.05618706663283805,,,,,,14.240471840536676,,,,,,11.394233578196106,,,,,
