index,bin_size,m,n,a,b,corr
712,1,0.25787872041284815,16.0,1837.0964149929478,-1895.3607665933012,3.8777918488158343
712,2,0.25956108174102754,16.0,1805.1334101911352,-1863.416854816428,3.8526576992683834
712,4,0.2592704591036441,16.0,1809.9610613017198,-1868.84355675171,3.856976238084444
712,8,0.25838377729067175,16.0,1828.1307500192258,-1886.992374829457,3.8702120175100574
712,16,0.259997392193657,16.0,1793.7684809663822,-1851.9730070088638,3.846192423557687
712,32,0.2596753576111422,16.0,1801.5084535180595,-1860.5381658442805,3.850962252249891
