index,bin_size,m12,m23,m34,m13,m24,m14,m12_err,m23_err,m34_err,m13_err,m24_err,m14_err,corr12,corr23,corr34,corr13,corr24,corr14,corr12_err,corr23_err,corr34_err,corr13_err,corr24_err,corr14_err
544,1,0.015260290484697773,,,,,,0.018923764819303707,,,,,,65.52955207522085,,,,,,81.26095852692112,,,,,
544,2,0.0168103199753912,,,,,,0.019698944751809867,,,,,,59.48726743238144,,,,,,69.70934499177194,,,,,
544,4,0.014783655551080712,,,,,,0.01790290974928635,,,,,,67.64226862191052,,,,,,81.91434291679786,,,,,
544,8,0.016016099956008088,,,,,,0.018422687112952404,,,,,,62.4371727665743,,,,,,71.81901344618271,,,,,
544,16,0.015010852036298717,,,,,,0.018044817603794287,,,,,,66.61847026283618,,,,,,80.0832718908795,,,,,
544,32,0.014937817408175989,,,,,,0.019172594804631477,,,,,,66.94418419204034,,,,,,85.92243986983696,,,,,
