index,bin_size,m,n,a,b,corr
1059,1,-9.0676727136478e-6,16.0,3151824250539.262,-3151824250543.7075,-110281.88065223118
1059,2,-0.00003942456502683662,16.0,166766663041.30154,-166766663045.5074,-25364.896209236347
1059,4,-0.000031840893528784423,16.0,255763198118.76047,-255763198120.83606,-31406.153822159293
1059,8,7.640772202493451e-6,16.0,4439493814378.924,-4439493814385.078,130876.82416100103
1059,16,5.052028911236434e-6,16.0,10133637182641.225,-10133637182652.266,197940.27658390024
1059,32,-0.000026982290497049498,16.0,356025852476.54956,-356025852476.8949,-37061.34585236007
