index,bin_size,m,n,a,b,corr
122,1,0.000010378685744303196,16.0,2576035680302.361,-2576035680222.858,96351.3131273769
122,2,-0.000024546016532053614,16.0,459768841873.5144,-459768841796.04486,-40739.80797226882
122,4,4.868280387857816e-6,16.0,11670287359014.38,-11670287358938.754,205411.3404178901
122,8,-0.000017280674331098255,16.0,927790914385.6274,-927790914303.4667,-57868.112137291006
122,16,0.00003521240085802113,16.0,223357233093.4353,-223357233016.93472,28399.085993371205
122,32,-2.8249603586547815e-6,16.0,34761486190661.89,-34761486190580.5,-353987.2681527433
