index,bin_size,m,n,a,b,corr
1962,1,-0.000040045031110695034,16.0,153397925305.19458,-153397925301.25366,-24971.887204575673
1962,2,-0.0000129600920055503,16.0,1461797658810.6743,-1461797658812.155,-77159.94605375789
1962,4,0.00003095319728787212,16.0,256521635180.28018,-256521635178.5687,32306.84024980558
1962,8,1.3224667929829685e-7,16.0,1.4044786866804432e16,-1.4044786866804432e16,7561626.539932928
1962,16,-0.000045985399502516044,16.0,116353233856.46638,-116353233855.13652,-21746.032671637135
1962,32,-2.1513536738198834e-7,16.0,5313335162445982.0,-5313335162445980.0,-4648236.188076078
