index,bin_size,m12,m23,m34,m13,m24,m14,m12_err,m23_err,m34_err,m13_err,m24_err,m14_err,corr12,corr23,corr34,corr13,corr24,corr14,corr12_err,corr23_err,corr34_err,corr13_err,corr24_err,corr14_err
532,1,0.09280302062961263,,,,,,0.015850413786269186,,,,,,10.775511327277949,,,,,,1.8404176085782122,,,,,
532,2,0.0933036976836198,,,,,,0.016359527433263424,,,,,,10.717688846489926,,,,,,1.879200171678888,,,,,
532,4,0.09297815915475001,,,,,,0.016769629085639403,,,,,,10.755214010374528,,,,,,1.9398206130373676,,,,,
532,8,0.09309248065408925,,,,,,0.01692475892462572,,,,,,10.742006153169077,,,,,,1.952959715240402,,,,,
532,16,0.09253269051116866,,,,,,0.017405865218299853,,,,,,10.806991501876846,,,,,,2.0328495416900916,,,,,
532,32,0.09340469009269363,,,,,,0.01831241274216491,,,,,,10.706100507454313,,,,,,2.098979517592131,,,,,
