index,bin_size,m,n,a,b,corr
896,1,0.12981448342884117,16.0,10315.376934337082,-10341.186374141082,7.703300691776491
896,2,0.12689313076313216,16.0,10862.11029043265,-10887.36233164241,7.880647234298852
896,4,0.12867578374491637,16.0,10528.120531954628,-10553.866052021702,7.771470053622326
896,8,0.1276498535052455,16.0,10712.774101292775,-10737.697406272622,7.8339298678388785
896,16,0.12785321995745658,16.0,10665.56386973266,-10689.754739093976,7.821469027786333
896,32,0.12789029856274278,16.0,10674.591456584727,-10699.455805413525,7.819201387737801
