index,bin_size,m12,m23,m34,m13,m24,m14,m12_err,m23_err,m34_err,m13_err,m24_err,m14_err,corr12,corr23,corr34,corr13,corr24,corr14,corr12_err,corr23_err,corr34_err,corr13_err,corr24_err,corr14_err
2353,1,0.11021720891773802,,,,,,0.03819369955845186,,,,,,9.072993317643911,,,,,,3.1440750883881554,,,,,
2353,2,0.11073739320163532,,,,,,0.03920145890904736,,,,,,9.030373310117186,,,,,,3.196786541699892,,,,,
2353,4,0.10892818542887577,,,,,,0.041284296658503875,,,,,,9.180360400412123,,,,,,3.4793999432779055,,,,,
2353,8,0.10998238248351967,,,,,,0.04141248340889211,,,,,,9.09236531723474,,,,,,3.423615849602022,,,,,
2353,16,0.11035666677098607,,,,,,0.04272475638597977,,,,,,9.061527765016825,,,,,,3.508184666800047,,,,,
2353,32,0.10630562243971396,,,,,,0.051093919845827326,,,,,,9.40684017505378,,,,,,4.521231585650828,,,,,
