index,bin_size,m,n,a,b,corr
442,1,0.04484392852581352,36.0,57141.362596514766,-57156.47977379934,22.29956279197015
442,2,0.045273540670329335,36.0,56041.624228197375,-56066.484609608364,22.087956567871537
442,4,0.04449405793362319,36.0,58236.67691062626,-58253.24663668798,22.47491117784341
442,8,0.04435505055101326,36.0,58603.688187034524,-58627.31956794227,22.54534686754304
442,16,0.04384510629368256,36.0,60109.61194563701,-60126.10020783063,22.807562451823397
442,32,0.04603327761350592,36.0,54102.5424570097,-54117.300938754255,21.723415143192092
