index,bin_size,m12,m23,m34,m13,m24,m14,m12_err,m23_err,m34_err,m13_err,m24_err,m14_err,corr12,corr23,corr34,corr13,corr24,corr14,corr12_err,corr23_err,corr34_err,corr13_err,corr24_err,corr14_err
859,1,0.0719210294223109,,,,,,0.06560862579290588,,,,,,13.904139137499415,,,,,,12.683793168312318,,,,,
859,2,0.07229795756398712,,,,,,0.0661486402328182,,,,,,13.83164938117308,,,,,,12.655195659323171,,,,,
859,4,0.07034598359083356,,,,,,0.06465827205250113,,,,,,14.215452666302687,,,,,,13.066085068814377,,,,,
859,8,0.06806126903009105,,,,,,0.05985116642899833,,,,,,14.692644058074835,,,,,,12.920298098072266,,,,,
859,16,0.0674615451143069,,,,,,0.05970741382095298,,,,,,14.82325965563936,,,,,,13.119451932727785,,,,,
859,32,0.0701078565642173,,,,,,0.06153764583500377,,,,,,14.26373660538347,,,,,,12.520091392351448,,,,,
