index,bin_size,m,n,a,b,corr
1953,1,0.2212043370342726,16.0,2758.9693345977817,-2746.263997894477,4.52070702323103
1953,2,0.22241597059100165,16.0,2717.5209125897463,-2705.027889790946,4.4960800132418965
1953,4,0.2219706057455268,16.0,2732.6143615021037,-2720.2027388425454,4.505101009394133
1953,8,0.22070659845712035,16.0,2772.2134731296587,-2759.3128382814966,4.530902143346129
1953,16,0.22073501099990286,16.0,2771.8798695675423,-2758.782585032256,4.530318935225187
1953,32,0.219340212202077,16.0,2821.9744511696836,-2808.7871176590506,4.559127530517319
