index,bin_size,m,n,a,b,corr
586,1,0.06240016236864001,16.0,56307.33246922686,-56305.08118022622,16.025599326045388
586,2,0.06713178001703198,16.0,48431.196467461814,-48430.360996932344,14.896074552861409
586,4,0.05976910134758576,16.0,61536.97543531617,-61533.36271677662,16.73105295969776
586,8,0.06419120560136796,16.0,53107.73149407291,-53105.44914306547,15.578457993296972
586,16,0.06659401323359512,16.0,49259.16552337943,-49255.67832869934,15.016364856886616
586,32,0.06341589497859815,16.0,54473.11052633679,-54468.94954820682,15.768917246023005
