index,bin_size,m12,m23,m34,m13,m24,m14,m12_err,m23_err,m34_err,m13_err,m24_err,m14_err,corr12,corr23,corr34,corr13,corr24,corr14,corr12_err,corr23_err,corr34_err,corr13_err,corr24_err,corr14_err
430,1,-556211545687.2837,,,,,,144291081726160.72,,,,,,-1.7978770986573974e-12,,,,,,4.664010184387982e-10,,,,,
430,2,NaN,,,,,,NaN,,,,,,NaN,,,,,,NaN,,,,,
430,4,NaN,,,,,,NaN,,,,,,NaN,,,,,,NaN,,,,,
430,8,2711213770010.025,,,,,,32175182271370.51,,,,,,3.68838492582716e-13,,,,,,4.377170792955417e-12,,,,,
430,16,NaN,,,,,,NaN,,,,,,NaN,,,,,,NaN,,,,,
430,32,1089411354626.0988,,,,,,10950573541405.094,,,,,,9.179269114036488e-13,,,,,,9.22684173088174e-12,,,,,
