index,bin_size,m,n,a,b,corr
1047,1,0.14820991283959953,16.0,8660.564859000757,-8671.627520556325,6.747187019010341
1047,2,0.14819833182079775,16.0,8663.944316804345,-8676.368745446416,6.747714280678986
1047,4,0.1477951870040151,16.0,8721.791638431709,-8733.039750843152,6.766120198304113
1047,8,0.15027088723546278,16.0,8396.70923162093,-8410.662036904941,6.654648936976581
1047,16,0.14818245623966597,16.0,8673.322658160709,-8685.946417126215,6.7484371994929635
1047,32,0.14862888813082134,16.0,8611.919380967203,-8626.655821315167,6.728167132084122
