index,bin_size,m12,m23,m34,m13,m24,m14,m12_err,m23_err,m34_err,m13_err,m24_err,m14_err,corr12,corr23,corr34,corr13,corr24,corr14,corr12_err,corr23_err,corr34_err,corr13_err,corr24_err,corr14_err
14,1,0.2028790329105213,,,,,,0.053399514379714345,,,,,,4.929045577819983,,,,,,1.297367384076364,,,,,
14,2,0.20447880581579897,,,,,,0.05146747668301043,,,,,,4.890482395035268,,,,,,1.2309382756366973,,,,,
14,4,0.2042976874062042,,,,,,0.04886980056067454,,,,,,4.894818011384066,,,,,,1.1708834448111942,,,,,
14,8,0.2025703501914635,,,,,,0.054530319941254554,,,,,,4.9365566039394695,,,,,,1.3288815997331298,,,,,
14,16,0.20464363652239403,,,,,,0.043681995974967636,,,,,,4.886543344290946,,,,,,1.0430520602748565,,,,,
14,32,0.20543000872702308,,,,,,0.05053955602365909,,,,,,4.867837986264253,,,,,,1.1975775698272453,,,,,
