index,bin_size,m12,m23,m34,m13,m24,m14,m12_err,m23_err,m34_err,m13_err,m24_err,m14_err,corr12,corr23,corr34,corr13,corr24,corr14,corr12_err,corr23_err,corr34_err,corr13_err,corr24_err,corr14_err
196,1,11547691359.120548,,,,,,365170063896.61957,,,,,,8.659739586910455e-11,,,,,,2.7384501022211336e-9,,,,,
196,2,6.966901213738789,,,,,,1.8365193908800588,,,,,,0.14353583742912723,,,,,,0.03783695801584869,,,,,
196,4,35184372095.71559,,,,,,1112627538435.4429,,,,,,2.8421709424843486e-11,,,,,,8.987733676037876e-10,,,,,
196,8,6.846545908951722,,,,,,1.7457387176969719,,,,,,0.14605905127905738,,,,,,0.03724227432033361,,,,,
196,16,32974148382.248066,,,,,,740745457628.7487,,,,,,3.0326787773489825e-11,,,,,,6.812740097869394e-10,,,,,
196,32,29244153431.482365,,,,,,924781330647.6017,,,,,,3.419486915027141e-11,,,,,,1.0813367078038094e-9,,,,,
