index,bin_size,m,n,a,b,corr
142,1,0.10195447105731993,16.0,21719.927057223744,-21730.468604600384,9.808299622659892
142,2,0.10144790450389654,16.0,21938.959564259512,-21949.144202795225,9.857276056023323
142,4,0.10220321795204738,16.0,21583.864563639167,-21593.321618354377,9.784427731709865
142,8,0.10499430314700536,16.0,20352.471927660376,-20363.319121024982,9.524326273206205
142,16,0.10229800928815445,16.0,21515.36316389959,-21524.265179559137,9.775361289614015
142,32,0.10358229795269404,16.0,20973.294355382448,-20983.363622911067,9.654159250808465
