index,bin_size,m,n,a,b,corr
1762,1,-3.1750518680433514e-6,16.0,21616103640863.008,-21616103640816.836,-314955.4846851233
1762,2,0.000023813242492546666,16.0,384562437787.9829,-384562437741.4387,41993.44126752126
1762,4,-0.00005102674536426577,16.0,83635715131.62944,-83635715086.6835,-19597.56580321315
1762,8,0.000018777856206697196,16.0,618286351452.356,-618286351405.4437,53254.21544357902
1762,16,6.901055284494325e-6,16.0,4573905341288.684,-4573905341243.012,144905.37443553822
1762,32,-0.000060914614181692395,16.0,58637662178.860664,-58637662133.60438,-16416.421796865707
