index,bin_size,m,n,a,b,corr
235,1,0.17337690364493508,24.0,2415.9375179302256,-2385.7514759999913,5.767780938388061
235,2,0.1733939414981415,24.0,2418.223870317724,-2388.9617100401206,5.76721419076063
235,4,0.17419771344549298,24.0,2384.619191331816,-2355.0153714372,5.740603479923996
235,8,0.1740255139337235,24.0,2390.060847647931,-2359.576927216063,5.746283848820257
235,16,0.17383854943045896,24.0,2398.5117746419564,-2367.6864996527283,5.7524640148935
235,32,0.1742787911548577,24.0,2381.720659066461,-2352.942828800574,5.737932845261917
