index,bin_size,m12,m23,m34,m13,m24,m14,m12_err,m23_err,m34_err,m13_err,m24_err,m14_err,corr12,corr23,corr34,corr13,corr24,corr14,corr12_err,corr23_err,corr34_err,corr13_err,corr24_err,corr14_err
1922,1,0.07336153617094887,,,,,,0.06664883305198659,,,,,,13.631121323165523,,,,,,12.383850949658799,,,,,
1922,2,0.07718152444972329,,,,,,0.06733606584640163,,,,,,12.956468625485735,,,,,,11.303710709560521,,,,,
1922,4,0.07491020232881522,,,,,,0.06653888497033732,,,,,,13.349316500448651,,,,,,11.85751216045377,,,,,
1922,8,0.07285801935456068,,,,,,0.06179924679051239,,,,,,13.72532507552174,,,,,,11.642023199867298,,,,,
1922,16,0.07185338668832304,,,,,,0.055369791457467156,,,,,,13.917228485522601,,,,,,10.724533309082533,,,,,
1922,32,0.07155478776942856,,,,,,0.058455649481859696,,,,,,13.97530523355483,,,,,,11.416923585422362,,,,,
