index,bin_size,m12,m23,m34,m13,m24,m14,m12_err,m23_err,m34_err,m13_err,m24_err,m14_err,corr12,corr23,corr34,corr13,corr24,corr14,corr12_err,corr23_err,corr34_err,corr13_err,corr24_err,corr14_err
92,1,0.06753417697157163,,,,,,0.06595320996463216,,,,,,14.807317492311306,,,,,,14.460679960525347,,,,,
92,2,0.06673588703642941,,,,,,0.066639566072298,,,,,,14.984441571206293,,,,,,14.962814289046673,,,,,
92,4,0.06443894157048652,,,,,,0.06639941416172972,,,,,,15.518566500757158,,,,,,15.990699089198891,,,,,
92,8,0.06464581802616115,,,,,,0.06745940206555517,,,,,,15.468904726293596,,,,,,16.142158848117738,,,,,
92,16,0.06413976664693427,,,,,,0.06472827342872804,,,,,,15.59095164010544,,,,,,15.734004558045225,,,,,
92,32,0.06556908405063737,,,,,,0.06431357108071496,,,,,,15.251089968371755,,,,,,14.959062993495046,,,,,
