index,bin_size,m,n,a,b,corr
1732,1,0.22236491656871007,16.0,2849.7576585049837,-2867.5724098851324,4.497112293750724
1732,2,0.22350440173355535,16.0,2812.273819711245,-2828.8961169243553,4.474184813559612
1732,4,0.22381169628957234,16.0,2800.6314771306065,-2820.551820043968,4.46804173588041
1732,8,0.22266534516657185,16.0,2839.2177644903286,-2858.57878276236,4.491044617885726
1732,16,0.2228980163388608,16.0,2830.9462588776632,-2849.679593311156,4.486356659539534
1732,32,0.22376912690891013,16.0,2804.0890616572883,-2823.7918036160545,4.4688917269944515
