index,bin_size,m12,m23,m34,m13,m24,m14,m12_err,m23_err,m34_err,m13_err,m24_err,m14_err,corr12,corr23,corr34,corr13,corr24,corr14,corr12_err,corr23_err,corr34_err,corr13_err,corr24_err,corr14_err
768,1,0.06592403129778951,,,,,,0.06411405818552456,,,,,,15.16897526310001,,,,,,14.752504412845077,,,,,
768,2,0.06385081494979153,,,,,,0.06442201054190361,,,,,,15.661507230351567,,,,,,15.801611689516934,,,,,
768,4,0.06719395406076398,,,,,,0.06504261641108676,,,,,,14.882291330789862,,,,,,14.40580748487063,,,,,
768,8,0.06566254434227013,,,,,,0.06523753931979516,,,,,,15.229382443473973,,,,,,15.130809290506736,,,,,
768,16,0.06463469352550531,,,,,,0.061674804461735094,,,,,,15.471567132988614,,,,,,14.763060294656517,,,,,
768,32,0.06139666991404537,,,,,,0.055717666041311044,,,,,,16.28752832034683,,,,,,14.780981849047745,,,,,
