index,bin_size,m12,m23,m34,m13,m24,m14,m12_err,m23_err,m34_err,m13_err,m24_err,m14_err,corr12,corr23,corr34,corr13,corr24,corr14,corr12_err,corr23_err,corr34_err,corr13_err,corr24_err,corr14_err
948,1,0.18458845542091895,,,,,,0.05138782129312578,,,,,,5.417456891979998,,,,,,1.5081729027606965,,,,,
948,2,0.18483382043078392,,,,,,0.04848854933227842,,,,,,5.410265273256511,,,,,,1.4193068887046565,,,,,
948,4,0.18460653190190768,,,,,,0.05321648367332361,,,,,,5.41692642019492,,,,,,1.5615361679242907,,,,,
948,8,0.18256256037207108,,,,,,0.052395270703263976,,,,,,5.477574361150244,,,,,,1.572058317240993,,,,,
948,16,0.18698491510509194,,,,,,0.04722438403839359,,,,,,5.34802499676493,,,,,,1.3506821454137616,,,,,
948,32,0.18635816546538564,,,,,,0.05032619820280111,,,,,,5.366011183372274,,,,,,1.4490963768528828,,,,,
