index,bin_size,m12,m23,m34,m13,m24,m14,m12_err,m23_err,m34_err,m13_err,m24_err,m14_err,corr12,corr23,corr34,corr13,corr24,corr14,corr12_err,corr23_err,corr34_err,corr13_err,corr24_err,corr14_err
161,1,5568926236374.211,,,,,,84176161678425.4,,,,,,1.7956783005462738e-13,,,,,,2.7142271334453062e-12,,,,,
161,2,2275678631004.425,,,,,,31312357196881.08,,,,,,4.394293580718057e-13,,,,,,6.046358583007578e-12,,,,,
161,4,1915999138223.3232,,,,,,28107145213897.23,,,,,,5.219209028075476e-13,,,,,,7.656426515401817e-12,,,,,
161,8,1094591377219.0112,,,,,,11686376749945.676,,,,,,9.13582932236013e-13,,,,,,9.753844732045552e-12,,,,,
161,16,NaN,,,,,,NaN,,,,,,NaN,,,,,,NaN,,,,,
161,32,577023702262.7971,,,,,,17807157520765.06,,,,,,1.7330310628116354e-12,,,,,,5.348195750511956e-11,,,,,
