index,bin_size,m12,m23,m34,m13,m24,m14,m12_err,m23_err,m34_err,m13_err,m24_err,m14_err,corr12,corr23,corr34,corr13,corr24,corr14,corr12_err,corr23_err,corr34_err,corr13_err,corr24_err,corr14_err
2757,1,0.0389759332400554,,,,,,0.042908394618428464,,,,,,25.656858396203948,,,,,,28.245496982791263,,,,,
2757,2,0.03817440533700262,,,,,,0.042315101585381945,,,,,,26.195561952361196,,,,,,29.03693863243725,,,,,
2757,4,0.040542034035810796,,,,,,0.0428142576004301,,,,,,24.66575799124187,,,,,,26.04817793833656,,,,,
2757,8,0.038235593828452215,,,,,,0.042186789786136214,,,,,,26.153641146168653,,,,,,28.85631033025656,,,,,
2757,16,0.03746679599147179,,,,,,0.04072658990370312,,,,,,26.69029933137652,,,,,,29.01248549578346,,,,,
2757,32,0.036497369856396185,,,,,,0.038464822584154276,,,,,,27.39923462799195,,,,,,28.876236919374314,,,,,
