index,bin_size,m,n,a,b,corr
1844,1,0.11617303747514425,16.0,15597.814066510648,-15583.510502399196,8.607849305945491
1844,2,0.11527432846713354,16.0,15869.693648549315,-15854.20653375988,8.674958364950399
1844,4,0.11335714565034069,16.0,16450.176551975223,-16435.225071301415,8.821675901090357
1844,8,0.11374823457280252,16.0,16317.237778925184,-16302.000098169548,8.791345234988837
1844,16,0.11457837045318237,16.0,16064.908540514063,-16051.32810596708,8.727650742847734
1844,32,0.1148175690440689,16.0,15968.839771927609,-15953.602153330075,8.709468492719814
