index,bin_size,m12,m23,m34,m13,m24,m14,m12_err,m23_err,m34_err,m13_err,m24_err,m14_err,corr12,corr23,corr34,corr13,corr24,corr14,corr12_err,corr23_err,corr34_err,corr13_err,corr24_err,corr14_err
2183,1,0.10531873122737008,,,,,,0.037576012912875136,,,,,,9.494987153245551,,,,,,3.3876572165276704,,,,,
2183,2,0.10545252829725224,,,,,,0.03814223439234458,,,,,,9.482940012411792,,,,,,3.4299843400850767,,,,,
2183,4,0.10552165524626056,,,,,,0.035939224387340804,,,,,,9.476727764232429,,,,,,3.227643129570424,,,,,
2183,8,0.1065074878388023,,,,,,0.031331715792971046,,,,,,9.389011235655909,,,,,,2.7620014102464903,,,,,
2183,16,0.10524269206303995,,,,,,0.032206397530256684,,,,,,9.501847400492226,,,,,,2.9077579512008667,,,,,
2183,32,0.10502035068905873,,,,,,0.0379677227089248,,,,,,9.52196401401069,,,,,,3.4424498390670792,,,,,
