index,bin_size,m12,m23,m34,m13,m24,m14,m12_err,m23_err,m34_err,m13_err,m24_err,m14_err,corr12,corr23,corr34,corr13,corr24,corr14,corr12_err,corr23_err,corr34_err,corr13_err,corr24_err,corr14_err
507,1,0.2030829927737992,,,,,,0.02519446855495531,,,,,,4.924095249639315,,,,,,0.6108830741273581,,,,,
507,2,0.20268438163102032,,,,,,0.024116495598382526,,,,,,4.933779267809911,,,,,,0.5870480252994406,,,,,
507,4,0.20320905248991128,,,,,,0.023583545560020923,,,,,,4.921040611857816,,,,,,0.5711142493429215,,,,,
507,8,0.2029767879819244,,,,,,0.0221711342233656,,,,,,4.926671714250659,,,,,,0.5381398579468961,,,,,
507,16,0.20197736687894632,,,,,,0.021710551664753403,,,,,,4.951049790639873,,,,,,0.5321884522778082,,,,,
507,32,0.20247263252591938,,,,,,0.01875713362134985,,,,,,4.938939092778308,,,,,,0.45754499931783044,,,,,
