index,bin_size,m,n,a,b,corr
695,1,0.16491315569054849,16.0,5925.142175280833,-5896.860513505599,6.063797614039061
695,2,0.1649679074646872,16.0,5926.369826287862,-5897.504652894515,6.061785079101271
695,4,0.16564170726650523,16.0,5865.783848931939,-5837.362515969919,6.037126859547964
695,8,0.16679301855147732,16.0,5768.223019781226,-5739.732727203858,5.9954547779310685
695,16,0.16368574021653987,16.0,6033.144796895776,-6002.629792648691,6.109267665449049
695,32,0.1662923772789811,16.0,5810.802251092986,-5781.341176697005,6.013504746055472
