index,bin_size,m12,m23,m34,m13,m24,m14,m12_err,m23_err,m34_err,m13_err,m24_err,m14_err,corr12,corr23,corr34,corr13,corr24,corr14,corr12_err,corr23_err,corr34_err,corr13_err,corr24_err,corr14_err
989,1,0.008803824336117158,,,,,,0.02723352314742211,,,,,,113.58700058309437,,,,,,351.3670981525117,,,,,
989,2,0.009570803947661695,,,,,,0.029417543793097498,,,,,,104.4844305105964,,,,,,321.1512143651497,,,,,
989,4,0.008294930120917114,,,,,,0.026157072850847646,,,,,,120.55556652349915,,,,,,380.1576011084864,,,,,
989,8,0.009213785893779167,,,,,,0.02749754444009794,,,,,,108.53301905736335,,,,,,323.9050211447614,,,,,
989,16,0.013281703025526798,,,,,,0.03446984247707539,,,,,,75.29154944046316,,,,,,195.4032434003139,,,,,
989,32,0.00819617589830299,,,,,,0.02576131770434848,,,,,,122.0081184698646,,,,,,383.4824851749147,,,,,
