index,bin_size,m12,m23,m34,m13,m24,m14,m12_err,m23_err,m34_err,m13_err,m24_err,m14_err,corr12,corr23,corr34,corr13,corr24,corr14,corr12_err,corr23_err,corr34_err,corr13_err,corr24_err,corr14_err
2707,1,0.14695098021105432,,,,,,0.0629889790978265,,,,,,6.804990334625719,,,,,,2.9168869328603946,,,,,
2707,2,0.14622409604354902,,,,,,0.06109857370410648,,,,,,6.838818136390983,,,,,,2.85754567995976,,,,,
2707,4,0.14597768313282822,,,,,,0.06040948322028029,,,,,,6.850362182348644,,,,,,2.834863730032509,,,,,
2707,8,0.1427629212271961,,,,,,0.06365568521107716,,,,,,7.004619906933521,,,,,,3.123247100760955,,,,,
2707,16,0.1478164320017993,,,,,,0.056806082025125375,,,,,,6.765147733966596,,,,,,2.599856672789393,,,,,
2707,32,0.1498889818204035,,,,,,0.052108204983712214,,,,,,6.6716044625494675,,,,,,2.3193521543920044,,,,,
