index,bin_size,m,n,a,b,corr
2511,1,0.17463788398805916,24.0,2519.5958331233787,-2496.9636111375867,5.7261344283602
2511,2,0.17414011654747746,24.0,2540.785748816816,-2523.334928957956,5.742502186320523
2511,4,0.1747549538188276,24.0,2515.60991081259,-2499.7319446261736,5.722298442175908
2511,8,0.17455298494431443,24.0,2522.436319603643,-2503.945270199178,5.728919504407319
2511,16,0.17425314092200678,24.0,2538.319954419859,-2520.0149503020575,5.738777474591323
2511,32,0.17546297818409914,24.0,2486.7840347733527,-2468.212949084896,5.699207948874438
