index,bin_size,m12,m23,m34,m13,m24,m14,m12_err,m23_err,m34_err,m13_err,m24_err,m14_err,corr12,corr23,corr34,corr13,corr24,corr14,corr12_err,corr23_err,corr34_err,corr13_err,corr24_err,corr14_err
1269,1,0.12201675798754978,,,,,,0.06797159292807765,,,,,,8.195595559931505,,,,,,4.565501447429593,,,,,
1269,2,0.12194118826340088,,,,,,0.06757071249214262,,,,,,8.20067455665542,,,,,,4.544202255208845,,,,,
1269,4,0.12136386954617681,,,,,,0.06606810401878446,,,,,,8.23968454317879,,,,,,4.485522235870863,,,,,
1269,8,0.12252210558888779,,,,,,0.06272388881714934,,,,,,8.16179247976208,,,,,,4.178342851591289,,,,,
1269,16,0.12199857736935862,,,,,,0.06912356416012488,,,,,,8.196816893794056,,,,,,4.64426070110286,,,,,
1269,32,0.12033325216950158,,,,,,0.0772230971102621,,,,,,8.310254912676994,,,,,,5.3330530885073,,,,,
