index,bin_size,m12,m23,m34,m13,m24,m14,m12_err,m23_err,m34_err,m13_err,m24_err,m14_err,corr12,corr23,corr34,corr13,corr24,corr14,corr12_err,corr23_err,corr34_err,corr13_err,corr24_err,corr14_err
2042,1,0.17250057155306953,,,,,,0.052685933624473325,,,,,,5.79708224150638,,,,,,1.7705720476274176,,,,,
2042,2,0.1751029122172846,,,,,,0.052151487519946534,,,,,,5.710927290341713,,,,,,1.7009046253896538,,,,,
2042,4,0.17626047684765309,,,,,,0.05278042565445363,,,,,,5.673421619438419,,,,,,1.6988811862228121,,,,,
2042,8,0.17372747126657764,,,,,,0.0490774634183638,,,,,,5.756142035047187,,,,,,1.626091993951001,,,,,
2042,16,0.17561305546143538,,,,,,0.04480668572756782,,,,,,5.694337458980092,,,,,,1.4528782514536216,,,,,
2042,32,0.1765566173532973,,,,,,0.0475741107579254,,,,,,5.663905522153029,,,,,,1.5261691839855658,,,,,
