index,bin_size,m,n,a,b,corr
1153,1,0.17200700540148667,16.0,5506.086568861637,-5604.308204178311,5.813716701048717
1153,2,0.17274771226736355,16.0,5452.846804543219,-5552.096649163754,5.788788672652805
1153,4,0.1733197912086005,16.0,5405.6411852603105,-5504.921035179766,5.769681540848625
1153,8,0.17330081872491732,16.0,5405.302312024724,-5503.595004651618,5.770313189271848
1153,16,0.1719244031615162,16.0,5502.9519531975475,-5600.481444419027,5.816509940479709
1153,32,0.17191417262102812,16.0,5514.595604056338,-5611.46151851801,5.816856078552783
