index,bin_size,m12,m23,m34,m13,m24,m14,m12_err,m23_err,m34_err,m13_err,m24_err,m14_err,corr12,corr23,corr34,corr13,corr24,corr14,corr12_err,corr23_err,corr34_err,corr13_err,corr24_err,corr14_err
169,1,499438844600.27203,,,,,,14270105203731.354,,,,,,2.0022471435924334e-12,,,,,,5.720876077591155e-11,,,,,
169,2,47479810029.91154,,,,,,1097768910748.4504,,,,,,2.1061583847324065e-11,,,,,,4.869596559916392e-10,,,,,
169,4,125771867436.09778,,,,,,3041807231831.571,,,,,,7.950903651073484e-12,,,,,,1.9229352889841879e-10,,,,,
169,8,176827075551.5137,,,,,,3519657764680.6426,,,,,,5.6552425406632795e-12,,,,,,1.1256487875126997e-10,,,,,
169,16,26491762518.874798,,,,,,837743087763.1669,,,,,,3.7747582830229664e-11,,,,,,1.1936833788715254e-9,,,,,
169,32,10189139433.389559,,,,,,322208879908.81866,,,,,,9.81437153291891e-11,,,,,,3.1035767832051564e-9,,,,,
