index,bin_size,m,n,a,b,corr
539,1,0.14576341631623255,54.0,440.8782603136593,-318.0853530089701,6.860431960722629
539,2,0.14592235880876936,54.0,437.85283465379524,-305.89937760132784,6.852959396787821
539,4,0.14558231823248788,54.0,442.5229130500975,-310.1585960881756,6.868966040251184
539,8,0.1464450263173039,54.0,431.56591873864033,-304.13962095812053,6.828500940914783
539,16,0.1462028899722177,54.0,435.03714559451606,-313.1546247262857,6.839810076189504
539,32,0.1457714681651566,54.0,440.4847472973229,-310.4269708937543,6.860053017144733
