index,bin_size,m,n,a,b,corr
1039,1,-4.579991078249362e-6,16.0,12447111973522.6,-12447111973459.008,-218341.03667779113
1039,2,-0.00006110564615478837,16.0,69798491308.88902,-69798491246.8651,-16365.099838186357
1039,4,-0.000024420345769766484,16.0,437565169379.231,-437565169317.42145,-40949.46113490523
1039,8,-0.000053396936207353424,16.0,91490594674.66586,-91490594613.37137,-18727.666248804133
1039,16,0.000059948674628223595,16.0,72552760283.47676,-72552760224.66335,16680.93592062841
1039,32,0.00005398386653453044,16.0,89422924390.63191,-89422924331.0453,18524.0529105183
