index,bin_size,m12,m23,m34,m13,m24,m14,m12_err,m23_err,m34_err,m13_err,m24_err,m14_err,corr12,corr23,corr34,corr13,corr24,corr14,corr12_err,corr23_err,corr34_err,corr13_err,corr24_err,corr14_err
1519,1,0.21688984300596412,,,,,,0.046797662792015304,,,,,,4.610635455033741,,,,,,0.9948228109310117,,,,,
1519,2,0.2156740800313174,,,,,,0.04872420415384355,,,,,,4.636625782081894,,,,,,1.0474874920450714,,,,,
1519,4,0.21547323291424275,,,,,,0.048763032695695444,,,,,,4.640947678164716,,,,,,1.050277476736179,,,,,
1519,8,0.21462806649524613,,,,,,0.050580398623205444,,,,,,4.659222888830103,,,,,,1.0980173974432614,,,,,
1519,16,0.2174804675111004,,,,,,0.0497345199759578,,,,,,4.598114080975843,,,,,,1.051519703029669,,,,,
1519,32,0.21498893028413762,,,,,,0.05071409712534534,,,,,,4.651402277681747,,,,,,1.0972270366090064,,,,,
