index,bin_size,m,n,a,b,corr
2516,1,2.634123300437154e-6,24.0,26714003817312.75,-26714003817193.23,379632.9503004062
2516,2,-2.957524997347291e-6,24.0,21185209529686.15,-21185209529563.043,-338120.55718782946
2516,4,-6.956763079475793e-6,24.0,3830535421708.6987,-3830535421588.3813,-143745.0131010286
2516,8,3.881973709863943e-6,24.0,12297638864828.13,-12297638864710.66,257600.92023782624
2516,16,-0.000017241840054236317,24.0,624714790616.5947,-624714790492.274,-57998.45009896726
2516,32,-2.6434052878728653e-7,24.0,2653493141145045.5,-2653493141144923.0,-3782999.166218264
