index,bin_size,m12,m23,m34,m13,m24,m14,m12_err,m23_err,m34_err,m13_err,m24_err,m14_err,corr12,corr23,corr34,corr13,corr24,corr14,corr12_err,corr23_err,corr34_err,corr13_err,corr24_err,corr14_err
372,1,0.17506011107799122,,,,,,0.02454593807792685,,,,,,5.71232357755382,,,,,,0.800949684952791,,,,,
372,2,0.17669281949700158,,,,,,0.023869347335807978,,,,,,5.659539549183377,,,,,,0.7645444542951138,,,,,
372,4,0.17653138361268655,,,,,,0.023142447471312742,,,,,,5.664715131865846,,,,,,0.7426179396337916,,,,,
372,8,0.17617827704777309,,,,,,0.020816678261609656,,,,,,5.6760686774615055,,,,,,0.6706666532870937,,,,,
372,16,0.17637915669963627,,,,,,0.018906193700402158,,,,,,5.669604156816235,,,,,,0.6077284663284369,,,,,
372,32,0.17608684593118248,,,,,,0.01993063893887013,,,,,,5.679015912357336,,,,,,0.6427874556940343,,,,,
