index,bin_size,m,n,a,b,corr
1006,1,0.08825492796683657,16.0,30297.44114855501,-30346.48975508059,11.3308120355134
1006,2,0.08909078832617799,16.0,29722.420236249545,-29769.99839308069,11.22450501098737
1006,4,0.0908362607246651,16.0,28543.965958529865,-28594.724818834384,11.008819517913802
1006,8,0.09025954679468025,16.0,28923.34926048479,-28974.408779320875,11.079160438006303
1006,16,0.09356359147323189,16.0,26775.920754741495,-26825.825306524104,10.687918069990884
1006,32,0.09097979815494152,16.0,28448.406501390164,-28499.473728038673,10.991451072434431
