index,bin_size,m12,m23,m34,m13,m24,m14,m12_err,m23_err,m34_err,m13_err,m24_err,m14_err,corr12,corr23,corr34,corr13,corr24,corr14,corr12_err,corr23_err,corr34_err,corr13_err,corr24_err,corr14_err
1934,1,0.1551784444604851,,,,,,0.05823070436355588,,,,,,6.444193995349925,,,,,,2.4181835093738027,,,,,
1934,2,0.15368661078359205,,,,,,0.05736981945524743,,,,,,6.50674769195159,,,,,,2.428909964406373,,,,,
1934,4,0.15512849683913124,,,,,,0.05775839857572232,,,,,,6.446268869845386,,,,,,2.400114577896699,,,,,
1934,8,0.15380930678094162,,,,,,0.061169254899909264,,,,,,6.501557161454609,,,,,,2.5856394231186117,,,,,
1934,16,0.15401794264320398,,,,,,0.06200905841127633,,,,,,6.492750018850644,,,,,,2.6140416386511847,,,,,
1934,32,0.1499036682652075,,,,,,0.06666579173811792,,,,,,6.670950828440127,,,,,,2.9667333946572585,,,,,
