index,bin_size,m12,m23,m34,m13,m24,m14,m12_err,m23_err,m34_err,m13_err,m24_err,m14_err,corr12,corr23,corr34,corr13,corr24,corr14,corr12_err,corr23_err,corr34_err,corr13_err,corr24_err,corr14_err
129,1,4828457658830.869,,,,,,49167212725610.85,,,,,,2.071054714896544e-13,,,,,,2.108913341043021e-12,,,,,
129,2,5232995421849.554,,,,,,74504084527410.19,,,,,,1.9109514138396844e-13,,,,,,2.72069195914116e-12,,,,,
129,4,5504968700366.145,,,,,,77904315038401.78,,,,,,1.816540755142692e-13,,,,,,2.5707024139723097e-12,,,,,
129,8,NaN,,,,,,NaN,,,,,,NaN,,,,,,NaN,,,,,
129,16,175117228240.55707,,,,,,5477820921180.802,,,,,,5.710460415843885e-12,,,,,,1.7862822436016503e-10,,,,,
129,32,420444674197.5321,,,,,,7692709456772.922,,,,,,2.3784342182681162e-12,,,,,,4.3517267612212373e-11,,,,,
