index,bin_size,m,n,a,b,corr
1931,1,0.07121900164981154,16.0,44332.286406733154,-44315.063786775405,14.041196546352404
1931,2,0.07253163117271944,16.0,42650.92056151657,-42634.373939656885,13.787088251451314
1931,4,0.07270144618590244,16.0,42455.29522448559,-42438.294724280175,13.754884565059868
1931,8,0.07106134121650642,16.0,44513.1691504099,-44495.82048637769,14.072349084338924
1931,16,0.06873090350968386,16.0,47668.99787203616,-47651.16407883106,14.549495917205638
1931,32,0.07040142311705515,16.0,45400.52157156446,-45382.31499211961,14.20425831928594
