index,bin_size,m,n,a,b,corr
2724,1,0.16540526920707332,16.0,6666.123450931947,-6753.275833257976,6.045756612191629
2724,2,0.16553390037064072,16.0,6655.320432722342,-6742.113580527357,6.0410586457573805
2724,4,0.16648959520226472,16.0,6565.693358942524,-6652.9572594131705,6.00638135245101
2724,8,0.16521334235140686,16.0,6695.990639080883,-6782.753926455058,6.05277991333782
2724,16,0.16417788559429441,16.0,6789.202036960653,-6876.015184717036,6.090954310808547
2724,32,0.16456603482169166,16.0,6749.184911440741,-6835.471966199736,6.0765880461512385
