index,bin_size,m,n,a,b,corr
457,1,0.21799390909116956,36.0,328.1068856294439,-313.48525733021444,4.587284131786358
457,2,0.21779898611379897,36.0,329.14303659608146,-314.81615036380595,4.591389601223876
457,4,0.2186709895505196,36.0,324.0915148411917,-310.0968096261915,4.573080325174867
457,8,0.2178826509990395,36.0,328.2768609186876,-314.1035438696045,4.589626550873977
457,16,0.21828064851505377,36.0,326.4551758570304,-313.5610829368751,4.581258150014314
457,32,0.2188425388670676,36.0,322.39933487542066,-306.7482315497756,4.569495515711568
