index,bin_size,m12,m23,m34,m13,m24,m14,m12_err,m23_err,m34_err,m13_err,m24_err,m14_err,corr12,corr23,corr34,corr13,corr24,corr14,corr12_err,corr23_err,corr34_err,corr13_err,corr24_err,corr14_err
1789,1,0.027436985755518714,,,,,,0.04651656797443765,,,,,,36.44715235524218,,,,,,61.79237235148156,,,,,
1789,2,0.030217735341871364,,,,,,0.0496641015717189,,,,,,33.093148400646186,,,,,,54.389962216006204,,,,,
1789,4,0.028904924917508675,,,,,,0.04690738018316825,,,,,,34.59618050743549,,,,,,56.14324190701486,,,,,
1789,8,0.030480624475688622,,,,,,0.04854774245527189,,,,,,32.80772678386563,,,,,,52.254213876635184,,,,,
1789,16,0.02906006766377175,,,,,,0.046986952997886314,,,,,,34.41148216067879,,,,,,55.639605302335305,,,,,
1789,32,0.031104411518536285,,,,,,0.049704753378558134,,,,,,32.14978040668162,,,,,,51.375249627745056,,,,,
