index,bin_size,m,n,a,b,corr
1892,1,0.08963444740154673,16.0,29901.9849576269,-29976.03901603252,11.156425113217622
1892,2,0.08767350153815773,16.0,31368.977257739993,-31441.81291322708,11.405954849023278
1892,4,0.09221593599182147,16.0,28158.36840092193,-28231.012547177874,10.844112671465904
1892,8,0.08972961144816434,16.0,29821.702829192564,-29895.02029408509,11.144593004035098
1892,16,0.0891605219196773,16.0,30238.6408973671,-30311.331757582135,11.215726180931034
1892,32,0.08830613055915254,16.0,30863.054503274383,-30938.018303640907,11.3242420845305
