index,bin_size,m12,m23,m34,m13,m24,m14,m12_err,m23_err,m34_err,m13_err,m24_err,m14_err,corr12,corr23,corr34,corr13,corr24,corr14,corr12_err,corr23_err,corr34_err,corr13_err,corr24_err,corr14_err
280,1,0.08346775141723711,,,,,,0.04268637582562048,,,,,,11.980674967523898,,,,,,6.127056086031279,,,,,
280,2,0.08366283179597125,,,,,,0.04183025431202011,,,,,,11.952739090145817,,,,,,5.976203591641994,,,,,
280,4,0.08216991982715097,,,,,,0.04451312138141176,,,,,,12.169903562076684,,,,,,6.592684958173672,,,,,
280,8,0.08343295665665817,,,,,,0.047226136797878356,,,,,,11.985671371028864,,,,,,6.784332935868121,,,,,
280,16,0.08205054900579009,,,,,,0.05016152364649516,,,,,,12.187608883999456,,,,,,7.450882884230694,,,,,
280,32,0.08328260807455537,,,,,,0.04724831581220975,,,,,,12.007308886205756,,,,,,6.812047982483057,,,,,
