index,bin_size,m,n,a,b,corr
176,1,0.10723635527449493,24.0,11415.299654219885,-11433.458132239984,9.325195708491593
176,2,0.10817681468646989,24.0,11183.176255271692,-11204.502091785273,9.244125027144786
176,4,0.10687021073447556,24.0,11497.793540541636,-11513.210112346482,9.357144457069992
176,8,0.10801654650303281,24.0,11233.041443200023,-11252.790753244639,9.257840880627699
176,16,0.10797461178043864,24.0,11238.061383387156,-11258.243089151892,9.261436401674253
176,32,0.1080160833508334,24.0,11217.693787116841,-11239.448685415453,9.257880576469582
