index,bin_size,m12,m23,m34,m13,m24,m14,m12_err,m23_err,m34_err,m13_err,m24_err,m14_err,corr12,corr23,corr34,corr13,corr24,corr14,corr12_err,corr23_err,corr34_err,corr13_err,corr24_err,corr14_err
2855,1,0.07450775521232277,,,,,,0.04710548400951714,,,,,,13.421421664769348,,,,,,8.485325612255416,,,,,
2855,2,0.0734883459652718,,,,,,0.04711334231429376,,,,,,13.607599774698526,,,,,,8.723825496960307,,,,,
2855,4,0.07444167710894621,,,,,,0.047281114557855615,,,,,,13.433335180459315,,,,,,8.532089606630302,,,,,
2855,8,0.07380248516001059,,,,,,0.04846402630488796,,,,,,13.549679226003134,,,,,,8.897695098045606,,,,,
2855,16,0.07417861575717169,,,,,,0.0430186018327308,,,,,,13.480974129708246,,,,,,7.818057164907326,,,,,
2855,32,0.07453511593349821,,,,,,0.04280568041335507,,,,,,13.416494862531923,,,,,,7.705122399827836,,,,,
