index,bin_size,m,n,a,b,corr
1881,1,0.15870706156018663,16.0,6884.1304267398455,-6953.868917034022,6.300916860090495
1881,2,0.16058724280060008,16.0,6693.408029308989,-6760.826342232905,6.227144713118291
1881,4,0.15856418701141575,16.0,6894.421393352983,-6963.424911251759,6.306594312674182
1881,8,0.15682623720351913,16.0,7070.718345401625,-7137.765143458163,6.376484049045081
1881,16,0.15889318069060732,16.0,6853.886517722599,-6921.916071405189,6.2935362968608075
1881,32,0.15770944370299375,16.0,6971.633280378868,-7038.755604540788,6.340774379264501
