index,bin_size,m,n,a,b,corr
174,1,-8.392011643968106e-6,24.0,2440613789496.7217,-2440613789410.0713,-119160.94047828998
174,2,-0.000019186563314985833,24.0,465805138116.7756,-465805138043.73694,-52119.80820030137
174,4,-0.00002769636515806855,24.0,223834754566.9881,-223834754481.3161,-36105.82090078627
174,8,4.236851547234261e-7,24.0,956725952061715.2,-956725952061637.2,2360243.1873091743
174,16,0.000022198934300401985,24.0,348630714853.88116,-348630714772.55133,45047.207513105335
174,32,2.9546086413027172e-6,24.0,19668190800374.637,-19668190800294.895,338454.30018071353
