index,bin_size,m,n,a,b,corr
2172,1,0.19697253697416273,24.0,1707.7605107725153,-1766.134487019188,5.076849876443293
2172,2,0.19755049670507963,24.0,1692.725140245798,-1750.7442852506365,5.061996890308436
2172,4,0.19693232803888358,24.0,1708.4684841647968,-1767.987665748261,5.077886449412986
2172,8,0.19737917726875684,24.0,1694.3761639104835,-1752.0805612878617,5.066390557694811
2172,16,0.19716543607147594,24.0,1702.2477428688348,-1761.996184559824,5.07188288132552
2172,32,0.19633205857550576,24.0,1724.853888139799,-1783.27362407922,5.093411678436704
