index,bin_size,m12,m23,m34,m13,m24,m14,m12_err,m23_err,m34_err,m13_err,m24_err,m14_err,corr12,corr23,corr34,corr13,corr24,corr14,corr12_err,corr23_err,corr34_err,corr13_err,corr24_err,corr14_err
1449,1,0.092906140875939,,,,,,0.06614960411003591,,,,,,10.76355115573401,,,,,,7.663698449391955,,,,,
1449,2,0.09160664837663474,,,,,,0.06566032096871842,,,,,,10.916238261316641,,,,,,7.824363413691637,,,,,
1449,4,0.0920837925832933,,,,,,0.06650143960231641,,,,,,10.859674346008955,,,,,,7.842682814879683,,,,,
1449,8,0.09282196578296266,,,,,,0.06400706847092674,,,,,,10.773312023343816,,,,,,7.428932521739324,,,,,
1449,16,0.0886032628712348,,,,,,0.06629329256138429,,,,,,11.286266076377778,,,,,,8.444426476870126,,,,,
1449,32,0.0900603489521358,,,,,,0.06362970272258073,,,,,,11.103665615724719,,,,,,7.844994500687528,,,,,
