index,bin_size,m,n,a,b,corr
102,1,-0.000019721565170351467,16.0,770497021979.4308,-770497021894.2496,-50705.91463518098
102,2,-0.000027904127240949293,16.0,384596221168.4168,-384596221082.39105,-35836.992548274386
102,4,-0.000034034508301624315,16.0,258500443576.9977,-258500443492.87582,-29381.9435009224
102,8,-0.000035097967576969236,16.0,242815093646.65665,-242815093563.20584,-28491.678266184994
102,16,0.000019100712200826034,16.0,821299326735.566,-821299326652.036,52354.06876382095
102,32,0.000053497537999322026,16.0,104588565964.299,-104588565881.7338,18692.448987328593
