index,bin_size,m,n,a,b,corr
651,1,0.12788862995049807,16.0,13993.450152041516,-14043.190953352929,7.819303407871916
651,2,0.12667409872113353,16.0,14295.890006665762,-14346.114181133957,7.89427365259135
651,4,0.1279629127294862,16.0,13971.033655214605,-14019.304556217445,7.81476428341391
651,8,0.12649798328521547,16.0,14347.815565070689,-14400.266563101588,7.905264368881647
651,16,0.12774958574833778,16.0,14024.918702194122,-14073.379237291847,7.827814032759097
651,32,0.12681347807177815,16.0,14257.859371236074,-14306.86946106944,7.885597140029441
