index,bin_size,m,n,a,b,corr
1279,1,0.04232685136226647,16.0,137241.2008538589,-137248.07389020856,23.625664745086134
1279,2,0.05119674876902666,16.0,93317.44160313369,-93322.94911034228,19.532490324951777
1279,4,0.04534751641563382,16.0,119368.96446555106,-119375.50943713344,22.05192431784961
1279,8,0.042991204881308566,16.0,133097.27134506908,-133103.85716028055,23.260571616004498
1279,16,0.04609781327073176,16.0,115474.16804901471,-115480.10806750202,21.693002965824327
1279,32,0.047888334998179016,16.0,106872.8098318914,-106879.62530095207,20.88191205724788
