index,bin_size,m12,m23,m34,m13,m24,m14,m12_err,m23_err,m34_err,m13_err,m24_err,m14_err,corr12,corr23,corr34,corr13,corr24,corr14,corr12_err,corr23_err,corr34_err,corr13_err,corr24_err,corr14_err
2481,1,0.2231374708141605,,,,,,0.02948480000325027,,,,,,4.481542236502482,,,,,,0.5921792340267443,,,,,
2481,2,0.22252240399130396,,,,,,0.030267320116259454,,,,,,4.493929519290468,,,,,,0.6112607130812235,,,,,
2481,4,0.22335649078920783,,,,,,0.03026670323894854,,,,,,4.477147704401157,,,,,,0.6066915738479047,,,,,
2481,8,0.2217155626706805,,,,,,0.03155511016081925,,,,,,4.510283301516927,,,,,,0.6419147340020748,,,,,
2481,16,0.22198954024618409,,,,,,0.029475306097326744,,,,,,4.504716748775688,,,,,,0.5981268527547227,,,,,
2481,32,0.22107469582594988,,,,,,0.028275613913796613,,,,,,4.523358027312592,,,,,,0.5785407719156543,,,,,
