index,bin_size,m,n,a,b,corr
2017,1,0.19282267174126408,16.0,4319.333659747013,-4346.15966186022,5.186112146303177
2017,2,0.19280243114914428,16.0,4319.620884715352,-4346.22002814681,5.186656589544972
2017,4,0.1937578924643948,16.0,4269.442628312166,-4295.374225159575,5.161080084434555
2017,8,0.19186068808745296,16.0,4375.807575032468,-4401.343444033224,5.212115154847068
2017,16,0.19233555065899174,16.0,4347.710274482773,-4371.666355921107,5.199246819289202
2017,32,0.1934653870124575,16.0,4285.0307964594185,-4310.373550025913,5.168883258355711
