index,bin_size,m12,m23,m34,m13,m24,m14,m12_err,m23_err,m34_err,m13_err,m24_err,m14_err,corr12,corr23,corr34,corr13,corr24,corr14,corr12_err,corr23_err,corr34_err,corr13_err,corr24_err,corr14_err
636,1,0.04811615817040729,,,,,,0.060484225059612096,,,,,,20.783039170717217,,,,,,26.125236644464906,,,,,
636,2,0.048381195678818316,,,,,,0.061336147984869215,,,,,,20.66918739748733,,,,,,26.203741332798767,,,,,
636,4,0.05058212168871344,,,,,,0.06245741593785422,,,,,,19.769831051257253,,,,,,24.411244917490265,,,,,
636,8,0.04954434862592631,,,,,,0.0623509931604355,,,,,,20.183936770473654,,,,,,25.40125238154619,,,,,
636,16,0.04913564436016006,,,,,,0.06109832186716118,,,,,,20.351824281983273,,,,,,25.306726445878034,,,,,
636,32,0.05332442574339999,,,,,,0.0667483855929812,,,,,,18.75313209770048,,,,,,23.474069807275008,,,,,
