index,bin_size,m12,m23,m34,m13,m24,m14,m12_err,m23_err,m34_err,m13_err,m24_err,m14_err,corr12,corr23,corr34,corr13,corr24,corr14,corr12_err,corr23_err,corr34_err,corr13_err,corr24_err,corr14_err
1053,1,0.20649558063441575,,,,,,0.04797406042498126,,,,,,4.84271865251403,,,,,,1.1250840165349827,,,,,
1053,2,0.20923634313225412,,,,,,0.045713214397119416,,,,,,4.779284444710067,,,,,,1.0441611204596253,,,,,
1053,4,0.20966382413933,,,,,,0.05056282160941812,,,,,,4.769540020101227,,,,,,1.1502289543049518,,,,,
1053,8,0.20685361599167643,,,,,,0.05031115689831718,,,,,,4.834336567943965,,,,,,1.175812491375002,,,,,
1053,16,0.20933225258259133,,,,,,0.046370829549242855,,,,,,4.777094726984096,,,,,,1.0582117308376418,,,,,
1053,32,0.20975020330023603,,,,,,0.05522908447177849,,,,,,4.767575831946165,,,,,,1.2553449017222862,,,,,
