index,bin_size,m,n,a,b,corr
922,1,-0.000010139287741219066,16.0,2649733530883.1206,-2649733530804.522,-98626.25714178302
922,2,-0.000018209515898337303,16.0,819950448350.2482,-819950448273.796,-54916.34185021411
922,4,-0.000019933913526033835,16.0,683793491344.4681,-683793491269.2042,-50165.763922573096
922,8,-5.62039300819914e-7,16.0,862284131275731.6,-862284131275651.1,-1779235.0081945874
922,16,-0.00003091796987860161,16.0,285013957716.9835,-285013957637.00946,-32343.650114366083
922,32,-1.0629938046394525e-6,16.0,240504685615180.8,-240504685615101.25,-940739.2551447477
