index,bin_size,m,n,a,b,corr
1429,1,0.028960010312580758,16.0,341583.60207550885,-341569.97405261575,34.530374444154866
1429,2,0.02959528244846788,16.0,326872.72736576037,-326860.84199343814,33.78916899141704
1429,4,0.0298907787198314,16.0,320611.8691362168,-320599.3789776982,33.455133751217325
1429,8,0.026988485290410768,16.0,393725.0577272233,-393711.83282702183,37.05283898816316
1429,16,0.03172377549606256,16.0,284653.83202279505,-284641.13042935706,31.52209925719958
1429,32,0.02302677206485607,16.0,541835.7056645517,-541823.0393337276,43.427710891628635
