index,bin_size,m12,m23,m34,m13,m24,m14,m12_err,m23_err,m34_err,m13_err,m24_err,m14_err,corr12,corr23,corr34,corr13,corr24,corr14,corr12_err,corr23_err,corr34_err,corr13_err,corr24_err,corr14_err
1247,1,0.04812896695235473,,,,,,0.0591095307008538,,,,,,20.77750808551428,,,,,,25.517870626305985,,,,,
1247,2,0.049011554346590915,,,,,,0.06014262326191918,,,,,,20.403352093842678,,,,,,25.037180204133314,,,,,
1247,4,0.05033036904098969,,,,,,0.060763019757377884,,,,,,19.868719801867286,,,,,,23.987175871717533,,,,,
1247,8,0.0542472780888092,,,,,,0.06264067680369925,,,,,,18.4341046266484,,,,,,21.2863175953831,,,,,
1247,16,0.05306308872032888,,,,,,0.06394072892628143,,,,,,18.845491736648423,,,,,,22.70871348945563,,,,,
1247,32,0.060521703591154184,,,,,,0.07235737769746595,,,,,,16.522998208301583,,,,,,19.754249320691184,,,,,
