index,bin_size,m,n,a,b,corr
2353,1,0.10334536240344705,24.0,11744.584016962708,-11641.480617936284,9.676292934134075
2353,2,0.103785329685661,24.0,11603.83521270019,-11500.225428618041,9.635273145335109
2353,4,0.10199540733189401,24.0,12083.253769601433,-11980.437061239467,9.804363021424981
2353,8,0.1023465182925339,24.0,11988.13389452377,-11883.912442800582,9.77072807832828
2353,16,0.10336691341900929,24.0,11732.062587054466,-11628.61186824645,9.67427551934717
2353,32,0.10177900105332449,24.0,12138.218113812976,-12031.232614206523,9.825209420910662
