index,bin_size,m12,m23,m34,m13,m24,m14,m12_err,m23_err,m34_err,m13_err,m24_err,m14_err,corr12,corr23,corr34,corr13,corr24,corr14,corr12_err,corr23_err,corr34_err,corr13_err,corr24_err,corr14_err
2613,1,0.171612087121623,,,,,,0.023625644773583473,,,,,,5.827095379891809,,,,,,0.8022097266933543,,,,,
2613,2,0.17169450940822306,,,,,,0.022778454787202994,,,,,,5.824298071305164,,,,,,0.7727009485724667,,,,,
2613,4,0.1720401084029017,,,,,,0.023878729477782863,,,,,,5.812598057995257,,,,,,0.8067738266294521,,,,,
2613,8,0.17224042319885918,,,,,,0.027159479607076896,,,,,,5.8058380339988815,,,,,,0.9154850920467806,,,,,
2613,16,0.1713529491275601,,,,,,0.029892336959969446,,,,,,5.835907727830065,,,,,,1.0180678019012157,,,,,
2613,32,0.17191009228062257,,,,,,0.02185745486685139,,,,,,5.816994143471345,,,,,,0.7395998993713259,,,,,
