index,bin_size,m12,m23,m34,m13,m24,m14,m12_err,m23_err,m34_err,m13_err,m24_err,m14_err,corr12,corr23,corr34,corr13,corr24,corr14,corr12_err,corr23_err,corr34_err,corr13_err,corr24_err,corr14_err
454,1,0.10849196908517826,,,,,,0.026314025366148127,,,,,,9.217272102554327,,,,,,2.235589730359492,,,,,
454,2,0.10966517906716115,,,,,,0.027003824498385266,,,,,,9.118664725724653,,,,,,2.245369259482842,,,,,
454,4,0.10900675666547419,,,,,,0.025395895416558113,,,,,,9.173743266840367,,,,,,2.137256732607866,,,,,
454,8,0.10923787045230827,,,,,,0.026613176482835735,,,,,,9.154334443352097,,,,,,2.230233133574266,,,,,
454,16,0.10907522512539639,,,,,,0.029122601751824743,,,,,,9.167984744935138,,,,,,2.4478112998309554,,,,,
454,32,0.10976756512537385,,,,,,0.027135783014575716,,,,,,9.110159261142618,,,,,,2.2521343591454794,,,,,
