index,bin_size,m12,m23,m34,m13,m24,m14,m12_err,m23_err,m34_err,m13_err,m24_err,m14_err,corr12,corr23,corr34,corr13,corr24,corr14,corr12_err,corr23_err,corr34_err,corr13_err,corr24_err,corr14_err
441,1,4.01277340515118,,,,,,0.4939026706039167,,,,,,0.24920420343603358,,,,,,0.030672706673339215,,,,,
441,2,4.008500540868782,,,,,,0.5108069236338713,,,,,,0.2494698428513284,,,,,,0.03179017232680568,,,,,
441,4,3.9691547654858264,,,,,,0.46343388851090944,,,,,,0.2519428087550523,,,,,,0.02941654897385261,,,,,
441,8,4.029778634685358,,,,,,0.4809521465526975,,,,,,0.24815258867887646,,,,,,0.029616892394644646,,,,,
441,16,4.012731958443801,,,,,,0.5061818659344538,,,,,,0.24920677741650485,,,,,,0.03143592766787221,,,,,
441,32,3.9834892575672947,,,,,,0.4115592906717974,,,,,,0.251036198503695,,,,,,0.02593612612180614,,,,,
