index,bin_size,m12,m23,m34,m13,m24,m14,m12_err,m23_err,m34_err,m13_err,m24_err,m14_err,corr12,corr23,corr34,corr13,corr24,corr14,corr12_err,corr23_err,corr34_err,corr13_err,corr24_err,corr14_err
2678,1,0.06454727054655518,,,,,,0.06399464410643729,,,,,,15.492521860839071,,,,,,15.35988143883658,,,,,
2678,2,0.06259619433052814,,,,,,0.06233320352380509,,,,,,15.975412094857983,,,,,,15.908293213918112,,,,,
2678,4,0.06675863484466998,,,,,,0.06292616789462437,,,,,,14.979335666865275,,,,,,14.119404827798931,,,,,
2678,8,0.06102498504918603,,,,,,0.060145133055418375,,,,,,16.38673076599694,,,,,,16.150468557588773,,,,,
2678,16,0.06361206086684165,,,,,,0.05992499714021168,,,,,,15.720289303207576,,,,,,14.809114477676983,,,,,
2678,32,0.05864587677196664,,,,,,0.06034398029533602,,,,,,17.051497139147738,,,,,,17.545226774792823,,,,,
