index,bin_size,m12,m23,m34,m13,m24,m14,m12_err,m23_err,m34_err,m13_err,m24_err,m14_err,corr12,corr23,corr34,corr13,corr24,corr14,corr12_err,corr23_err,corr34_err,corr13_err,corr24_err,corr14_err
927,1,0.06078170241583327,,,,,,0.06252699936828174,,,,,,16.45231969908605,,,,,,16.924734624799665,,,,,
927,2,0.06447548265055675,,,,,,0.06340162953718856,,,,,,15.509771449401704,,,,,,15.251452850239962,,,,,
927,4,0.06440282427860285,,,,,,0.06744562527489995,,,,,,15.527269358158247,,,,,,16.260876792335235,,,,,
927,8,0.06407576944306259,,,,,,0.06442877528909019,,,,,,15.606523475127286,,,,,,15.692502840974504,,,,,
927,16,0.06540410450199015,,,,,,0.06834505662160328,,,,,,15.289560305340952,,,,,,15.97706860669805,,,,,
927,32,0.06573585150484537,,,,,,0.07240226982397872,,,,,,15.212398974192801,,,,,,16.755122052664664,,,,,
