index,bin_size,m12,m23,m34,m13,m24,m14,m12_err,m23_err,m34_err,m13_err,m24_err,m14_err,corr12,corr23,corr34,corr13,corr24,corr14,corr12_err,corr23_err,corr34_err,corr13_err,corr24_err,corr14_err
259,1,0.06862319917280196,,,,,,0.04515478583948533,,,,,,14.572331398917624,,,,,,9.588747120972585,,,,,
259,2,0.07058437153955688,,,,,,0.04612342593239919,,,,,,14.167442143188598,,,,,,9.257728787408745,,,,,
259,4,0.06857342137457584,,,,,,0.04713834089562107,,,,,,14.58290952900825,,,,,,10.024498513402982,,,,,
259,8,0.06958952691675777,,,,,,0.0465273854335153,,,,,,14.369978419255373,,,,,,9.607731999439524,,,,,
259,16,0.06995083841063064,,,,,,0.0465660122389451,,,,,,14.295754314333236,,,,,,9.516630329123057,,,,,
259,32,0.06787292338658474,,,,,,0.04668450289711661,,,,,,14.733415773242687,,,,,,10.133970323227917,,,,,
