index,bin_size,m12,m23,m34,m13,m24,m14,m12_err,m23_err,m34_err,m13_err,m24_err,m14_err,corr12,corr23,corr34,corr13,corr24,corr14,corr12_err,corr23_err,corr34_err,corr13_err,corr24_err,corr14_err
578,1,0.004967811090775522,,,,,,0.020421662152686013,,,,,,201.29589908457865,,,,,,827.4865466320921,,,,,
578,2,0.0062119801367477275,,,,,,0.022764897736361416,,,,,,160.97926554600164,,,,,,589.9369343038388,,,,,
578,4,0.006164297899442675,,,,,,0.023036062494119058,,,,,,162.22447654426497,,,,,,606.2350069238719,,,,,
578,8,0.006176980954446026,,,,,,0.023204663474813116,,,,,,161.89138470310917,,,,,,608.1668584072985,,,,,
578,16,0.006470121624694954,,,,,,0.023642662247419743,,,,,,154.5566000155595,,,,,,564.769830342981,,,,,
578,32,0.00467469500877071,,,,,,0.019632700770681796,,,,,,213.91769904213854,,,,,,898.4077393214736,,,,,
