index,bin_size,m,n,a,b,corr
431,1,0.08987557890297215,36.0,8912.376905071513,-8947.56720851672,11.126493005175295
431,2,0.08932280906203142,36.0,9047.168761860325,-9073.969932093663,11.195348763668378
431,4,0.08893532198971854,36.0,9144.891767582247,-9171.28740200239,11.244126378893709
431,8,0.08858576250315477,36.0,9220.217340055355,-9248.471635529171,11.288495710181277
431,16,0.08879913085167396,36.0,9180.757742543494,-9208.233005016757,11.261371484258722
431,32,0.08910482314516242,36.0,9097.061572696879,-9126.087936476182,11.222737049495967
