index,bin_size,m,n,a,b,corr
1316,1,0.07676823709807537,16.0,40722.488347857005,-40710.59205650579,13.026220710558308
1316,2,0.0751235897373834,16.0,42577.621693449495,-42564.20836807439,13.311397970940874
1316,4,0.07689519150094677,16.0,40585.756633154044,-40574.21034322065,13.004714345339623
1316,8,0.0764651102566498,16.0,41032.73100358433,-41021.085989956686,13.077859910795523
1316,16,0.07787432191617626,16.0,39492.27520561654,-39480.44925299935,12.84120330545411
1316,32,0.07670350634401794,16.0,40770.985874369006,-40758.82285270761,13.037213651159108
