index,bin_size,m,n,a,b,corr
2151,1,0.12753805825951,24.0,6674.795488191796,-6601.140938277552,7.840796807218397
2151,2,0.12723923475063043,24.0,6707.740893119708,-6632.9119750621285,7.859211051998608
2151,4,0.12603213886085998,24.0,6876.0572191341535,-6805.633971394306,7.934484085079316
2151,8,0.12667784936955157,24.0,6785.611139265748,-6714.025086573317,7.894039920765826
2151,16,0.12606166754017725,24.0,6870.386297195362,-6796.782066724351,7.932625511885196
2151,32,0.1277907575944057,24.0,6639.987894763956,-6568.921078894581,7.825292054171037
