index,bin_size,m12,m23,m34,m13,m24,m14,m12_err,m23_err,m34_err,m13_err,m24_err,m14_err,corr12,corr23,corr34,corr13,corr24,corr14,corr12_err,corr23_err,corr34_err,corr13_err,corr24_err,corr14_err
1572,1,0.04202904217340822,,,,,,0.055548861014348055,,,,,,23.793071368937838,,,,,,31.446779327600705,,,,,
1572,2,0.04050486060597405,,,,,,0.05451448713548759,,,,,,24.688395047889887,,,,,,33.22749848040524,,,,,
1572,4,0.04140148230049999,,,,,,0.0551402117849626,,,,,,24.15372456333341,,,,,,32.1689324587727,,,,,
1572,8,0.04260566934501879,,,,,,0.05494393264021498,,,,,,23.471054800290663,,,,,,30.268085768091243,,,,,
1572,16,0.040948143796858474,,,,,,0.054148576925611897,,,,,,24.421131393914848,,,,,,32.29375960126733,,,,,
1572,32,0.03634915890458425,,,,,,0.049088045365456384,,,,,,27.510952939103166,,,,,,37.15241140700276,,,,,
