index,bin_size,m12,m23,m34,m13,m24,m14,m12_err,m23_err,m34_err,m13_err,m24_err,m14_err,corr12,corr23,corr34,corr13,corr24,corr14,corr12_err,corr23_err,corr34_err,corr13_err,corr24_err,corr14_err
1181,1,0.02775253257325482,,,,,,0.04771789203600901,,,,,,36.03274754692847,,,,,,61.95494961285435,,,,,
1181,2,0.025466023517927806,,,,,,0.04548885091351292,,,,,,39.26800740194129,,,,,,70.14273481370674,,,,,
1181,4,0.0244961076163892,,,,,,0.044775716178717215,,,,,,40.82281216510278,,,,,,74.61882025284636,,,,,
1181,8,0.02181773369366474,,,,,,0.040208765071168766,,,,,,45.83427472535207,,,,,,84.46979922457427,,,,,
1181,16,0.01732901565523662,,,,,,0.034785143060740834,,,,,,57.706682242958905,,,,,,115.83665439043247,,,,,
1181,32,0.020042210017452523,,,,,,0.03897556740885401,,,,,,49.894697198024154,,,,,,97.0289270640588,,,,,
