index,bin_size,m12,m23,m34,m13,m24,m14,m12_err,m23_err,m34_err,m13_err,m24_err,m14_err,corr12,corr23,corr34,corr13,corr24,corr14,corr12_err,corr23_err,corr34_err,corr13_err,corr24_err,corr14_err
1391,1,0.2330397095695876,,,,,,0.044426097927352075,,,,,,4.2911141704001805,,,,,,0.8180470989418249,,,,,
1391,2,0.23328733750276834,,,,,,0.04266431107874433,,,,,,4.286559273660249,,,,,,0.7839392410518079,,,,,
1391,4,0.23438155015333598,,,,,,0.04371772402157504,,,,,,4.266547428096558,,,,,,0.7958123959179356,,,,,
1391,8,0.2334549733073719,,,,,,0.04094594579200915,,,,,,4.283481246224634,,,,,,0.7512848770117132,,,,,
1391,16,0.23424855877868841,,,,,,0.04014294066149024,,,,,,4.268969701302506,,,,,,0.7315690576649009,,,,,
1391,32,0.2334717045645941,,,,,,0.03722209428449605,,,,,,4.283174279576702,,,,,,0.6828609795292074,,,,,
