index,bin_size,m,n,a,b,corr
2185,1,0.11689789814507563,24.0,8135.81772786238,-8102.983978794259,8.554473740485516
2185,2,0.11684162588332193,24.0,8137.18948705944,-8104.9129386853465,8.558593672760084
2185,4,0.11705987059468859,24.0,8108.005668825468,-8078.824921885056,8.542637155839923
2185,8,0.11783448825913219,24.0,7980.131849972027,-7951.215591292472,8.486479763045942
2185,16,0.11717373127970492,24.0,8092.814513893228,-8064.03863511585,8.534336058761363
2185,32,0.11752696205587608,24.0,8028.5184724166775,-7996.139835020162,8.508685858182636
