index,bin_size,m,n,a,b,corr
300,1,0.16432886624288606,24.0,3117.2892012329266,-3131.2676961419966,6.085358116704532
300,2,0.16442857210930178,24.0,3113.8831236640135,-3131.3369136544234,6.081668089504924
300,4,0.16536142033072912,24.0,3065.8338666592895,-3084.6522801545398,6.047359765052586
300,8,0.16463786882361583,24.0,3102.352082736579,-3117.6307572015985,6.073936738523664
300,16,0.1639751031130613,24.0,3134.165465525908,-3149.927931026376,6.098486788634596
300,32,0.16430044853204995,24.0,3122.592573118639,-3135.077023293386,6.08641065155054
