index,bin_size,m12,m23,m34,m13,m24,m14,m12_err,m23_err,m34_err,m13_err,m24_err,m14_err,corr12,corr23,corr34,corr13,corr24,corr14,corr12_err,corr23_err,corr34_err,corr13_err,corr24_err,corr14_err
316,1,84592566136.96587,,,,,,1319151012089.5178,,,,,,1.1821369721553024e-11,,,,,,1.8434447073306836e-10,,,,,
316,2,52563435035.872314,,,,,,998883596359.8015,,,,,,1.9024631843743515e-11,,,,,,3.6153254943347437e-10,,,,,
316,4,18955201854.662666,,,,,,427913304911.2432,,,,,,5.275596681414482e-11,,,,,,1.1909649016834665e-9,,,,,
316,8,19412067366.77931,,,,,,613863469481.5125,,,,,,5.151434832290672e-11,,,,,,1.629026728173015e-9,,,,,
316,16,13195269272.75675,,,,,,304348282323.4587,,,,,,7.578473612998733e-11,,,,,,1.7479714730125761e-9,,,,,
316,32,56807320249.63444,,,,,,1037880151778.212,,,,,,1.760336512276224e-11,,,,,,3.216167068809645e-10,,,,,
