index,bin_size,m,n,a,b,corr
2563,1,0.17822519346412705,54.0,155.5526682658426,-13.050573217541444,5.610879026490039
2563,2,0.17809941859869133,54.0,156.1441474853928,-16.847437360094183,5.614841462527649
2563,4,0.17793853914285457,54.0,156.91219483646984,-16.458411255774447,5.619918005492723
2563,8,0.1776790881252037,54.0,157.7089039048506,-9.573158576826057,5.628124336699308
2563,16,0.1781708264393958,54.0,155.59268138558895,-20.288954084575316,5.6125911294470345
2563,32,0.17787412075508582,54.0,157.08406900649456,-22.83286103798808,5.621953299079949
