index,bin_size,m12,m23,m34,m13,m24,m14,m12_err,m23_err,m34_err,m13_err,m24_err,m14_err,corr12,corr23,corr34,corr13,corr24,corr14,corr12_err,corr23_err,corr34_err,corr13_err,corr24_err,corr14_err
291,1,0.07219309872199055,,,,,,0.0454908608045139,,,,,,13.851739538856956,,,,,,8.728362771753165,,,,,
291,2,0.07302329485509139,,,,,,0.046026130426301506,,,,,,13.694260194427219,,,,,,8.63140737556668,,,,,
291,4,0.07032862474578684,,,,,,0.048611395967890596,,,,,,14.218961391818013,,,,,,9.828196768645357,,,,,
291,8,0.07282117163535054,,,,,,0.04920927142915993,,,,,,13.73227012890516,,,,,,9.279650312352272,,,,,
291,16,0.07204936854636836,,,,,,0.05048785594274165,,,,,,13.879372160721108,,,,,,9.725827670165014,,,,,
291,32,0.07076013647265386,,,,,,0.04277047202751976,,,,,,14.132250866792244,,,,,,8.542140681393741,,,,,
