index,bin_size,m,n,a,b,corr
160,1,0.1773168111717905,16.0,6038.800515237089,-6061.575235812512,5.639623188526476
160,2,0.1763507020385642,16.0,6119.532072338514,-6140.397497645055,5.6705189627275825
160,4,0.17756217105648725,16.0,6023.592245072145,-6044.237197320544,5.631830215017327
160,8,0.17573454313852424,16.0,6181.924500375257,-6202.88836810141,5.69040088613507
160,16,0.176752433788455,16.0,6083.046444739504,-6106.71202777238,5.657630724320568
160,32,0.17874161702175342,16.0,5925.120132373526,-5947.195518182037,5.5946679719155545
