index,bin_size,m12,m23,m34,m13,m24,m14,m12_err,m23_err,m34_err,m13_err,m24_err,m14_err,corr12,corr23,corr34,corr13,corr24,corr14,corr12_err,corr23_err,corr34_err,corr13_err,corr24_err,corr14_err
2447,1,0.19096185670311555,,,,,,0.029485314331803816,,,,,,5.236647869185098,,,,,,0.808560469266605,,,,,
2447,2,0.19177119047187485,,,,,,0.02891403789113397,,,,,,5.214547594658958,,,,,,0.7862162526399036,,,,,
2447,4,0.193138237894497,,,,,,0.027387387119933125,,,,,,5.177638622478561,,,,,,0.7341994773629336,,,,,
2447,8,0.19154406987528033,,,,,,0.02626148672226555,,,,,,5.220730668671329,,,,,,0.7157838361955501,,,,,
2447,16,0.19192408543905323,,,,,,0.026687430497860445,,,,,,5.210393462146035,,,,,,0.7245157014526229,,,,,
2447,32,0.19169665360808383,,,,,,0.030606542656580506,,,,,,5.2165751523470005,,,,,,0.83288532645952,,,,,
