index,bin_size,m,n,a,b,corr
2893,1,7.124566401960331e-6,24.0,3264129049371.4307,-3264129049332.457,140359.41888686013
2893,2,0.00001962548657704928,24.0,430855167073.57477,-430855167033.4251,50954.150669030256
2893,4,-4.6504363421242103e-7,24.0,768087842375214.4,-768087842375175.6,-2150335.8533088174
2893,8,-0.00001199721669907906,24.0,1154686000177.3193,-1154686000135.208,-83352.66629607206
2893,16,2.5995339929259645e-6,24.0,24539923081516.164,-24539923081483.277,384684.3329309294
2893,32,-0.000026079488271635078,24.0,243930173309.48672,-243930173273.4603,-38344.31065457804
