index,bin_size,m,n,a,b,corr
1315,1,-0.00003907404648030913,16.0,168580194249.45953,-168580194167.43094,-25592.435134762338
1315,2,-0.000020994243671319416,16.0,583723400116.1837,-583723400035.6577,-47632.10409747299
1315,4,5.858969542908988e-7,16.0,749384831780447.1,-749384831780364.1,1706784.7727767813
1315,8,-2.781321274435317e-7,16.0,3330181153928998.5,-3330181153928918.5,-3595413.4791674754
1315,16,-5.847877238018839e-7,16.0,752637519196029.9,-752637519195948.8,-1710022.2171195627
1315,32,0.00001872474805442352,16.0,733668768180.9005,-733668768101.2021,53405.25795559427
