index,bin_size,m,n,a,b,corr
2234,1,0.13586190121605657,24.0,5947.10041459065,-5995.103438792344,7.3604151793057415
2234,2,0.13607277964925332,24.0,5927.845537830979,-5978.3884306279515,7.349008395195867
2234,4,0.13613550372742717,24.0,5922.614392770319,-5972.316889969375,7.34562235875086
2234,8,0.1355369391792753,24.0,5988.525255891006,-6036.632952493686,7.378062438589494
2234,16,0.1368862698530198,24.0,5833.165207787199,-5882.96550625875,7.305334574999666
2234,32,0.1360772898126078,24.0,5928.748486248758,-5977.808966337344,7.348764818707818
