index,bin_size,m,n,a,b,corr
2155,1,0.1580120508088543,24.0,3117.0678721546765,-2907.3908975907066,6.328631233384159
2155,2,0.1569378313033533,24.0,3175.690818620048,-2961.350615179165,6.3719499096877925
2155,4,0.1563225349422226,24.0,3206.239380511742,-2991.5541231950356,6.397030347349497
2155,8,0.1572936856624665,24.0,3156.8906539724576,-2947.568871154403,6.357534288730959
2155,16,0.15826997159179867,24.0,3105.4063426508637,-2897.2368734481292,6.318317934491994
2155,32,0.1581850914466401,24.0,3109.4413511512075,-2897.747252863928,6.3217082650126075
