index,bin_size,m12,m23,m34,m13,m24,m14,m12_err,m23_err,m34_err,m13_err,m24_err,m14_err,corr12,corr23,corr34,corr13,corr24,corr14,corr12_err,corr23_err,corr34_err,corr13_err,corr24_err,corr14_err
711,1,0.25045518556543633,,,,,,0.0437973879755593,,,,,,3.9927302672626452,,,,,,0.6982133598163098,,,,,
711,2,0.24908160028929932,,,,,,0.04237774420421703,,,,,,4.0147485757219155,,,,,,0.683053216249539,,,,,
711,4,0.2511457022302579,,,,,,0.03895433688946267,,,,,,3.9817523896274762,,,,,,0.6175957725677721,,,,,
711,8,0.2508777445614997,,,,,,0.039753067209364806,,,,,,3.986005222375801,,,,,,0.6316061784553422,,,,,
711,16,0.25121070143364604,,,,,,0.03748709121029734,,,,,,3.980722136011935,,,,,,0.5940260225536015,,,,,
711,32,0.2508884291197884,,,,,,0.038880574467474685,,,,,,3.985835470804208,,,,,,0.6176911919828425,,,,,
