index,bin_size,m12,m23,m34,m13,m24,m14,m12_err,m23_err,m34_err,m13_err,m24_err,m14_err,corr12,corr23,corr34,corr13,corr24,corr14,corr12_err,corr23_err,corr34_err,corr13_err,corr24_err,corr14_err
811,1,0.15470134427650975,,,,,,0.05923343622143532,,,,,,6.46406794121079,,,,,,2.4750202263424863,,,,,
811,2,0.15140608454670887,,,,,,0.05951637671065757,,,,,,6.604754379547405,,,,,,2.596269832294883,,,,,
811,4,0.15433648506136322,,,,,,0.05634444979454994,,,,,,6.479349323022396,,,,,,2.365450868517803,,,,,
811,8,0.1541569851795241,,,,,,0.05526629781844647,,,,,,6.486893855866773,,,,,,2.3255943111334427,,,,,
811,16,0.15418125280782008,,,,,,0.05450548691725858,,,,,,6.48587283984814,,,,,,2.2928575996200182,,,,,
811,32,0.1561405733225394,,,,,,0.05623134343380301,,,,,,6.404485257872732,,,,,,2.3064652728554043,,,,,
