index,bin_size,m,n,a,b,corr
1393,1,0.23876471155546675,16.0,2158.883307025132,-2123.439979867488,4.1882236009055
1393,2,0.24018574975555154,16.0,2124.081333588227,-2089.0305318511696,4.163444338466156
1393,4,0.23829266126307608,16.0,2167.5915264785003,-2131.6583864758786,4.196520340573963
1393,8,0.23970834866529653,16.0,2134.993499683675,-2098.8484949576036,4.171736218483965
1393,16,0.23772531634446442,16.0,2188.0235833212305,-2152.9537183603147,4.206535573817465
1393,32,0.23868126970608797,16.0,2161.383504754975,-2125.1247700672075,4.189687784179293
