index,bin_size,m,n,a,b,corr
2580,1,0.17276191260568627,54.0,192.90218101290725,-90.87856453371145,5.788312857373901
2580,2,0.17321130581504812,54.0,190.67445320590517,-81.41267496411251,5.773295197415011
2580,4,0.17241041276664376,54.0,194.65062664107515,-80.8020953431177,5.800113716759629
2580,8,0.17239122265922982,54.0,194.81766905566025,-84.59551998377808,5.800759369151444
2580,16,0.17278739047247568,54.0,193.06071613929097,-86.15914461686933,5.787459358380065
2580,32,0.1730440758305071,54.0,191.3681394676535,-82.1183508619039,5.778874516221395
