index,bin_size,m,n,a,b,corr
1062,1,0.04184803831459574,16.0,140867.55213212225,-140865.4569084087,23.895982709689413
1062,2,0.038133430904810056,16.0,169971.68547395107,-169969.45628439626,26.22370912536649
1062,4,0.0408881921973888,16.0,147585.00666710746,-147580.69063707782,24.45693845236479
1062,8,0.0364058478008115,16.0,186670.13327294498,-186666.60685236822,27.46811461365582
1062,16,0.04376588816912788,16.0,128719.14142127319,-128719.18012298719,22.848845112787913
1062,32,0.042624877466611255,16.0,135777.78236493436,-135776.41839925697,23.460477998636264
