index,bin_size,m12,m23,m34,m13,m24,m14,m12_err,m23_err,m34_err,m13_err,m24_err,m14_err,corr12,corr23,corr34,corr13,corr24,corr14,corr12_err,corr23_err,corr34_err,corr13_err,corr24_err,corr14_err
1277,1,0.05244586194623926,,,,,,0.06068047989343907,,,,,,19.067281247566704,,,,,,22.061068946708104,,,,,
1277,2,0.05220553199702866,,,,,,0.061384224730426463,,,,,,19.15505812788032,,,,,,22.522869662799543,,,,,
1277,4,0.05322624299759563,,,,,,0.06123572165624289,,,,,,18.787724695225485,,,,,,21.614899252666,,,,,
1277,8,0.053474142784309155,,,,,,0.061981956680374796,,,,,,18.70062703077923,,,,,,21.675923991767437,,,,,
1277,16,0.05155005967810332,,,,,,0.06128750375607448,,,,,,19.398619637772512,,,,,,23.062882590951563,,,,,
1277,32,0.047759289006451745,,,,,,0.05263060024182427,,,,,,20.9383351553854,,,,,,23.07398561028739,,,,,
