index,bin_size,m12,m23,m34,m13,m24,m14,m12_err,m23_err,m34_err,m13_err,m24_err,m14_err,corr12,corr23,corr34,corr13,corr24,corr14,corr12_err,corr23_err,corr34_err,corr13_err,corr24_err,corr14_err
2865,1,0.1695259745892574,,,,,,0.029285124250191055,,,,,,5.898801068230925,,,,,,1.0190009090279495,,,,,
2865,2,0.16829678768855086,,,,,,0.03102562366951146,,,,,,5.941884059311903,,,,,,1.0953902403249582,,,,,
2865,4,0.16899871237805156,,,,,,0.032108249075898876,,,,,,5.917204846880677,,,,,,1.1242161811963935,,,,,
2865,8,0.1674570279863537,,,,,,0.03391567391024147,,,,,,5.971681284594943,,,,,,1.2094660796244319,,,,,
2865,16,0.16745256113171716,,,,,,0.03618068883599279,,,,,,5.971840581246208,,,,,,1.290307561663794,,,,,
2865,32,0.16776091605302068,,,,,,0.033082452876704194,,,,,,5.960863969555048,,,,,,1.1754823830058478,,,,,
