index,bin_size,m12,m23,m34,m13,m24,m14,m12_err,m23_err,m34_err,m13_err,m24_err,m14_err,corr12,corr23,corr34,corr13,corr24,corr14,corr12_err,corr23_err,corr34_err,corr13_err,corr24_err,corr14_err
587,1,0.07767400038368945,,,,,,0.0649029882082294,,,,,,12.874320815977791,,,,,,10.757549347024883,,,,,
587,2,0.07670953815885816,,,,,,0.06337963558210673,,,,,,13.036188510600795,,,,,,10.770875395840394,,,,,
587,4,0.07605273815041338,,,,,,0.06499734691741685,,,,,,13.1487705021514,,,,,,11.237402079798576,,,,,
587,8,0.07624835041769178,,,,,,0.06384463933815177,,,,,,13.115037827336021,,,,,,10.98154721257029,,,,,
587,16,0.07508651910139746,,,,,,0.05814465102272989,,,,,,13.317969882843972,,,,,,10.31301917356797,,,,,
587,32,0.07850524555486575,,,,,,0.057179191250002946,,,,,,12.738002319871988,,,,,,9.277707058210693,,,,,
