index,bin_size,m,n,a,b,corr
405,1,0.20548015708624798,36.0,421.51967840749967,-414.8996076966604,4.86664996844567
405,2,0.20512972634362253,36.0,424.48996477367905,-418.6683206301177,4.874963847632949
405,4,0.2045925395830373,36.0,429.4042342558482,-425.398191205832,4.887763757358969
405,8,0.20512538683530163,36.0,424.98373798809376,-419.88685132484443,4.8750669794125265
405,16,0.2057409050684914,36.0,418.98348216919777,-411.2504848392524,4.860482166475834
405,32,0.20494151635598554,36.0,426.29471372315953,-420.4708554310006,4.879440816974291
