index,bin_size,m,n,a,b,corr
416,1,0.09156032646429167,36.0,8032.358703170576,-7786.839724759351,10.921760970238543
416,2,0.0928246174158934,36.0,7742.329209905918,-7503.914041798328,10.77300427234274
416,4,0.09354299488437079,36.0,7618.458494558415,-7377.6414788695265,10.690271369182776
416,8,0.0931495531794562,36.0,7691.253243015553,-7447.599589046156,10.735424549739509
416,16,0.09310880234466411,36.0,7698.968976742053,-7458.503940385271,10.740123112079834
416,32,0.0938546778769431,36.0,7557.140059213418,-7325.020659323966,10.654769933909346
