index,bin_size,m12,m23,m34,m13,m24,m14,m12_err,m23_err,m34_err,m13_err,m24_err,m14_err,corr12,corr23,corr34,corr13,corr24,corr14,corr12_err,corr23_err,corr34_err,corr13_err,corr24_err,corr14_err
204,1,NaN,,,,,,NaN,,,,,,NaN,,,,,,NaN,,,,,
204,2,11350841368875.26,,,,,,61287885784510.05,,,,,,8.809919613025908e-14,,,,,,4.756839862940918e-13,,,,,
204,4,13874563262381.61,,,,,,127410421709303.3,,,,,,7.207434072619213e-14,,,,,,6.618602670717767e-13,,,,,
204,8,13904756659863.98,,,,,,91718652932022.77,,,,,,7.191783534669798e-14,,,,,,4.743849274850005e-13,,,,,
204,16,6729092499644.752,,,,,,73732068859896.19,,,,,,1.486084490669125e-13,,,,,,1.6283337463918692e-12,,,,,
204,32,NaN,,,,,,NaN,,,,,,NaN,,,,,,NaN,,,,,
