index,bin_size,m12,m23,m34,m13,m24,m14,m12_err,m23_err,m34_err,m13_err,m24_err,m14_err,corr12,corr23,corr34,corr13,corr24,corr14,corr12_err,corr23_err,corr34_err,corr13_err,corr24_err,corr14_err
731,1,0.04353515925429508,,,,,,0.057628006891943126,,,,,,22.969940092761743,,,,,,30.405582261482134,,,,,
731,2,0.04398445096397268,,,,,,0.057104255314924725,,,,,,22.735307093388347,,,,,,29.516857718366897,,,,,
731,4,0.04395863690827084,,,,,,0.05779039438052449,,,,,,22.748658064323404,,,,,,29.906612525503387,,,,,
731,8,0.04452459969683702,,,,,,0.05739608971466874,,,,,,22.459494454950462,,,,,,28.952245892376144,,,,,
731,16,0.04056136260417328,,,,,,0.05481972618922501,,,,,,24.65400410135906,,,,,,33.320521489716384,,,,,
731,32,0.03308319433602962,,,,,,0.04623972058881793,,,,,,30.226827247782992,,,,,,42.24743330488481,,,,,
