index,bin_size,m,n,a,b,corr
2955,1,0.23200547149252493,24.0,871.5891148232645,-856.1333803330384,4.310243174727107
2955,2,0.2305961462931269,24.0,887.7646570733027,-869.2048532052255,4.336585914704879
2955,4,0.23153359074208665,24.0,875.3631160003208,-859.2541562485567,4.319027735003406
2955,8,0.23228988975051293,24.0,866.358571224717,-850.3409051188049,4.304965666280324
2955,16,0.23075541043667866,24.0,885.9680941059393,-868.4407733629585,4.333592864009613
2955,32,0.23132671188524623,24.0,878.6739894300619,-862.145802381224,4.322890304583882
