index,bin_size,m12,m23,m34,m13,m24,m14,m12_err,m23_err,m34_err,m13_err,m24_err,m14_err,corr12,corr23,corr34,corr13,corr24,corr14,corr12_err,corr23_err,corr34_err,corr13_err,corr24_err,corr14_err
1689,1,0.032084570705230145,,,,,,0.05034857875265664,,,,,,31.167629113298023,,,,,,48.90967198413146,,,,,
1689,2,0.031586396473886315,,,,,,0.04948697836050923,,,,,,31.659198630864346,,,,,,49.60103881593182,,,,,
1689,4,0.029765892561887913,,,,,,0.04767238201305549,,,,,,33.595498536482474,,,,,,53.80579254663071,,,,,
1689,8,0.031874786748570395,,,,,,0.04971608565291075,,,,,,31.372758910923558,,,,,,48.93305738754627,,,,,
1689,16,0.03246928401516056,,,,,,0.049842531913703074,,,,,,30.798338501492054,,,,,,47.277518313397174,,,,,
1689,32,0.02657305640738335,,,,,,0.04297344326168215,,,,,,37.63210316003202,,,,,,60.85792410074703,,,,,
