index,bin_size,m12,m23,m34,m13,m24,m14,m12_err,m23_err,m34_err,m13_err,m24_err,m14_err,corr12,corr23,corr34,corr13,corr24,corr14,corr12_err,corr23_err,corr34_err,corr13_err,corr24_err,corr14_err
915,1,0.19501729158925832,,,,,,0.05235682752832981,,,,,,5.127750425875982,,,,,,1.3766612307454291,,,,,
915,2,0.1958452703293745,,,,,,0.057247853805128535,,,,,,5.106071738766988,,,,,,1.4925642469068483,,,,,
915,4,0.1946268941089275,,,,,,0.05822858045818014,,,,,,5.138036059088147,,,,,,1.5372004338526906,,,,,
915,8,0.1946088317288059,,,,,,0.0608019593379465,,,,,,5.138512939605611,,,,,,1.6054341009908357,,,,,
915,16,0.19271744397950122,,,,,,0.07076106725825768,,,,,,5.1889438721819445,,,,,,1.9052515369488083,,,,,
915,32,0.19024013356182873,,,,,,0.07753803930982742,,,,,,5.256514391980262,,,,,,2.142449187387551,,,,,
