index,bin_size,m12,m23,m34,m13,m24,m14,m12_err,m23_err,m34_err,m13_err,m24_err,m14_err,corr12,corr23,corr34,corr13,corr24,corr14,corr12_err,corr23_err,corr34_err,corr13_err,corr24_err,corr14_err
1489,1,0.09868831232227901,,,,,,0.06913483861086767,,,,,,10.13291216019963,,,,,,7.0984823873146,,,,,
1489,2,0.09935015348432338,,,,,,0.07181736050694926,,,,,,10.065409714317065,,,,,,7.275994376972158,,,,,
1489,4,0.09912166829423455,,,,,,0.07036019750305329,,,,,,10.088611473240967,,,,,,7.161266633262384,,,,,
1489,8,0.09900042005015176,,,,,,0.0701785352204561,,,,,,10.100967243304813,,,,,,7.160283613805268,,,,,
1489,16,0.097208371140698,,,,,,0.0683405512955731,,,,,,10.287179882405542,,,,,,7.232211960662995,,,,,
1489,32,0.098460082055067,,,,,,0.07009439548865865,,,,,,10.15640022969631,,,,,,7.230409721203357,,,,,
