index,bin_size,m12,m23,m34,m13,m24,m14,m12_err,m23_err,m34_err,m13_err,m24_err,m14_err,corr12,corr23,corr34,corr13,corr24,corr14,corr12_err,corr23_err,corr34_err,corr13_err,corr24_err,corr14_err
2260,1,0.22222120174087653,,,,,,0.02947370097943762,,,,,,4.500020664842147,,,,,,0.596847926470602,,,,,
2260,2,0.22201420257082255,,,,,,0.028643827024198903,,,,,,4.504216344812445,,,,,,0.5811249567208222,,,,,
2260,4,0.2217109758876921,,,,,,0.027960933006606622,,,,,,4.5103766107932834,,,,,,0.5688231615237658,,,,,
2260,8,0.22191067758029565,,,,,,0.02807471230312153,,,,,,4.506317636014438,,,,,,0.5701103369927331,,,,,
2260,16,0.22183994889117778,,,,,,0.028073548830818053,,,,,,4.507754374260805,,,,,,0.5704502871357136,,,,,
2260,32,0.22139787785851836,,,,,,0.028785085093495845,,,,,,4.516755127341545,,,,,,0.58724673400029,,,,,
