index,bin_size,m12,m23,m34,m13,m24,m14,m12_err,m23_err,m34_err,m13_err,m24_err,m14_err,corr12,corr23,corr34,corr13,corr24,corr14,corr12_err,corr23_err,corr34_err,corr13_err,corr24_err,corr14_err
2392,1,0.17387011709478367,,,,,,0.03132221224062076,,,,,,5.751419603949881,,,,,,1.0361020543948882,,,,,
2392,2,0.17657665983307252,,,,,,0.030034946701926024,,,,,,5.663262635873587,,,,,,0.9632971401105503,,,,,
2392,4,0.1754685401527134,,,,,,0.0314146064307666,,,,,,5.699027296458283,,,,,,1.020312241730725,,,,,
2392,8,0.17505628875138388,,,,,,0.031713184193626336,,,,,,5.71244830524316,,,,,,1.0348667082622178,,,,,
2392,16,0.1765212872759874,,,,,,0.03229340881104219,,,,,,5.665039131719681,,,,,,1.0363816593131163,,,,,
2392,32,0.1746552973865261,,,,,,0.034057592273039713,,,,,,5.725563524059166,,,,,,1.1164786350811182,,,,,
