index,bin_size,m12,m23,m34,m13,m24,m14,m12_err,m23_err,m34_err,m13_err,m24_err,m14_err,corr12,corr23,corr34,corr13,corr24,corr14,corr12_err,corr23_err,corr34_err,corr13_err,corr24_err,corr14_err
97,1,0.12658331274001564,,,,,,0.06224653123193439,,,,,,7.899935452423019,,,,,,3.8847425322126585,,,,,
97,2,0.1250772176028324,,,,,,0.06498277503760785,,,,,,7.995061124363824,,,,,,4.153764117988289,,,,,
97,4,0.12616000719527454,,,,,,0.05966188734926797,,,,,,7.926442160487259,,,,,,3.7484660136987715,,,,,
97,8,0.1271123860203456,,,,,,0.060654237931200644,,,,,,7.867053961522994,,,,,,3.75392341957482,,,,,
97,16,0.1269939716269496,,,,,,0.06057023837779073,,,,,,7.874389525650432,,,,,,3.7557188308851193,,,,,
97,32,0.12577883751538357,,,,,,0.061537831477829236,,,,,,7.9504630489027495,,,,,,3.889797878075052,,,,,
