index,bin_size,m,n,a,b,corr
2706,1,0.23618534609050126,16.0,2703.3794263459667,-2748.4342429805292,4.233962930184589
2706,2,0.23474308634222768,16.0,2748.2692353253383,-2793.3991639915985,4.259976366426904
2706,4,0.23432686107349776,16.0,2763.819782345488,-2807.746116826296,4.26754318911115
2706,8,0.23358859753792338,16.0,2783.6019259929153,-2828.185281818066,4.281030883100571
2706,16,0.23463503338766709,16.0,2753.7210198885427,-2799.208067185977,4.261938149482506
2706,32,0.23458121426815942,16.0,2754.8734594281304,-2797.705042625381,4.262915950536683
