index,bin_size,m12,m23,m34,m13,m24,m14,m12_err,m23_err,m34_err,m13_err,m24_err,m14_err,corr12,corr23,corr34,corr13,corr24,corr14,corr12_err,corr23_err,corr34_err,corr13_err,corr24_err,corr14_err
815,1,0.1126189248683759,,,,,,0.06902637730291614,,,,,,8.879502278757824,,,,,,5.442423422812777,,,,,
815,2,0.11186882680467068,,,,,,0.06818700112761347,,,,,,8.93904073693431,,,,,,5.448581148288881,,,,,
815,4,0.11251620381361674,,,,,,0.06613877994530594,,,,,,8.887608771946319,,,,,,5.224275090025662,,,,,
815,8,0.11340806688351818,,,,,,0.07097971477667304,,,,,,8.817714889956669,,,,,,5.518821588890936,,,,,
815,16,0.11263156570600188,,,,,,0.07345809097979811,,,,,,8.87850571668571,,,,,,5.790544387914892,,,,,
815,32,0.1121769290047847,,,,,,0.07583004985194913,,,,,,8.914489002969113,,,,,,6.026071060217446,,,,,
