index,bin_size,m,n,a,b,corr
122,1,-6.3697521306983306e-6,16.0,6834315808769.643,-6834315808684.996,-156991.98014010754
122,2,5.773143774524129e-6,16.0,8316268131207.896,-8316268131129.12,173215.84894747028
122,4,0.00003790861258978578,16.0,192658485765.8493,-192658485689.91763,26379.22972336485
122,8,6.159870457919835e-7,16.0,729972353827721.4,-729972353827644.4,1623410.7629881818
122,16,0.000018825149643965547,16.0,781756035359.2345,-781756035281.1023,53120.42766791778
122,32,-0.000026879141156909042,16.0,383100188172.2892,-383100188095.5222,-37203.569643926625
