index,bin_size,m12,m23,m34,m13,m24,m14,m12_err,m23_err,m34_err,m13_err,m24_err,m14_err,corr12,corr23,corr34,corr13,corr24,corr14,corr12_err,corr23_err,corr34_err,corr13_err,corr24_err,corr14_err
2947,1,0.1451384511644307,,,,,,0.033991530786579564,,,,,,6.8899729325833645,,,,,,1.613636670211369,,,,,
2947,2,0.14458014741282202,,,,,,0.031775321748724016,,,,,,6.9165789210650335,,,,,,1.5201016498465203,,,,,
2947,4,0.1451369800104436,,,,,,0.032081621147428095,,,,,,6.890042771511735,,,,,,1.523000835964131,,,,,
2947,8,0.14417752881277088,,,,,,0.0309192050053016,,,,,,6.935893604464543,,,,,,1.4874184487506894,,,,,
2947,16,0.14476787799720336,,,,,,0.03278201913029749,,,,,,6.9076097117298225,,,,,,1.5641964007991485,,,,,
2947,32,0.145096203511332,,,,,,0.028470237431650416,,,,,,6.891979085599576,,,,,,1.352318504499426,,,,,
