index,bin_size,m12,m23,m34,m13,m24,m14,m12_err,m23_err,m34_err,m13_err,m24_err,m14_err,corr12,corr23,corr34,corr13,corr24,corr14,corr12_err,corr23_err,corr34_err,corr13_err,corr24_err,corr14_err
1337,1,0.04014564502821471,,,,,,0.05479024156977646,,,,,,24.90930209982157,,,,,,33.995883698582496,,,,,
1337,2,0.03826431638611781,,,,,,0.05299869394997796,,,,,,26.134009292344167,,,,,,36.19738939523633,,,,,
1337,4,0.036545557163231226,,,,,,0.051361284452233404,,,,,,27.363107245389266,,,,,,38.45622953428099,,,,,
1337,8,0.03376013268197666,,,,,,0.04869695795920847,,,,,,29.620736666531663,,,,,,42.726128530322526,,,,,
1337,16,0.03430452596984803,,,,,,0.047990068567668964,,,,,,29.1506724470978,,,,,,40.78012244680142,,,,,
1337,32,0.03872715460686192,,,,,,0.05226191906052618,,,,,,25.821675001726405,,,,,,34.84609965918659,,,,,
