index,bin_size,m12,m23,m34,m13,m24,m14,m12_err,m23_err,m34_err,m13_err,m24_err,m14_err,corr12,corr23,corr34,corr13,corr24,corr14,corr12_err,corr23_err,corr34_err,corr13_err,corr24_err,corr14_err
2642,1,0.12275287181540384,,,,,,0.017438146510663634,,,,,,8.146448919776013,,,,,,1.1572761411099233,,,,,
2642,2,0.12245023392187014,,,,,,0.01699202434611936,,,,,,8.166583010678885,,,,,,1.1332504062883297,,,,,
2642,4,0.12258971756530714,,,,,,0.0168526442809139,,,,,,8.157291001729169,,,,,,1.1213984849488388,,,,,
2642,8,0.12243393854635712,,,,,,0.01631414402987959,,,,,,8.167669944076579,,,,,,1.0883301267461232,,,,,
2642,16,0.12190309829169403,,,,,,0.01543589768532328,,,,,,8.203236948146836,,,,,,1.0387293513825793,,,,,
2642,32,0.12205071579195169,,,,,,0.012755462661085164,,,,,,8.193315323972417,,,,,,0.8562795146861291,,,,,
