index,bin_size,m12,m23,m34,m13,m24,m14,m12_err,m23_err,m34_err,m13_err,m24_err,m14_err,corr12,corr23,corr34,corr13,corr24,corr14,corr12_err,corr23_err,corr34_err,corr13_err,corr24_err,corr14_err
773,1,0.0883690349992745,,,,,,0.06665929363195644,,,,,,11.316181058310866,,,,,,8.5361194219731,,,,,
773,2,0.08800753595307556,,,,,,0.06370656868466994,,,,,,11.362663312527992,,,,,,8.225162571831405,,,,,
773,4,0.0882077158775911,,,,,,0.0666477871910884,,,,,,11.336876712551254,,,,,,8.565891759381493,,,,,
773,8,0.08767417693693765,,,,,,0.06484876167192563,,,,,,11.405866983151503,,,,,,8.436421937374991,,,,,
773,16,0.09122477087402138,,,,,,0.0706275082070115,,,,,,10.96193490451151,,,,,,8.486885086313658,,,,,
773,32,0.08882797795861971,,,,,,0.06642618501795164,,,,,,11.257714325838279,,,,,,8.418597742208453,,,,,
