index,bin_size,m,n,a,b,corr
1917,1,0.10137278788734821,16.0,17995.23947642062,-18033.42561078071,9.864580237363725
1917,2,0.10173691019920462,16.0,17844.932727327894,-17881.50710365697,9.829274331626182
1917,4,0.10102388226600999,16.0,18131.76756056664,-18169.679595644357,9.898649483365332
1917,8,0.10448654963585713,16.0,16864.43906499651,-16903.354293666176,9.570609839113928
1917,16,0.10299777194423558,16.0,17393.584074678576,-17430.693359548754,9.70894788424563
1917,32,0.10008950594474017,16.0,18503.75298910227,-18541.212093749826,9.991057409675937
