index,bin_size,m,n,a,b,corr
2772,1,0.1060884345674983,24.0,12382.516651674214,-12307.948972332466,9.42609818004011
2772,2,0.10623786407498648,24.0,12337.28187801049,-12262.12780764773,9.412839844880205
2772,4,0.10557946346265865,24.0,12526.099712176358,-12450.705766827137,9.471538945201024
2772,8,0.10452738280644037,24.0,12818.53127954327,-12738.923726807521,9.566871121720899
2772,16,0.10637724855500615,24.0,12306.17661928296,-12230.741229516918,9.400506344953211
2772,32,0.10574183066473643,24.0,12476.200600999156,-12395.669745394423,9.456995341518022
