index,bin_size,m12,m23,m34,m13,m24,m14,m12_err,m23_err,m34_err,m13_err,m24_err,m14_err,corr12,corr23,corr34,corr13,corr24,corr14,corr12_err,corr23_err,corr34_err,corr13_err,corr24_err,corr14_err
1921,1,0.12070757663965727,,,,,,0.06334066549419197,,,,,,8.284484104798604,,,,,,4.347239428395576,,,,,
1921,2,0.11967531004916732,,,,,,0.061585884696534435,,,,,,8.355942421115607,,,,,,4.300035707167045,,,,,
1921,4,0.12098649339555259,,,,,,0.060059776677386205,,,,,,8.265385432162294,,,,,,4.103079519671712,,,,,
1921,8,0.12111732163100421,,,,,,0.05870974506687159,,,,,,8.25645734675836,,,,,,4.002189773156259,,,,,
1921,16,0.12345681700216758,,,,,,0.05528221109155521,,,,,,8.099998236488169,,,,,,3.6270642903656096,,,,,
1921,32,0.1222773294397433,,,,,,0.05346570589556922,,,,,,8.178130848799631,,,,,,3.575883941371764,,,,,
