index,bin_size,m,n,a,b,corr
2788,1,0.02607576560888275,24.0,250728.9743493249,-250598.7617868754,38.34978481549736
2788,2,0.029580199545307984,24.0,194036.90622965535,-193911.6579397981,33.80639804232221
2788,4,0.031744275003553396,24.0,168199.8612181558,-168071.19990480962,31.501743224189617
2788,8,0.029658291200769314,24.0,193403.18174766787,-193275.46786755085,33.71738422927282
2788,16,0.02850585423022846,24.0,209409.13376231064,-209279.24860001876,35.08051335432601
2788,32,0.028835346253988894,24.0,204703.44161140255,-204573.318318917,34.679659858832686
