index,bin_size,m,n,a,b,corr
585,1,0.036571510166826283,16.0,182930.48803940593,-182947.5345331565,27.34368899283497
585,2,0.039045486701107544,16.0,160306.8443336087,-160325.5884195716,25.611154693882572
585,4,0.02698266223023063,16.0,337658.92991342774,-337676.67535410466,37.06083526775307
585,8,0.036473689386629045,16.0,183883.58030538898,-183902.39170650623,27.417023526185748
585,16,0.034444902410289954,16.0,206451.39710920517,-206468.0726329206,29.031872063056372
585,32,0.041118292853766863,16.0,144277.2668679449,-144293.29056425332,24.320075825044608
