index,bin_size,m12,m23,m34,m13,m24,m14,m12_err,m23_err,m34_err,m13_err,m24_err,m14_err,corr12,corr23,corr34,corr13,corr24,corr14,corr12_err,corr23_err,corr34_err,corr13_err,corr24_err,corr14_err
1987,1,0.2631740834871333,,,,,,0.043990705221899476,,,,,,3.799766248825525,,,,,,0.6351476359273753,,,,,
1987,2,0.2627116884178698,,,,,,0.04574764733006988,,,,,,3.806454162821251,,,,,,0.6628419301308032,,,,,
1987,4,0.2634269549836616,,,,,,0.042875690187207244,,,,,,3.796118738350153,,,,,,0.6178608827234405,,,,,
1987,8,0.2629405999888847,,,,,,0.03929572815625872,,,,,,3.8031403291932593,,,,,,0.5683685536672549,,,,,
1987,16,0.2629394874187169,,,,,,0.04182336714851296,,,,,,3.8031564213387017,,,,,,0.6049331307913346,,,,,
1987,32,0.262699323991942,,,,,,0.040094839604644494,,,,,,3.8066333205740333,,,,,,0.5809925587276835,,,,,
