index,bin_size,m12,m23,m34,m13,m24,m14,m12_err,m23_err,m34_err,m13_err,m24_err,m14_err,corr12,corr23,corr34,corr13,corr24,corr14,corr12_err,corr23_err,corr34_err,corr13_err,corr24_err,corr14_err
1213,1,0.11261613478158274,,,,,,0.06715031077092262,,,,,,8.87972227016568,,,,,,5.294766253144599,,,,,
1213,2,0.11273081141245912,,,,,,0.06783345482581753,,,,,,8.870689277141839,,,,,,5.337755426537816,,,,,
1213,4,0.11081842113611524,,,,,,0.06366624725025372,,,,,,9.023770504469896,,,,,,5.184242819715619,,,,,
1213,8,0.11274216390803234,,,,,,0.0653107946254898,,,,,,8.86979604911375,,,,,,5.138214560137399,,,,,
1213,16,0.1143961561751996,,,,,,0.05945323797710915,,,,,,8.741552456259837,,,,,,4.5431036832692975,,,,,
1213,32,0.11161658062642901,,,,,,0.06117059812351727,,,,,,8.959242384847041,,,,,,4.910043045028503,,,,,
