index,bin_size,m,n,a,b,corr
2723,1,0.14848527924988855,16.0,8215.8563977312,-8235.266843368185,6.7346743397847675
2723,2,0.1468523420931284,16.0,8425.454146191398,-8443.754583893358,6.809561126140137
2723,4,0.14648605912985313,16.0,8482.83135690594,-8502.077167007885,6.826588181429239
2723,8,0.14715933008033383,16.0,8383.782671392546,-8402.262958234482,6.795355751171897
2723,16,0.1481916155547062,16.0,8245.040434923598,-8265.918320727917,6.748020097202068
2723,32,0.14680840781893925,16.0,8415.768427992898,-8433.713849399015,6.811598973495531
