index,bin_size,m,n,a,b,corr
440,1,0.21303236043865015,36.0,330.85948612693596,-175.25331142629324,4.6941225170716905
440,2,0.21307448280263788,36.0,330.39441513476373,-177.4864803786966,4.6931945432727336
440,4,0.21204766043918952,36.0,337.21052641920267,-181.31254435698202,4.715920929892916
440,8,0.21300638544148465,36.0,330.79928287283906,-177.71171782988336,4.694694940376385
440,16,0.21304260716514237,36.0,330.94748721745407,-178.13485545606676,4.693896743503701
440,32,0.21329028441476805,36.0,328.6084822228775,-174.49592685555172,4.688446090002779
