index,bin_size,m,n,a,b,corr
1049,1,0.16305771732997199,16.0,6619.9523356920645,-6620.841966822678,6.132797737971203
1049,2,0.16203802228361983,16.0,6716.409957277751,-6715.910931102886,6.171391047032598
1049,4,0.16235413206149343,16.0,6693.894645676712,-6694.554248634641,6.159375109844687
1049,8,0.16207715765475203,16.0,6716.725838741541,-6715.483339588045,6.169900894548914
1049,16,0.16150707272751394,16.0,6771.721300810014,-6773.447544519104,6.191679306126403
1049,32,0.160695401969533,16.0,6854.407859345215,-6854.413785908162,6.222953412130577
