index,bin_size,m12,m23,m34,m13,m24,m14,m12_err,m23_err,m34_err,m13_err,m24_err,m14_err,corr12,corr23,corr34,corr13,corr24,corr14,corr12_err,corr23_err,corr34_err,corr13_err,corr24_err,corr14_err
1239,1,0.22420477593219876,,,,,,0.046093250540479344,,,,,,4.460208288794025,,,,,,0.9169541427622232,,,,,
1239,2,0.22377984346661184,,,,,,0.04772425184898655,,,,,,4.468677716941923,,,,,,0.9530094287831147,,,,,
1239,4,0.22344494051232786,,,,,,0.04799013325341417,,,,,,4.47537544464932,,,,,,0.9611936768643418,,,,,
1239,8,0.2240411346397626,,,,,,0.04159507224037203,,,,,,4.463466057730458,,,,,,0.8286790433027762,,,,,
1239,16,0.2252389574124181,,,,,,0.03084507483817914,,,,,,4.439729305659036,,,,,,0.607993325255731,,,,,
1239,32,0.22467725693419768,,,,,,0.03027777874814003,,,,,,4.450828773883753,,,,,,0.5997990660041564,,,,,
