index,bin_size,m12,m23,m34,m13,m24,m14,m12_err,m23_err,m34_err,m13_err,m24_err,m14_err,corr12,corr23,corr34,corr13,corr24,corr14,corr12_err,corr23_err,corr34_err,corr13_err,corr24_err,corr14_err
767,1,0.04085073857612795,,,,,,0.05529548178169216,,,,,,24.47936156983885,,,,,,33.135217107273675,,,,,
767,2,0.04287736531324615,,,,,,0.05713287203572804,,,,,,23.322328522155463,,,,,,31.076340658922817,,,,,
767,4,0.04280721338837488,,,,,,0.055971401445625096,,,,,,23.360548861878716,,,,,,30.544446948126666,,,,,
767,8,0.039037252178232625,,,,,,0.053843783557972355,,,,,,25.61655711406873,,,,,,35.3327214336939,,,,,
767,16,0.042948017864493246,,,,,,0.05655870387106231,,,,,,23.283961629035687,,,,,,30.66289799163344,,,,,
767,32,0.03790187990109561,,,,,,0.05131925800377183,,,,,,26.38391558966165,,,,,,35.72390010281376,,,,,
