index,bin_size,m12,m23,m34,m13,m24,m14,m12_err,m23_err,m34_err,m13_err,m24_err,m14_err,corr12,corr23,corr34,corr13,corr24,corr14,corr12_err,corr23_err,corr34_err,corr13_err,corr24_err,corr14_err
38,1,0.10944500771918995,,,,,,0.06857522072773208,,,,,,9.137008812368709,,,,,,5.724997504747353,,,,,
38,2,0.11592251388439191,,,,,,0.06604577366802526,,,,,,8.626451984963746,,,,,,4.914840752377041,,,,,
38,4,0.11346050684219108,,,,,,0.06687805420322494,,,,,,8.813639457744278,,,,,,5.195103334083793,,,,,
38,8,0.11258898171496312,,,,,,0.06791469162840345,,,,,,8.88186379135801,,,,,,5.357620535219699,,,,,
38,16,0.11408104261241223,,,,,,0.06834358991727604,,,,,,8.765698288693569,,,,,,5.251348299966017,,,,,
38,32,0.1127891556632271,,,,,,0.07361726188798944,,,,,,8.866100593800546,,,,,,5.786886562817617,,,,,
