index,bin_size,m,n,a,b,corr
1162,1,0.08300705781752446,16.0,35416.89085355509,-35467.66044193035,12.047168352820233
1162,2,0.08137490294424063,16.0,36870.653358252246,-36920.64451790179,12.288801139157313
1162,4,0.08208937316606946,16.0,36231.64243636012,-36281.70449109929,12.181844755678274
1162,8,0.0847834858934721,16.0,33830.14522237835,-33881.68368337738,11.794749761250321
1162,16,0.08120399293730209,16.0,37033.39819482091,-37082.35915517495,12.31466537331611
1162,32,0.0822738325480477,16.0,36087.601926351716,-36137.827174211474,12.154532845130348
