index,bin_size,m,n,a,b,corr
748,1,9.278324922392418e-6,16.0,3390680853900.298,-3390680853830.969,107778.07506898021
748,2,0.000018713549912808475,16.0,836748656060.884,-836748655988.5442,53437.215528815876
748,4,-8.779117257775218e-6,16.0,3794208360608.366,-3794208360538.7505,-113906.6685906662
748,8,8.349829664936589e-7,16.0,419928280463815.56,-419928280463743.0,1197629.2213472289
748,16,0.00001715993012171921,16.0,992253015638.6272,-992253015567.2435,58275.29558143751
748,32,-8.530552025219018e-6,16.0,4020646306358.36,-4020646306286.669,-117225.70790772774
