index,bin_size,m,n,a,b,corr
1213,1,0.1388941264867678,16.0,11066.78984707449,-11063.538649567545,7.199728493164671
1213,2,0.13763917217199206,16.0,11314.614978380425,-11311.604157529939,7.265373543153932
1213,4,0.13695107961301356,16.0,11426.67508752878,-11422.067684465223,7.301877450150284
1213,8,0.1380890642902938,16.0,11222.019598388277,-11217.948759166642,7.241703064174427
1213,16,0.13798191065619433,16.0,11233.154288394293,-11230.825338696253,7.247326807147004
1213,32,0.13758410838370316,16.0,11300.55778647227,-11294.006760091488,7.268281284428122
