index,bin_size,m,n,a,b,corr
673,1,0.15607133208793986,16.0,7867.555005328253,-7903.538828190516,6.407326615476958
673,2,0.1582354691619638,16.0,7614.816211404991,-7650.8893674749315,6.319695611206095
673,4,0.1566264855113846,16.0,7807.268733732141,-7843.377842959227,6.384616220781597
673,8,0.15672086700460153,16.0,7788.867897066628,-7824.0839617841675,6.380771234315841
673,16,0.15708714122608042,16.0,7749.886336442435,-7785.041649697288,6.3658934282902
673,32,0.15710794262499264,16.0,7755.343858776365,-7790.939990917283,6.365050571548383
