index,bin_size,m,n,a,b,corr
258,1,0.01355678920534717,24.0,986222.6674799614,-986232.126429072,73.76377878661509
258,2,-0.000030099931250207313,24.0,200942562607.26282,-200942562619.55215,-33222.6672442354
258,4,0.012072037986786457,24.0,1245107.1755837528,-1245120.6221974646,82.8360547816829
258,8,-0.00008502259696153981,24.0,25193538739.123734,-25193538747.880665,-11761.579106462163
258,16,0.003730692750560595,24.0,13076517.2324714,-13076528.90621541,268.04673203113134
258,32,9.691523135715993e-6,24.0,1940128180688.3208,-1940128180699.078,103182.95545461975
