index,bin_size,m12,m23,m34,m13,m24,m14,m12_err,m23_err,m34_err,m13_err,m24_err,m14_err,corr12,corr23,corr34,corr13,corr24,corr14,corr12_err,corr23_err,corr34_err,corr13_err,corr24_err,corr14_err
1917,1,0.08935479030150846,,,,,,0.07024205424769911,,,,,,11.191341803004805,,,,,,8.797545552719356,,,,,
1917,2,0.08976952065806758,,,,,,0.06948433241316074,,,,,,11.139638405879468,,,,,,8.62241808001655,,,,,
1917,4,0.08991825241913035,,,,,,0.06876371486734949,,,,,,11.121212580275275,,,,,,8.504790409900464,,,,,
1917,8,0.09469515350715986,,,,,,0.07216979020893077,,,,,,10.560202533748365,,,,,,8.048221827601923,,,,,
1917,16,0.09131118572426727,,,,,,0.0717313118003213,,,,,,10.951560776132112,,,,,,8.603215635651576,,,,,
1917,32,0.08835167515803742,,,,,,0.0705432776385104,,,,,,11.318404526131152,,,,,,9.037036949029575,,,,,
