index,bin_size,m12,m23,m34,m13,m24,m14,m12_err,m23_err,m34_err,m13_err,m24_err,m14_err,corr12,corr23,corr34,corr13,corr24,corr14,corr12_err,corr23_err,corr34_err,corr13_err,corr24_err,corr14_err
198,1,0.17438470879543477,,,,,,0.03362210337569443,,,,,,5.73444774434362,,,,,,1.1056255803311945,,,,,
198,2,0.17280002460800808,,,,,,0.03239116954199162,,,,,,5.787036212919943,,,,,,1.0847734052327678,,,,,
198,4,0.17377576735986117,,,,,,0.029290492311788825,,,,,,5.754542277055027,,,,,,0.9699475299965015,,,,,
198,8,0.1734162600255345,,,,,,0.03213829079908983,,,,,,5.766471955125523,,,,,,1.0686688350407982,,,,,
198,16,0.17231130233163225,,,,,,0.02563451539774783,,,,,,5.803449840309308,,,,,,0.8633712488873446,,,,,
198,32,0.17399133184896087,,,,,,0.02119790251014431,,,,,,5.74741275541292,,,,,,0.7002250858138401,,,,,
