index,bin_size,m,n,a,b,corr
179,1,0.14148142230344574,24.0,5106.16707942371,-5192.674574935324,7.068065783613806
179,2,0.14177622003756216,24.0,5072.151038087897,-5159.00190746759,7.053369032797321
179,4,0.14128104584592713,24.0,5129.37420221297,-5218.0419470447905,7.078090298754878
179,8,0.1412093060005603,24.0,5130.486104970316,-5216.769874477713,7.08168624521129
179,16,0.1417107732393949,24.0,5091.3557677338085,-5179.988476859127,7.056626515689668
179,32,0.14093423164269,24.0,5159.588359503678,-5246.624333849626,7.095508226385311
