index,bin_size,m12,m23,m34,m13,m24,m14,m12_err,m23_err,m34_err,m13_err,m24_err,m14_err,corr12,corr23,corr34,corr13,corr24,corr14,corr12_err,corr23_err,corr34_err,corr13_err,corr24_err,corr14_err
1123,1,0.08170219173519425,,,,,,0.06379043196483791,,,,,,12.239573734338848,,,,,,9.556263779428502,,,,,
1123,2,0.08283240026491231,,,,,,0.0656708100321061,,,,,,12.07257059800063,,,,,,9.571320978324039,,,,,
1123,4,0.07893320977549664,,,,,,0.06537245547249997,,,,,,12.6689387501689,,,,,,10.492410440229493,,,,,
1123,8,0.08023259266014707,,,,,,0.06418564173939824,,,,,,12.463762753322037,,,,,,9.97094303306685,,,,,
1123,16,0.08186171837156594,,,,,,0.06587154424280352,,,,,,12.215722072447265,,,,,,9.829606474917306,,,,,
1123,32,0.08328432665754251,,,,,,0.0661841932739352,,,,,,12.007061113814464,,,,,,9.541743150260306,,,,,
