index,bin_size,m12,m23,m34,m13,m24,m14,m12_err,m23_err,m34_err,m13_err,m24_err,m14_err,corr12,corr23,corr34,corr13,corr24,corr14,corr12_err,corr23_err,corr34_err,corr13_err,corr24_err,corr14_err
2405,1,0.13476385063484989,,,,,,0.03512874714940946,,,,,,7.420387554148741,,,,,,1.934264395921818,,,,,
2405,2,0.1350801702166013,,,,,,0.03476381002044421,,,,,,7.403011103676419,,,,,,1.9052157779692889,,,,,
2405,4,0.13558545511952985,,,,,,0.034725970157944916,,,,,,7.3754223793283495,,,,,,1.8889835729135211,,,,,
2405,8,0.13527187025396323,,,,,,0.03336925907024246,,,,,,7.392519953502319,,,,,,1.823608360313391,,,,,
2405,16,0.13569862488833423,,,,,,0.036907642715816945,,,,,,7.369271433832844,,,,,,2.0043124046363165,,,,,
2405,32,0.13606576818014843,,,,,,0.0328151588371995,,,,,,7.349387089602283,,,,,,1.7724612731547305,,,,,
