index,bin_size,m12,m23,m34,m13,m24,m14,m12_err,m23_err,m34_err,m13_err,m24_err,m14_err,corr12,corr23,corr34,corr13,corr24,corr14,corr12_err,corr23_err,corr34_err,corr13_err,corr24_err,corr14_err
2264,1,0.004070218305954036,,,,,,0.015643519045138596,,,,,,245.68706757993064,,,,,,944.2762112313837,,,,,
2264,2,0.004594513266108961,,,,,,0.01658340639423916,,,,,,217.65091144178766,,,,,,785.587788621726,,,,,
2264,4,0.00510438901208395,,,,,,0.017464596826031,,,,,,195.90983321072028,,,,,,670.3028008210781,,,,,
2264,8,0.0034554677657913733,,,,,,0.014195082799201758,,,,,,289.39641975533794,,,,,,1188.842269312488,,,,,
2264,16,0.0027387226162370205,,,,,,0.012524295570380291,,,,,,365.1337284292013,,,,,,1669.7721450321992,,,,,
2264,32,0.0032796626839476472,,,,,,0.013958700611610596,,,,,,304.9094057430093,,,,,,1297.7368463112066,,,,,
