index,bin_size,m12,m23,m34,m13,m24,m14,m12_err,m23_err,m34_err,m13_err,m24_err,m14_err,corr12,corr23,corr34,corr13,corr24,corr14,corr12_err,corr23_err,corr34_err,corr13_err,corr24_err,corr14_err
2211,1,0.07599853563922374,,,,,,0.04579476881173007,,,,,,13.158148266792239,,,,,,7.928762742597129,,,,,
2211,2,0.07442131528712206,,,,,,0.045926280311268865,,,,,,13.437010568033335,,,,,,8.292139308639264,,,,,
2211,4,0.0750987076702614,,,,,,0.04497742590637965,,,,,,13.315808367711679,,,,,,7.974981232326411,,,,,
2211,8,0.07407737304563523,,,,,,0.045293567313111856,,,,,,13.499398789208572,,,,,,8.25401742268702,,,,,
2211,16,0.0750561115540287,,,,,,0.04780446101621148,,,,,,13.323365403497567,,,,,,8.485868623473248,,,,,
2211,32,0.075160889207984,,,,,,0.04862670837150944,,,,,,13.304792033963517,,,,,,8.607777914772214,,,,,
