index,bin_size,m,n,a,b,corr
1458,1,0.16414236000769644,16.0,5901.056804588858,-5844.539120319923,6.092272585535575
1458,2,0.1627018534014062,16.0,6020.53896543506,-5966.08004393436,6.146211484959994
1458,4,0.16433529340107778,16.0,5878.486784779201,-5822.132846671078,6.085120118168369
1458,8,0.16450502610530757,16.0,5863.090332668847,-5806.6261755805535,6.07884162371946
1458,16,0.16306071909073847,16.0,5988.990252421936,-5934.078962110605,6.132684840200721
1458,32,0.16390763948080359,16.0,5919.084847617685,-5864.04106812994,6.10099689781157
