index,bin_size,m12,m23,m34,m13,m24,m14,m12_err,m23_err,m34_err,m13_err,m24_err,m14_err,corr12,corr23,corr34,corr13,corr24,corr14,corr12_err,corr23_err,corr34_err,corr13_err,corr24_err,corr14_err
2500,1,0.06475819769974597,,,,,,0.04768818906742666,,,,,,15.442060395759327,,,,,,11.371593433745003,,,,,
2500,2,0.06583560316091933,,,,,,0.047907163839701485,,,,,,15.189349713341883,,,,,,11.052965726720187,,,,,
2500,4,0.06697606705359024,,,,,,0.047508432138688696,,,,,,14.930706504457179,,,,,,10.590864587228074,,,,,
2500,8,0.06490599784084632,,,,,,0.04681665431572755,,,,,,15.406896639229927,,,,,,11.11298459359094,,,,,
2500,16,0.06721073960982489,,,,,,0.0445929366836794,,,,,,14.878574552299966,,,,,,9.871626719268066,,,,,
2500,32,0.06625166243664439,,,,,,0.03915046823273131,,,,,,15.093960864095857,,,,,,8.91955935265743,,,,,
