index,bin_size,m12,m23,m34,m13,m24,m14,m12_err,m23_err,m34_err,m13_err,m24_err,m14_err,corr12,corr23,corr34,corr13,corr24,corr14,corr12_err,corr23_err,corr34_err,corr13_err,corr24_err,corr14_err
107,1,0.12637937210779973,,,,,,0.06290202205800963,,,,,,7.912683718249643,,,,,,3.9383310542074987,,,,,
107,2,0.12460812818609909,,,,,,0.06582841134830295,,,,,,8.025158667872173,,,,,,4.239558475151078,,,,,
107,4,0.12536488696364106,,,,,,0.06481636727917614,,,,,,7.976715204872517,,,,,,4.12413487478639,,,,,
107,8,0.12745849204764226,,,,,,0.05740999624526008,,,,,,7.845691439894123,,,,,,3.5338650949787596,,,,,
107,16,0.12678327216662547,,,,,,0.06002567373542472,,,,,,7.887475870521355,,,,,,3.734333757987527,,,,,
107,32,0.13008183438457413,,,,,,0.05300864792046955,,,,,,7.6874684673003495,,,,,,3.1326611537326223,,,,,
