index,bin_size,m,n,a,b,corr
691,1,0.08213159896436473,16.0,28685.256520360566,-28640.1859096794,12.175581781061881
691,2,0.08527744411458661,16.0,26513.07540373343,-26469.743946518134,11.726430246388578
691,4,0.08352239230486234,16.0,27710.65556421601,-27666.455175740735,11.972837132704878
691,8,0.08260801147412025,16.0,28321.091474757704,-28277.406746657398,12.10536341639556
691,16,0.08187186829428048,16.0,28901.08068263015,-28854.794035955587,12.214207649513959
691,32,0.08148816455697186,16.0,29216.039683147705,-29173.241988837304,12.271720751555979
