index,bin_size,m,n,a,b,corr
949,1,0.2628381498272466,16.0,1736.7997908649877,-1786.9727793939167,3.8046227332571827
949,2,0.2646512714989229,16.0,1704.145800026288,-1756.10909865812,3.7785573231378553
949,4,0.2645873899816579,16.0,1703.8565191650293,-1756.8606976836345,3.7794696114177
949,8,0.262870785358766,16.0,1734.954061836445,-1784.3475926526012,3.804150387557142
949,16,0.2632236280735181,16.0,1728.7882753717813,-1779.191858384142,3.7990510476540535
949,32,0.26426196459999335,16.0,1709.5345704888346,-1762.0020889416874,3.784123839061269
