index,bin_size,m12,m23,m34,m13,m24,m14,m12_err,m23_err,m34_err,m13_err,m24_err,m14_err,corr12,corr23,corr34,corr13,corr24,corr14,corr12_err,corr23_err,corr34_err,corr13_err,corr24_err,corr14_err
406,1,0.24682038400010878,,,,,,0.030240383572256384,,,,,,4.051529228637612,,,,,,0.4963925423929145,,,,,
406,2,0.24619446039218307,,,,,,0.02828255472414925,,,,,,4.0618298169951474,,,,,,0.46661863916981094,,,,,
406,4,0.2471211492324311,,,,,,0.029277544809280385,,,,,,4.046598209445217,,,,,,0.4794185393284747,,,,,
406,8,0.24711505424411298,,,,,,0.02787973647710641,,,,,,4.046698017078913,,,,,,0.4565520083901439,,,,,
406,16,0.24621739254461963,,,,,,0.023684498560278024,,,,,,4.061451507000179,,,,,,0.3906850014779217,,,,,
406,32,0.24552932072300682,,,,,,0.021316472463104336,,,,,,4.072833326200365,,,,,,0.35359703349934196,,,,,
