index,bin_size,m12,m23,m34,m13,m24,m14,m12_err,m23_err,m34_err,m13_err,m24_err,m14_err,corr12,corr23,corr34,corr13,corr24,corr14,corr12_err,corr23_err,corr34_err,corr13_err,corr24_err,corr14_err
2300,1,0.005845300155986443,,,,,,0.01788822584308299,,,,,,171.07761334990704,,,,,,523.5445405082572,,,,,
2300,2,0.007076675298989889,,,,,,0.02029742366523226,,,,,,141.30929536116176,,,,,,405.3053891267758,,,,,
2300,4,0.005948913972717141,,,,,,0.018267368934006677,,,,,,168.09790906141717,,,,,,516.1793456659249,,,,,
2300,8,0.007293019628959361,,,,,,0.02092552470564488,,,,,,137.1174151279077,,,,,,393.42467233186517,,,,,
2300,16,0.004875893062016809,,,,,,0.016761141808095403,,,,,,205.09063412198202,,,,,,705.0099660325363,,,,,
2300,32,0.0038281683691433147,,,,,,0.014447180527789965,,,,,,261.22153039569275,,,,,,985.8277493204123,,,,,
