index,bin_size,m12,m23,m34,m13,m24,m14,m12_err,m23_err,m34_err,m13_err,m24_err,m14_err,corr12,corr23,corr34,corr13,corr24,corr14,corr12_err,corr23_err,corr34_err,corr13_err,corr24_err,corr14_err
2452,1,0.07838470261118921,,,,,,0.042722681169078174,,,,,,12.757591298908016,,,,,,6.953378495957326,,,,,
2452,2,0.07464615351030855,,,,,,0.042432151701508075,,,,,,13.39653757057825,,,,,,7.615180256960289,,,,,
2452,4,0.07462474726262791,,,,,,0.04354693444529711,,,,,,13.400380392320608,,,,,,7.81973149513995,,,,,
2452,8,0.07612909199708948,,,,,,0.04084027476495699,,,,,,13.135582912748143,,,,,,7.046725519529615,,,,,
2452,16,0.07520700251586453,,,,,,0.03850625080463038,,,,,,13.296634176971157,,,,,,6.807923642055365,,,,,
2452,32,0.07638243012052824,,,,,,0.04461936913023713,,,,,,13.092016035913526,,,,,,7.647799307296635,,,,,
