index,bin_size,m,n,a,b,corr
1319,1,0.03007319276985915,16.0,234783.29456293443,-234687.82249682298,33.25220596471718
1319,2,0.03384341957712561,16.0,184553.1167720521,-184458.83793800813,29.547841574374736
1319,4,0.03295927722596753,16.0,195192.67235464923,-195098.83008968926,30.34047115608873
1319,8,0.033533637522891006,16.0,188330.31194931435,-188235.19436203243,29.820803046414866
1319,16,0.03382327620653086,16.0,185299.8851515092,-185205.43433648392,29.565438720182648
1319,32,0.022011957174521084,16.0,438791.81988435326,-438696.34155219136,45.42985396852868
