index,bin_size,m,n,a,b,corr
2131,1,0.028134613747547808,24.0,197340.41880313927,-197400.56121230443,35.54340603261914
2131,2,0.022758502433973943,24.0,302934.30555852485,-302994.55248605117,43.939622253316536
2131,4,0.024443808896191754,24.0,261751.49097389219,-261809.3337011134,40.910154560887435
2131,8,0.025418553654336692,24.0,242607.57539807472,-242667.9251215999,39.3413415097829
2131,16,0.028294430821483422,24.0,194968.15667776638,-195027.93020930124,35.34264415175014
2131,32,0.02497310560734891,24.0,251039.58452510534,-251098.31712498583,40.04307736982969
