index,bin_size,m12,m23,m34,m13,m24,m14,m12_err,m23_err,m34_err,m13_err,m24_err,m14_err,corr12,corr23,corr34,corr13,corr24,corr14,corr12_err,corr23_err,corr34_err,corr13_err,corr24_err,corr14_err
2826,1,0.052305028984548724,,,,,,0.04526897689018829,,,,,,19.118620511526856,,,,,,16.546791138654335,,,,,
2826,2,0.05261759041236098,,,,,,0.04472601459843386,,,,,,19.005051203657533,,,,,,16.154677379127612,,,,,
2826,4,0.052101876175695234,,,,,,0.04496355124799142,,,,,,19.193166799365383,,,,,,16.56356742479624,,,,,
2826,8,0.05200387999370071,,,,,,0.04373303581852887,,,,,,19.229334428914367,,,,,,16.171046688209582,,,,,
2826,16,0.05382210675413588,,,,,,0.04673514711908611,,,,,,18.579726069960213,,,,,,16.133263517136196,,,,,
2826,32,0.05106473390367333,,,,,,0.04319748208850492,,,,,,19.582986604539325,,,,,,16.56594773772369,,,,,
