index,bin_size,m,n,a,b,corr
263,1,-0.000012792811022393295,24.0,921635106754.5756,-921635106713.4257,-78168.90269461033
263,2,8.95094366249624e-6,24.0,1883588876380.0286,-1883588876334.3867,111720.0641302126
263,4,0.000014946866127547203,24.0,675364577412.1422,-675364577367.0056,66903.6566907488
263,8,7.109022475639841e-6,24.0,2989426714051.0425,-2989426714003.9556,140666.3157173372
263,16,4.821131202633488e-6,24.0,6486071966320.787,-6486071966275.53,207420.20035749316
263,32,-2.393969538095306e-6,24.0,26312652733075.02,-26312652733031.887,-417716.2591616022
