index,bin_size,m12,m23,m34,m13,m24,m14,m12_err,m23_err,m34_err,m13_err,m24_err,m14_err,corr12,corr23,corr34,corr13,corr24,corr14,corr12_err,corr23_err,corr34_err,corr13_err,corr24_err,corr14_err
235,1,6.079941761014468,,,,,,1.490514139712926,,,,,,0.164475259682939,,,,,,0.040321554025785765,,,,,
235,2,6.073754246000104,,,,,,1.2546363546897699,,,,,,0.16464281554667018,,,,,,0.03400974974569805,,,,,
235,4,5.99581050929469,,,,,,1.4676576267262817,,,,,,0.1667831227237423,,,,,,0.0408252598535707,,,,,
235,8,5.988178927436376,,,,,,1.0378073827598806,,,,,,0.16699567800458395,,,,,,0.02894191199399334,,,,,
235,16,5.958346466973931,,,,,,0.998743691907283,,,,,,0.16783179788936822,,,,,,0.028132125309019554,,,,,
235,32,6289943619.605814,,,,,,198905481731.33258,,,,,,1.5898393697568138e-10,,,,,,5.027513517469892e-9,,,,,
