index,bin_size,m,n,a,b,corr
2835,1,0.203536269806139,24.0,1465.8666543274207,-1472.8685744890213,4.913129246951731
2835,2,0.2049549722803436,24.0,1433.3403059205766,-1443.9915029561685,4.879120466675821
2835,4,0.2054772178707801,24.0,1425.1220221389374,-1434.9023429399151,4.866719582649192
2835,8,0.2039248439329761,24.0,1455.8211320750186,-1466.577588619099,4.903767391523269
2835,16,0.2046763390374547,24.0,1440.9721620569758,-1450.8023993927504,4.885762588400632
2835,32,0.20403269117164413,24.0,1454.8306175255254,-1464.3803834299276,4.901175366837376
