index,bin_size,m12,m23,m34,m13,m24,m14,m12_err,m23_err,m34_err,m13_err,m24_err,m14_err,corr12,corr23,corr34,corr13,corr24,corr14,corr12_err,corr23_err,corr34_err,corr13_err,corr24_err,corr14_err
2097,1,0.0632436645486281,,,,,,0.062335270552116975,,,,,,15.81186047862706,,,,,,15.584748415545826,,,,,
2097,2,0.06430199913622636,,,,,,0.06117362537181284,,,,,,15.551616021788995,,,,,,14.795010189772357,,,,,
2097,4,0.06243741297029413,,,,,,0.061483193193338684,,,,,,16.016038340277973,,,,,,15.771268100677545,,,,,
2097,8,0.06689360266899534,,,,,,0.06681287831599092,,,,,,14.949112622147531,,,,,,14.931072669203386,,,,,
2097,16,0.06874079956723221,,,,,,0.071050481446016,,,,,,14.547401343825598,,,,,,15.036192127156049,,,,,
2097,32,0.06699818527225011,,,,,,0.06947226769850222,,,,,,14.925777406305192,,,,,,15.476950597474973,,,,,
