index,bin_size,m,n,a,b,corr
1267,1,0.0701728591621801,16.0,45543.54276272891,-45564.8810625129,14.250523805633295
1267,2,0.06820374161713251,16.0,48356.34748012743,-48379.18004294317,14.661952208041383
1267,4,0.06904552036087616,16.0,47158.987394107506,-47181.725790578406,14.483198834238033
1267,8,0.0685447487147108,16.0,47907.223936024086,-47929.734485644156,14.589009643351192
1267,16,0.06791664009504486,16.0,48796.60048995442,-48818.66523129504,14.723932140938743
1267,32,0.0662826781998266,16.0,51310.32689309263,-51333.36193578886,15.086897922036833
