index,bin_size,m12,m23,m34,m13,m24,m14,m12_err,m23_err,m34_err,m13_err,m24_err,m14_err,corr12,corr23,corr34,corr13,corr24,corr14,corr12_err,corr23_err,corr34_err,corr13_err,corr24_err,corr14_err
1473,1,0.04743078441145019,,,,,,0.05827509262164169,,,,,,21.083353615349267,,,,,,25.903733196803298,,,,,
1473,2,0.04671732339276945,,,,,,0.05733955609411789,,,,,,21.405335909179513,,,,,,26.27231977223674,,,,,
1473,4,0.04500897517537195,,,,,,0.05664355408765771,,,,,,22.217790920669103,,,,,,27.960970824588223,,,,,
1473,8,0.04518507787426069,,,,,,0.05629698835541001,,,,,,22.13120010067841,,,,,,27.57370293410227,,,,,
1473,16,0.03956067161613501,,,,,,0.050452439842927806,,,,,,25.277629502936577,,,,,,32.237017971873364,,,,,
1473,32,0.03486924611417882,,,,,,0.04519531903963711,,,,,,28.678566686687606,,,,,,37.17135055802968,,,,,
