index,bin_size,m,n,a,b,corr
88,1,-0.000021578013885394075,16.0,595213942466.1354,-595213942431.1595,-46343.468185312886
88,2,-2.916922319004967e-6,16.0,32570945306189.5,-32570945306153.48,-342827.0932978168
88,4,-0.00003088668245422184,16.0,290186840898.9751,-290186840864.0974,-32376.413409958568
88,8,-0.000030776690387920245,16.0,292214369553.76904,-292214369519.1435,-32492.122687516032
88,16,-0.00003315652302631568,16.0,251653928728.5975,-251653928694.413,-30159.977848290055
88,32,0.000040648774243138346,16.0,167398309237.4938,-167398309203.2766,24600.987818686892
