index,bin_size,m,n,a,b,corr
1225,1,0.036666718579914534,16.0,200896.95637344866,-200910.40061848238,27.27268865962237
1225,2,0.02722260470345838,16.0,366275.8764022737,-366286.3896986994,36.73417775019006
1225,4,0.02552850745821092,16.0,416908.0988669166,-416919.4113942567,39.171894464921515
1225,8,0.03199461965247612,16.0,264703.5947518244,-264715.4134663612,31.25525512920446
1225,16,0.035123545468624714,16.0,219218.55678572765,-219231.83315513187,28.470929875040195
1225,32,0.037017499178994745,16.0,197299.72325511544,-197312.6407463499,27.014250616028683
