index,bin_size,m12,m23,m34,m13,m24,m14,m12_err,m23_err,m34_err,m13_err,m24_err,m14_err,corr12,corr23,corr34,corr13,corr24,corr14,corr12_err,corr23_err,corr34_err,corr13_err,corr24_err,corr14_err
2895,1,0.06947491663303264,,,,,,0.04641667756102816,,,,,,14.393684058406464,,,,,,9.616520957964056,,,,,
2895,2,0.0689592433990745,,,,,,0.045835097832630865,,,,,,14.501319195352728,,,,,,9.638582897069906,,,,,
2895,4,0.07101540785305781,,,,,,0.04738085678348939,,,,,,14.081451198156312,,,,,,9.395020639803466,,,,,
2895,8,0.0711086542918194,,,,,,0.04678409775743976,,,,,,14.062985862397957,,,,,,9.252377392038614,,,,,
2895,16,0.07139193177921721,,,,,,0.04771273642186882,,,,,,14.007185056884934,,,,,,9.361297726167487,,,,,
2895,32,0.06754305968165018,,,,,,0.04535527063832488,,,,,,14.80537015517637,,,,,,9.941829307904941,,,,,
