index,bin_size,m12,m23,m34,m13,m24,m14,m12_err,m23_err,m34_err,m13_err,m24_err,m14_err,corr12,corr23,corr34,corr13,corr24,corr14,corr12_err,corr23_err,corr34_err,corr13_err,corr24_err,corr14_err
1330,1,0.08183617851524679,,,,,,0.06419908301914268,,,,,,12.219534417943176,,,,,,9.586015852471036,,,,,
1330,2,0.07657227786477368,,,,,,0.06592710464601795,,,,,,13.059556642235403,,,,,,11.244000849808033,,,,,
1330,4,0.07751823664501753,,,,,,0.06255961228038114,,,,,,12.900190242708195,,,,,,10.410852140802048,,,,,
1330,8,0.08035678929236918,,,,,,0.06641836887643884,,,,,,12.444499199210311,,,,,,10.285917911533433,,,,,
1330,16,0.07999536688028824,,,,,,0.07181089134669698,,,,,,12.500723966882777,,,,,,11.221751528238448,,,,,
1330,32,0.08081929152212314,,,,,,0.06970135732170517,,,,,,12.373283422390113,,,,,,10.67114834619238,,,,,
