index,bin_size,m12,m23,m34,m13,m24,m14,m12_err,m23_err,m34_err,m13_err,m24_err,m14_err,corr12,corr23,corr34,corr13,corr24,corr14,corr12_err,corr23_err,corr34_err,corr13_err,corr24_err,corr14_err
2643,1,0.10597231531699992,,,,,,0.017149183242701854,,,,,,9.436426834769566,,,,,,1.5270687675524657,,,,,
2643,2,0.10556951079543872,,,,,,0.01678120845679087,,,,,,9.47243188364956,,,,,,1.5057269171237222,,,,,
2643,4,0.10522410537904796,,,,,,0.017909701515415103,,,,,,9.503525797607953,,,,,,1.6175505580786498,,,,,
2643,8,0.1052958403753671,,,,,,0.015330348201820677,,,,,,9.497051321639292,,,,,,1.3827051774530652,,,,,
2643,16,0.10596506369004412,,,,,,0.015457031826907087,,,,,,9.437072608431361,,,,,,1.3765775868170567,,,,,
2643,32,0.10520696108566079,,,,,,0.01757798541063257,,,,,,9.505074471125422,,,,,,1.5881084165560122,,,,,
