index,bin_size,m,n,a,b,corr
1214,1,0.059994729683320744,16.0,62407.05501607075,-62466.03338549356,16.668130772127007
1214,2,0.06574210045026092,16.0,51742.99951719307,-51803.53145683677,15.210952998932225
1214,4,0.05997141763793538,16.0,62444.81293229849,-62501.5396091454,16.67460999566971
1214,8,0.06357129236220824,16.0,55402.3482401172,-55463.79795643667,15.73037078281074
1214,16,0.05846498728101256,16.0,65832.1886505819,-65891.18933783125,17.104254127234984
1214,32,0.06193093724334807,16.0,58480.6241096149,-58541.08849009962,16.147018671308885
