index,bin_size,m,n,a,b,corr
876,1,0.11286084712301228,16.0,16210.641273890407,-16138.800494745361,8.860468669972445
876,2,0.11093107084294968,16.0,16819.640477778303,-16747.83893142063,9.014606930241817
876,4,0.11113560142164136,16.0,16766.64504379749,-16694.3985673978,8.9980167219869
876,8,0.11079334775973196,16.0,16874.64738365189,-16803.812119582355,9.025812652295825
876,16,0.1104464264731367,16.0,16993.136342401147,-16919.44167216033,9.054163470315853
876,32,0.1102303894070101,16.0,17054.195886379894,-16981.776749580087,9.071908439946098
