index,bin_size,m,n,a,b,corr
205,1,0.14009822315274809,24.0,6750.117626085202,-6862.066738306048,7.137849271005437
205,2,0.14051985581737123,24.0,6703.998106658337,-6817.015802718321,7.11643201014713
205,4,0.14008438850120658,24.0,6769.839806722135,-6885.674361968248,7.13855420078724
205,8,0.13967732202610134,24.0,6811.103938810438,-6926.082630559773,7.159358337448159
205,16,0.1397418271614252,24.0,6798.270287706258,-6913.586984577818,7.156053561864714
205,32,0.1390563696695249,24.0,6881.445080824391,-6994.417615079451,7.191328253258408
