index,bin_size,m,n,a,b,corr
2042,1,0.1417890731100359,16.0,12202.298465960981,-12243.207396074773,7.05272965021745
2042,2,0.14218398134737092,16.0,12140.418997837116,-12184.129440992167,7.0331410790705835
2042,4,0.14074795895271897,16.0,12428.948314330339,-12471.21192853218,7.1048987668512265
2042,8,0.1424177772369387,16.0,12080.211620334776,-12121.24792185567,7.021595333118508
2042,16,0.1415384286139335,16.0,12253.240401678024,-12295.631085473451,7.065219034808167
2042,32,0.1410200768420103,16.0,12359.04000732395,-12400.346430826303,7.091188874619143
