index,bin_size,m,n,a,b,corr
17,1,-3.161327042410032e-7,16.0,2800523795202500.5,-2800523795202568.0,-3163228.5637795064
17,2,1.6978963717718138e-6,16.0,96876219749527.94,-96876219749598.17,588964.0949974263
17,4,-0.00007185304083372387,16.0,54047002098.99614,-54047002167.02604,-13917.29547416252
17,8,-0.000018391975079473152,16.0,825384489735.7335,-825384489804.0515,-54371.53952628374
17,16,5.40239496937721e-6,16.0,9579120928305.371,-9579120928369.764,185103.08958681714
17,32,-0.00006744535985820678,16.0,61444255153.674355,-61444255223.4335,-14826.816879654021
