index,bin_size,m12,m23,m34,m13,m24,m14,m12_err,m23_err,m34_err,m13_err,m24_err,m14_err,corr12,corr23,corr34,corr13,corr24,corr14,corr12_err,corr23_err,corr34_err,corr13_err,corr24_err,corr14_err
371,1,0.24628289234438772,,,,,,0.031142122808380076,,,,,,4.060371349714612,,,,,,0.51342820452028,,,,,
371,2,0.2470873965084554,,,,,,0.031426673031844925,,,,,,4.047150984351319,,,,,,0.5147510253173346,,,,,
371,4,0.2471742358100427,,,,,,0.030734911815409473,,,,,,4.04572910571681,,,,,,0.5030667006443292,,,,,
371,8,0.24585824354821662,,,,,,0.03227575274449196,,,,,,4.067384463372222,,,,,,0.5339576715508598,,,,,
371,16,0.24785881868405582,,,,,,0.028944424179903564,,,,,,4.034554853885163,,,,,,0.4711467104053178,,,,,
371,32,0.246290370519956,,,,,,0.024373838142118086,,,,,,4.060248063652873,,,,,,0.4018176955574673,,,,,
