index,bin_size,m12,m23,m34,m13,m24,m14,m12_err,m23_err,m34_err,m13_err,m24_err,m14_err,corr12,corr23,corr34,corr13,corr24,corr14,corr12_err,corr23_err,corr34_err,corr13_err,corr24_err,corr14_err
170,1,0.0030598498405257158,,,,,,0.013378156345023377,,,,,,326.8134229188806,,,,,,1428.880924009606,,,,,
170,2,0.002388080735866548,,,,,,0.011941601703230576,,,,,,418.74631162213876,,,,,,2093.9416297723924,,,,,
170,4,0.0014417858261515104,,,,,,0.008420916156708253,,,,,,693.5842909964318,,,,,,4050.9589261818205,,,,,
170,8,0.001968289274666297,,,,,,0.011045282083822962,,,,,,508.05540266409247,,,,,,2851.0114386446335,,,,,
170,16,0.0020931332322157137,,,,,,0.011127224653852706,,,,,,477.7526746070707,,,,,,2539.7625232410455,,,,,
170,32,0.0005992254209253161,,,,,,0.005095379786684121,,,,,,1668.8210564495296,,,,,,14190.447837635333,,,,,
