index,bin_size,m,n,a,b,corr
992,1,0.158459650546722,16.0,7947.911474718704,-7918.722482211233,6.310754798144332
992,2,0.15738258860391866,16.0,8061.75125767598,-8027.724654308267,6.353943017907008
992,4,0.15901129770930908,16.0,7880.669393718184,-7849.549461373263,6.288861322471029
992,8,0.15923073011911862,16.0,7850.621305081536,-7817.855333271074,6.280194779311204
992,16,0.15887950702365258,16.0,7892.059996202141,-7861.102432291558,6.294077938265057
992,32,0.1595554851507195,16.0,7816.755431347094,-7786.663358616868,6.267412236284944
