index,bin_size,m,n,a,b,corr
39,1,0.00001436727434581525,16.0,1269503021029.6807,-1269503020887.1829,69602.62440393014
39,2,-0.000012234202539966093,16.0,1746650472613.755,-1746650472476.4695,-81738.06153145242
39,4,1.8964226504187343e-6,16.0,72833511555211.48,-72833511555076.48,527308.6143424821
39,8,6.779263813049125e-6,16.0,5716169707892.722,-5716169707750.905,147508.642173674
39,16,2.5191326808389265e-6,16.0,41343450748452.96,-41343450748312.805,396962.0209392774
39,32,-2.5051009577240867e-7,16.0,4168326271554959.0,-4168326271554820.0,-3991855.086385467
