index,bin_size,m,n,a,b,corr
2599,1,0.20711371665371545,54.0,65.95081283924249,8.117872785305064,4.828265438700778
2599,2,0.20702027292683636,54.0,66.06327219934569,-1.1654728670532457,4.830444795874715
2599,4,0.207033582221271,54.0,66.08364772354078,3.6242570546206125,4.83013426745054
2599,8,0.20662208165402773,54.0,66.76484654999291,-1.5030545611395216,4.839753776532078
2599,16,0.2070396609530577,54.0,66.09148544755514,2.173296547520236,4.829992453604003
2599,32,0.20742445716360386,54.0,65.3761418274702,6.176956649847658,4.821032262416676
