index,bin_size,m,n,a,b,corr
303,1,0.19833252238981913,24.0,1658.0492970582286,-1735.6660445675107,5.042037422559057
303,2,0.19783788508378586,24.0,1671.1341677930454,-1745.6793746880728,5.05464360163622
303,4,0.1967473046770329,24.0,1700.279376829121,-1776.7228366443424,5.082661750520712
303,8,0.1960117406421665,24.0,1717.063667817442,-1793.9592787664503,5.101735216083672
303,16,0.1987869265756756,24.0,1645.5330102056096,-1724.5346882247168,5.03051190149224
303,32,0.197528755287349,24.0,1679.090909094692,-1756.321811659283,5.062554049638393
