index,bin_size,m12,m23,m34,m13,m24,m14,m12_err,m23_err,m34_err,m13_err,m24_err,m14_err,corr12,corr23,corr34,corr13,corr24,corr14,corr12_err,corr23_err,corr34_err,corr13_err,corr24_err,corr14_err
1180,1,0.0046298128912651716,,,,,,0.020163786762858894,,,,,,215.99145008357644,,,,,,940.6871604471655,,,,,
1180,2,0.004105346293141301,,,,,,0.01777403434568775,,,,,,243.5848107797081,,,,,,1054.5967340488537,,,,,
1180,4,0.003483984134590048,,,,,,0.016910857873724424,,,,,,287.0277134937836,,,,,,1393.199475428901,,,,,
1180,8,0.004908881350563009,,,,,,0.0201609664218858,,,,,,203.71239974771606,,,,,,836.6547402015404,,,,,
1180,16,0.0021751395466122108,,,,,,0.01333798657794431,,,,,,459.740618277804,,,,,,2819.135997722908,,,,,
1180,32,0.001077586690648964,,,,,,0.008293358307559043,,,,,,927.9995834003496,,,,,,7142.101068239489,,,,,
