index,bin_size,m,n,a,b,corr
83,1,0.1729199734995378,16.0,5050.782688599075,-4984.502793853041,5.783021936460527
83,2,0.17460478268860496,16.0,4929.308814225763,-4861.279732382051,5.727219979898419
83,4,0.17270921040628495,16.0,5060.481488087311,-4992.488487004632,5.790079160500925
83,8,0.17225514666126113,16.0,5097.948887923864,-5029.736229757732,5.805341781552077
83,16,0.17338215175857877,16.0,5019.202477975323,-4950.050678560827,5.767606353117722
83,32,0.17384764817834197,16.0,4984.402516975278,-4917.892662910942,5.752162945420739
