index,bin_size,m12,m23,m34,m13,m24,m14,m12_err,m23_err,m34_err,m13_err,m24_err,m14_err,corr12,corr23,corr34,corr13,corr24,corr14,corr12_err,corr23_err,corr34_err,corr13_err,corr24_err,corr14_err
1170,1,0.19290127407324592,,,,,,0.05113184291737349,,,,,,5.183998938339273,,,,,,1.3741092207527192,,,,,
1170,2,0.19436977765013266,,,,,,0.05107481659572539,,,,,,5.144832762015136,,,,,,1.351914854831975,,,,,
1170,4,0.1943377519686124,,,,,,0.050473581919162826,,,,,,5.1456805992152805,,,,,,1.3364409571655795,,,,,
1170,8,0.1933514351899635,,,,,,0.05003720308921996,,,,,,5.171929543825326,,,,,,1.3384379003614337,,,,,
1170,16,0.19205244306516905,,,,,,0.05276772861589965,,,,,,5.206911112610374,,,,,,1.4306346127765908,,,,,
1170,32,0.19676371874967252,,,,,,0.03992830529419747,,,,,,5.082237753761016,,,,,,1.0313138107947248,,,,,
