index,bin_size,m12,m23,m34,m13,m24,m14,m12_err,m23_err,m34_err,m13_err,m24_err,m14_err,corr12,corr23,corr34,corr13,corr24,corr14,corr12_err,corr23_err,corr34_err,corr13_err,corr24_err,corr14_err
1220,1,0.14738001682751362,,,,,,0.05875608906406156,,,,,,6.785180389620604,,,,,,2.705052366460623,,,,,
1220,2,0.14678263718871412,,,,,,0.05653868289268007,,,,,,6.81279488604861,,,,,,2.6241962745222507,,,,,
1220,4,0.1463824350537449,,,,,,0.05737176869449395,,,,,,6.831420720886669,,,,,,2.6774434330839227,,,,,
1220,8,0.1480333222560419,,,,,,0.05381935787517167,,,,,,6.7552358128555445,,,,,,2.455950107736031,,,,,
1220,16,0.14505588495887625,,,,,,0.055674782398160115,,,,,,6.893894723978298,,,,,,2.645987708407203,,,,,
1220,32,0.14582738622194685,,,,,,0.05632886964309958,,,,,,6.8574225041517005,,,,,,2.648822476569119,,,,,
