index,bin_size,m12,m23,m34,m13,m24,m14,m12_err,m23_err,m34_err,m13_err,m24_err,m14_err,corr12,corr23,corr34,corr13,corr24,corr14,corr12_err,corr23_err,corr34_err,corr13_err,corr24_err,corr14_err
1968,1,0.13025322457095834,,,,,,0.06811224516475159,,,,,,7.677353119616841,,,,,,4.014654989326882,,,,,
1968,2,0.13219568610331886,,,,,,0.06982704107605628,,,,,,7.564543363528822,,,,,,3.9956650306569648,,,,,
1968,4,0.130689239331206,,,,,,0.07312550371306634,,,,,,7.65173938663533,,,,,,4.281433573201702,,,,,
1968,8,0.13019996590463348,,,,,,0.07456609456427592,,,,,,7.680493562743802,,,,,,4.398652528982619,,,,,
1968,16,0.12745660108509493,,,,,,0.07384066719456173,,,,,,7.845807839582679,,,,,,4.54538784670963,,,,,
1968,32,0.13091428054696858,,,,,,0.06709784188546347,,,,,,7.63858607190853,,,,,,3.9150246889798925,,,,,
