index,bin_size,m12,m23,m34,m13,m24,m14,m12_err,m23_err,m34_err,m13_err,m24_err,m14_err,corr12,corr23,corr34,corr13,corr24,corr14,corr12_err,corr23_err,corr34_err,corr13_err,corr24_err,corr14_err
434,1,7.40783656628473,,,,,,1.2513953590306506,,,,,,0.13499217903257987,,,,,,0.02280403797184855,,,,,
434,2,7.3455908674258765,,,,,,1.215368434682815,,,,,,0.13613608735473054,,,,,,0.022524464863116257,,,,,
434,4,7.361041971337641,,,,,,1.2803344807284496,,,,,,0.13585033258793947,,,,,,0.02362897341273542,,,,,
434,8,7.344614996502322,,,,,,1.1560564803313471,,,,,,0.13615417560705678,,,,,,0.02143092825283132,,,,,
434,16,7.353261475834855,,,,,,1.2247646483311594,,,,,,0.13599407600101215,,,,,,0.02265127348128064,,,,,
434,32,7.314685607588446,,,,,,1.2317570888589275,,,,,,0.1367112755963939,,,,,,0.023021506579600254,,,,,
