index,bin_size,m,n,a,b,corr
132,1,0.1925036555139969,16.0,4341.051465208637,-4325.776017316453,5.194706548974028
132,2,0.1908928969028375,16.0,4426.997480729845,-4409.665698058612,5.238539601130311
132,4,0.19131390224550326,16.0,4406.799344414455,-4391.033683977765,5.22701167172238
132,8,0.19177997675262226,16.0,4377.069911013006,-4360.831264301209,5.214308693393492
132,16,0.19251477540689277,16.0,4342.221411913116,-4327.901831714666,5.194406496262085
132,32,0.19189625379331296,16.0,4371.725269352746,-4356.225841959533,5.2111491508170715
