index,bin_size,m12,m23,m34,m13,m24,m14,m12_err,m23_err,m34_err,m13_err,m24_err,m14_err,corr12,corr23,corr34,corr13,corr24,corr14,corr12_err,corr23_err,corr34_err,corr13_err,corr24_err,corr14_err
2019,1,0.07095773746652073,,,,,,0.06732937762839264,,,,,,14.092895795498269,,,,,,13.372268293368057,,,,,
2019,2,0.0725737882907876,,,,,,0.0684640874867204,,,,,,13.77907952101404,,,,,,12.998799263906315,,,,,
2019,4,0.07167594310296736,,,,,,0.06802316620772783,,,,,,13.951682485201932,,,,,,13.240671492874243,,,,,
2019,8,0.06872722212818848,,,,,,0.06217630476592783,,,,,,14.550275262614607,,,,,,13.163377205455403,,,,,
2019,16,0.06677002255698784,,,,,,0.06345742956029968,,,,,,14.97678092210476,,,,,,14.233753172591069,,,,,
2019,32,0.07034672640103648,,,,,,0.06446782625748078,,,,,,14.215302561474504,,,,,,13.027324832519247,,,,,
