index,bin_size,m,n,a,b,corr
392,1,0.03661533053099824,36.0,87856.68673886117,-87776.49932473617,27.31096471062601
392,2,0.03653802300644905,36.0,88405.32676119346,-88332.3935857503,27.36874953041377
392,4,0.03855860707544492,36.0,78851.94605776704,-78764.74746834104,25.934546806718668
392,8,0.037597289799940696,36.0,83126.76322368822,-83049.34742079335,26.597661834698982
392,16,0.03625309580969603,36.0,89725.6646068599,-89644.02050920816,27.583851190235347
392,32,0.038904263191606524,36.0,77157.27634842967,-77079.15314614266,25.704123866192305
