index,bin_size,m,n,a,b,corr
2348,1,0.09009583719318554,24.0,20370.707627083768,-20376.064109423907,11.099291944596478
2348,2,0.09096771076283547,24.0,19944.710106064762,-19949.173185700867,10.992911568447937
2348,4,0.0895288619026133,24.0,20659.91598142654,-20665.093853715007,11.169582397772114
2348,8,0.0902920360954396,24.0,20292.745694471683,-20295.680319026535,11.0751738829213
2348,16,0.08966109734069803,24.0,20588.845418235484,-20589.48528915721,11.153109092566174
2348,32,0.09076111573808622,24.0,20045.52789699158,-20048.28036340947,11.017934187650896
