index,bin_size,m12,m23,m34,m13,m24,m14,m12_err,m23_err,m34_err,m13_err,m24_err,m14_err,corr12,corr23,corr34,corr13,corr24,corr14,corr12_err,corr23_err,corr34_err,corr13_err,corr24_err,corr14_err
721,1,0.12824469896223448,,,,,,0.0638449017616225,,,,,,7.797593257983164,,,,,,3.881927124953742,,,,,
721,2,0.12797971769400657,,,,,,0.06600675073248563,,,,,,7.813738129903932,,,,,,4.030009397759758,,,,,
721,4,0.127119021586362,,,,,,0.06310761374944565,,,,,,7.8666433042093615,,,,,,3.9053564207102776,,,,,
721,8,0.12646130462453248,,,,,,0.06433673669667989,,,,,,7.907557200750308,,,,,,4.022941460623796,,,,,
721,16,0.128418474709248,,,,,,0.05896444608499221,,,,,,7.787041562860001,,,,,,3.5754870429230063,,,,,
721,32,0.12416424997187218,,,,,,0.0647354580871471,,,,,,8.053848029739132,,,,,,4.199031055134948,,,,,
