index,bin_size,m,n,a,b,corr
1761,1,0.03683439297616056,16.0,164080.67029381928,-164080.1220142923,27.14854024192026
1761,2,0.030309240084003503,16.0,242844.4798869094,-242841.896100103,32.99323893401657
1761,4,0.030348309568015527,16.0,242484.88763075834,-242483.85090955606,32.95076444896664
1761,8,0.03008724482681534,16.0,246561.74135487585,-246561.24780270125,33.23667573272602
1761,16,0.03454993869958099,16.0,186554.318984862,-186553.1020540629,28.94361141115795
1761,32,0.021393680208044556,16.0,489595.6187368869,-489594.03346671927,46.7427759167857
