index,bin_size,m,n,a,b,corr
2510,1,0.15613623246370198,24.0,3657.199695187029,-3651.613366811403,6.404663313702517
2510,2,0.15648943360224918,24.0,3632.4887673401686,-3628.307763416697,6.39020780496727
2510,4,0.1564870166722281,24.0,3632.441672598369,-3623.9518518971922,6.390306501238776
2510,8,0.15670285034295278,24.0,3615.4819444600917,-3612.0299738542244,6.381504853367026
2510,16,0.15615896369911833,24.0,3652.8347084456436,-3647.631929471967,6.403731020697379
2510,32,0.1567430032386761,24.0,3621.0181377840026,-3617.3533297588956,6.37987010161645
