index,bin_size,m,n,a,b,corr
431,1,0.08932830851077363,36.0,9036.964877187718,-9067.30218246562,11.194659528109087
431,2,0.08877225816698955,36.0,9189.401343781225,-9217.353949327467,11.26478046912921
431,4,0.08929691227918642,36.0,9057.312243147677,-9085.13930080462,11.19859549984779
431,8,0.08843305889813365,36.0,9273.982337698322,-9295.499639296413,11.30798835254476
431,16,0.08908465408287372,36.0,9095.968707791486,-9125.197314723175,11.225277914529695
431,32,0.08926557664232573,36.0,9054.231538627904,-9083.08468606471,11.202526635848168
