index,bin_size,m12,m23,m34,m13,m24,m14,m12_err,m23_err,m34_err,m13_err,m24_err,m14_err,corr12,corr23,corr34,corr13,corr24,corr14,corr12_err,corr23_err,corr34_err,corr13_err,corr24_err,corr14_err
382,1,0.08749484975381051,,,,,,0.026311845296935317,,,,,,11.429244153384568,,,,,,3.43705377940443,,,,,
382,2,0.08832223941382167,,,,,,0.02761687649792553,,,,,,11.32217668660594,,,,,,3.540253930571825,,,,,
382,4,0.08838490870528913,,,,,,0.02770569278761839,,,,,,11.314148700819532,,,,,,3.5466046483519107,,,,,
382,8,0.08699509240231458,,,,,,0.029699751244151903,,,,,,11.49490129139048,,,,,,3.9243099754589674,,,,,
382,16,0.08780714856346544,,,,,,0.026849530680154107,,,,,,11.388594395332378,,,,,,3.482386338969846,,,,,
382,32,0.08881765093595186,,,,,,0.025591224613942327,,,,,,11.259023284922494,,,,,,3.2440870793333194,,,,,
