index,bin_size,m,n,a,b,corr
363,1,0.10954386156759416,36.0,5367.047792133231,-5197.803119024582,9.128763453194033
363,2,0.10911053895749186,36.0,5423.655150925626,-5251.988258414776,9.165017509349742
363,4,0.10953605127227276,36.0,5365.058775157719,-5195.596221255243,9.129414365269652
363,8,0.1101101347550731,36.0,5293.6577980611855,-5129.071953398088,9.081816149116348
363,16,0.109356643778484,36.0,5387.244727910894,-5218.254243976551,9.144391830693241
363,32,0.10912749160736548,36.0,5416.6133020870475,-5244.096328014071,9.163593749574519
