index,bin_size,m,n,a,b,corr
2552,1,0.05905437865856685,54.0,14983.719483260791,-14604.962724643634,16.933545364716707
2552,2,0.058981530657008306,54.0,15039.270930381655,-14664.207446592269,16.9544599616317
2552,4,0.05928992893569634,54.0,14818.751996126077,-14431.344684979797,16.866270848200255
2552,8,0.059196169855192354,54.0,14900.845308356818,-14518.827930264808,16.892984840847532
2552,16,0.059284024070832525,54.0,14832.37462092284,-14449.345285410725,16.867950778867517
2552,32,0.05923553399735035,54.0,14875.027234512998,-14491.070619930437,16.881758845032625
