index,bin_size,m,n,a,b,corr
2201,1,0.1258284363463998,24.0,7356.633517849545,-7450.843768973037,7.947329149406631
2201,2,0.1261442895871515,24.0,7310.717115505837,-7406.388897396985,7.927429797042954
2201,4,0.12680939752417666,24.0,7222.760581154338,-7318.449995614238,7.885850887426119
2201,8,0.12714347684783922,24.0,7174.872931978298,-7269.855471546869,7.865130204019545
2201,16,0.1264826150080307,24.0,7266.134285259137,-7361.137467384512,7.906224898469307
2201,32,0.12631911845197044,24.0,7283.771416608999,-7378.52220802376,7.916458033074574
