index,bin_size,m12,m23,m34,m13,m24,m14,m12_err,m23_err,m34_err,m13_err,m24_err,m14_err,corr12,corr23,corr34,corr13,corr24,corr14,corr12_err,corr23_err,corr34_err,corr13_err,corr24_err,corr14_err
1259,1,0.06786684015235497,,,,,,0.06525843388983897,,,,,,14.73473640079735,,,,,,14.168418908807432,,,,,
1259,2,0.06560015774562038,,,,,,0.06478635779282614,,,,,,15.24386578272767,,,,,,15.054758657368454,,,,,
1259,4,0.0682955908714071,,,,,,0.06464271838889663,,,,,,14.642233667512846,,,,,,13.859076046880283,,,,,
1259,8,0.06816173248205527,,,,,,0.06538616972533504,,,,,,14.670988597058722,,,,,,14.073582280178739,,,,,
1259,16,0.06810865451476249,,,,,,0.06518876242597266,,,,,,14.682421890792908,,,,,,14.052970496860166,,,,,
1259,32,0.06670068848488964,,,,,,0.06328201675918346,,,,,,14.992348995416139,,,,,,14.223932345201806,,,,,
