index,bin_size,m,n,a,b,corr
922,1,9.433739256761054e-7,16.0,305911858798710.8,-305911858798633.75,1060025.0577026615
922,2,0.00003775066359145596,16.0,191074362140.95303,-191074362063.4535,26489.600575559904
922,4,0.000013863976577146425,16.0,1415383104303.9358,-1415383104228.952,72129.3774867172
922,8,-0.00001657854121795904,16.0,989922243120.28,-989922243043.7433,-60318.93800865482
922,16,-0.000052289587789013846,16.0,99589979732.38422,-99589979652.59985,-19124.266269509626
922,32,3.0001556453928916e-6,16.0,30253714543474.22,-30253714543395.727,333316.04029798356
