index,bin_size,m12,m23,m34,m13,m24,m14,m12_err,m23_err,m34_err,m13_err,m24_err,m14_err,corr12,corr23,corr34,corr13,corr24,corr14,corr12_err,corr23_err,corr34_err,corr13_err,corr24_err,corr14_err
71,1,0.04460526675107889,,,,,,0.05661923991747546,,,,,,22.418877250090933,,,,,,28.457172934015215,,,,,
71,2,0.045619091234276016,,,,,,0.05746087868125975,,,,,,21.920647100673666,,,,,,27.610800864006023,,,,,
71,4,0.04756520435640204,,,,,,0.05999398539579675,,,,,,21.023771757755625,,,,,,26.517280286415723,,,,,
71,8,0.0465276077383134,,,,,,0.059380202182369814,,,,,,21.492615859906866,,,,,,27.42964741207519,,,,,
71,16,0.04662857316045935,,,,,,0.06012217590040453,,,,,,21.446077634817957,,,,,,27.652247635740324,,,,,
71,32,0.04941154245674123,,,,,,0.06347738882429446,,,,,,20.238186267418772,,,,,,25.9993344656289,,,,,
