index,bin_size,m,n,a,b,corr
1128,1,0.1041205829759833,16.0,21089.657530362263,-21195.959180908063,9.604248952684623
1128,2,0.10746028228281782,16.0,19714.987693323706,-19823.470302083173,9.305763755283689
1128,4,0.10426964320743952,16.0,21022.917114612752,-21128.79495118761,9.59051905462597
1128,8,0.1063194120461666,16.0,20152.380242551644,-20259.52463705031,9.405620109766733
1128,16,0.10745567819944246,16.0,19705.21842454323,-19812.977391181783,9.306162473275316
1128,32,0.10681402804277897,16.0,19947.777689379698,-20054.838327151203,9.36206618478521
