index,bin_size,m12,m23,m34,m13,m24,m14,m12_err,m23_err,m34_err,m13_err,m24_err,m14_err,corr12,corr23,corr34,corr13,corr24,corr14,corr12_err,corr23_err,corr34_err,corr13_err,corr24_err,corr14_err
891,1,0.007178081345415503,,,,,,0.024315779415480458,,,,,,139.31299352558605,,,,,,471.92332564494257,,,,,
891,2,0.008308410637136441,,,,,,0.026128913406548337,,,,,,120.35996337617922,,,,,,378.51704712508314,,,,,
891,4,0.00798911501864226,,,,,,0.025998123126721864,,,,,,125.17030956076394,,,,,,407.32836017219813,,,,,
891,8,0.006334376568377566,,,,,,0.022966772741864577,,,,,,157.868732495664,,,,,,572.3902365347996,,,,,
891,16,0.006926067082569761,,,,,,0.023790163168263323,,,,,,144.38208410031348,,,,,,495.9341713516789,,,,,
891,32,0.0027849942666420173,,,,,,0.01429809034614105,,,,,,359.067166484957,,,,,,1843.4417794780709,,,,,
