index,bin_size,m12,m23,m34,m13,m24,m14,m12_err,m23_err,m34_err,m13_err,m24_err,m14_err,corr12,corr23,corr34,corr13,corr24,corr14,corr12_err,corr23_err,corr34_err,corr13_err,corr24_err,corr14_err
2476,1,0.15063268429801335,,,,,,0.034258196364871714,,,,,,6.638665470646391,,,,,,1.5098230928697394,,,,,
2476,2,0.1499897994443569,,,,,,0.03113920080129506,,,,,,6.667120055527371,,,,,,1.3841527286822384,,,,,
2476,4,0.15042044217970632,,,,,,0.03140291631937973,,,,,,6.648032577947793,,,,,,1.387893877378658,,,,,
2476,8,0.1484442638080081,,,,,,0.03283115589491697,,,,,,6.7365351435429,,,,,,1.489907591008663,,,,,
2476,16,0.15114780564014957,,,,,,0.03379266759772404,,,,,,6.61604047617327,,,,,,1.4791723616331687,,,,,
2476,32,0.15018068162955925,,,,,,0.030400300903890135,,,,,,6.658646033227056,,,,,,1.3478753780190242,,,,,
