index,bin_size,m12,m23,m34,m13,m24,m14,m12_err,m23_err,m34_err,m13_err,m24_err,m14_err,corr12,corr23,corr34,corr13,corr24,corr14,corr12_err,corr23_err,corr34_err,corr13_err,corr24_err,corr14_err
1571,1,0.1154724798854676,,,,,,0.06679521108977544,,,,,,8.6600720881015,,,,,,5.00943033137553,,,,,
1571,2,0.11611766099884534,,,,,,0.06863194934537255,,,,,,8.611954386593645,,,,,,5.090140570702948,,,,,
1571,4,0.11450442719036359,,,,,,0.06899123663191567,,,,,,8.73328677796449,,,,,,5.261982173590884,,,,,
1571,8,0.11584026390054351,,,,,,0.07359649519962613,,,,,,8.632577018803806,,,,,,5.484512825957195,,,,,
1571,16,0.1143186530972278,,,,,,0.0698321297659467,,,,,,8.74747884887606,,,,,,5.3434418754046735,,,,,
1571,32,0.1156342904516493,,,,,,0.06728862933544484,,,,,,8.64795378684089,,,,,,5.032321767184705,,,,,
