index,bin_size,m,n,a,b,corr
661,1,0.19354944010033132,16.0,4021.052671552341,-4021.346090815398,5.16663855747464
661,2,0.19171101809859176,16.0,4122.450196719654,-4122.731922291146,5.216184285692579
661,4,0.19134517506892795,16.0,4141.045327570814,-4141.961536074792,5.226157386198903
661,8,0.19243477592509514,16.0,4083.6037588984495,-4083.569396547446,5.196565928339522
661,16,0.1930973889105037,16.0,4049.419924837859,-4050.471625193619,5.178733931319379
661,32,0.19132772566129133,16.0,4141.475375287313,-4140.297758283197,5.226634020467615
