index,bin_size,m12,m23,m34,m13,m24,m14,m12_err,m23_err,m34_err,m13_err,m24_err,m14_err,corr12,corr23,corr34,corr13,corr24,corr14,corr12_err,corr23_err,corr34_err,corr13_err,corr24_err,corr14_err
1225,1,0.06469997471517898,,,,,,0.06474394185450776,,,,,,15.455956581160677,,,,,,15.466459741315763,,,,,
1225,2,0.06183444544288478,,,,,,0.06270073827011331,,,,,,16.172215871551394,,,,,,16.39878658807633,,,,,
1225,4,0.06120734800812864,,,,,,0.06245602291324265,,,,,,16.33790766211918,,,,,,16.671212991685962,,,,,
1225,8,0.05803913353719863,,,,,,0.05673583313967693,,,,,,17.229754116833544,,,,,,16.84285059121013,,,,,
1225,16,0.05872873515194272,,,,,,0.05768341896076865,,,,,,17.027439760328644,,,,,,16.724367364342882,,,,,
1225,32,0.06031887642305641,,,,,,0.0596424977044298,,,,,,16.578558144656654,,,,,,16.39265640743077,,,,,
