index,bin_size,m,n,a,b,corr
1353,1,0.07984056838885589,16.0,33406.79218113109,-33366.586932057384,12.52496093376484
1353,2,0.08024839710752167,16.0,33045.299148797574,-33004.28239264023,12.461308088934652
1353,4,0.08158803337470599,16.0,31962.95210344924,-31921.855702412486,12.256699403542935
1353,8,0.08163368306606629,16.0,31893.505797136106,-31852.41896607789,12.249845436848638
1353,16,0.07955667028261817,16.0,33660.26408323609,-33618.5027791586,12.569656277061203
1353,32,0.07898781640670091,16.0,34149.375229318895,-34106.73425489789,12.660180335294916
