index,bin_size,m12,m23,m34,m13,m24,m14,m12_err,m23_err,m34_err,m13_err,m24_err,m14_err,corr12,corr23,corr34,corr13,corr24,corr14,corr12_err,corr23_err,corr34_err,corr13_err,corr24_err,corr14_err
243,1,0.05061881917212894,,,,,,0.04475034084869442,,,,,,19.755498376987163,,,,,,17.465150322842327,,,,,
243,2,0.048230629205855614,,,,,,0.04467478951767027,,,,,,20.733712507291763,,,,,,19.205103840334917,,,,,
243,4,0.04817874970010283,,,,,,0.04433535097071584,,,,,,20.756038839211836,,,,,,19.100252132452123,,,,,
243,8,0.047333878298161276,,,,,,0.04341735120552452,,,,,,21.12651732657296,,,,,,19.378454829741866,,,,,
243,16,0.0471980795290531,,,,,,0.0435259037580237,,,,,,21.18730274574929,,,,,,19.538856440884008,,,,,
243,32,0.04812262815545896,,,,,,0.04318924078159117,,,,,,20.78024493528335,,,,,,18.64991660702937,,,,,
