index,bin_size,m12,m23,m34,m13,m24,m14,m12_err,m23_err,m34_err,m13_err,m24_err,m14_err,corr12,corr23,corr34,corr13,corr24,corr14,corr12_err,corr23_err,corr34_err,corr13_err,corr24_err,corr14_err
1296,1,0.024042830234422007,,,,,,0.043978556783340284,,,,,,41.59244108325919,,,,,,76.07987554306428,,,,,
1296,2,0.026041317563127605,,,,,,0.04724681996998432,,,,,,38.400514781015495,,,,,,69.67013877908641,,,,,
1296,4,0.02701862777492753,,,,,,0.0463754475567971,,,,,,37.01150215067435,,,,,,63.52746672722114,,,,,
1296,8,0.02518403187941709,,,,,,0.04588612043468014,,,,,,39.70770068859784,,,,,,72.3487146420895,,,,,
1296,16,0.02305501207812339,,,,,,0.04301065303476209,,,,,,43.37451642234824,,,,,,80.918035092353,,,,,
1296,32,0.02492659677408707,,,,,,0.045266104122339286,,,,,,40.117791011068526,,,,,,72.85294986410291,,,,,
