index,bin_size,m,n,a,b,corr
255,1,-9.95346533984832e-6,24.0,1927556818837.0034,-1927556818894.482,-100467.5222001867
255,2,2.666798572434033e-6,24.0,26896952586166.023,-26896952586220.918,374981.451668951
255,4,0.00002022986781871497,24.0,466087517325.76843,-466087517383.8257,49431.86030483522
255,8,-4.0025041194086727e-8,24.0,1.1909841799597134e17,-1.190984179959714e17,-24984359.04540029
255,16,-0.000021393487147107944,24.0,417008559535.7219,-417008559590.11646,-46743.19773694229
255,32,0.000031939028640319934,24.0,186682830374.9184,-186682830434.7689,31309.65600931259
