index,bin_size,m,n,a,b,corr
2135,1,0.11961658782402816,24.0,7583.837578053146,-7583.419964562822,8.360044523850926
2135,2,0.11839547342631736,24.0,7763.482220625119,-7759.3829404061535,8.446268856911523
2135,4,0.11837832750724755,24.0,7770.693861788564,-7767.463083251827,8.447492214643566
2135,8,0.11885770893100421,24.0,7686.2818663378785,-7685.57966617685,8.41342146835836
2135,16,0.11921691575914188,24.0,7639.640743565585,-7635.762017498735,8.388071387623675
2135,32,0.11832616763193739,24.0,7773.946289776546,-7770.933467598426,8.45121599062159
