index,bin_size,m,n,a,b,corr
524,1,0.17699836959633522,54.0,151.33380358723394,-165.96715358482658,5.649769555960391
524,2,0.17686282383955634,54.0,151.78517128841656,-159.6540873005432,5.654099478289256
524,4,0.1767891206315876,54.0,151.89465863097521,-161.4375968115468,5.656456666719378
524,8,0.17675911322412965,54.0,152.0922287061087,-162.74669849768603,5.657416931776553
524,16,0.17732332629210054,54.0,149.5898117156873,-162.06830965779272,5.63941598046003
524,32,0.1764273037774726,54.0,153.75176601634925,-166.93396942378283,5.668056919700468
