index,bin_size,m12,m23,m34,m13,m24,m14,m12_err,m23_err,m34_err,m13_err,m24_err,m14_err,corr12,corr23,corr34,corr13,corr24,corr14,corr12_err,corr23_err,corr34_err,corr13_err,corr24_err,corr14_err
2958,1,0.03363302160131392,,,,,,0.040503252464012617,,,,,,29.73268390375409,,,,,,35.806191214749184,,,,,
2958,2,0.03622557180474939,,,,,,0.04125064036405278,,,,,,27.60480925987465,,,,,,31.43403961253886,,,,,
2958,4,0.035748721679918126,,,,,,0.04205346725871815,,,,,,27.97302820933457,,,,,,32.906430514109076,,,,,
2958,8,0.037312633376701446,,,,,,0.043729529529140346,,,,,,26.800574215820816,,,,,,31.40964320948875,,,,,
2958,16,0.036459126276203915,,,,,,0.04147710179901853,,,,,,27.42797488958693,,,,,,31.202966796788804,,,,,
2958,32,0.035185735725308025,,,,,,0.04122172443601696,,,,,,28.420607936321495,,,,,,33.29606286482916,,,,,
