index,bin_size,m,n,a,b,corr
2014,1,0.17123296393149137,16.0,6505.489026456504,-6542.715858791302,5.839997025339643
2014,2,0.17174498741752076,16.0,6456.2737761192975,-6491.858935712071,5.822586236935983
2014,4,0.1705719252567853,16.0,6570.22693103559,-6607.275280810132,5.862629494827845
2014,8,0.17262333093861318,16.0,6377.552929787573,-6414.130410029551,5.79295970343436
2014,16,0.17226336835621578,16.0,6415.363879469851,-6454.257551533607,5.805064707269303
2014,32,0.17149891541939075,16.0,6488.6306354171375,-6525.29864296374,5.830940665452942
