index,bin_size,m,n,a,b,corr
2467,1,0.000021845443548114268,24.0,375439725356.27057,-375439725185.4664,45776.136236259736
2467,2,0.000028425036896712614,24.0,222006898104.8017,-222006897931.31738,35180.25336725776
2467,4,-2.2535322888013134e-7,24.0,3531855054165131.5,-3531855054164956.0,-4437478.020480969
2467,8,-3.8597542365887335e-7,24.0,1204845041432826.2,-1204845041432651.2,-2590838.53194706
2467,16,-9.010807895236275e-7,24.0,220986788665199.06,-220986788665022.66,-1109778.4034755284
2467,32,-4.448112569370018e-6,24.0,9079154380963.654,-9079154380784.559,-224814.45431171474
