index,bin_size,m,n,a,b,corr
265,1,0.11379244188974956,24.0,8645.734004943499,-8694.83763947637,8.787929878232802
265,2,0.11430967197520936,24.0,8543.580062417672,-8595.312541556288,8.748166123833096
265,4,0.11425517409636485,24.0,8563.164223019721,-8614.830546047453,8.752338858252338
265,8,0.1140437814459641,24.0,8595.904461253183,-8646.125125655784,8.768562277758365
265,16,0.11268843624703569,24.0,8858.575593422604,-8908.92761594347,8.874024995854935
265,32,0.11347900398617161,24.0,8692.171411829828,-8741.530425703679,8.812202829360915
