index,bin_size,m,n,a,b,corr
621,1,0.040999274259919706,16.0,131882.8282925011,-131863.8796899951,24.390675641241423
621,2,0.036546259122170605,16.0,166404.4514270413,-166386.05559836273,27.362581671002136
621,4,0.03671345896925359,16.0,164806.37158700678,-164787.93317483726,27.237967439610355
621,8,0.03488415686237148,16.0,182761.02483509507,-182740.685058104,28.66630843179904
621,16,0.03312633976453399,16.0,202859.45484200856,-202840.168522033,30.18745829174368
621,32,0.03890688542463709,16.0,146267.31364400967,-146246.52569243303,25.702391468394637
