index,bin_size,m,n,a,b,corr
645,1,0.19990984154996022,16.0,3340.6721223166946,-3337.606158580133,5.0022549777775005
645,2,0.1974943355040925,16.0,3446.364385166386,-3442.2976954857313,5.063436363618023
645,4,0.1964184455131832,16.0,3495.2566158543204,-3490.5154568715448,5.091171541386026
645,8,0.19744107277630374,16.0,3449.1650427671534,-3446.5147089377415,5.064802302472178
645,16,0.19697263804060647,16.0,3467.378297863475,-3463.402495136443,5.07684727151721
645,32,0.1979677093746165,16.0,3421.9222847867827,-3417.8586847100155,5.051328841248998
