index,bin_size,m,n,a,b,corr
28,1,0.17591619533788722,16.0,5575.256884541989,-5581.2892979425515,5.684524941431752
28,2,0.1774325797770665,16.0,5458.544358869632,-5465.397187704443,5.6359435299674985
28,4,0.17572434185614028,16.0,5582.845860869931,-5588.41648229051,5.690731229590645
28,8,0.17389600604382777,16.0,5724.4953936930415,-5726.950448692714,5.750563355365193
28,16,0.17715109552456565,16.0,5474.391655394489,-5480.6883554359,5.64489876305241
28,32,0.1755173131273079,16.0,5599.21573579163,-5604.7920839100725,5.69744364349214
