index,bin_size,m,n,a,b,corr
2677,1,5.093419324414582e-7,16.0,852872281374234.9,-852872281374192.0,1963317.6385196522
2677,2,-0.000039761427213084266,16.0,140178988393.11047,-140178988349.4679,-25150.00265561219
2677,4,-0.00004970801479706915,16.0,89913560513.5012,-89913560467.8648,-20117.48013036645
2677,8,0.000014299034154803214,16.0,1083079838928.2961,-1083079838883.3501,69934.79343946376
2677,16,-0.00005871359691803881,16.0,64394580209.07505,-64394580163.910736,-17031.82997621401
2677,32,-0.000019548295798335085,16.0,582284672806.9211,-582284672760.8666,-51155.35442660783
