index,bin_size,m,n,a,b,corr
683,1,0.16428380013953756,16.0,7904.637887194051,-7987.31136337588,6.087027443671446
683,2,0.16417207609156595,16.0,7922.698559421555,-8007.5382965224035,6.091169849385691
683,4,0.1638261052810926,16.0,7962.799825286207,-8048.3229725510855,6.104033287516672
683,8,0.16275130013826042,16.0,8079.537621658815,-8162.237190972766,6.1443441567009325
683,16,0.1623164568223299,16.0,8134.62154765345,-8218.039350128096,6.160804761125305
683,32,0.1630525302140187,16.0,8043.602603674942,-8127.428320790719,6.132992837875161
