index,bin_size,m,n,a,b,corr
741,1,0.13698650542428972,16.0,10359.03014345561,-10442.407611900306,7.299989125955799
741,2,0.13767404586421908,16.0,10242.60331680858,-10326.742074380372,7.2635331788407616
741,4,0.13915762086429675,16.0,10007.977729704466,-10093.023952098232,7.186095837145539
741,8,0.1363599086948447,16.0,10464.442131842661,-10546.710750883627,7.333533804557369
741,16,0.13771832100826836,16.0,10221.963153136781,-10307.008543606145,7.261198021285503
741,32,0.1374326393067648,16.0,10286.410980272976,-10370.267276627628,7.276291898665278
