index,bin_size,m12,m23,m34,m13,m24,m14,m12_err,m23_err,m34_err,m13_err,m24_err,m14_err,corr12,corr23,corr34,corr13,corr24,corr14,corr12_err,corr23_err,corr34_err,corr13_err,corr24_err,corr14_err
1748,1,0.22588624606472607,,,,,,0.047307254345304785,,,,,,4.427007033059716,,,,,,0.9271460806046535,,,,,
1748,2,0.2261666628480792,,,,,,0.04965958661527697,,,,,,4.421518129184762,,,,,,0.9708361070648075,,,,,
1748,4,0.227131983282039,,,,,,0.04611779724355571,,,,,,4.402726492104193,,,,,,0.8939474077922547,,,,,
1748,8,0.22631823653536942,,,,,,0.04789856541446954,,,,,,4.418556875082924,,,,,,0.9351545803761938,,,,,
1748,16,0.2285076381273827,,,,,,0.04715799508835437,,,,,,4.376221329820691,,,,,,0.90313753040584,,,,,
1748,32,0.22753663233460378,,,,,,0.043159554964961315,,,,,,4.394896723835883,,,,,,0.8336318630170584,,,,,
