index,bin_size,m12,m23,m34,m13,m24,m14,m12_err,m23_err,m34_err,m13_err,m24_err,m14_err,corr12,corr23,corr34,corr13,corr24,corr14,corr12_err,corr23_err,corr34_err,corr13_err,corr24_err,corr14_err
2925,1,0.01375489167011295,,,,,,0.028939825605144784,,,,,,72.7014086321618,,,,,,152.96129824378713,,,,,
2925,2,0.012484487120879694,,,,,,0.02742817317988107,,,,,,80.09940579197274,,,,,,175.97682246741675,,,,,
2925,4,0.011112041204123771,,,,,,0.025383651947525458,,,,,,89.99246687718289,,,,,,205.573162945246,,,,,
2925,8,0.011297933670091312,,,,,,0.025036148313617317,,,,,,88.51176057505725,,,,,,196.14149188385252,,,,,
2925,16,0.007738390120297275,,,,,,0.020470292565182797,,,,,,129.22584471117156,,,,,,341.83994436803374,,,,,
2925,32,0.008474820814463576,,,,,,0.02116418570484137,,,,,,117.99659507766198,,,,,,294.67311527113145,,,,,
