index,bin_size,m,n,a,b,corr
260,1,0.055285504276849966,24.0,51348.29763005601,-51422.172712812404,18.087924006125707
260,2,0.053848471466598526,24.0,54206.39649400609,-54275.82534047641,18.57062926327048
260,4,0.05349439612139512,24.0,55013.69065491528,-55082.87722074202,18.69354684798562
260,8,0.0542687302822144,24.0,53378.487771461514,-53448.49477669873,18.426817705144135
260,16,0.052994700618826746,24.0,56165.41276423444,-56234.073115194275,18.86981128910733
260,32,0.054256308173518564,24.0,53383.69478152211,-53454.75046259543,18.431036568169603
