index,bin_size,m,n,a,b,corr
2158,1,0.23766192004343273,24.0,844.5436802729417,-786.4036918898701,4.20765766689611
2158,2,0.23699081098151178,24.0,852.901880017132,-789.9893694151233,4.2195728849504315
2158,4,0.23724879935270624,24.0,849.590186928994,-790.3107026309884,4.214984449777336
2158,8,0.23716176659711183,24.0,850.1393004543161,-789.6358866276014,4.2165312493172245
2158,16,0.23695373509797685,24.0,853.2586900959367,-794.5724283035618,4.220233116758066
2158,32,0.2366350020134832,24.0,857.3175001768413,-798.7717001267364,4.225917516391007
