index,bin_size,m,n,a,b,corr
1443,1,0.28031475193842204,16.0,1360.9123736034549,-1347.0585414493203,3.567418386242028
1443,2,0.2799992442735329,16.0,1368.114768314822,-1355.7171172192138,3.5714382108227913
1443,4,0.2791252828827302,16.0,1380.2102057384272,-1366.0110366083763,3.582620641427646
1443,8,0.2808962180920812,16.0,1356.2715530274916,-1343.3230764478233,3.560033690707035
1443,16,0.28041676442156416,16.0,1360.7048218829968,-1347.953808689648,3.566120599325693
1443,32,0.2806427530093217,16.0,1358.2342766676861,-1344.1804490857467,3.5632489678676453
