index,bin_size,m12,m23,m34,m13,m24,m14,m12_err,m23_err,m34_err,m13_err,m24_err,m14_err,corr12,corr23,corr34,corr13,corr24,corr14,corr12_err,corr23_err,corr34_err,corr13_err,corr24_err,corr14_err
2027,1,0.0016354955600484471,,,,,,0.012153406464862078,,,,,,611.435472176016,,,,,,4543.591558371376,,,,,
2027,2,0.0014271834206799857,,,,,,0.01056040711102322,,,,,,700.6807853215861,,,,,,5184.66949703067,,,,,
2027,4,0.0008366939329512456,,,,,,0.008012333986059465,,,,,,1195.1801735584836,,,,,,11445.263730178256,,,,,
2027,8,0.0005393838761598181,,,,,,0.0057490546898477605,,,,,,1853.967172915088,,,,,,19760.617885272448,,,,,
2027,16,0.00041405699464254584,,,,,,0.005064532437170901,,,,,,2415.126451041594,,,,,,29540.58598075127,,,,,
2027,32,0.0005148756508194756,,,,,,0.0065781508748978396,,,,,,1942.2165301629645,,,,,,24814.133950203264,,,,,
