index,bin_size,m12,m23,m34,m13,m24,m14,m12_err,m23_err,m34_err,m13_err,m24_err,m14_err,corr12,corr23,corr34,corr13,corr24,corr14,corr12_err,corr23_err,corr34_err,corr13_err,corr24_err,corr14_err
1456,1,0.12347944218371618,,,,,,0.06723854110327089,,,,,,8.098514070967148,,,,,,4.409902260701599,,,,,
1456,2,0.12489204552165904,,,,,,0.06375253872277444,,,,,,8.006915058706264,,,,,,4.087219167545875,,,,,
1456,4,0.12213895320158054,,,,,,0.062365835741319355,,,,,,8.187396189236862,,,,,,4.180597528491366,,,,,
1456,8,0.12158648405229114,,,,,,0.06506026716824281,,,,,,8.224598381921517,,,,,,4.400937918800097,,,,,
1456,16,0.12206062715256363,,,,,,0.0645574655094528,,,,,,8.192650024238361,,,,,,4.333065737157956,,,,,
1456,32,0.12418231654449195,,,,,,0.057898333741372564,,,,,,8.052676321605908,,,,,,3.7544519554243005,,,,,
