index,bin_size,m12,m23,m34,m13,m24,m14,m12_err,m23_err,m34_err,m13_err,m24_err,m14_err,corr12,corr23,corr34,corr13,corr24,corr14,corr12_err,corr23_err,corr34_err,corr13_err,corr24_err,corr14_err
1545,1,0.13001092603572087,,,,,,0.0641577771031369,,,,,,7.691661235650665,,,,,,3.7956801182550532,,,,,
1545,2,0.13024671080786332,,,,,,0.06390322404317744,,,,,,7.6777370714196,,,,,,3.766944663526313,,,,,
1545,4,0.13163828154717158,,,,,,0.061597032670509484,,,,,,7.596574402573446,,,,,,3.554638028996107,,,,,
1545,8,0.13421638559500212,,,,,,0.05755169746157408,,,,,,7.450655116115997,,,,,,3.1948248884240873,,,,,
1545,16,0.13126084766331744,,,,,,0.05743291555707389,,,,,,7.618417965462088,,,,,,3.333423206371364,,,,,
1545,32,0.12813275316039932,,,,,,0.06920234808652224,,,,,,7.804405784898562,,,,,,4.215028495164936,,,,,
