index,bin_size,m12,m23,m34,m13,m24,m14,m12_err,m23_err,m34_err,m13_err,m24_err,m14_err,corr12,corr23,corr34,corr13,corr24,corr14,corr12_err,corr23_err,corr34_err,corr13_err,corr24_err,corr14_err
2016,1,0.05582496096810663,,,,,,0.06279625302462409,,,,,,17.913133885956682,,,,,,20.150084629869383,,,,,
2016,2,0.05561325824419174,,,,,,0.061437959119013896,,,,,,17.9813237269629,,,,,,19.864612628739117,,,,,
2016,4,0.054947947809562296,,,,,,0.06177638175419324,,,,,,18.199041818008997,,,,,,20.460654123177278,,,,,
2016,8,0.05464736478177388,,,,,,0.062241433581676525,,,,,,18.299144048269323,,,,,,20.84208384851078,,,,,
2016,16,0.05321447549937966,,,,,,0.0591839436993932,,,,,,18.791879288778432,,,,,,20.899905813143285,,,,,
2016,32,0.055469837739802005,,,,,,0.06172651407508463,,,,,,18.027815489398066,,,,,,20.061248633342952,,,,,
