index,bin_size,m,n,a,b,corr
353,1,0.15452667177373422,36.0,1314.472649062392,-1178.5723716882553,6.471374737587377
353,2,0.15446746841653963,36.0,1314.8921995514977,-1179.4329120268249,6.473855046962917
353,4,0.15551887130003192,36.0,1284.7075343654992,-1152.4263610909888,6.430087819186705
353,8,0.15449774103002498,36.0,1313.9634451967631,-1183.2262501893217,6.472586546140249
353,16,0.15547841712569674,36.0,1288.432383823625,-1156.104013785342,6.4317608738680985
353,32,0.15526999810222816,36.0,1293.0169508050933,-1161.2128712653343,6.440394230839176
