index,bin_size,m12,m23,m34,m13,m24,m14,m12_err,m23_err,m34_err,m13_err,m24_err,m14_err,corr12,corr23,corr34,corr13,corr24,corr14,corr12_err,corr23_err,corr34_err,corr13_err,corr24_err,corr14_err
1100,1,0.16294186868788874,,,,,,0.06184508353847442,,,,,,6.137158043249621,,,,,,2.3293770651459624,,,,,
1100,2,0.1643510149937699,,,,,,0.05909229122879878,,,,,,6.084538023923414,,,,,,2.1876913441393215,,,,,
1100,4,0.16585063456961613,,,,,,0.061042279502654166,,,,,,6.029521699419535,,,,,,2.2192001242466963,,,,,
1100,8,0.162676951501121,,,,,,0.055524006301866186,,,,,,6.147152321041061,,,,,,2.0981123697149147,,,,,
1100,16,0.16306353572723892,,,,,,0.06496496227632437,,,,,,6.13257890882931,,,,,,2.443236347671857,,,,,
1100,32,0.16285636612623458,,,,,,0.07579167361754116,,,,,,6.14038016312406,,,,,,2.8576696157544506,,,,,
