index,bin_size,m,n,a,b,corr
469,1,0.1266838490541196,36.0,3009.3009060153136,-3023.0029550224076,7.893666062931178
469,2,0.12721716650478812,36.0,2967.5514200402736,-2985.9714025931426,7.860574382171628
469,4,0.12799216013037537,36.0,2918.795623026466,-2936.4684717060886,7.812978536977421
469,8,0.12808993144097292,36.0,2918.1534613599797,-2943.2643492112084,7.807014874239552
469,16,0.12681706169419843,36.0,2996.2483505473265,-3012.9494074133154,7.885374307215537
469,32,0.12759843771435922,36.0,2943.6809718857803,-2963.1067413057135,7.837086549904251
