index,bin_size,m12,m23,m34,m13,m24,m14,m12_err,m23_err,m34_err,m13_err,m24_err,m14_err,corr12,corr23,corr34,corr13,corr24,corr14,corr12_err,corr23_err,corr34_err,corr13_err,corr24_err,corr14_err
1420,1,0.08762901299485935,,,,,,0.06778385387303083,,,,,,11.411745560327876,,,,,,8.827351433740917,,,,,
1420,2,0.09130912566800511,,,,,,0.06557380091211958,,,,,,10.951807858022255,,,,,,7.86505908205602,,,,,
1420,4,0.08869226135185043,,,,,,0.06351399900346308,,,,,,11.274940843293049,,,,,,8.074172093144846,,,,,
1420,8,0.08948767197247344,,,,,,0.06288395998095475,,,,,,11.174723601119064,,,,,,7.852599763095378,,,,,
1420,16,0.09120413648111787,,,,,,0.06402156381244133,,,,,,10.964414977022797,,,,,,7.696569697393933,,,,,
1420,32,0.08930882811321798,,,,,,0.06871246595888177,,,,,,11.19710135186509,,,,,,8.614830826162283,,,,,
