index,bin_size,m12,m23,m34,m13,m24,m14,m12_err,m23_err,m34_err,m13_err,m24_err,m14_err,corr12,corr23,corr34,corr13,corr24,corr14,corr12_err,corr23_err,corr34_err,corr13_err,corr24_err,corr14_err
1124,1,0.0014080466161925332,,,,,,0.01045900667909894,,,,,,710.203759236379,,,,,,5275.411890453186,,,,,
1124,2,0.002421785998663439,,,,,,0.014124551494389086,,,,,,412.91840011953605,,,,,,2408.258701919958,,,,,
1124,4,0.002230215159719578,,,,,,0.013427454027640501,,,,,,448.38723099960345,,,,,,2699.6045222763287,,,,,
1124,8,0.0017911126919424405,,,,,,0.011827329447500834,,,,,,558.3121623215744,,,,,,3686.7260826355805,,,,,
1124,16,0.002185029923123315,,,,,,0.013475818761947473,,,,,,457.6596363360483,,,,,,2822.5418099115504,,,,,
1124,32,0.0028349058805717292,,,,,,0.015209949835825631,,,,,,352.7453968942084,,,,,,1892.5636397132446,,,,,
