index,bin_size,m,n,a,b,corr
420,1,0.16075529859551582,36.0,1150.2809209756629,-1136.233929017911,6.220634770590974
420,2,0.16087640002136708,36.0,1147.351040548665,-1132.680504621806,6.215952121424791
420,4,0.16127625384875877,36.0,1137.266122749703,-1114.9970744375005,6.200540849229903
420,8,0.1605299969079604,36.0,1156.1098084803043,-1142.166385638763,6.22936534766987
420,16,0.16137270389813804,36.0,1135.9317921690224,-1126.5738311373175,6.1968348787860785
420,32,0.1611159987371329,36.0,1142.0944695029211,-1131.9024521650751,6.206708258883337
