index,bin_size,m,n,a,b,corr
1970,1,0.20384527195478,16.0,3375.1166451040576,-3327.7815427042315,4.905681600610461
1970,2,0.20251446043207222,16.0,3434.8856558221087,-3386.762396055329,4.937918990409191
1970,4,0.2026164752042822,16.0,3428.2647043482084,-3379.870620915615,4.935432812123392
1970,8,0.20265097308012295,16.0,3431.0140569509513,-3383.886205874075,4.934592638766288
1970,16,0.20435424378868655,16.0,3356.776097256297,-3310.2211904577935,4.893463338270844
1970,32,0.20393464702682684,16.0,3373.844396954987,-3326.3749380954805,4.903531668497966
