index,bin_size,m12,m23,m34,m13,m24,m14,m12_err,m23_err,m34_err,m13_err,m24_err,m14_err,corr12,corr23,corr34,corr13,corr24,corr14,corr12_err,corr23_err,corr34_err,corr13_err,corr24_err,corr14_err
2778,1,0.1297796551479933,,,,,,0.03590185879184704,,,,,,7.705367985911637,,,,,,2.1315901406422864,,,,,
2778,2,0.12940481341275886,,,,,,0.03885939657689131,,,,,,7.727687816451837,,,,,,2.320572763580874,,,,,
2778,4,0.1292202591631216,,,,,,0.03872222117528061,,,,,,7.738724612350814,,,,,,2.3189909074223296,,,,,
2778,8,0.12875337575575413,,,,,,0.034987587689204826,,,,,,7.766786650293391,,,,,,2.1105553729789572,,,,,
2778,16,0.13013674214686966,,,,,,0.03624110859047931,,,,,,7.68422494295593,,,,,,2.1399400814647973,,,,,
2778,32,0.1317832659611036,,,,,,0.024090641195856684,,,,,,7.5882168552049265,,,,,,1.3871640548736253,,,,,
