index,bin_size,m12,m23,m34,m13,m24,m14,m12_err,m23_err,m34_err,m13_err,m24_err,m14_err,corr12,corr23,corr34,corr13,corr24,corr14,corr12_err,corr23_err,corr34_err,corr13_err,corr24_err,corr14_err
785,1,0.09173579151499198,,,,,,0.07044966817974482,,,,,,10.900870679647152,,,,,,8.371462322052855,,,,,
785,2,0.087526273957549,,,,,,0.07019256157591633,,,,,,11.42514075813405,,,,,,9.162504696221768,,,,,
785,4,0.08824723576946872,,,,,,0.0682453402857202,,,,,,11.331799702059046,,,,,,8.763362613837238,,,,,
785,8,0.09154585189337325,,,,,,0.06905655478840593,,,,,,10.923487840440176,,,,,,8.240006739054088,,,,,
785,16,0.09143586824793329,,,,,,0.07009967753940224,,,,,,10.93662715914116,,,,,,8.384609365174292,,,,,
785,32,0.08826222441571821,,,,,,0.0715118185120771,,,,,,11.32987534157268,,,,,,9.17969147678443,,,,,
