index,bin_size,m,n,a,b,corr
1521,1,0.00001545409709575226,16.0,1043490855179.0668,-1043490855150.7831,64707.759618959666
1521,2,-0.000021415653276582143,16.0,543408909157.0336,-543408909129.61523,-46694.816501044705
1521,4,0.000013064664339475388,16.0,1459226508499.6836,-1459226508472.5063,76542.3415417158
1521,8,4.368567021556618e-7,16.0,1305130993694402.0,-1305130993694376.0,2289080.1378701925
1521,16,-0.00004168310565041924,16.0,143125676824.93536,-143125676796.885,-23990.534879685536
1521,32,-1.295975055407841e-7,16.0,1.4795823880266566e16,-1.4795823880266536e16,-7716197.899235813
