index,bin_size,m,n,a,b,corr
559,1,0.24634203356915196,54.0,20.953124903086344,21.8155254903049,4.059396545166884
559,2,0.24657307699522463,54.0,20.839469391659485,20.19126928367797,4.055592817294351
559,4,0.2466397787199397,54.0,20.799510206500084,24.014629972697946,4.054496015160245
559,8,0.24660545645609658,54.0,20.855928938682442,19.030440722740128,4.055060315253126
559,16,0.24631459327052446,54.0,20.966637284337146,20.959279153387,4.059848775998877
559,32,0.24644075353690736,54.0,20.911702399213937,20.462678854601563,4.057770420062599
