index,bin_size,m,n,a,b,corr
382,1,0.1007624132801412,36.0,5867.31113763469,-5713.56951382783,9.924335547817664
382,2,0.10113837222965216,36.0,5806.969361973364,-5652.64362014648,9.887444082344208
382,4,0.10064071207241783,36.0,5889.268815410505,-5731.5172099098045,9.936336691262996
382,8,0.10062954531983694,36.0,5882.763537998197,-5730.452284591153,9.937439315875272
382,16,0.10066549936713133,36.0,5885.799977354313,-5734.527265178947,9.933890024753742
382,32,0.10125387302204196,36.0,5794.959035777374,-5644.249160416745,9.876165426109774
