index,bin_size,m,n,a,b,corr
2383,1,0.10670984038605594,24.0,12155.58217014716,-12235.750621169624,9.371206970061898
2383,2,0.10803170025175349,24.0,11822.773872501546,-11902.222936644392,9.256542271107769
2383,4,0.10666596359893082,24.0,12183.807704762865,-12262.638729550885,9.375061793470017
2383,8,0.10783104997383201,24.0,11871.137331145857,-11953.205188927246,9.273766695610178
2383,16,0.10719549508189895,24.0,12042.362371318997,-12119.230181807106,9.328750235595116
2383,32,0.10759266069990905,24.0,11947.332021687327,-12026.097788379651,9.294314254288585
