index,bin_size,m,n,a,b,corr
1630,1,0.1612802594005809,16.0,5995.4974799704705,-6007.907104832022,6.200386852778078
1630,2,0.16129773702561784,16.0,5996.024450456383,-6009.004964785379,6.19971500183649
1630,4,0.1621638073500187,16.0,5913.242061790472,-5927.821719974471,6.166604104463169
1630,8,0.16206869607437938,16.0,5920.256887954198,-5933.158904582571,6.170223024075313
1630,16,0.16176778293791047,16.0,5942.562755408018,-5956.832323103355,6.1817005947582215
1630,32,0.162224423832794,16.0,5906.630733985888,-5921.333471645465,6.16429990240377
