index,bin_size,m,n,a,b,corr
410,1,0.06356948687085588,36.0,25713.303859431344,-25920.782762113195,15.730817554521757
410,2,0.0636571929120712,36.0,25619.736601968114,-25826.02772984378,15.709143841471084
410,4,0.06323863620768608,36.0,26022.493272433014,-26228.32331821804,15.813117738906254
410,8,0.06386690846364576,36.0,25403.344018573345,-25610.676654766223,15.657560762773084
410,16,0.0634842605740741,36.0,25720.678103370283,-25924.619789021188,15.751935849251794
410,32,0.0629041989681721,36.0,26322.87016382877,-26527.141494781812,15.897189955569962
