index,bin_size,m,n,a,b,corr
703,1,0.09271016407491384,16.0,26203.082364325423,-26173.61133950657,10.78630385328578
703,2,0.09499118308925217,16.0,24873.322224837913,-24844.537376499724,10.527292823170928
703,4,0.09578096726540225,16.0,24419.456937588464,-24391.383802592078,10.440487589032914
703,8,0.09353994626045078,16.0,25708.5528688716,-25679.87037616173,10.690619783077699
703,16,0.09401586168307019,16.0,25442.282796318443,-25411.45462951244,10.636503054889024
703,32,0.09517000205683192,16.0,24769.059728163244,-24740.988743577604,10.50751264461293
