index,bin_size,m12,m23,m34,m13,m24,m14,m12_err,m23_err,m34_err,m13_err,m24_err,m14_err,corr12,corr23,corr34,corr13,corr24,corr14,corr12_err,corr23_err,corr34_err,corr13_err,corr24_err,corr14_err
2551,1,0.06332663963393202,,,,,,0.017782194291432102,,,,,,15.791142649927924,,,,,,4.434171279384891,,,,,
2551,2,0.06304085493272692,,,,,,0.01687652102468391,,,,,,15.862729036069302,,,,,,4.246574390080332,,,,,
2551,4,0.06276476889385343,,,,,,0.016513876326078616,,,,,,15.932505092007599,,,,,,4.191960287450328,,,,,
2551,8,0.06278134082935022,,,,,,0.01750109012639153,,,,,,15.928299504117964,,,,,,4.440214265882718,,,,,
2551,16,0.06332903209881693,,,,,,0.015823992365166652,,,,,,15.79054608697677,,,,,,3.9455755510717876,,,,,
2551,32,0.06312678465003266,,,,,,0.013957222459837597,,,,,,15.841136302821067,,,,,,3.502447726758542,,,,,
