index,bin_size,m,n,a,b,corr
2534,1,0.07452991710408853,81.0,3319.16369994864,-3210.036373028011,13.41743072923856
2534,2,0.07401530486290968,81.0,3402.307075160489,-3303.6863565407293,13.510719193174829
2534,4,0.07386738221812955,81.0,3417.579395309279,-3323.5934503584263,13.53777499582984
2534,8,0.07435627362662699,81.0,3344.1389322671293,-3240.9382528602705,13.448764323793386
2534,16,0.07444760402536722,81.0,3331.9042938204325,-3234.5397792323993,13.43226572690319
2534,32,0.07433725045535873,81.0,3348.7296678930334,-3254.1830324919533,13.452205911227825
