index,bin_size,m,n,a,b,corr
1271,1,0.20701667575717897,16.0,3457.9251605421528,-3438.600797696909,4.830528730801155
1271,2,0.20704385003659653,16.0,3456.5042846056754,-3438.2326041473775,4.829894729175692
1271,4,0.2067401731957893,16.0,3465.7290144178946,-3446.658980363065,4.836989272776555
1271,8,0.20612721441310392,16.0,3495.5926114835615,-3476.621049128228,4.851372987537099
1271,16,0.2071284858390993,16.0,3452.283967698786,-3433.8564422101144,4.827921161828103
1271,32,0.20668225967942186,16.0,3469.101795244602,-3449.5156028167344,4.838344624018856
