index,bin_size,m12,m23,m34,m13,m24,m14,m12_err,m23_err,m34_err,m13_err,m24_err,m14_err,corr12,corr23,corr34,corr13,corr24,corr14,corr12_err,corr23_err,corr34_err,corr13_err,corr24_err,corr14_err
231,1,0.1517398418099951,,,,,,0.03281214386147866,,,,,,6.590226983709231,,,,,,1.4250672288167772,,,,,
231,2,0.15310056397446803,,,,,,0.032661118910168443,,,,,,6.531654580754948,,,,,,1.3934053631426213,,,,,
231,4,0.1524052744152524,,,,,,0.0325008096893216,,,,,,6.5614527045523445,,,,,,1.3992463610878705,,,,,
231,8,0.15119538180835324,,,,,,0.03288337592532142,,,,,,6.6139586278339095,,,,,,1.4384651522575118,,,,,
231,16,0.15343082155269677,,,,,,0.032920522975740246,,,,,,6.517595290699423,,,,,,1.398432487962361,,,,,
231,32,0.15199121965244805,,,,,,0.03051910538199066,,,,,,6.579327426193816,,,,,,1.3210972812888822,,,,,
