index,bin_size,m12,m23,m34,m13,m24,m14,m12_err,m23_err,m34_err,m13_err,m24_err,m14_err,corr12,corr23,corr34,corr13,corr24,corr14,corr12_err,corr23_err,corr34_err,corr13_err,corr24_err,corr14_err
889,1,0.08383301414584603,,,,,,0.0656121073893695,,,,,,11.928474839998945,,,,,,9.335849130174497,,,,,
889,2,0.08149537543846273,,,,,,0.06527450895434557,,,,,,12.270634924003772,,,,,,9.828283689878763,,,,,
889,4,0.08273812051676374,,,,,,0.06566186655683907,,,,,,12.086327242560314,,,,,,9.591839911356084,,,,,
889,8,0.08360327551602674,,,,,,0.06361612634474048,,,,,,11.961253836379893,,,,,,9.101660558153432,,,,,
889,16,0.07968979945726933,,,,,,0.06556792714068961,,,,,,12.548657504605876,,,,,,10.324903144180405,,,,,
889,32,0.08075820242626701,,,,,,0.06268676514701138,,,,,,12.382643124244987,,,,,,9.611752343515867,,,,,
