index,bin_size,m,n,a,b,corr
615,1,0.11486532302584689,16.0,17941.29001527019,-17970.560389215854,8.705847627964978
615,2,0.11544720903918176,16.0,17743.257887203385,-17772.074378309786,8.661967736791357
615,4,0.11333381375021112,16.0,18487.44705246678,-18517.53214869724,8.823492009225157
615,8,0.11587723364851645,16.0,17592.73143167956,-17621.573245571595,8.62982286091883
615,16,0.1141366906150065,16.0,18191.05876321874,-18217.99431532431,8.761424521875192
615,32,0.11553275059366835,16.0,17719.78353035521,-17748.26855192834,8.655554332961618
