index,bin_size,m,n,a,b,corr
450,1,0.09230083262090462,36.0,7382.407652835658,-7408.024586951608,10.834138453627736
450,2,0.09173325595102583,36.0,7498.846372539156,-7528.25725695194,10.901171986459042
450,4,0.09190640554582705,36.0,7465.455003432546,-7492.379553707637,10.880634424347852
450,8,0.0931356375047191,36.0,7209.281999289033,-7243.95874121763,10.737028561696707
450,16,0.09195242213378559,36.0,7476.196251973906,-7503.222940290568,10.875189329380104
450,32,0.09265329993345767,36.0,7322.71670362933,-7354.0997832231715,10.79292373523864
