index,bin_size,m12,m23,m34,m13,m24,m14,m12_err,m23_err,m34_err,m13_err,m24_err,m14_err,corr12,corr23,corr34,corr13,corr24,corr14,corr12_err,corr23_err,corr34_err,corr13_err,corr24_err,corr14_err
835,1,0.021821980731120356,,,,,,0.042751532046420446,,,,,,45.8253543673008,,,,,,89.77663988944651,,,,,
835,2,0.021043155097115032,,,,,,0.04054299050423167,,,,,,47.52139094090019,,,,,,91.5575298843346,,,,,
835,4,0.018910293155323367,,,,,,0.03909192304463645,,,,,,52.88125317710866,,,,,,109.317706643883,,,,,
835,8,0.021596683227422322,,,,,,0.04332357589891924,,,,,,46.30340638280294,,,,,,92.88598252238637,,,,,
835,16,0.02268318519198578,,,,,,0.04389614187534312,,,,,,44.085519363184986,,,,,,85.31360107654882,,,,,
835,32,0.021296450845710215,,,,,,0.04214131407420145,,,,,,46.95618097329264,,,,,,92.91666411725878,,,,,
