index,bin_size,m,n,a,b,corr
2525,1,0.14713979670156882,24.0,4625.8473807705,-4646.088475322909,6.796257861006939
2525,2,0.1470424394994105,24.0,4632.717833551147,-4653.0777115295305,6.800757681961669
2525,4,0.146966670365648,24.0,4641.170086109391,-4659.907934095042,6.804263834187945
2525,8,0.1477613871454908,24.0,4576.175496570635,-4598.245257970182,6.767667922712221
2525,16,0.14741462862344823,24.0,4599.14565383009,-4618.955795567721,6.783587282605255
2525,32,0.14683896652080372,24.0,4654.228026215388,-4674.874859750112,6.810181409566941
