index,bin_size,m12,m23,m34,m13,m24,m14,m12_err,m23_err,m34_err,m13_err,m24_err,m14_err,corr12,corr23,corr34,corr13,corr24,corr14,corr12_err,corr23_err,corr34_err,corr13_err,corr24_err,corr14_err
298,1,0.15836400294920047,,,,,,0.03331488474815555,,,,,,6.314566324272423,,,,,,1.3283893145540249,,,,,
298,2,0.15971403843560528,,,,,,0.031997089058458834,,,,,,6.261190373714003,,,,,,1.2543660404684254,,,,,
298,4,0.1585589489564328,,,,,,0.031721840044569655,,,,,,6.306802653407912,,,,,,1.2617602871411857,,,,,
298,8,0.15857804980636808,,,,,,0.02976556655679762,,,,,,6.306042994103227,,,,,,1.1836628252157335,,,,,
298,16,0.1583446041628451,,,,,,0.024390195260068824,,,,,,6.315339921350132,,,,,,0.9727667995369588,,,,,
298,32,0.15946074281283554,,,,,,0.020241659421792048,,,,,,6.271135969645732,,,,,,0.7960467024433103,,,,,
