index,bin_size,m12,m23,m34,m13,m24,m14,m12_err,m23_err,m34_err,m13_err,m24_err,m14_err,corr12,corr23,corr34,corr13,corr24,corr14,corr12_err,corr23_err,corr34_err,corr13_err,corr24_err,corr14_err
1245,1,0.016852544756193147,,,,,,0.037671309037011894,,,,,,59.33821950732454,,,,,,132.64159431738054,,,,,
1245,2,0.01728194063464528,,,,,,0.03827716944567799,,,,,,57.86387195401481,,,,,,128.16067815478294,,,,,
1245,4,0.014570430636609195,,,,,,0.03474915421017212,,,,,,68.6321513028882,,,,,,163.68144970318733,,,,,
1245,8,0.010785045727571727,,,,,,0.028381415399179478,,,,,,92.72097914647895,,,,,,244.0001361002459,,,,,
1245,16,0.010605715590965036,,,,,,0.028840499909975142,,,,,,94.28878149927911,,,,,,256.4028396780897,,,,,
1245,32,0.01608748789826567,,,,,,0.03763920446324294,,,,,,62.16010891966583,,,,,,145.43333700577222,,,,,
