index,bin_size,m12,m23,m34,m13,m24,m14,m12_err,m23_err,m34_err,m13_err,m24_err,m14_err,corr12,corr23,corr34,corr13,corr24,corr14,corr12_err,corr23_err,corr34_err,corr13_err,corr24_err,corr14_err
1393,1,0.24158211619130848,,,,,,0.04334550595045743,,,,,,4.139379254415098,,,,,,0.7427018644102136,,,,,
1393,2,0.243709332654715,,,,,,0.042643122655453315,,,,,,4.103248690179584,,,,,,0.7179673231023103,,,,,
1393,4,0.24070956166218382,,,,,,0.04426582409395571,,,,,,4.154384201004105,,,,,,0.763979789545881,,,,,
1393,8,0.2429722448642925,,,,,,0.040302805195464565,,,,,,4.11569642680188,,,,,,0.6826874873124358,,,,,
1393,16,0.24106443322177842,,,,,,0.043029725643665036,,,,,,4.148268521553337,,,,,,0.7404611870489985,,,,,
1393,32,0.24235390679216282,,,,,,0.03400587359463545,,,,,,4.126197152074702,,,,,,0.5789671007875602,,,,,
