index,bin_size,m,n,a,b,corr
1584,1,-8.496166714022005e-6,16.0,3989545497162.1675,-3989545497171.594,-117700.13862246936
1584,2,1.1113181790691316e-7,16.0,2.328028974368456e16,-2.3280289743684564e16,8998323.062056137
1584,4,7.95252326449511e-7,16.0,455715433677604.6,-455715433677613.56,1257462.5269750634
1584,8,0.00004269434649582173,16.0,157903742907.05676,-157903742910.16763,23422.3048735004
1584,16,-4.637547439749524e-6,16.0,13388541320766.668,-13388541320775.674,-215631.21736044396
1584,32,-1.914635216246867e-6,16.0,78506199847899.03,-78506199847906.0,-522292.7017712721
