index,bin_size,m,n,a,b,corr
2417,1,0.09879210973345888,24.0,15066.29880495883,-15061.322253376591,10.122265864126195
2417,2,0.09859764822556927,24.0,15115.818028141595,-15105.97768493613,10.142229738707607
2417,4,0.09912083925420546,24.0,14957.176732103775,-14951.743258557859,10.088695853708405
2417,8,0.09995666675125432,24.0,14667.47179614702,-14664.787625794406,10.004335203459066
2417,16,0.09861591855032258,24.0,15113.149169862347,-15104.958900146112,10.140350713152984
2417,32,0.0987063631828825,24.0,15090.282766154909,-15082.265292619708,10.131059110618903
