index,bin_size,m,n,a,b,corr
702,1,0.12280456500271864,16.0,14504.849487132458,-14496.11980230817,8.14301976459802
702,2,0.12164121195844879,16.0,14820.50531454368,-14811.784305171219,8.220898032005701
702,4,0.12314194815580637,16.0,14410.475694399745,-14403.261857151847,8.12070959552095
702,8,0.12475154677908651,16.0,14008.974862231806,-14001.769500272749,8.01593267433251
702,16,0.12244487648763754,16.0,14589.959162561578,-14581.35207759329,8.166940330091832
702,32,0.12299343265014057,16.0,14459.209540124124,-14452.187988473464,8.130515414140342
