index,bin_size,m,n,a,b,corr
1015,1,0.14884387460629417,16.0,8214.338024777888,-8247.090007912335,6.7184491309776275
1015,2,0.14602744158324166,16.0,8578.52465683281,-8610.957469424757,6.848027940213955
1015,4,0.1473061604437246,16.0,8402.847854235026,-8434.87967349312,6.788582344334677
1015,8,0.14676854853026303,16.0,8483.58495766624,-8515.62446779429,6.813448862266322
1015,16,0.14789074096932,16.0,8333.216926816081,-8366.426172292433,6.761748527633994
1015,32,0.14903714062820492,16.0,8169.066393794254,-8199.816901543261,6.709736886959252
