index,bin_size,m,n,a,b,corr
1631,1,0.22668746441412835,16.0,2405.3279076101517,-2364.7029482722605,4.411359942573316
1631,2,0.22742587732741437,16.0,2383.7405160166754,-2342.5928573756,4.397037011581347
1631,4,0.22802363551341573,16.0,2369.698623599167,-2329.69705178855,4.385510290406563
1631,8,0.22814724869129477,16.0,2363.9386082773253,-2325.1531454627875,4.383134163292482
1631,16,0.22811678779369407,16.0,2363.1803025191493,-2321.403502362352,4.383719452092177
1631,32,0.22672302699678545,16.0,2402.1342492256863,-2361.246302295208,4.410667999833022
