index,bin_size,m,n,a,b,corr
408,1,0.016222852405716068,36.0,453440.2804767457,-453455.1431034769,61.64144103583494
408,2,0.01881930704803033,36.0,335295.7024198213,-335316.6239601443,53.13691930567987
408,4,0.018505446976691205,36.0,346899.03601141664,-346914.20403781446,54.03814354009195
408,8,0.014356969842625265,36.0,579322.0114252683,-579337.4426558801,69.65258066023377
408,16,0.017141459903664464,36.0,404928.7899303767,-404937.9878065854,58.33808821535803
408,32,0.017787833691118523,36.0,376049.2927215923,-376065.53295387275,56.21820044895634
