index,bin_size,m12,m23,m34,m13,m24,m14,m12_err,m23_err,m34_err,m13_err,m24_err,m14_err,corr12,corr23,corr34,corr13,corr24,corr14,corr12_err,corr23_err,corr34_err,corr13_err,corr24_err,corr14_err
851,1,0.07367138337481095,,,,,,0.06542587244974706,,,,,,13.573791534664068,,,,,,12.054574149750943,,,,,
851,2,0.07345683371857233,,,,,,0.0639028180804314,,,,,,13.613437298852249,,,,,,11.84283290089545,,,,,
851,4,0.07287428952617327,,,,,,0.06293689453687439,,,,,,13.72226071090331,,,,,,11.851044871723051,,,,,
851,8,0.07282521441031053,,,,,,0.0633875588031278,,,,,,13.731507803956713,,,,,,11.951997195296729,,,,,
851,16,0.07040675311755529,,,,,,0.06516607177021971,,,,,,14.203183014707989,,,,,,13.145978229625888,,,,,
851,32,0.07375001784498156,,,,,,0.06796021181230717,,,,,,13.559318753006195,,,,,,12.49483324087893,,,,,
