index,bin_size,m12,m23,m34,m13,m24,m14,m12_err,m23_err,m34_err,m13_err,m24_err,m14_err,corr12,corr23,corr34,corr13,corr24,corr14,corr12_err,corr23_err,corr34_err,corr13_err,corr24_err,corr14_err
1146,1,0.03244054348508724,,,,,,0.051878545820028696,,,,,,30.825624128636903,,,,,,49.29598526990187,,,,,
1146,2,0.031418135027959475,,,,,,0.05077756461509673,,,,,,31.828751105375442,,,,,,51.44119676208546,,,,,
1146,4,0.030386623788039163,,,,,,0.049684116577769416,,,,,,32.90921712709728,,,,,,53.80872161485161,,,,,
1146,8,0.03481599411714514,,,,,,0.054479482229190475,,,,,,28.722431323813613,,,,,,44.94437762195824,,,,,
1146,16,0.037092180242436656,,,,,,0.058162378928607573,,,,,,26.959860365822166,,,,,,42.27439865250394,,,,,
1146,32,0.04219583503622697,,,,,,0.06501732300466624,,,,,,23.69902145890599,,,,,,36.5165645321469,,,,,
