index,bin_size,m,n,a,b,corr
2663,1,0.13274650809686364,16.0,10663.875841862378,-10753.777394244134,7.53315484027882
2663,2,0.13166782450204476,16.0,10870.979698896854,-10961.234759912832,7.594869921956296
2663,4,0.13297936293657078,16.0,10618.683549370497,-10708.433917275628,7.5199638343656785
2663,8,0.13394390837795978,16.0,10449.890256728682,-10540.833853588747,7.465811712603036
2663,16,0.1339283045653645,16.0,10460.09301513461,-10551.361296875482,7.466681544616613
2663,32,0.13428548661692294,16.0,10400.558214403543,-10491.771134643266,7.446821136022736
