index,bin_size,m,n,a,b,corr
1589,1,1.7831248780939113e-6,16.0,77706518036899.08,-77706518036946.81,560813.2174505689
1589,2,0.01061646148051394,16.0,2185034.4058561726,-2185083.809503449,94.19334321849678
1589,4,-0.00009073737845321203,16.0,29982843384.449448,-29982843433.791622,-11020.816526186523
1589,8,0.012197897457243341,16.0,1655160.1691438877,-1655211.5686169758,81.98134174395614
1589,16,0.004558061952100259,16.0,11880479.809903355,-11880530.451552432,219.39148930154866
1589,32,-0.00006768172603107824,16.0,53825794961.27003,-53825795008.714066,-14775.036906429039
