index,bin_size,m,n,a,b,corr
2289,1,0.20057984030653636,24.0,1798.8084720206414,-1871.186447429101,4.985545897692155
2289,2,0.20030177370476301,24.0,1803.9890792906544,-1876.5123009711047,4.992467023651827
2289,4,0.20128350272373668,24.0,1779.5209253828768,-1852.7008371933857,4.968117041228702
2289,8,0.20008547936669074,24.0,1812.8646970633113,-1884.3654450674687,4.997863928782806
2289,16,0.20084691820840103,24.0,1792.9096605544173,-1864.6839330262185,4.978916325529021
2289,32,0.20115753811648246,24.0,1783.3175960360604,-1854.7930814448603,4.971228070115568
