index,bin_size,m,n,a,b,corr
301,1,0.1990122179777576,24.0,1816.6272011984108,-1931.95762646729,5.024817120081361
301,2,0.19761671040906953,24.0,1852.6300352407497,-1966.5211995877128,5.060300811252172
301,4,0.19715280991258746,24.0,1865.4222420648343,-1977.877170964538,5.072207697386482
301,8,0.19858594737476906,24.0,1827.3565841411773,-1941.7481431410388,5.035603038480924
301,16,0.19747617473235604,24.0,1858.4428810939057,-1968.1331562136215,5.0639020193465
301,32,0.19631603128676486,24.0,1893.731388722375,-2005.32344720336,5.093827505810105
