index,bin_size,m,n,a,b,corr
1255,1,0.20880434841056528,16.0,3185.9333791293448,-3187.133548305719,4.789172292684883
1255,2,0.20906566940478974,16.0,3175.0486617460465,-3175.365767844889,4.783186081421218
1255,4,0.2077455274169017,16.0,3229.2625663951585,-3229.6756635224606,4.813581367714405
1255,8,0.20917638546858003,16.0,3170.174934742917,-3171.733946663381,4.780654363827355
1255,16,0.2089195481098669,16.0,3178.430779703034,-3178.8234333902033,4.786531509603489
1255,32,0.2085176574775127,16.0,3197.8695508093406,-3198.9124593944034,4.795756925803004
