index,bin_size,m,n,a,b,corr
809,1,0.19468102596972772,16.0,4303.074046044365,-4303.3747839283815,5.136607407007896
809,2,0.19371705257685617,16.0,4359.549113055493,-4361.285511104282,5.162168155553862
809,4,0.19361771106722372,16.0,4360.8381849108955,-4361.0945602300535,5.164816764375455
809,8,0.19458904574991714,16.0,4305.471469810514,-4306.264129676545,5.139035427950989
809,16,0.19578272807864686,16.0,4242.987383136968,-4243.216609000873,5.1077028592547515
809,32,0.19441190137518718,16.0,4315.490254386312,-4317.289669069543,5.143718017911583
