index,bin_size,m12,m23,m34,m13,m24,m14,m12_err,m23_err,m34_err,m13_err,m24_err,m14_err,corr12,corr23,corr34,corr13,corr24,corr14,corr12_err,corr23_err,corr34_err,corr13_err,corr24_err,corr14_err
2632,1,0.21238933957661066,,,,,,0.037364896374998166,,,,,,4.708334241226319,,,,,,0.8283203920355845,,,,,
2632,2,0.21113438930796466,,,,,,0.03470538753384008,,,,,,4.736319854277177,,,,,,0.7785364410112684,,,,,
2632,4,0.2108651226643236,,,,,,0.036728104651074595,,,,,,4.742367952389646,,,,,,0.8260170494223631,,,,,
2632,8,0.21173070662615417,,,,,,0.033137780381319704,,,,,,4.722980506392332,,,,,,0.7391893847613993,,,,,
2632,16,0.21089317895168475,,,,,,0.03240951159367278,,,,,,4.741737048921332,,,,,,0.7286977351523108,,,,,
2632,32,0.2108725324971524,,,,,,0.026347898998040624,,,,,,4.742201310706523,,,,,,0.5925240223714703,,,,,
