index,bin_size,m,n,a,b,corr
634,1,0.0996420493523434,16.0,24654.247353695406,-24717.16377137334,10.035923653716802
634,2,0.09769121619465908,16.0,25734.02074602806,-25796.31479715465,10.23633484107112
634,4,0.09664982547618478,16.0,26316.792548713638,-26378.889866565587,10.346630167960388
634,8,0.1003371332183831,16.0,24326.470067748865,-24390.16139347801,9.966399955074525
634,16,0.09912866079979546,16.0,24930.80137580198,-24994.734246692566,10.087899825658326
634,32,0.09748115969911478,16.0,25857.42877529793,-25918.278250434974,10.258392525146384
