index,bin_size,m12,m23,m34,m13,m24,m14,m12_err,m23_err,m34_err,m13_err,m24_err,m14_err,corr12,corr23,corr34,corr13,corr24,corr14,corr12_err,corr23_err,corr34_err,corr13_err,corr24_err,corr14_err
537,1,0.15256427357672983,,,,,,0.022182880609209508,,,,,,6.554614501520669,,,,,,0.9530424621561188,,,,,
537,2,0.1523121763860102,,,,,,0.020475494637884402,,,,,,6.565463272389098,,,,,,0.8826025024311674,,,,,
537,4,0.1522245060194696,,,,,,0.02134003172051081,,,,,,6.569244507005327,,,,,,0.9209285011005716,,,,,
537,8,0.15281026901830602,,,,,,0.02224707534475008,,,,,,6.544062820020324,,,,,,0.952725622126411,,,,,
537,16,0.1522800743260872,,,,,,0.020795245548990936,,,,,,6.566847333280355,,,,,,0.8967634365995792,,,,,
537,32,0.15198571314883996,,,,,,0.019213111546877982,,,,,,6.579565797876658,,,,,,0.8317487807609257,,,,,
