index,bin_size,m12,m23,m34,m13,m24,m14,m12_err,m23_err,m34_err,m13_err,m24_err,m14_err,corr12,corr23,corr34,corr13,corr24,corr14,corr12_err,corr23_err,corr34_err,corr13_err,corr24_err,corr14_err
879,1,0.18913855692945586,,,,,,0.05322912204512104,,,,,,5.287129267740876,,,,,,1.4879528195082767,,,,,
879,2,0.18695705529462087,,,,,,0.05637079854036816,,,,,,5.348821944291567,,,,,,1.612762694485141,,,,,
879,4,0.18790849132489587,,,,,,0.059480083537085914,,,,,,5.321739283569623,,,,,,1.6845300333023057,,,,,
879,8,0.1891195469360217,,,,,,0.052028809166075156,,,,,,5.287660721492187,,,,,,1.4546919928194255,,,,,
879,16,0.18927425974871517,,,,,,0.05877799979295796,,,,,,5.283338586702824,,,,,,1.6407094909135072,,,,,
879,32,0.1899182909458756,,,,,,0.050950391615140596,,,,,,5.265422277230727,,,,,,1.4125828834487888,,,,,
