index,bin_size,m,n,a,b,corr
1236,1,-0.00001625835498618977,16.0,823821563612.1191,-823821563552.2998,-61506.83761360997
1236,2,0.000026684240432244078,16.0,305983719501.9988,-305983719440.36536,37475.30316776952
1236,4,-0.00003644209998654308,16.0,163846569222.6456,-163846569161.07697,-27440.78964629559
1236,8,9.302083954003561e-6,16.0,2517282836227.11,-2517282836164.85,107502.79237907824
1236,16,-2.05839279272532e-7,16.0,5141156110677922.0,-5141156110677858.0,-4858159.2567470865
1236,32,0.00005130442773992039,16.0,82802594141.5695,-82802594078.30467,19491.4950629474
