index,bin_size,m12,m23,m34,m13,m24,m14,m12_err,m23_err,m34_err,m13_err,m24_err,m14_err,corr12,corr23,corr34,corr13,corr24,corr14,corr12_err,corr23_err,corr34_err,corr13_err,corr24_err,corr14_err
922,1,0.008158811283100524,,,,,,0.02568619965476804,,,,,,122.56687467098497,,,,,,385.87449870067826,,,,,
922,2,0.008249670398247623,,,,,,0.025978300210224604,,,,,,121.21696403924426,,,,,,381.7135146456752,,,,,
922,4,0.010202692600388847,,,,,,0.029786064127395484,,,,,,98.01334208205859,,,,,,286.1432571716687,,,,,
922,8,0.011423933881547712,,,,,,0.03175978969751889,,,,,,87.5355206331534,,,,,,243.35835231524723,,,,,
922,16,0.011983585068890513,,,,,,0.033821901770000974,,,,,,83.44748205576713,,,,,,235.5182130238242,,,,,
922,32,0.008701854143223999,,,,,,0.027583564262495308,,,,,,114.91803741374875,,,,,,364.2728340132306,,,,,
