index,bin_size,m,n,a,b,corr
1611,1,0.0518013600537688,16.0,73824.6282176392,-73749.27651727137,19.304512448360807
1611,2,0.055599052193782264,16.0,63943.72797219607,-63869.65359136943,17.98591811447879
1611,4,0.05031884168023897,16.0,78366.71290748351,-78292.5953493284,19.873271454750444
1611,8,0.05238435970193265,16.0,72207.98681224855,-72131.22328568796,19.089667329905463
1611,16,0.050628869910593725,16.0,77388.65371962456,-77312.21627737758,19.751576556338605
1611,32,0.057907476887771515,16.0,58870.64995014587,-58793.54908280366,17.268927153190692
