index,bin_size,m,n,a,b,corr
2645,1,0.11485354280646178,54.0,1317.4456216827093,-1289.1255003981862,8.706740563371973
2645,2,0.11492651678232389,54.0,1316.4786340890487,-1298.8945546735858,8.701212113598169
2645,4,0.11466830666531193,54.0,1323.3863502140503,-1295.5594414863992,8.72080550486151
2645,8,0.11478868954066233,54.0,1319.6985438964416,-1294.6448487062307,8.71165969401335
2645,16,0.11469906923815532,54.0,1323.5202943801953,-1301.7274468225874,8.71846656334805
2645,32,0.11498914621179462,54.0,1313.4922320719359,-1294.2876412505493,8.696472953700637
