index,bin_size,m12,m23,m34,m13,m24,m14,m12_err,m23_err,m34_err,m13_err,m24_err,m14_err,corr12,corr23,corr34,corr13,corr24,corr14,corr12_err,corr23_err,corr34_err,corr13_err,corr24_err,corr14_err
2316,1,0.00268555934561252,,,,,,0.012387105394796535,,,,,,372.36190726290613,,,,,,1717.5141550338965,,,,,
2316,2,0.002110214685498748,,,,,,0.010655924861961534,,,,,,473.8854330187028,,,,,,2392.973379498547,,,,,
2316,4,0.001526573201939786,,,,,,0.009135376069733431,,,,,,655.0619378941803,,,,,,3920.045985366213,,,,,
2316,8,0.0017964246174098902,,,,,,0.009995515936928509,,,,,,556.661264997478,,,,,,3097.328154952305,,,,,
2316,16,0.002532249404512964,,,,,,0.012048001556986696,,,,,,394.90580912678047,,,,,,1878.8930485058722,,,,,
2316,32,0.002138335643636482,,,,,,0.011216383702657711,,,,,,467.6534308240715,,,,,,2453.0201026190243,,,,,
