index,bin_size,m12,m23,m34,m13,m24,m14,m12_err,m23_err,m34_err,m13_err,m24_err,m14_err,corr12,corr23,corr34,corr13,corr24,corr14,corr12_err,corr23_err,corr34_err,corr13_err,corr24_err,corr14_err
783,1,0.11230437629492276,,,,,,0.0644031701150702,,,,,,8.90437250079995,,,,,,5.106388867972356,,,,,
783,2,0.11422685256568958,,,,,,0.06452354919499755,,,,,,8.754508922715173,,,,,,4.945176851721541,,,,,
783,4,0.10977096773614542,,,,,,0.06529894583008292,,,,,,9.109876870209277,,,,,,5.4191501499411805,,,,,
783,8,0.11158000872993105,,,,,,0.0631539113023535,,,,,,8.962178900885428,,,,,,5.072563246990634,,,,,
783,16,0.11046502845972203,,,,,,0.0637598096189087,,,,,,9.0526387757608,,,,,,5.225133537187447,,,,,
783,32,0.10864250019200652,,,,,,0.06700017867524967,,,,,,9.204500984722147,,,,,,5.676445309183614,,,,,
