index,bin_size,m,n,a,b,corr
2261,1,-0.000023807756176358195,24.0,340698376581.5506,-340698376459.5817,-42003.11833641129
2261,2,1.8172594224653704e-6,24.0,58354231588015.586,-58354231587895.37,550279.1663302304
2261,4,-0.000010876692560829793,24.0,1630270925497.8057,-1630270925376.3975,-91939.71369580654
2261,8,-0.00001912897522720294,24.0,527535339788.8756,-527535339669.48846,-52276.715721703666
2261,16,-5.228089609778282e-8,24.0,7.037635291691576e16,-7.037635291691564e16,-19127445.675943743
2261,32,0.000028257174360242228,24.0,241833825527.1323,-241833825406.6512,35389.24264865625
