index,bin_size,m,n,a,b,corr
1,1,0.000014357533095819697,16.0,1351487183016.767,-1351487183025.9348,69649.84815470545
1,2,7.233805662029869e-7,16.0,532919240487895.9,-532919240487900.25,1382398.210182759
1,4,-1.142516870541252e-6,16.0,213872072676023.25,-213872072676027.75,-875260.5985820265
1,8,9.477252797136849e-6,16.0,3104751675838.249,-3104751675850.376,105515.80942339194
1,16,-5.818207314642521e-7,16.0,823722632594980.5,-823722632594987.2,-1718742.468119566
1,32,0.000014198529233545206,16.0,1382645561334.7156,-1382645561345.703,70429.82998812418
