index,bin_size,m,n,a,b,corr
2349,1,0.04792869316679643,24.0,76460.52896168269,-76507.3406208584,20.864328524875578
2349,2,0.050470588094676,24.0,68670.58794637019,-68713.80426546496,19.813519868723052
2349,4,0.05085931362989873,24.0,67655.2590048864,-67701.29795238908,19.662082097233196
2349,8,0.050813350747355754,24.0,67760.06936985467,-67805.0866991017,19.679867304402052
2349,16,0.04720989174128814,24.0,78841.89315554999,-78885.22078436034,21.182001549167598
2349,32,0.05100083159988632,24.0,67245.52214821312,-67290.8034617534,19.6075234193285
