index,bin_size,m12,m23,m34,m13,m24,m14,m12_err,m23_err,m34_err,m13_err,m24_err,m14_err,corr12,corr23,corr34,corr13,corr24,corr14,corr12_err,corr23_err,corr34_err,corr13_err,corr24_err,corr14_err
2018,1,0.04083420323431644,,,,,,0.05660424783362759,,,,,,24.489274206276548,,,,,,33.94695712521709,,,,,
2018,2,0.04189757331602546,,,,,,0.05649839774077802,,,,,,23.867730774219055,,,,,,32.18536157882563,,,,,
2018,4,0.039577471570699935,,,,,,0.05519203649423806,,,,,,25.26689958487196,,,,,,35.23549101648282,,,,,
2018,8,0.041691993241877674,,,,,,0.055232470510034375,,,,,,23.985420754495046,,,,,,31.775262861808677,,,,,
2018,16,0.038209841569263256,,,,,,0.05308691033861108,,,,,,26.171267896709093,,,,,,36.36109691169167,,,,,
2018,32,0.039388627209148264,,,,,,0.053775051614231614,,,,,,25.388038904989905,,,,,,34.660845001037906,,,,,
