index,bin_size,m12,m23,m34,m13,m24,m14,m12_err,m23_err,m34_err,m13_err,m24_err,m14_err,corr12,corr23,corr34,corr13,corr24,corr14,corr12_err,corr23_err,corr34_err,corr13_err,corr24_err,corr14_err
214,1,0.12641977169909863,,,,,,0.037239893654019626,,,,,,7.9101550853942095,,,,,,2.330120757281697,,,,,
214,2,0.12677848636511682,,,,,,0.036479438154036405,,,,,,7.887773617363131,,,,,,2.2696402055073803,,,,,
214,4,0.12668879551722062,,,,,,0.03864700130460231,,,,,,7.893357861027824,,,,,,2.4079052161433614,,,,,
214,8,0.12558769761737507,,,,,,0.04168570415009339,,,,,,7.962563363862879,,,,,,2.642974327578074,,,,,
214,16,0.12459792098961306,,,,,,0.044370197155157984,,,,,,8.025816097552411,,,,,,2.858049634785861,,,,,
214,32,0.12608255544708677,,,,,,0.04208270001728757,,,,,,7.931311325773939,,,,,,2.6472416749701284,,,,,
