index,bin_size,m12,m23,m34,m13,m24,m14,m12_err,m23_err,m34_err,m13_err,m24_err,m14_err,corr12,corr23,corr34,corr13,corr24,corr14,corr12_err,corr23_err,corr34_err,corr13_err,corr24_err,corr14_err
1470,1,0.050413478990053114,,,,,,0.060745622701238726,,,,,,19.835964905284676,,,,,,23.901307035151834,,,,,
1470,2,0.05266412673089811,,,,,,0.06105688651345191,,,,,,18.9882575117931,,,,,,22.014299978994085,,,,,
1470,4,0.051467547863421254,,,,,,0.05926250345590644,,,,,,19.42971914367645,,,,,,22.372423900105264,,,,,
1470,8,0.052283425757001366,,,,,,0.06238580143625123,,,,,,19.12652022168016,,,,,,22.822209437115845,,,,,
1470,16,0.05309833977934682,,,,,,0.06258370100692054,,,,,,18.832980544317525,,,,,,22.19725943132338,,,,,
1470,32,0.05497874106792904,,,,,,0.06694428302863122,,,,,,18.188848645414577,,,,,,22.14745932758106,,,,,
