index,bin_size,m12,m23,m34,m13,m24,m14,m12_err,m23_err,m34_err,m13_err,m24_err,m14_err,corr12,corr23,corr34,corr13,corr24,corr14,corr12_err,corr23_err,corr34_err,corr13_err,corr24_err,corr14_err
593,1,0.2274864216837863,,,,,,0.049922391294164446,,,,,,4.395866762500811,,,,,,0.9646825466340281,,,,,
593,2,0.22651973407441278,,,,,,0.04950050549015832,,,,,,4.414626408096945,,,,,,0.9647117044522656,,,,,
593,4,0.2267926629821394,,,,,,0.05050455555885553,,,,,,4.409313717872579,,,,,,0.9819119662537631,,,,,
593,8,0.22613750322658005,,,,,,0.05431659484249973,,,,,,4.4220882681190785,,,,,,1.0621536604502637,,,,,
593,16,0.2262473596210193,,,,,,0.054140286499037266,,,,,,4.419941084285237,,,,,,1.057678096278815,,,,,
593,32,0.22506549302378775,,,,,,0.05799793194295758,,,,,,4.44315113154333,,,,,,1.1449715079702987,,,,,
