index,bin_size,m,n,a,b,corr
459,1,0.04389024285753939,36.0,58534.35854959522,-58591.9511262049,22.784107238728158
459,2,0.04490371879493277,36.0,55818.31422446318,-55890.795550531875,22.269870443622292
459,4,0.045128489582217816,36.0,55262.703955110104,-55331.99458165868,22.158951235851568
459,8,0.04404093292587848,36.0,58236.375583523775,-58297.921186051644,22.706149338003677
459,16,0.045033987468187923,36.0,55566.79790638089,-55627.329246871464,22.20545095426874
459,32,0.04566017750634482,36.0,53930.77039024477,-54001.276031002664,21.900922305022632
