index,bin_size,m12,m23,m34,m13,m24,m14,m12_err,m23_err,m34_err,m13_err,m24_err,m14_err,corr12,corr23,corr34,corr13,corr24,corr14,corr12_err,corr23_err,corr34_err,corr13_err,corr24_err,corr14_err
1228,1,0.0006703634685304407,,,,,,0.006971449291628688,,,,,,1491.728065361591,,,,,,15513.235808277734,,,,,
1228,2,0.0008662077438876922,,,,,,0.008514536981188564,,,,,,1154.4574694193159,,,,,,11347.936896133997,,,,,
1228,4,0.0008555123271732507,,,,,,0.008730049661851477,,,,,,1168.8902289744435,,,,,,11927.904980536086,,,,,
1228,8,0.0009329932693760507,,,,,,0.00889700486136822,,,,,,1071.8190932596553,,,,,,10220.84509743111,,,,,
1228,16,0.0013166788942533007,,,,,,0.010415531792730996,,,,,,759.486617705001,,,,,,6007.886241197976,,,,,
1228,32,0.003829633966106327,,,,,,0.019837855270144693,,,,,,261.12156118583886,,,,,,1352.6336419001464,,,,,
