index,bin_size,m,n,a,b,corr
1600,1,0.000028418814119324457,16.0,355470448615.62274,-355470448598.2001,35187.95667550434
1600,2,-0.000022713014733031056,16.0,555985697264.3408,-555985697247.1162,-44027.62080481202
1600,4,0.00003394063563776028,16.0,249337745149.31174,-249337745130.64655,29463.207780571473
1600,8,0.000010749280825060493,16.0,2481373939277.0386,-2481373939265.203,93029.47948560758
1600,16,0.00004103675861573497,16.0,170284842927.75446,-170284842912.65985,24368.396377597033
1600,32,2.4968327019883e-7,16.0,4604584760709742.0,-4604584760709725.0,4005074.105300171
