index,bin_size,m12,m23,m34,m13,m24,m14,m12_err,m23_err,m34_err,m13_err,m24_err,m14_err,corr12,corr23,corr34,corr13,corr24,corr14,corr12_err,corr23_err,corr34_err,corr13_err,corr24_err,corr14_err
2173,1,0.1650439587439538,,,,,,0.03288317970117851,,,,,,6.058991844417534,,,,,,1.207186976998367,,,,,
2173,2,0.1650982942524628,,,,,,0.03394611828906443,,,,,,6.0569977692854495,,,,,,1.2453887769327823,,,,,
2173,4,0.16600086463060207,,,,,,0.03649466458458828,,,,,,6.024065008488222,,,,,,1.3243679929604666,,,,,
2173,8,0.16472605434965862,,,,,,0.03524307766216232,,,,,,6.070685077403315,,,,,,1.2988207997218888,,,,,
2173,16,0.16465647089036442,,,,,,0.03596109988664481,,,,,,6.073250535448706,,,,,,1.3264025881333925,,,,,
2173,32,0.16406996034711727,,,,,,0.03487449430643159,,,,,,6.094960941566231,,,,,,1.2955368563804808,,,,,
