index,bin_size,m,n,a,b,corr
1267,1,0.06677278956639021,16.0,50525.39598155282,-50545.56534474194,14.976160296638941
1267,2,0.06903187848641489,16.0,47151.72206359161,-47173.400248839804,14.48606096090511
1267,4,0.07080327718747523,16.0,44730.97496830973,-44753.493306927405,14.12364003084444
1267,8,0.0666576504794702,16.0,50726.6460902012,-50748.884682646705,15.002028916515572
1267,16,0.0649677703110101,16.0,53502.28537113181,-53523.9471936269,15.392247497687785
1267,32,0.06860400790882636,16.0,47780.14385473487,-47801.912302695,14.576407858400696
