index,bin_size,m12,m23,m34,m13,m24,m14,m12_err,m23_err,m34_err,m13_err,m24_err,m14_err,corr12,corr23,corr34,corr13,corr24,corr14,corr12_err,corr23_err,corr34_err,corr13_err,corr24_err,corr14_err
1319,1,0.015428630974915555,,,,,,0.037263904527417235,,,,,,64.81456466395738,,,,,,156.54297218921187,,,,,
1319,2,0.016920842540708563,,,,,,0.038487093722586185,,,,,,59.098711993458735,,,,,,134.4222465225498,,,,,
1319,4,0.015732293601695584,,,,,,0.037094389980262425,,,,,,63.56352260627927,,,,,,149.87325788417954,,,,,
1319,8,0.012823633808920102,,,,,,0.031968745469911374,,,,,,77.98101652781143,,,,,,194.40318602426555,,,,,
1319,16,0.015354437681590692,,,,,,0.03612555268449117,,,,,,65.12775138609972,,,,,,153.23101130182482,,,,,
1319,32,0.015262231332163114,,,,,,0.03777774807465961,,,,,,65.52121889887972,,,,,,162.18101057676003,,,,,
