index,bin_size,m12,m23,m34,m13,m24,m14,m12_err,m23_err,m34_err,m13_err,m24_err,m14_err,corr12,corr23,corr34,corr13,corr24,corr14,corr12_err,corr23_err,corr34_err,corr13_err,corr24_err,corr14_err
2516,1,0.021725249937479034,,,,,,0.034821909828140964,,,,,,46.02938989782865,,,,,,73.77734521255971,,,,,
2516,2,0.020075953981329355,,,,,,0.03286204817527703,,,,,,49.810833444328495,,,,,,81.5346563266945,,,,,
2516,4,0.019959695573244868,,,,,,0.032840290312938065,,,,,,50.10096453276862,,,,,,82.43263100765078,,,,,
2516,8,0.021004034760382956,,,,,,0.03401345135284321,,,,,,47.609900260028304,,,,,,77.09837871067515,,,,,
2516,16,0.020475359373395043,,,,,,0.03278398182237081,,,,,,48.83919162363346,,,,,,78.19853811645194,,,,,
2516,32,0.016708621149546226,,,,,,0.02845884118155424,,,,,,59.8493431055595,,,,,,101.93797172232388,,,,,
