index,bin_size,m12,m23,m34,m13,m24,m14,m12_err,m23_err,m34_err,m13_err,m24_err,m14_err,corr12,corr23,corr34,corr13,corr24,corr14,corr12_err,corr23_err,corr34_err,corr13_err,corr24_err,corr14_err
2437,1,0.03954064348997254,,,,,,0.04356811379959647,,,,,,25.290433127462855,,,,,,27.86642733363243,,,,,
2437,2,0.041333974740135275,,,,,,0.04339029696745033,,,,,,24.19317295970088,,,,,,25.39675813676357,,,,,
2437,4,0.041370678427904484,,,,,,0.044638886231593615,,,,,,24.171708997778993,,,,,,26.08122972542942,,,,,
2437,8,0.03978921465762131,,,,,,0.04252200991981137,,,,,,25.132438742629414,,,,,,26.858580113202667,,,,,
2437,16,0.03944699073236446,,,,,,0.0429792122446068,,,,,,25.350476207036635,,,,,,27.620446507473673,,,,,
2437,32,0.03543847752387339,,,,,,0.0407315127336277,,,,,,28.217916509713,,,,,,32.43250009421382,,,,,
