index,bin_size,m12,m23,m34,m13,m24,m14,m12_err,m23_err,m34_err,m13_err,m24_err,m14_err,corr12,corr23,corr34,corr13,corr24,corr14,corr12_err,corr23_err,corr34_err,corr13_err,corr24_err,corr14_err
1189,1,0.08655045010964686,,,,,,0.06843583125156387,,,,,,11.553954933026288,,,,,,9.135764274859959,,,,,
1189,2,0.0859531423940251,,,,,,0.06772955936901287,,,,,,11.63424596410699,,,,,,9.167580507149186,,,,,
1189,4,0.08481217968242875,,,,,,0.06922188552908551,,,,,,11.790759343108574,,,,,,9.623365377540836,,,,,
1189,8,0.0856614761419314,,,,,,0.06906523908284815,,,,,,11.673859067559293,,,,,,9.41214071754471,,,,,
1189,16,0.08662231783752837,,,,,,0.07827843033953179,,,,,,11.544368991321987,,,,,,10.432358616817565,,,,,
1189,32,0.08825347192200424,,,,,,0.07309861792603954,,,,,,11.330998976264299,,,,,,9.385243966586362,,,,,
