index,bin_size,m12,m23,m34,m13,m24,m14,m12_err,m23_err,m34_err,m13_err,m24_err,m14_err,corr12,corr23,corr34,corr13,corr24,corr14,corr12_err,corr23_err,corr34_err,corr13_err,corr24_err,corr14_err
686,1,0.019874735125210652,,,,,,0.04150548737899749,,,,,,50.31513596030383,,,,,,105.07582754770416,,,,,
686,2,0.02054172613762054,,,,,,0.04158736821384038,,,,,,48.68140064279113,,,,,,98.55702096959965,,,,,
686,4,0.019084528892383608,,,,,,0.040672146612845836,,,,,,52.39846399347522,,,,,,111.66940624251225,,,,,
686,8,0.018508521805581178,,,,,,0.03989644267840894,,,,,,54.029166159474364,,,,,,116.46373239778103,,,,,
686,16,0.023071522764653404,,,,,,0.045447729847558155,,,,,,43.34347629329627,,,,,,85.38069295754015,,,,,
686,32,0.03399764435670128,,,,,,0.0578948146823029,,,,,,29.41380260079372,,,,,,50.0889600705271,,,,,
