index,bin_size,m,n,a,b,corr
517,1,0.11288291311648385,54.0,1715.7694126545075,-1853.0704947972213,8.85873665368735
517,2,0.11296632087379518,54.0,1713.2927881871278,-1852.989127188313,8.852195878072278
517,4,0.11300435676735433,54.0,1711.1942624449498,-1860.990510354948,8.849216336488086
517,8,0.11274335745849182,54.0,1725.4849974712708,-1869.564034091859,8.869702149575998
517,16,0.11246933642426782,54.0,1739.6104632301983,-1886.2556808651782,8.89131235048549
517,32,0.11336969869064899,54.0,1689.4490203198854,-1832.6369267542668,8.820699106987064
