index,bin_size,m12,m23,m34,m13,m24,m14,m12_err,m23_err,m34_err,m13_err,m24_err,m14_err,corr12,corr23,corr34,corr13,corr24,corr14,corr12_err,corr23_err,corr34_err,corr13_err,corr24_err,corr14_err
1279,1,0.053276605285664566,,,,,,0.06027256876289577,,,,,,18.769964689718613,,,,,,21.234723597199608,,,,,
1279,2,0.051047122283531914,,,,,,0.05991298723636764,,,,,,19.58974287415621,,,,,,22.99208970613571,,,,,
1279,4,0.049332480475749285,,,,,,0.059112648057493236,,,,,,20.27062070174187,,,,,,24.289272623095364,,,,,
1279,8,0.05351925877444631,,,,,,0.06299368999077294,,,,,,18.684862662512568,,,,,,21.99261486492181,,,,,
1279,16,0.049857446587198054,,,,,,0.06000522528749166,,,,,,20.057184401753357,,,,,,24.139540851837506,,,,,
1279,32,0.04941570926316927,,,,,,0.05788403252707771,,,,,,20.23647975331853,,,,,,23.704386110019655,,,,,
