index,bin_size,m,n,a,b,corr
2947,1,0.13787816914816806,24.0,5753.012157013749,-5795.722665694286,7.252779799573417
2947,2,0.1371304379728265,24.0,5830.628756940331,-5875.790111406067,7.2923270339015325
2947,4,0.13773088527262498,24.0,5766.447585504242,-5810.5050722218575,7.260535630919649
2947,8,0.13707363590724211,24.0,5832.0750797296805,-5875.867785688512,7.295348907770282
2947,16,0.13759448332938046,24.0,5778.136012477852,-5822.714432951994,7.267733239029291
2947,32,0.1373708762551464,24.0,5804.654646000547,-5850.620150024591,7.279563378067456
