index,bin_size,m,n,a,b,corr
725,1,0.19459646762467261,16.0,4304.626537436035,-4381.5717406909625,5.138839426051387
725,2,0.19458591438836825,16.0,4302.223333369497,-4379.88546829531,5.139118127554339
725,4,0.19386281737741476,16.0,4340.228199572401,-4416.822401709057,5.158286738674526
725,8,0.19424115132491318,16.0,4315.13443813997,-4391.217295498412,5.14823966589484
725,16,0.1955781258148282,16.0,4245.9359885774065,-4323.830168814559,5.113046235788106
725,32,0.1946938330674902,16.0,4290.875045889532,-4367.974297450127,5.136269517347024
