index,bin_size,m12,m23,m34,m13,m24,m14,m12_err,m23_err,m34_err,m13_err,m24_err,m14_err,corr12,corr23,corr34,corr13,corr24,corr14,corr12_err,corr23_err,corr34_err,corr13_err,corr24_err,corr14_err
543,1,0.2334249216915271,,,,,,0.045863394058600515,,,,,,4.284032710618226,,,,,,0.8417279480837461,,,,,
543,2,0.2331265259608651,,,,,,0.04402541149988784,,,,,,4.289516158139249,,,,,,0.810065320619929,,,,,
543,4,0.23339797422631783,,,,,,0.04260500067036183,,,,,,4.2845273328308116,,,,,,0.7821074304202634,,,,,
543,8,0.2332949800780723,,,,,,0.04270151406274676,,,,,,4.2864188490697455,,,,,,0.784571424130606,,,,,
543,16,0.2359201653756613,,,,,,0.050840667263146136,,,,,,4.238722020254929,,,,,,0.9134422888760124,,,,,
543,32,0.2340184723528546,,,,,,0.04555865470451152,,,,,,4.2731669425317556,,,,,,0.8318990175100285,,,,,
