index,bin_size,m12,m23,m34,m13,m24,m14,m12_err,m23_err,m34_err,m13_err,m24_err,m14_err,corr12,corr23,corr34,corr13,corr24,corr14,corr12_err,corr23_err,corr34_err,corr13_err,corr24_err,corr14_err
2498,1,0.22058458439471879,,,,,,0.03306132055378322,,,,,,4.533408364614358,,,,,,0.6794693634416362,,,,,
2498,2,0.22011511568234501,,,,,,0.0346845069453835,,,,,,4.543077366132052,,,,,,0.715872683121055,,,,,
2498,4,0.22253769328545342,,,,,,0.03614507166567915,,,,,,4.493620767054868,,,,,,0.72986397165194,,,,,
2498,8,0.22011922540826295,,,,,,0.04017395588842509,,,,,,4.5429925448141315,,,,,,0.8291414880199547,,,,,
2498,16,0.22037316386863018,,,,,,0.05073584503051556,,,,,,4.537757603716777,,,,,,1.0447141681255798,,,,,
2498,32,0.219964902119258,,,,,,0.052247387885207594,,,,,,4.5461798239877,,,,,,1.0798360027956235,,,,,
