index,bin_size,m,n,a,b,corr
1837,1,4.188488024784668e-8,16.0,1.5991906669479014e17,-1.599190666947901e17,23874963.807528384
1837,2,-3.4347799615066253e-7,16.0,2377411875939298.0,-2377411875939265.0,-2911394.6488769017
1837,4,-1.1495095186044848e-7,16.0,2.127419032258827e16,-2.127419032258824e16,-8699362.50039938
1837,8,3.161764668502159e-7,16.0,2806308376134739.0,-2806308376134710.0,3162790.735066743
1837,16,-4.732819188169684e-7,16.0,1250801238456788.2,-1250801238456757.8,-2112905.564826212
1837,32,-5.202031314560173e-7,16.0,1037381998127782.6,-1037381998127750.8,-1922325.9906203565
