index,bin_size,m,n,a,b,corr
1536,1,0.00007159993350980093,16.0,46361692927.95192,-46361692956.288956,13966.493416688932
1536,2,0.007045903675013185,16.0,4777965.149488421,-4777996.189842338,141.92643642664171
1536,4,-8.409243347134466e-6,16.0,3361220237870.824,-3361220237900.711,-118916.76322350214
1536,8,0.012814006811446232,16.0,1444248.5665834881,-1444280.5502016284,78.0396026562699
1536,16,0.00002182128836204535,16.0,499451895693.3327,-499451895725.39343,45826.80836294435
1536,32,0.015434406932035549,16.0,995466.322982086,-995498.4215701291,64.79030936552586
