index,bin_size,m,n,a,b,corr
2454,1,0.026649576953782183,24.0,210681.27228724965,-210536.12032722047,37.524047820131614
2454,2,0.026228689738230632,24.0,217549.57606430352,-217399.8589890642,38.12618967932705
2454,4,0.026817830790537067,24.0,208027.46913630274,-207880.7095891003,37.28862367022092
2454,8,0.02533934552575703,24.0,233441.3519549185,-233291.60083112924,39.46431840488999
2454,16,0.03008911308997928,24.0,164802.7638420737,-164655.34130854215,33.23461203424552
2454,32,0.025790324541251575,24.0,225402.04251965205,-225256.89294066973,38.77423094852885
