index,bin_size,m,n,a,b,corr
2297,1,0.10612229010627035,24.0,14110.33257595367,-14186.883982119143,9.423091030155916
2297,2,0.10817776869459515,24.0,13474.727784927136,-13554.358626307809,9.244043504198869
2297,4,0.10759976215680615,24.0,13635.812185185307,-13715.873636932734,9.293700840552887
2297,8,0.10691130778508348,24.0,13868.688043534557,-13945.635455328405,9.353547540642117
2297,16,0.1070798039471154,24.0,13810.141067155237,-13886.684248148542,9.338829201572691
2297,32,0.10760729416439038,24.0,13642.929474551856,-13718.4640527542,9.293050324937191
