index,bin_size,m12,m23,m34,m13,m24,m14,m12_err,m23_err,m34_err,m13_err,m24_err,m14_err,corr12,corr23,corr34,corr13,corr24,corr14,corr12_err,corr23_err,corr34_err,corr13_err,corr24_err,corr14_err
937,1,0.02158693802415475,,,,,,0.04155493186821015,,,,,,46.32430958392746,,,,,,89.17445940911088,,,,,
937,2,0.019255531178554004,,,,,,0.039752788718980914,,,,,,51.933129796687076,,,,,,107.21525764100714,,,,,
937,4,0.01895433685312994,,,,,,0.038791129031365224,,,,,,52.758374389387804,,,,,,107.97301558381176,,,,,
937,8,0.017523736923946463,,,,,,0.037289947946578375,,,,,,57.06545380931188,,,,,,121.43344831827572,,,,,
937,16,0.014366348075380207,,,,,,0.032745947947979755,,,,,,69.60711203383083,,,,,,158.65903119632554,,,,,
937,32,0.014671114996424574,,,,,,0.032867502390942986,,,,,,68.1611452329087,,,,,,152.70050057258823,,,,,
