index,bin_size,m,n,a,b,corr
2559,1,0.13475528722110508,54.0,741.2714453475862,-594.3604830742405,7.420859104097417
2559,2,0.13541306883485277,54.0,726.916947230568,-580.1499085725306,7.3848115887513135
2559,4,0.13457372201651271,54.0,745.7408836613348,-597.2722140776373,7.430871235598999
2559,8,0.13434401178214556,54.0,751.3879424124722,-605.8460386422498,7.443577028365182
2559,16,0.1348100201101914,54.0,739.2165750158997,-592.9572707058517,7.417846234149488
2559,32,0.13531019190251753,54.0,728.6730516391303,-581.1987344105652,7.390426293389909
