index,bin_size,m12,m23,m34,m13,m24,m14,m12_err,m23_err,m34_err,m13_err,m24_err,m14_err,corr12,corr23,corr34,corr13,corr24,corr14,corr12_err,corr23_err,corr34_err,corr13_err,corr24_err,corr14_err
1322,1,0.16230280820595963,,,,,,0.0620890706473766,,,,,,6.16132284495667,,,,,,2.3570190413240373,,,,,
1322,2,0.16248686870504783,,,,,,0.05980799282703301,,,,,,6.154343473842412,,,,,,2.2652841627886553,,,,,
1322,4,0.16320088804154154,,,,,,0.05923934793329552,,,,,,6.127417638471782,,,,,,2.2241559453135267,,,,,
1322,8,0.16047504235652213,,,,,,0.06160323948920902,,,,,,6.231498588910373,,,,,,2.392150793744357,,,,,
1322,16,0.16021862154862257,,,,,,0.06516863473592706,,,,,,6.241471748628942,,,,,,2.538707352925072,,,,,
1322,32,0.1586804436655161,,,,,,0.06914732968459453,,,,,,6.301973809122369,,,,,,2.74617747831369,,,,,
