index,bin_size,m12,m23,m34,m13,m24,m14,m12_err,m23_err,m34_err,m13_err,m24_err,m14_err,corr12,corr23,corr34,corr13,corr24,corr14,corr12_err,corr23_err,corr34_err,corr13_err,corr24_err,corr14_err
2138,1,0.16581999173852396,,,,,,0.0296911251930556,,,,,,6.030635929453348,,,,,,1.0798237564592732,,,,,
2138,2,0.16456616503749477,,,,,,0.030374335699299034,,,,,,6.076583237946633,,,,,,1.1215682101607678,,,,,
2138,4,0.1652337257330413,,,,,,0.0285650419211685,,,,,,6.052033236941246,,,,,,1.0462548269403464,,,,,
2138,8,0.16535598373710297,,,,,,0.032642960037249945,,,,,,6.047558590863487,,,,,,1.1938498319984836,,,,,
2138,16,0.16482423497707102,,,,,,0.03818293010685977,,,,,,6.067068960696901,,,,,,1.4054879133036138,,,,,
2138,32,0.1636378738935468,,,,,,0.03225192798074714,,,,,,6.1110547100516674,,,,,,1.204447917254225,,,,,
