index,bin_size,m12,m23,m34,m13,m24,m14,m12_err,m23_err,m34_err,m13_err,m24_err,m14_err,corr12,corr23,corr34,corr13,corr24,corr14,corr12_err,corr23_err,corr34_err,corr13_err,corr24_err,corr14_err
2704,1,0.05362831230753152,,,,,,0.060527362870709735,,,,,,18.646866868856524,,,,,,21.04570568808647,,,,,
2704,2,0.05443121168160282,,,,,,0.060564630136764434,,,,,,18.3718122214426,,,,,,20.44198498909835,,,,,
2704,4,0.05005069719076996,,,,,,0.05588789019000435,,,,,,19.979741664506,,,,,,22.30989118721981,,,,,
2704,8,0.05031648658564903,,,,,,0.05657013258825188,,,,,,19.87420163563674,,,,,,22.34429106451731,,,,,
2704,16,0.049402769216614156,,,,,,0.05639861902115839,,,,,,20.241780285945993,,,,,,23.108187511746603,,,,,
2704,32,0.0477895184143268,,,,,,0.05619869355260867,,,,,,20.925090546637744,,,,,,24.607127048146644,,,,,
