index,bin_size,m12,m23,m34,m13,m24,m14,m12_err,m23_err,m34_err,m13_err,m24_err,m14_err,corr12,corr23,corr34,corr13,corr24,corr14,corr12_err,corr23_err,corr34_err,corr13_err,corr24_err,corr14_err
668,1,0.08543431415614569,,,,,,0.06840852700713478,,,,,,11.704898785426316,,,,,,9.372286681147497,,,,,
668,2,0.08668016408985676,,,,,,0.06931081590162216,,,,,,11.536664824069238,,,,,,9.224897762201554,,,,,
668,4,0.08973208210397343,,,,,,0.07089542001159349,,,,,,11.144286152206858,,,,,,8.804864759235368,,,,,
668,8,0.08700943750726763,,,,,,0.07137916251894626,,,,,,11.493006145643376,,,,,,9.428415778835536,,,,,
668,16,0.08764113182640017,,,,,,0.06879342211197234,,,,,,11.410167568132314,,,,,,8.95634797868293,,,,,
668,32,0.08309618672187553,,,,,,0.06735195904818984,,,,,,12.034246569544983,,,,,,9.754118860359645,,,,,
