index,bin_size,m,n,a,b,corr
2178,1,5.424060700091503e-7,24.0,613813854011248.6,-613813854011232.5,1843637.1849288675
2178,2,-9.555150458027984e-6,24.0,1980566737772.3357,-1980566737756.1553,-104655.59955257707
2178,4,-8.888196907555679e-6,24.0,2294372176079.4478,-2294372176060.29,-112508.75857058477
2178,8,-7.637984904344379e-6,24.0,3099523233276.9766,-3099523233260.203,-130924.58449757003
2178,16,-0.00002421783157976947,24.0,307867797807.3641,-307867797792.06134,-41291.88844617108
2178,32,-0.00002629478925097399,24.0,260905929562.33508,-260905929555.32648,-38030.34853998531
