index,bin_size,m12,m23,m34,m13,m24,m14,m12_err,m23_err,m34_err,m13_err,m24_err,m14_err,corr12,corr23,corr34,corr13,corr24,corr14,corr12_err,corr23_err,corr34_err,corr13_err,corr24_err,corr14_err
1524,1,0.05322179100913101,,,,,,0.060536163356843184,,,,,,18.78929628332941,,,,,,21.37154514346599,,,,,
1524,2,0.05486220489657883,,,,,,0.06176470603235894,,,,,,18.227484693426153,,,,,,20.520779941693405,,,,,
1524,4,0.0519603699515833,,,,,,0.06028222861335153,,,,,,19.245436491922604,,,,,,22.3277433061168,,,,,
1524,8,0.05269769845831367,,,,,,0.06215823074557269,,,,,,18.976160805031103,,,,,,22.382848141219576,,,,,
1524,16,0.0492095910832025,,,,,,0.05804343303751051,,,,,,20.321241814613373,,,,,,23.969202192947964,,,,,
1524,32,0.0544478030669774,,,,,,0.06246792655206714,,,,,,18.366213945673415,,,,,,21.07154447327399,,,,,
