index,bin_size,m,n,a,b,corr
2437,1,0.05024597486010565,24.0,56919.62525986559,-56893.85376615267,19.90209171548945
2437,2,0.0519032679706736,24.0,53219.2946841618,-53196.06617879065,19.26660958159745
2437,4,0.052865770547931505,24.0,51203.46533683557,-51179.00298468472,18.915831352412347
2437,8,0.05094489258977382,24.0,55254.37022744159,-55230.744668639025,19.629053064305218
2437,16,0.051070371198572974,24.0,55005.394144770245,-54984.224359918124,19.580824977985323
2437,32,0.048559619850579744,24.0,61071.06134325495,-61045.07878917368,20.593241937993902
