index,bin_size,m,n,a,b,corr
2200,1,0.11984123688844843,24.0,8325.082472425098,-8348.724075527394,8.344373155384135
2200,2,0.11970911110968656,24.0,8358.862242834852,-8384.847601807694,8.353583037499329
2200,4,0.12001342490996299,24.0,8312.3774666203,-8336.406279203711,8.332401152206302
2200,8,0.11926285074917468,24.0,8430.920381820928,-8453.300228535849,8.38484065841366
2200,16,0.11966849390248956,24.0,8362.328004921339,-8386.898454914277,8.35641836367422
2200,32,0.11934765320302153,24.0,8420.389876180356,-8443.64320397533,8.378882811368786
