index,bin_size,m,n,a,b,corr
497,1,0.06391894534276853,36.0,21961.59612363606,-21719.659183299384,15.644813828473705
497,2,0.06459949549248481,36.0,21422.477003232107,-21177.965725492915,15.479997055338227
497,4,0.06413472119731684,36.0,21782.63614722155,-21537.215703330134,15.59217817324567
497,8,0.06310764146952441,36.0,22576.887309621274,-22327.217897622853,15.845941580353854
497,16,0.06384780401178265,36.0,22026.199923055483,-21785.830938720326,15.662245796510984
497,32,0.06386571007546744,36.0,21991.650181828034,-21747.901216873623,15.657854564183843
