index,bin_size,m,n,a,b,corr
830,1,0.20994151566276834,16.0,3236.378036655415,-3194.407152901295,4.763231306790756
830,2,0.20963862825117063,16.0,3248.5680397592228,-3204.871025135597,4.77011325795305
830,4,0.21119150336152412,16.0,3186.9256250772837,-3144.20168589317,4.735038976867214
830,8,0.21089016934324506,16.0,3201.173245970731,-3159.468739603426,4.74180471813458
830,16,0.2112304664626802,16.0,3185.763022697735,-3142.460901919264,4.734165562128691
830,32,0.21010958074983616,16.0,3228.519663691646,-3185.7085847268845,4.759421233583037
