index,bin_size,m,n,a,b,corr
11,1,0.10100144150102938,16.0,19992.87826350374,-19996.56579872638,9.900848791250255
11,2,0.10202189574246165,16.0,19516.571768970396,-19517.0358586833,9.801817469892384
11,4,0.10271395718727691,16.0,19263.266831079112,-19264.039639730217,9.735775228450347
11,8,0.10419447668908116,16.0,18643.802530759513,-18644.933795426958,9.597437712404124
11,16,0.10053373715208057,16.0,20129.56526722173,-20127.29755825922,9.9469096477262
11,32,0.09855071828927867,16.0,21022.730483951178,-21023.053877086524,10.147059477178768
