index,bin_size,m12,m23,m34,m13,m24,m14,m12_err,m23_err,m34_err,m13_err,m24_err,m14_err,corr12,corr23,corr34,corr13,corr24,corr14,corr12_err,corr23_err,corr34_err,corr13_err,corr24_err,corr14_err
176,1,0.10942097273957552,,,,,,0.042606457588457936,,,,,,9.139015811713021,,,,,,3.558559934471917,,,,,
176,2,0.11099389747711108,,,,,,0.041102925002051864,,,,,,9.009504330688252,,,,,,3.336372442334558,,,,,
176,4,0.108513094910114,,,,,,0.04334142333229403,,,,,,9.215477641922778,,,,,,3.6807715973700286,,,,,
176,8,0.109683479715867,,,,,,0.04677729814558387,,,,,,9.11714327983103,,,,,,3.8882366837871922,,,,,
176,16,0.10825102005740875,,,,,,0.0520844236446446,,,,,,9.237788239498068,,,,,,4.444714478906226,,,,,
176,32,0.11114629329569337,,,,,,0.03803790600173627,,,,,,8.997151145109285,,,,,,3.07912013431348,,,,,
