index,bin_size,m,n,a,b,corr
2570,1,0.08916670041710244,54.0,4784.3318682256095,-4826.3162567137815,11.214949026062616
2570,2,0.08957813256189433,54.0,4716.339291233902,-4757.042357366367,11.163438792487067
2570,4,0.08891619902031249,54.0,4816.962294525997,-4851.672504989914,11.246544623118163
2570,8,0.08952176884004803,54.0,4719.195501534992,-4767.4756861169535,11.170467395329712
2570,16,0.08933501937076832,54.0,4746.21612731407,-4772.772585707109,11.19381858361374
2570,32,0.08936535543973859,54.0,4741.564468241776,-4780.652589833649,11.190018716753455
