index,bin_size,m,n,a,b,corr
2153,1,0.15188293702659036,24.0,3949.500819680912,-3937.4477228487776,6.584018057439385
2153,2,0.1519259513317842,24.0,3951.712039833337,-3942.288826349546,6.582153945616213
2153,4,0.15169950662325635,24.0,3966.1351247607445,-3956.3689677847105,6.591979250687257
2153,8,0.15146639867250736,24.0,3978.991292768067,-3968.5020227131236,6.602124357377422
2153,16,0.1511550052081365,24.0,3999.569281881923,-3987.964036156763,6.615725351754156
2153,32,0.1514773198337762,24.0,3975.613955056967,-3961.542573274284,6.601648359618134
