index,bin_size,m,n,a,b,corr
2191,1,0.2310473442800186,24.0,923.616653658973,-830.4942166176813,4.328117265819107
2191,2,0.2307885815377358,24.0,927.8804528636645,-831.8191240470344,4.33296999936928
2191,4,0.23161039313643275,24.0,915.5275951080517,-818.7170556200925,4.317595538171461
2191,8,0.23085608580185224,24.0,925.557114718905,-829.8666342379332,4.331703002442471
2191,16,0.2305055183998418,24.0,930.4722320970507,-834.8556961170536,4.338290930915458
2191,32,0.2300190399531662,24.0,938.5903055378185,-843.2971996227261,4.347466193249082
