index,bin_size,m12,m23,m34,m13,m24,m14,m12_err,m23_err,m34_err,m13_err,m24_err,m14_err,corr12,corr23,corr34,corr13,corr24,corr14,corr12_err,corr23_err,corr34_err,corr13_err,corr24_err,corr14_err
1101,1,0.21932887288332653,,,,,,0.044053646609123746,,,,,,4.5593632377437,,,,,,0.9157780924950916,,,,,
1101,2,0.21627478430083613,,,,,,0.05035266726535692,,,,,,4.623747531330373,,,,,,1.0764917496819515,,,,,
1101,4,0.21723766044206866,,,,,,0.05200720388580688,,,,,,4.603253404428338,,,,,,1.1020296290015574,,,,,
1101,8,0.2150041830834291,,,,,,0.054992334692353796,,,,,,4.651072298495538,,,,,,1.1896202243560672,,,,,
1101,16,0.21604082277594397,,,,,,0.05851998048695017,,,,,,4.628754821199235,,,,,,1.2538123042439064,,,,,
1101,32,0.21408319201310397,,,,,,0.06239689044224512,,,,,,4.671081324024683,,,,,,1.3614377984617547,,,,,
