index,bin_size,m12,m23,m34,m13,m24,m14,m12_err,m23_err,m34_err,m13_err,m24_err,m14_err,corr12,corr23,corr34,corr13,corr24,corr14,corr12_err,corr23_err,corr34_err,corr13_err,corr24_err,corr14_err
1207,1,0.10609471146459616,,,,,,0.06617992976326605,,,,,,9.425540502400068,,,,,,5.879478814905982,,,,,
1207,2,0.10820796930783878,,,,,,0.0653687293578812,,,,,,9.24146351138999,,,,,,5.582793310058212,,,,,
1207,4,0.1080408485022462,,,,,,0.062370062149809564,,,,,,9.255758482674354,,,,,,5.343184913954325,,,,,
1207,8,0.10784365147135468,,,,,,0.0588446575759223,,,,,,9.272683058822604,,,,,,5.059619662001211,,,,,
1207,16,0.10681716606214435,,,,,,0.05864315295184761,,,,,,9.361791150855074,,,,,,5.139669686082537,,,,,
1207,32,0.10959636412260647,,,,,,0.05376814998330553,,,,,,9.124390284346392,,,,,,4.476440338532691,,,,,
