index,bin_size,m,n,a,b,corr
2420,1,0.10262702337924032,24.0,12822.587577530585,-12880.698747428594,9.744022257224337
2420,2,0.10174481323045768,24.0,13071.119114333507,-13124.955339060598,9.828510842463725
2420,4,0.10051749861613879,24.0,13448.047085661266,-13506.562478482512,9.94851656445262
2420,8,0.10099916971232172,24.0,13306.838300471381,-13362.897481012002,9.901071492452099
2420,16,0.10232762325996203,24.0,12906.883591446118,-12970.275135004209,9.772532265891808
2420,32,0.10188085240614465,24.0,13038.377572954256,-13096.618134103275,9.815387056377709
