index,bin_size,m,n,a,b,corr
836,1,0.09233860759076705,16.0,28432.750181475883,-28492.44269056931,10.829706296112594
836,2,0.0952634363144416,16.0,26615.809587830052,-26674.440367537067,10.497206889527284
836,4,0.09401031058317892,16.0,27418.536892975586,-27479.064437719117,10.63713111675357
836,8,0.09445579933795964,16.0,27100.161358250887,-27158.298263391698,10.58696244178755
836,16,0.09426899130775923,16.0,27265.117170157424,-27326.106535670093,10.607942082835148
836,32,0.09561438437483155,16.0,26442.863922657132,-26502.49550982256,10.458677389792708
