index,bin_size,m12,m23,m34,m13,m24,m14,m12_err,m23_err,m34_err,m13_err,m24_err,m14_err,corr12,corr23,corr34,corr13,corr24,corr14,corr12_err,corr23_err,corr34_err,corr13_err,corr24_err,corr14_err
740,1,0.106884648827196,,,,,,0.06846361103439542,,,,,,9.355880483985437,,,,,,5.9927910075790995,,,,,
740,2,0.10547094864776019,,,,,,0.06782779441363465,,,,,,9.481283830485735,,,,,,6.097362152105397,,,,,
740,4,0.1120621148920449,,,,,,0.06917603466296907,,,,,,8.923622412118052,,,,,,5.508559372581921,,,,,
740,8,0.10785782341411687,,,,,,0.06335471088706568,,,,,,9.271464677722358,,,,,,5.4459745761925085,,,,,
740,16,0.1107906330518075,,,,,,0.06112620751077919,,,,,,9.026033812194067,,,,,,4.979908504949938,,,,,
740,32,0.10901117109637651,,,,,,0.056010882028869835,,,,,,9.173371774126732,,,,,,4.713357714443044,,,,,
