index,bin_size,m,n,a,b,corr
2992,1,-0.0000514475496059946,24.0,66591071580.03003,-66591071662.78287,-19437.271700176003
2992,2,0.000012765544899044655,24.0,1083298950348.899,-1083298950428.5851,78335.86485406023
2992,4,0.00003060215210859212,24.0,188380282095.23743,-188380282171.72876,32677.440346400715
2992,8,-0.000026058199339592908,24.0,259430899338.3337,-259430899418.52225,-38375.63704874254
2992,16,-1.4829211412001562e-6,24.0,80068156508164.3,-80068156508248.53,-674344.6918496833
2992,32,-2.604593042700562e-6,24.0,25996756102499.812,-25996756102582.004,-383937.1385877442
