index,bin_size,m,n,a,b,corr
230,1,0.1198033882757309,24.0,7717.352701161937,-7689.078431072056,8.347009332477906
230,2,0.1211316168527862,24.0,7504.760827908684,-7477.33768020517,8.255482969531572
230,4,0.1191134059400115,24.0,7824.716803770114,-7797.786479123505,8.395360640628688
230,8,0.119396179093083,24.0,7765.939716825814,-7737.27241057164,8.375477403011242
230,16,0.11988307683473713,24.0,7701.277289443186,-7672.303203733498,8.341460916777551
230,32,0.1191382296588098,24.0,7807.373106673781,-7778.549248619988,8.393611377840832
