index,bin_size,m12,m23,m34,m13,m24,m14,m12_err,m23_err,m34_err,m13_err,m24_err,m14_err,corr12,corr23,corr34,corr13,corr24,corr14,corr12_err,corr23_err,corr34_err,corr13_err,corr24_err,corr14_err
36,1,0.1385747427662461,,,,,,0.0617360911303692,,,,,,7.216322253520929,,,,,,3.214925890362147,,,,,
36,2,0.1396695794052511,,,,,,0.06548484663199312,,,,,,7.159755218410885,,,,,,3.356890415198185,,,,,
36,4,0.1352889266310578,,,,,,0.06564619069097859,,,,,,7.391587951075026,,,,,,3.586617206807068,,,,,
36,8,0.13844780430306022,,,,,,0.0627941550508085,,,,,,7.222938673776397,,,,,,3.2760240098193516,,,,,
36,16,0.1360144428446588,,,,,,0.0641033031523414,,,,,,7.352160396246253,,,,,,3.4650567752093657,,,,,
36,32,0.13796079982887477,,,,,,0.05569775522950789,,,,,,7.248435796547934,,,,,,2.9263501175239797,,,,,
