index,bin_size,m,n,a,b,corr
1891,1,-0.00001560866546389529,16.0,1103578192168.8643,-1103578192067.279,-64066.97627757605
1891,2,-0.000011362801753595586,16.0,2087108097628.8398,-2087108097522.9841,-88006.46369488628
1891,4,0.00002153908353277903,16.0,580159009494.1377,-580159009393.4979,46427.23068872269
1891,8,-4.455324619965454e-7,16.0,1354257758047890.2,-1354257758047789.0,-2244505.3622327386
1891,16,-0.00005494921390763356,16.0,89189068947.70477,-89189068845.22905,-18198.622489503527
1891,32,0.000033484679607074176,16.0,239985758605.215,-239985758501.68347,29864.404012058516
