index,bin_size,m,n,a,b,corr
2471,1,0.11292324320033258,24.0,10161.946862700406,-10177.785523500615,8.855572791386626
2471,2,0.11242476522195059,24.0,10264.060810973917,-10282.54836052762,8.894837343229364
2471,4,0.11223467721626118,24.0,10310.837602569307,-10326.292696247176,8.909902222760742
2471,8,0.11411799658697902,24.0,9917.062940855978,-9935.878867288533,8.762859758388897
2471,16,0.11363890912737074,24.0,9995.903332037979,-10010.690732193088,8.799802881591926
2471,32,0.11215520502300251,24.0,10339.547216801015,-10359.502110143243,8.916215701223182
