index,bin_size,m,n,a,b,corr
1130,1,0.027082491995609092,16.0,330538.57630177523,-330463.7187061806,36.92422396587917
1130,2,0.008956344283692658,16.0,3040017.9799398216,-3039942.5327946576,111.65269761020228
1130,4,0.013544459713350648,16.0,1326920.0791830015,-1326842.9314405248,73.83092579280289
1130,8,0.017113387064107984,16.0,830789.6616252845,-830713.4297419119,58.433786149634074
1130,16,0.028703273183407842,16.0,293930.9976460468,-293854.1807599647,34.83923222310611
1130,32,0.01978002782517668,16.0,621910.6738912192,-621832.1797076279,50.556046171338885
