index,bin_size,m,n,a,b,corr
270,1,0.17438428453871924,24.0,2246.6624762136953,-2275.9208599071294,5.734461695589123
270,2,0.174235383094949,24.0,2254.6753817221033,-2283.608264394024,5.739362362781693
270,4,0.17496958337090368,24.0,2226.624644836275,-2255.834506937233,5.715279082994568
270,8,0.17536544073867655,24.0,2214.099265714134,-2245.7512891465826,5.702377821923107
270,16,0.17516484722735298,24.0,2220.4679810226485,-2252.2779024218025,5.708908013387314
270,32,0.17537088014506888,24.0,2209.4202816040693,-2241.0674605625877,5.702200953617774
