index,bin_size,m,n,a,b,corr
1543,1,0.1015190531222998,16.0,17483.486435590912,-17513.721136150532,9.850367682166047
1543,2,0.09863360841336645,16.0,18619.914240011123,-18651.330415376604,10.138532048924652
1543,4,0.10171793964803634,16.0,17434.99565885653,-17466.23610743945,9.831107506308058
1543,8,0.10088365680113484,16.0,17716.274913391273,-17747.39667989718,9.91240832963889
1543,16,0.10152035937022948,16.0,17500.962899312704,-17530.120069537963,9.850240938895325
1543,32,0.10311779200832112,16.0,16888.363464336206,-16918.843744263122,9.697647520607353
