index,bin_size,m,n,a,b,corr
2892,1,0.00002562691523937404,24.0,250670715673.51886,-250670715544.6049,39021.47373803176
2892,2,-4.381082414600668e-6,24.0,8573884736082.211,-8573884735952.833,-228254.09461993634
2892,4,-0.000024853248263788133,24.0,266532870661.773,-266532870530.61206,-40236.189225093265
2892,8,-1.510976415685783e-6,24.0,72087318776253.38,-72087318776125.8,-661823.6986486203
2892,16,0.000025607152103977055,24.0,250646781580.95364,-250646781454.23383,39051.58980348657
2892,32,-5.656286985184128e-7,24.0,513262873492395.1,-513262873492272.3,-1767944.2408409677
