index,bin_size,m12,m23,m34,m13,m24,m14,m12_err,m23_err,m34_err,m13_err,m24_err,m14_err,corr12,corr23,corr34,corr13,corr24,corr14,corr12_err,corr23_err,corr34_err,corr13_err,corr24_err,corr14_err
2681,1,0.02495405438557953,,,,,,0.04475499052582743,,,,,,40.07364833579432,,,,,,71.87191804151239,,,,,
2681,2,0.030890790557750222,,,,,,0.05158557085028065,,,,,,32.372107736462866,,,,,,54.05927226401955,,,,,
2681,4,0.03034174172460688,,,,,,0.0509733698755291,,,,,,32.95789704745292,,,,,,55.36844561421407,,,,,
2681,8,0.034278749141618305,,,,,,0.056169200412332095,,,,,,29.172593080004958,,,,,,47.80224682320051,,,,,
2681,16,0.0415141355515728,,,,,,0.06215977836294505,,,,,,24.088180729614496,,,,,,36.06761782283273,,,,,
2681,32,0.04168665222304573,,,,,,0.0647102776754746,,,,,,23.988493838494605,,,,,,37.23738929669278,,,,,
