index,bin_size,m12,m23,m34,m13,m24,m14,m12_err,m23_err,m34_err,m13_err,m24_err,m14_err,corr12,corr23,corr34,corr13,corr24,corr14,corr12_err,corr23_err,corr34_err,corr13_err,corr24_err,corr14_err
2995,1,0.10166995073752827,,,,,,0.04244914200546493,,,,,,9.835747856135052,,,,,,4.1066121744554955,,,,,
2995,2,0.10155976362119654,,,,,,0.042618834411167705,,,,,,9.84641913632113,,,,,,4.13197994708841,,,,,
2995,4,0.10039547143851271,,,,,,0.04360146329340621,,,,,,9.960608637735724,,,,,,4.325863564117079,,,,,
2995,8,0.10105267277755303,,,,,,0.042576577533664416,,,,,,9.895829298857807,,,,,,4.16941513590839,,,,,
2995,16,0.10215640926480968,,,,,,0.039099296636584124,,,,,,9.788911015928543,,,,,,3.7466032558836257,,,,,
2995,32,0.10189192489514085,,,,,,0.04138153901627886,,,,,,9.814320428523864,,,,,,3.9859064803141337,,,,,
