index,bin_size,m12,m23,m34,m13,m24,m14,m12_err,m23_err,m34_err,m13_err,m24_err,m14_err,corr12,corr23,corr34,corr13,corr24,corr14,corr12_err,corr23_err,corr34_err,corr13_err,corr24_err,corr14_err
1737,1,0.06880627148442565,,,,,,0.06372003987632797,,,,,,14.533558910052998,,,,,,13.459223023051866,,,,,
1737,2,0.06904288025788324,,,,,,0.06551105196432212,,,,,,14.483752651466492,,,,,,13.742848922938315,,,,,
1737,4,0.06711011214805887,,,,,,0.06598075240375932,,,,,,14.900884054459512,,,,,,14.650125143962468,,,,,
1737,8,0.06948661617859264,,,,,,0.06463785719017463,,,,,,14.391260576422757,,,,,,13.387041952576553,,,,,
1737,16,0.07034896290218698,,,,,,0.0661484263354539,,,,,,14.214850635259506,,,,,,13.366081905476282,,,,,
1737,32,0.07143422162736758,,,,,,0.06931156612450923,,,,,,13.99889264863053,,,,,,13.582917982180819,,,,,
