index,bin_size,m12,m23,m34,m13,m24,m14,m12_err,m23_err,m34_err,m13_err,m24_err,m14_err,corr12,corr23,corr34,corr13,corr24,corr14,corr12_err,corr23_err,corr34_err,corr13_err,corr24_err,corr14_err
311,1,0.03429959523658113,,,,,,0.03993417317834965,,,,,,29.154862997726635,,,,,,33.9442882608875,,,,,
311,2,0.03386212478833194,,,,,,0.04000555547710899,,,,,,29.531519544354627,,,,,,34.88927085467766,,,,,
311,4,0.034762988032659765,,,,,,0.04160546320030007,,,,,,28.766226857728736,,,,,,34.42834637276562,,,,,
311,8,0.034040905494541376,,,,,,0.040420152705708146,,,,,,29.37642185106841,,,,,,34.88154735948173,,,,,
311,16,0.033964582915468625,,,,,,0.04184731715895959,,,,,,29.442434270098634,,,,,,36.27563712173554,,,,,
311,32,0.03392687588513334,,,,,,0.0404711113194276,,,,,,29.475157199434246,,,,,,35.16069007399096,,,,,
