index,bin_size,m12,m23,m34,m13,m24,m14,m12_err,m23_err,m34_err,m13_err,m24_err,m14_err,corr12,corr23,corr34,corr13,corr24,corr14,corr12_err,corr23_err,corr34_err,corr13_err,corr24_err,corr14_err
966,1,0.13517110596045498,,,,,,0.06624965226965272,,,,,,7.398030761785401,,,,,,3.6259003872607445,,,,,
966,2,0.1345653339711175,,,,,,0.06798025644453315,,,,,,7.431334434280344,,,,,,3.75419140769121,,,,,
966,4,0.1350905031032819,,,,,,0.06685826399995122,,,,,,7.402444857544585,,,,,,3.663578128452271,,,,,
966,8,0.13677897033050063,,,,,,0.06335262929140559,,,,,,7.311065418782495,,,,,,3.386304313317805,,,,,
966,16,0.13620625058995547,,,,,,0.0622487796658597,,,,,,7.341806970448572,,,,,,3.355341788451145,,,,,
966,32,0.13432507326833845,,,,,,0.06636225869415473,,,,,,7.444626499494405,,,,,,3.677959874653254,,,,,
