index,bin_size,m12,m23,m34,m13,m24,m14,m12_err,m23_err,m34_err,m13_err,m24_err,m14_err,corr12,corr23,corr34,corr13,corr24,corr14,corr12_err,corr23_err,corr34_err,corr13_err,corr24_err,corr14_err
797,1,0.0759895535412149,,,,,,0.06752432911227506,,,,,,13.15970358290925,,,,,,11.693714653427913,,,,,
797,2,0.07480916499748486,,,,,,0.06629645252973043,,,,,,13.367346100355762,,,,,,11.846244056065965,,,,,
797,4,0.07377161206501111,,,,,,0.06368778443450032,,,,,,13.555349707130592,,,,,,11.702471532290897,,,,,
797,8,0.0748429655914252,,,,,,0.06300773174925928,,,,,,13.361309137041605,,,,,,11.24842896420579,,,,,
797,16,0.07523539202180642,,,,,,0.06447134070233722,,,,,,13.29161679266797,,,,,,11.38996330977619,,,,,
797,32,0.07093591243093839,,,,,,0.06454708637344024,,,,,,14.097231793184836,,,,,,12.827567969425951,,,,,
