index,bin_size,m12,m23,m34,m13,m24,m14,m12_err,m23_err,m34_err,m13_err,m24_err,m14_err,corr12,corr23,corr34,corr13,corr24,corr14,corr12_err,corr23_err,corr34_err,corr13_err,corr24_err,corr14_err
1426,1,0.20912231949601184,,,,,,0.04424389901265641,,,,,,4.781890342503928,,,,,,1.011702021636077,,,,,
1426,2,0.20825437824829812,,,,,,0.045379329889760844,,,,,,4.801819814840662,,,,,,1.0463326979327285,,,,,
1426,4,0.20959265180756187,,,,,,0.04265641872133999,,,,,,4.771159634537918,,,,,,0.9710291911572737,,,,,
1426,8,0.20931725705454787,,,,,,0.04361337750747842,,,,,,4.7774369589574786,,,,,,0.995427536846108,,,,,
1426,16,0.2094634611399816,,,,,,0.03912015790791142,,,,,,4.774102340129449,,,,,,0.8916287184311438,,,,,
1426,32,0.20901071816908043,,,,,,0.04116133496766814,,,,,,4.784443634086958,,,,,,0.9422200391525842,,,,,
