index,bin_size,m12,m23,m34,m13,m24,m14,m12_err,m23_err,m34_err,m13_err,m24_err,m14_err,corr12,corr23,corr34,corr13,corr24,corr14,corr12_err,corr23_err,corr34_err,corr13_err,corr24_err,corr14_err
1258,1,0.014918081081884532,,,,,,0.036117130855501424,,,,,,67.03275002401814,,,,,,162.28833929328275,,,,,
1258,2,0.01348773692634606,,,,,,0.032474114005981,,,,,,74.14142234985809,,,,,,178.50859748397679,,,,,
1258,4,0.01423902871723332,,,,,,0.034174134579139204,,,,,,70.22950931967097,,,,,,168.5531190770489,,,,,
1258,8,0.012819825242767952,,,,,,0.030728204879612583,,,,,,78.00418344736252,,,,,,186.97045279845912,,,,,
1258,16,0.012757726557641805,,,,,,0.03085416815679636,,,,,,78.38387156848144,,,,,,189.56897557159243,,,,,
1258,32,0.015421626639407325,,,,,,0.035595006876028845,,,,,,64.84400273604545,,,,,,149.66791618212045,,,,,
