index,bin_size,m12,m23,m34,m13,m24,m14,m12_err,m23_err,m34_err,m13_err,m24_err,m14_err,corr12,corr23,corr34,corr13,corr24,corr14,corr12_err,corr23_err,corr34_err,corr13_err,corr24_err,corr14_err
126,1,0.0035476393359134923,,,,,,0.016993588576257407,,,,,,281.8775826157951,,,,,,1350.2250973912514,,,,,
126,2,0.0026612773003668183,,,,,,0.014905715871746165,,,,,,375.759414421851,,,,,,2104.614602444404,,,,,
126,4,0.003570685524743801,,,,,,0.017110612667206763,,,,,,280.05826698271073,,,,,,1342.0304021128186,,,,,
126,8,0.004159659936033024,,,,,,0.019159899151166462,,,,,,240.40426750694382,,,,,,1107.331270290293,,,,,
126,16,0.004117097851626225,,,,,,0.01964479916581007,,,,,,242.88953919446118,,,,,,1158.9513751942104,,,,,
126,32,0.0070151305148855505,,,,,,0.025973146488204146,,,,,,142.54902284114021,,,,,,527.7801523645206,,,,,
