index,bin_size,m12,m23,m34,m13,m24,m14,m12_err,m23_err,m34_err,m13_err,m24_err,m14_err,corr12,corr23,corr34,corr13,corr24,corr14,corr12_err,corr23_err,corr34_err,corr13_err,corr24_err,corr14_err
978,1,0.052848287347664745,,,,,,0.058872308398615965,,,,,,18.922089062630484,,,,,,21.07896241770046,,,,,
978,2,0.05432497962671554,,,,,,0.059317686199931136,,,,,,18.407738150503185,,,,,,20.09949092967685,,,,,
978,4,0.053259386409340845,,,,,,0.0604243324640609,,,,,,18.776033060430002,,,,,,21.301958968882204,,,,,
978,8,0.055353438248460216,,,,,,0.0589133417720562,,,,,,18.065725122825903,,,,,,19.22757234598107,,,,,
978,16,0.052109079598653,,,,,,0.0593391770553938,,,,,,19.190513586155333,,,,,,21.853183595709638,,,,,
978,32,0.05105809598330364,,,,,,0.05334029595695542,,,,,,19.585532533900345,,,,,,20.4609686615507,,,,,
