index,bin_size,m,n,a,b,corr
2697,1,0.11843095032231347,16.0,12984.68885926942,-12897.760854881417,8.4437387125449
2697,2,0.11779599775200501,16.0,13145.968072844074,-13059.522027293799,8.489252768207729
2697,4,0.11689114992985042,16.0,13365.891623511343,-13277.676541233226,8.554967596778091
2697,8,0.11786792856474362,16.0,13121.18684145134,-13034.501136586554,8.484072064189288
2697,16,0.11905663481869855,16.0,12832.477696394824,-12744.618636247078,8.39936389536641
2697,32,0.11622276439095003,16.0,13530.561955048312,-13441.781755988648,8.60416636310767
