index,bin_size,m12,m23,m34,m13,m24,m14,m12_err,m23_err,m34_err,m13_err,m24_err,m14_err,corr12,corr23,corr34,corr13,corr24,corr14,corr12_err,corr23_err,corr34_err,corr13_err,corr24_err,corr14_err
1439,1,0.14270143132490165,,,,,,0.06558963052120913,,,,,,7.007638190560309,,,,,,3.220909527520339,,,,,
1439,2,0.14267662961377356,,,,,,0.06754585445474727,,,,,,7.008856339731361,,,,,,3.318127092708004,,,,,
1439,4,0.1424008902252654,,,,,,0.06801368960609461,,,,,,7.022428008828386,,,,,,3.3540607654772736,,,,,
1439,8,0.14007038614094494,,,,,,0.06866697856542212,,,,,,7.139267817779529,,,,,,3.499897185426347,,,,,
1439,16,0.1437694852634124,,,,,,0.0640987295614835,,,,,,6.955578912783991,,,,,,3.1011015366524393,,,,,
1439,32,0.14008539116216,,,,,,0.06678500415057832,,,,,,7.1385031065974625,,,,,,3.4032453751808958,,,,,
