index,bin_size,m,n,a,b,corr
1217,1,0.11476326613319722,16.0,15390.736121627788,-15415.778426886269,8.713589580479297
1217,2,0.11450368266140609,16.0,15494.576569945148,-15520.619317512526,8.73334356377914
1217,4,0.11541523911144941,16.0,15203.280037939807,-15228.197208754482,8.664367094837116
1217,8,0.11525219404711533,16.0,15262.999290512,-15289.528495281987,8.676624408479356
1217,16,0.11475512096124442,16.0,15399.840819544692,-15425.145364799922,8.71420805994117
1217,32,0.11738326696247338,16.0,14662.036741309894,-14689.25695628097,8.519101792589339
