index,bin_size,m12,m23,m34,m13,m24,m14,m12_err,m23_err,m34_err,m13_err,m24_err,m14_err,corr12,corr23,corr34,corr13,corr24,corr14,corr12_err,corr23_err,corr34_err,corr13_err,corr24_err,corr14_err
501,1,0.12847470342348588,,,,,,0.022057074810165413,,,,,,7.783633457426565,,,,,,1.3363267700992365,,,,,
501,2,0.12931807320869387,,,,,,0.021576253612910518,,,,,,7.732871169416491,,,,,,1.290201635142189,,,,,
501,4,0.12980255977823824,,,,,,0.02144052755243403,,,,,,7.704008316233936,,,,,,1.2725327054458224,,,,,
501,8,0.12973070798150213,,,,,,0.02041155785526007,,,,,,7.708275207613811,,,,,,1.2128038751388794,,,,,
501,16,0.12943600222452528,,,,,,0.023229173838639698,,,,,,7.725825758009404,,,,,,1.3865118397934897,,,,,
501,32,0.1303809752249048,,,,,,0.026414466067088832,,,,,,7.669830650330835,,,,,,1.5538653634397956,,,,,
