index,bin_size,m12,m23,m34,m13,m24,m14,m12_err,m23_err,m34_err,m13_err,m24_err,m14_err,corr12,corr23,corr34,corr13,corr24,corr14,corr12_err,corr23_err,corr34_err,corr13_err,corr24_err,corr14_err
1857,1,0.032829950639374376,,,,,,0.05023348806301556,,,,,,30.459990969363716,,,,,,46.607185297560726,,,,,
1857,2,0.03134051546074719,,,,,,0.0486933693052088,,,,,,31.907579862636982,,,,,,49.57441021775028,,,,,
1857,4,0.027399654958381828,,,,,,0.04432449040690705,,,,,,36.49680996052434,,,,,,59.040980823851555,,,,,
1857,8,0.03192917926361109,,,,,,0.04889552597440611,,,,,,31.319314278136662,,,,,,47.96159438186654,,,,,
1857,16,0.03486658287478248,,,,,,0.05321729102650287,,,,,,28.680757262371632,,,,,,43.77578988952294,,,,,
1857,32,0.036142023600117125,,,,,,0.055022398702181646,,,,,,27.668622295868328,,,,,,42.12254367235835,,,,,
