index,bin_size,m12,m23,m34,m13,m24,m14,m12_err,m23_err,m34_err,m13_err,m24_err,m14_err,corr12,corr23,corr34,corr13,corr24,corr14,corr12_err,corr23_err,corr34_err,corr13_err,corr24_err,corr14_err
1270,1,0.017695984968284017,,,,,,0.03782620953058724,,,,,,56.50999375238338,,,,,,120.79343806410958,,,,,
1270,2,0.01739567336004211,,,,,,0.03857373393230491,,,,,,57.48555858130801,,,,,,127.47035402255534,,,,,
1270,4,0.018102224440344403,,,,,,0.03812964380033179,,,,,,55.24182971520899,,,,,,116.35869927814402,,,,,
1270,8,0.017096779945255297,,,,,,0.03683884476231521,,,,,,58.49054636031157,,,,,,126.03099322387304,,,,,
1270,16,0.015611848306829547,,,,,,0.035030728389171234,,,,,,64.05391471569325,,,,,,143.72771529473508,,,,,
1270,32,0.0176280696970439,,,,,,0.038354151719463575,,,,,,56.72770854585926,,,,,,123.424922731628,,,,,
