index,bin_size,m,n,a,b,corr
759,1,0.039926454372487714,16.0,135331.23720761357,-135309.7463025066,25.046050687863588
759,2,0.042767042876083926,16.0,117696.50380553694,-117676.01130894021,23.382491113483496
759,4,0.03957502093364126,16.0,137646.0914743647,-137625.13506645474,25.268464208187876
759,8,0.03758324485306136,16.0,152957.4577437403,-152936.0348806635,26.60760144340077
759,16,0.03981507220983577,16.0,136120.34187036057,-136099.13156569866,25.11611669896617
759,32,0.042973308133773584,16.0,116476.42576482406,-116454.69922947967,23.270258758926683
