index,bin_size,m12,m23,m34,m13,m24,m14,m12_err,m23_err,m34_err,m13_err,m24_err,m14_err,corr12,corr23,corr34,corr13,corr24,corr14,corr12_err,corr23_err,corr34_err,corr13_err,corr24_err,corr14_err
2606,1,0.09605138439187189,,,,,,0.016002372164368686,,,,,,10.41109408605903,,,,,,1.7345112020839628,,,,,
2606,2,0.09715744430921308,,,,,,0.01473581591198068,,,,,,10.292572093780093,,,,,,1.5610687242042938,,,,,
2606,4,0.09662009029919442,,,,,,0.015147487094769017,,,,,,10.34981438025356,,,,,,1.622578485206122,,,,,
2606,8,0.09668358032270513,,,,,,0.017277814384164054,,,,,,10.343017880205254,,,,,,1.8483463532257025,,,,,
2606,16,0.096080716286001,,,,,,0.014448408831467275,,,,,,10.407915746832337,,,,,,1.5651196994209937,,,,,
2606,32,0.09639673103171893,,,,,,0.013497280585718297,,,,,,10.373795763582006,,,,,,1.4525184688465194,,,,,
