index,bin_size,m,n,a,b,corr
12,1,0.17588726116643935,16.0,5267.733390293672,-5321.781404950714,5.685460068956988
12,2,0.17440721954519747,16.0,5372.799099974276,-5425.811478767854,5.733707598846566
12,4,0.17691677342236797,16.0,5191.3913137941545,-5245.314226591887,5.652375298596576
12,8,0.17666324174538842,16.0,5212.151422889277,-5266.755950809118,5.6604870946567685
12,16,0.1776027340518518,16.0,5145.977523864364,-5199.044776544429,5.630543951581545
12,32,0.17610185190830163,16.0,5254.961906879529,-5309.110854733863,5.678531992501203
