index,bin_size,m,n,a,b,corr
1345,1,-0.000046642360107564216,16.0,127974680902.84372,-127974680905.41335,-21439.73842005103
1345,2,0.00001150357342104354,16.0,2102133410462.4111,-2102133410470.536,86929.50993564272
1345,4,0.000025275424977133465,16.0,435427708871.79675,-435427708879.66473,39564.12210297925
1345,8,-9.803161208241548e-7,16.0,289704385462692.7,-289704385462698.8,-1020079.1140303771
1345,16,-3.2016653440269764e-7,16.0,2711795483539272.5,-2711795483539276.0,-3123374.533398998
1345,32,-1.1897573323221292e-6,16.0,196441231286769.72,-196441231286775.88,-840507.5327825322
