index,bin_size,m12,m23,m34,m13,m24,m14,m12_err,m23_err,m34_err,m13_err,m24_err,m14_err,corr12,corr23,corr34,corr13,corr24,corr14,corr12_err,corr23_err,corr34_err,corr13_err,corr24_err,corr14_err
786,1,0.1390260454906743,,,,,,0.06323899707962718,,,,,,7.192896816352867,,,,,,3.271844345122446,,,,,
786,2,0.13646160671339178,,,,,,0.0645834527296207,,,,,,7.328068488159345,,,,,,3.468169371612837,,,,,
786,4,0.13787162522911312,,,,,,0.06185107961067975,,,,,,7.253124044474084,,,,,,3.253849745771854,,,,,
786,8,0.13683725967129087,,,,,,0.06488976223710036,,,,,,7.307951082930119,,,,,,3.46551231258826,,,,,
786,16,0.1343543497555827,,,,,,0.06629855200369718,,,,,,7.4430042780095995,,,,,,3.672827914295761,,,,,
786,32,0.13508507870104294,,,,,,0.07276604433394161,,,,,,7.402742106055266,,,,,,3.9876222115847564,,,,,
