index,bin_size,m12,m23,m34,m13,m24,m14,m12_err,m23_err,m34_err,m13_err,m24_err,m14_err,corr12,corr23,corr34,corr13,corr24,corr14,corr12_err,corr23_err,corr34_err,corr13_err,corr24_err,corr14_err
2187,1,0.17036314027923202,,,,,,0.030902507810012077,,,,,,5.869814317586304,,,,,,1.0647372576909695,,,,,
2187,2,0.172049986178393,,,,,,0.030711119799314773,,,,,,5.812264343707256,,,,,,1.0374958494899105,,,,,
2187,4,0.17079236094109804,,,,,,0.033596771344033924,,,,,,5.8550628054428895,,,,,,1.1517564673004506,,,,,
2187,8,0.17170126476445333,,,,,,0.032776499502929414,,,,,,5.824068922100487,,,,,,1.111771613285012,,,,,
2187,16,0.17182399082376806,,,,,,0.02862329258908715,,,,,,5.819909054642165,,,,,,0.9695093154003085,,,,,
2187,32,0.1716459477358142,,,,,,0.030029928569986975,,,,,,5.8259458681723855,,,,,,1.01926518267185,,,,,
