index,bin_size,m,n,a,b,corr
439,1,0.18571170470455672,36.0,652.6726141127776,-588.9510811010791,5.384690219665317
439,2,0.185866172708421,36.0,650.137594028986,-588.9635765536283,5.380215159262776
439,4,0.18543271251563653,36.0,655.9608724907557,-593.2644089875969,5.392791737950096
439,8,0.18557375385499728,36.0,654.452512383983,-589.5597852727304,5.388693062605045
439,16,0.18545059445744128,36.0,655.9421790645413,-593.3472773148007,5.392271741838434
439,32,0.18511079014038076,36.0,659.9136435755321,-595.5914628520082,5.402170231360578
