index,bin_size,m12,m23,m34,m13,m24,m14,m12_err,m23_err,m34_err,m13_err,m24_err,m14_err,corr12,corr23,corr34,corr13,corr24,corr14,corr12_err,corr23_err,corr34_err,corr13_err,corr24_err,corr14_err
1714,1,0.135433629884802,,,,,,0.06462129937012458,,,,,,7.383690453032871,,,,,,3.523081169925223,,,,,
1714,2,0.13499054263790805,,,,,,0.0665951531698194,,,,,,7.407926366237008,,,,,,3.654567063661537,,,,,
1714,4,0.13808646363440694,,,,,,0.06299956578062081,,,,,,7.241839451023717,,,,,,3.3039642616626783,,,,,
1714,8,0.13666940808073724,,,,,,0.06435773724762142,,,,,,7.316926399573279,,,,,,3.4455466903444685,,,,,
1714,16,0.13805488626159468,,,,,,0.06629010848012197,,,,,,7.243495881088482,,,,,,3.4781248294451035,,,,,
1714,32,0.13582251780025315,,,,,,0.06053871573222275,,,,,,7.36254942255338,,,,,,3.2816302758567257,,,,,
