index,bin_size,m,n,a,b,corr
518,1,0.11897638228176736,54.0,1314.6678802782524,-1078.8039058142745,8.405029475780639
518,2,0.1191655970920139,54.0,1305.6107640229443,-1073.3564862022731,8.391683710759645
518,4,0.11881250751307691,54.0,1320.543878928377,-1079.6008820918205,8.41662229786655
518,8,0.1189960542891705,54.0,1313.667008517902,-1073.0459655456275,8.403639985994117
518,16,0.11887866889672696,54.0,1316.8715482125613,-1077.9455653552786,8.411938064925057
518,32,0.11941205107266123,54.0,1296.170010074075,-1060.6588113549492,8.374364153510005
