index,bin_size,m,n,a,b,corr
173,1,0.02617796448512982,24.0,247366.16185798842,-247356.4353467207,38.20006710483704
173,2,0.026616207122054533,24.0,239188.92139159032,-239180.55871620326,37.571093259617264
173,4,0.028142016403950677,24.0,213621.85943092252,-213614.51427747647,35.53405646724079
173,8,0.026270919366681873,24.0,245214.80427993718,-245206.03715629014,38.064903098452326
173,16,0.026968501398284075,24.0,232892.8588225553,-232883.75251360534,37.08029546141659
173,32,0.029214297959695774,24.0,197679.64566445712,-197667.59050991066,34.229814503145214
