index,bin_size,m,n,a,b,corr
494,1,0.040425054012154085,36.0,70215.39450192127,-70392.98703378021,24.737134542834323
494,2,0.040387335810268786,36.0,70397.34751035349,-70578.00343902211,24.760236840028018
494,4,0.04207479480917843,36.0,64435.8780140612,-64618.81848835101,23.76719849818149
494,8,0.04277719680685183,36.0,62244.69108221654,-62429.32105097516,23.3769408620956
494,16,0.041805486503626595,36.0,65371.649420745984,-65549.1051929492,23.92030529086776
494,32,0.041780504941480216,36.0,65370.95288712782,-65551.78889049025,23.934607812917726
