index,bin_size,m12,m23,m34,m13,m24,m14,m12_err,m23_err,m34_err,m13_err,m24_err,m14_err,corr12,corr23,corr34,corr13,corr24,corr14,corr12_err,corr23_err,corr34_err,corr13_err,corr24_err,corr14_err
8,1,0.009724903338633515,,,,,,0.029243769115929106,,,,,,102.82878555999241,,,,,,309.21657097008665,,,,,
8,2,0.012311489512098473,,,,,,0.03334471877700269,,,,,,81.22494024929333,,,,,,219.99147931125407,,,,,
8,4,0.01048738388430216,,,,,,0.030229712307799115,,,,,,95.35266478581286,,,,,,274.85249477438515,,,,,
8,8,0.01255928420870971,,,,,,0.03372842476744315,,,,,,79.62237205417425,,,,,,213.82884095991687,,,,,
8,16,0.014448195008635433,,,,,,0.03601711691712583,,,,,,69.21279782023412,,,,,,172.5368068303919,,,,,
8,32,0.007634015504839949,,,,,,0.025239812660863933,,,,,,130.99266033269151,,,,,,433.0918904538736,,,,,
