index,bin_size,m12,m23,m34,m13,m24,m14,m12_err,m23_err,m34_err,m13_err,m24_err,m14_err,corr12,corr23,corr34,corr13,corr24,corr14,corr12_err,corr23_err,corr34_err,corr13_err,corr24_err,corr14_err
616,1,0.035563646880474906,,,,,,0.05339485452538079,,,,,,28.11860109175188,,,,,,42.216947541889894,,,,,
616,2,0.03139825411706368,,,,,,0.04978449099297783,,,,,,31.84890460060773,,,,,,50.49903406455541,,,,,
616,4,0.034036987098896375,,,,,,0.05173537321649013,,,,,,29.379803714542767,,,,,,44.65657038863988,,,,,
616,8,0.03212396900519336,,,,,,0.049660104504119326,,,,,,31.129403712173104,,,,,,48.122616518759514,,,,,
616,16,0.03651137746200123,,,,,,0.05474070454435837,,,,,,27.388722899888887,,,,,,41.06330936625098,,,,,
616,32,0.0405914931000877,,,,,,0.06073844336706181,,,,,,24.635703779958746,,,,,,36.86324854218043,,,,,
