index,bin_size,m12,m23,m34,m13,m24,m14,m12_err,m23_err,m34_err,m13_err,m24_err,m14_err,corr12,corr23,corr34,corr13,corr24,corr14,corr12_err,corr23_err,corr34_err,corr13_err,corr24_err,corr14_err
1266,1,0.10128578726600573,,,,,,0.06636981828925667,,,,,,9.873053534882551,,,,,,6.469543128981391,,,,,
1266,2,0.09985024716809672,,,,,,0.06889033438268048,,,,,,10.014997742734796,,,,,,6.909712924168232,,,,,
1266,4,0.0983274459102675,,,,,,0.0634160951551609,,,,,,10.170100430683297,,,,,,6.559186508702027,,,,,
1266,8,0.10044489052656383,,,,,,0.0586711027256635,,,,,,9.95570799826337,,,,,,5.815252160769138,,,,,
1266,16,0.0988671144159851,,,,,,0.05699502717366368,,,,,,10.114586694545192,,,,,,5.830868503761786,,,,,
1266,32,0.09784972904377602,,,,,,0.060712333941982985,,,,,,10.219752366944418,,,,,,6.340998841485978,,,,,
