index,bin_size,m12,m23,m34,m13,m24,m14,m12_err,m23_err,m34_err,m13_err,m24_err,m14_err,corr12,corr23,corr34,corr13,corr24,corr14,corr12_err,corr23_err,corr34_err,corr13_err,corr24_err,corr14_err
1323,1,0.18676937303801874,,,,,,0.059307427516819035,,,,,,5.354196909985023,,,,,,1.700191203645975,,,,,
1323,2,0.18579125001298627,,,,,,0.05915245203535336,,,,,,5.382384799769111,,,,,,1.7136504473806136,,,,,
1323,4,0.18667210542014304,,,,,,0.06297714322553224,,,,,,5.3569867750154705,,,,,,1.8072744325035472,,,,,
1323,8,0.1871702763593432,,,,,,0.06265372535872672,,,,,,5.342728661040852,,,,,,1.788434898457859,,,,,
1323,16,0.1870192597735507,,,,,,0.06663301634885514,,,,,,5.34704287254069,,,,,,1.9050957402753106,,,,,
1323,32,0.18017217942653713,,,,,,0.07603580103319352,,,,,,5.550246454157685,,,,,,2.342300772609535,,,,,
