index,bin_size,m,n,a,b,corr
95,1,0.12417440991304346,16.0,12934.848098771034,-12963.847043409844,8.053189064480174
95,2,0.12460293262203828,16.0,12825.803718381343,-12854.512388675692,8.025493292628427
95,4,0.12358405477707794,16.0,13076.747686903946,-13104.240845334913,8.091658764585846
95,8,0.12143467383982395,16.0,13594.794478261987,-13622.53268283646,8.234880272491452
95,16,0.12367143824398372,16.0,13043.65133854176,-13072.827169667715,8.085941379829043
95,32,0.1225476575932769,16.0,13323.938213663538,-13352.410405466224,8.16009069156505
