index,bin_size,m12,m23,m34,m13,m24,m14,m12_err,m23_err,m34_err,m13_err,m24_err,m14_err,corr12,corr23,corr34,corr13,corr24,corr14,corr12_err,corr23_err,corr34_err,corr13_err,corr24_err,corr14_err
2034,1,0.05179974711341508,,,,,,0.0617242413893504,,,,,,19.30511355220536,,,,,,23.003847612154555,,,,,
2034,2,0.05295727009429399,,,,,,0.06170106289865181,,,,,,18.88314858789799,,,,,,22.000951647845977,,,,,
2034,4,0.05412573324016657,,,,,,0.06339144766290744,,,,,,18.47550028676383,,,,,,21.63829733774922,,,,,
2034,8,0.05701142669018883,,,,,,0.06521992028727942,,,,,,17.54034336720241,,,,,,20.065798430848957,,,,,
2034,16,0.05654537698122721,,,,,,0.06419887324942306,,,,,,17.684911718459233,,,,,,20.0785893817196,,,,,
2034,32,0.056233949432603195,,,,,,0.06514513112290969,,,,,,17.782851997591017,,,,,,20.600833425558946,,,,,
