index,bin_size,m12,m23,m34,m13,m24,m14,m12_err,m23_err,m34_err,m13_err,m24_err,m14_err,corr12,corr23,corr34,corr13,corr24,corr14,corr12_err,corr23_err,corr34_err,corr13_err,corr24_err,corr14_err
1333,1,0.01778455628081393,,,,,,0.037688382426758336,,,,,,56.22856056739549,,,,,,119.15751287291374,,,,,
1333,2,0.017799846509898586,,,,,,0.03761807489000895,,,,,,56.180259725492284,,,,,,118.7309798721272,,,,,
1333,4,0.013477620037417003,,,,,,0.03198840012587726,,,,,,74.19707613241565,,,,,,176.1027357133272,,,,,
1333,8,0.01501092436753954,,,,,,0.03491210956800175,,,,,,66.61814925684762,,,,,,154.93916757731157,,,,,
1333,16,0.014158718063083362,,,,,,0.03263272984204002,,,,,,70.62786302718628,,,,,,162.78168427522613,,,,,
1333,32,0.011711356198532126,,,,,,0.029077658411299882,,,,,,85.38720734370095,,,,,,212.00448570987612,,,,,
