index,bin_size,m12,m23,m34,m13,m24,m14,m12_err,m23_err,m34_err,m13_err,m24_err,m14_err,corr12,corr23,corr34,corr13,corr24,corr14,corr12_err,corr23_err,corr34_err,corr13_err,corr24_err,corr14_err
1253,1,0.054332706061076104,,,,,,0.06028989791753292,,,,,,18.405120460517594,,,,,,20.423110022849553,,,,,
1253,2,0.055077508983712095,,,,,,0.06110675618138483,,,,,,18.15623143551621,,,,,,20.143765177015965,,,,,
1253,4,0.05513366374141502,,,,,,0.059894597978754155,,,,,,18.137738944579247,,,,,,19.70397954005596,,,,,
1253,8,0.0551675227866483,,,,,,0.06295723036944482,,,,,,18.126606914494648,,,,,,20.686101345272036,,,,,
1253,16,0.05851172404198304,,,,,,0.06710987684762094,,,,,,17.090591951836608,,,,,,19.602012073986135,,,,,
1253,32,0.062446117009898806,,,,,,0.07069963138590024,,,,,,16.01380594795802,,,,,,18.130353524247152,,,,,
