index,bin_size,m12,m23,m34,m13,m24,m14,m12_err,m23_err,m34_err,m13_err,m24_err,m14_err,corr12,corr23,corr34,corr13,corr24,corr14,corr12_err,corr23_err,corr34_err,corr13_err,corr24_err,corr14_err
2037,1,0.1538933046397195,,,,,,0.060704519684471846,,,,,,6.498008489330356,,,,,,2.563194579347612,,,,,
2037,2,0.15324221949591288,,,,,,0.06010405064300893,,,,,,6.525616786871656,,,,,,2.559451325654181,,,,,
2037,4,0.1545557679522731,,,,,,0.054862530705874865,,,,,,6.4701564571100345,,,,,,2.2967059851795923,,,,,
2037,8,0.15390554360951803,,,,,,0.05896317151723888,,,,,,6.497491750765999,,,,,,2.4892717412718808,,,,,
2037,16,0.15251910928639034,,,,,,0.06311932919098244,,,,,,6.556555468221794,,,,,,2.7134002086291744,,,,,
2037,32,0.1525705220406327,,,,,,0.06705756291220362,,,,,,6.5543460599399355,,,,,,2.8807561735006924,,,,,
