index,bin_size,m,n,a,b,corr
492,1,0.21097945221425912,36.0,329.7782804790683,-183.0340124261378,4.739798068033919
492,2,0.21088337204659943,36.0,329.7450236562154,-181.03278701528455,4.7419575583181945
492,4,0.20999895007101582,36.0,335.89988627356445,-186.68281464005898,4.761928569937267
492,8,0.21047559173339478,36.0,332.54581520327014,-184.62520761840636,4.7511447373274525
492,16,0.21042152948836884,36.0,333.27258173208963,-185.14826530773075,4.752365418269975
492,32,0.2102115394397438,36.0,333.7780606136374,-183.0984661178303,4.7571127763261805
