index,bin_size,m,n,a,b,corr
454,1,0.14210667589113818,36.0,1749.1380359023508,-1607.7498656563612,7.036967079337336
454,2,0.1434733237592727,36.0,1697.723321604806,-1553.6239028768346,6.969936806356102
454,4,0.14290901616239818,36.0,1721.1664441397843,-1574.7857854688482,6.997459130665524
454,8,0.14304831649182367,36.0,1714.8156577160469,-1571.3237855020225,6.990645010891532
454,16,0.14284425784264276,36.0,1721.9593780121045,-1575.586546783683,7.000631422661736
454,32,0.14340365393185942,36.0,1701.0814590474024,-1561.4291608884205,6.973323012223707
