index,bin_size,m,n,a,b,corr
215,1,0.15340576610459833,24.0,3809.2984034815963,-3823.042162126672,6.518659796126301
215,2,0.15246500269188487,24.0,3878.7001121590415,-3892.179414930727,6.558882250642732
215,4,0.1529366531659209,24.0,3845.5114079773266,-3858.0069223511205,6.5386549221467565
215,8,0.15359424555475426,24.0,3803.0047886606562,-3813.6461967848254,6.510660580988456
215,16,0.15433296504196228,24.0,3753.260819263755,-3768.1054756201547,6.479497103733512
215,32,0.15267688225513493,24.0,3863.144582051927,-3876.615965435284,6.549780066434173
