index,bin_size,m,n,a,b,corr
182,1,0.16087503712154577,24.0,3273.298510879212,-3295.960119105651,6.216004781677041
182,2,0.16015781021152795,24.0,3312.951326693131,-3334.686782337403,6.24384161271469
182,4,0.15976749172544175,24.0,3338.567251210583,-3363.294810033608,6.259095571948306
182,8,0.15959142173005023,24.0,3340.536188178342,-3363.313190925992,6.266000948920084
182,16,0.1595908259883911,24.0,3338.990420276901,-3360.355618511971,6.266024339473884
182,32,0.1596387017351024,24.0,3337.713619635723,-3360.9231962038325,6.264145154846956
