index,bin_size,m,n,a,b,corr
1107,1,-2.6252367049367456e-6,16.0,40420175403173.36,-40420175403077.28,-380918.0323128595
1107,2,-7.928227827261759e-7,16.0,443491116306436.5,-443491116306340.6,-1261315.9230382242
1107,4,1.2162622584730863e-7,16.0,1.8852673386206044e16,-1.885267338620594e16,8221910.965612095
1107,8,6.7652580768298376e-6,16.0,6086231480169.431,-6086231480072.539,147814.02108293175
1107,16,-6.020345564959572e-8,16.0,7.652959389393085e16,-7.652959389393074e16,-16610342.200626075
1107,32,-6.69720163962294e-7,16.0,620727622854678.9,-620727622854582.0,-1493160.9555902532
