index,bin_size,m,n,a,b,corr
1225,1,0.036523840898601695,16.0,202839.84967012863,-202853.90870643314,27.37937674124204
1225,2,0.02774203909754755,16.0,352697.3465486779,-352710.58326641715,36.04637699787547
1225,4,0.032384883652879705,16.0,258237.5018072992,-258249.10282704563,30.878604064741754
1225,8,0.031223524092846074,16.0,278069.69703581015,-278081.08867146494,32.02713431790743
1225,16,0.03171416254668738,16.0,269260.8152261009,-269272.7174407073,31.531653989849794
1225,32,0.03192878189338219,16.0,265847.92319018574,-265859.8172033148,31.319704063225405
