index,bin_size,m12,m23,m34,m13,m24,m14,m12_err,m23_err,m34_err,m13_err,m24_err,m14_err,corr12,corr23,corr34,corr13,corr24,corr14,corr12_err,corr23_err,corr34_err,corr13_err,corr24_err,corr14_err
2192,1,0.19635802029347632,,,,,,0.031652637177061016,,,,,,5.092738246726067,,,,,,0.8209422549709705,,,,,
2192,2,0.19673349754675706,,,,,,0.03099396965761595,,,,,,5.083018461369717,,,,,,0.8007935706188112,,,,,
2192,4,0.19734080110208443,,,,,,0.028157838673991357,,,,,,5.067375800723034,,,,,,0.7230453585897589,,,,,
2192,8,0.19724824277016548,,,,,,0.03039577306686664,,,,,,5.069753656387218,,,,,,0.78124438261293,,,,,
2192,16,0.19634282640602754,,,,,,0.030734201658256355,,,,,,5.093132345625136,,,,,,0.7972451015802721,,,,,
2192,32,0.19646409149968497,,,,,,0.03009788952354488,,,,,,5.089988671042227,,,,,,0.779775660415632,,,,,
