index,bin_size,m12,m23,m34,m13,m24,m14,m12_err,m23_err,m34_err,m13_err,m24_err,m14_err,corr12,corr23,corr34,corr13,corr24,corr14,corr12_err,corr23_err,corr34_err,corr13_err,corr24_err,corr14_err
207,1,16668998493244.623,,,,,,120995956265274.2,,,,,,5.999160659863673e-14,,,,,,4.3546358296414193e-13,,,,,
207,2,NaN,,,,,,NaN,,,,,,NaN,,,,,,NaN,,,,,
207,4,15890751009531.83,,,,,,74568818270301.16,,,,,,6.29296878039411e-14,,,,,,2.953033780998827e-13,,,,,
207,8,NaN,,,,,,NaN,,,,,,NaN,,,,,,NaN,,,,,
207,16,13676660453470.994,,,,,,61994116250423.72,,,,,,7.311726451073884e-14,,,,,,3.314288755952361e-13,,,,,
207,32,NaN,,,,,,NaN,,,,,,NaN,,,,,,NaN,,,,,
