index,bin_size,m12,m23,m34,m13,m24,m14,m12_err,m23_err,m34_err,m13_err,m24_err,m14_err,corr12,corr23,corr34,corr13,corr24,corr14,corr12_err,corr23_err,corr34_err,corr13_err,corr24_err,corr14_err
677,1,0.2561718919038594,,,,,,0.043011374214907964,,,,,,3.9036288976438414,,,,,,0.6554210224426202,,,,,
677,2,0.25652699709373394,,,,,,0.04359182126315458,,,,,,3.8982251822587077,,,,,,0.6624282719313856,,,,,
677,4,0.25478275070375483,,,,,,0.04335165835574698,,,,,,3.9249124881406763,,,,,,0.66782961088257,,,,,
677,8,0.2552327104223573,,,,,,0.04380883296385989,,,,,,3.9179931065465983,,,,,,0.6724949371662483,,,,,
677,16,0.2560993322228093,,,,,,0.049017444676789645,,,,,,3.9047348984494374,,,,,,0.7473667549267753,,,,,
677,32,0.2550499613372815,,,,,,0.04619209589069059,,,,,,3.920800437517363,,,,,,0.7100961271605972,,,,,
