index,bin_size,m12,m23,m34,m13,m24,m14,m12_err,m23_err,m34_err,m13_err,m24_err,m14_err,corr12,corr23,corr34,corr13,corr24,corr14,corr12_err,corr23_err,corr34_err,corr13_err,corr24_err,corr14_err
1755,1,0.023873784060072425,,,,,,0.044563587316403884,,,,,,41.8869500320414,,,,,,78.18755294400783,,,,,
1755,2,0.020830247019832986,,,,,,0.04154007365925871,,,,,,48.00711191988629,,,,,,95.73669306089403,,,,,
1755,4,0.02286350411275296,,,,,,0.04355314979116438,,,,,,43.73782754683755,,,,,,83.31706921621837,,,,,
1755,8,0.02040142715173308,,,,,,0.03984870636802925,,,,,,49.01617874880145,,,,,,95.73993523673168,,,,,
1755,16,0.015357510560335805,,,,,,0.03344049148663999,,,,,,65.11471999783109,,,,,,141.78523473499763,,,,,
1755,32,0.015039882040652274,,,,,,0.033829526499958684,,,,,,66.48988318505657,,,,,,149.5571081680157,,,,,
