index,bin_size,m,n,a,b,corr
969,1,0.0021817643614827757,16.0,59938401.45999251,-59938371.46457496,458.34463962019146
969,2,-2.3806602436182017e-6,16.0,50401518896942.49,-50401518896908.5,-420051.53934950783
969,4,0.021902372747682287,16.0,592780.1007298249,-592747.8435926521,45.65715374859649
969,8,5.123761791687411e-6,16.0,10870886755824.184,-10870886755791.582,195169.10439169136
969,16,0.020042948930560172,16.0,708629.7100478204,-708599.4078825794,49.89285775583979
969,32,0.000010417203617592726,16.0,2632456093609.975,-2632456093577.0767,95995.0517153361
