index,bin_size,m12,m23,m34,m13,m24,m14,m12_err,m23_err,m34_err,m13_err,m24_err,m14_err,corr12,corr23,corr34,corr13,corr24,corr14,corr12_err,corr23_err,corr34_err,corr13_err,corr24_err,corr14_err
2661,1,0.05231873223710765,,,,,,0.06063362108662913,,,,,,19.113612987945046,,,,,,22.151293006399545,,,,,
2661,2,0.04966597000485547,,,,,,0.058780419348804035,,,,,,20.1345106096234,,,,,,23.82949486138908,,,,,
2661,4,0.05306118916480333,,,,,,0.05988536603670899,,,,,,18.846166392805277,,,,,,21.269963801913796,,,,,
2661,8,0.053370212383763244,,,,,,0.06216278868714185,,,,,,18.737043667906196,,,,,,21.82391326784661,,,,,
2661,16,0.054238999956673695,,,,,,0.0635873717096676,,,,,,18.436918099500424,,,,,,21.61461614908301,,,,,
2661,32,0.05981702312618771,,,,,,0.06942229954895805,,,,,,16.717649052685857,,,,,,19.402129688761043,,,,,
