index,bin_size,m12,m23,m34,m13,m24,m14,m12_err,m23_err,m34_err,m13_err,m24_err,m14_err,corr12,corr23,corr34,corr13,corr24,corr14,corr12_err,corr23_err,corr34_err,corr13_err,corr24_err,corr14_err
447,1,0.03287424297027363,,,,,,0.03128846767837081,,,,,,30.41895142358852,,,,,,28.95161355616638,,,,,
447,2,0.032680409008057874,,,,,,0.030346473108461978,,,,,,30.599372234093952,,,,,,28.414057682350098,,,,,
447,4,0.03173921913634736,,,,,,0.029466058227055537,,,,,,31.506761262907453,,,,,,29.250248972117884,,,,,
447,8,0.030792237441650567,,,,,,0.02870634675235397,,,,,,32.475717358796665,,,,,,30.275786399076495,,,,,
447,16,0.03234993655698206,,,,,,0.03069696893647041,,,,,,30.91196170473388,,,,,,29.332469525686832,,,,,
447,32,0.031985171845928057,,,,,,0.030942444376513206,,,,,,31.264487332348263,,,,,,30.245254422934885,,,,,
