index,bin_size,m,n,a,b,corr
2721,1,0.041843580470996976,16.0,122463.7197938772,-122440.8776300871,23.898528489767497
2721,2,0.035686010258762155,16.0,169107.0884563253,-169084.589506756,28.02218552169096
2721,4,0.0391131258010759,16.0,140250.28137219045,-140227.09696947914,25.56686481888115
2721,8,0.038026951019618685,16.0,148734.37321607166,-148711.40668165078,26.29713856059837
2721,16,0.03877923031089341,16.0,142939.51660125732,-142917.6384382474,25.786999689859538
2721,32,0.0386646036386604,16.0,143506.71812574408,-143485.96433164983,25.86344888843264
