index,bin_size,m,n,a,b,corr
785,1,0.06921240078369896,16.0,51905.96494379958,-51976.77151666155,14.448277890622196
785,2,0.07357956433910993,16.0,45776.03012147317,-45847.44257504807,13.590730102603603
785,4,0.07403563401745851,16.0,45145.788302592606,-45219.00658989385,13.507009337749276
785,8,0.06862948192614697,16.0,52873.523534623746,-52944.186330135475,14.570997360523751
785,16,0.07430915977836208,16.0,44833.76014735061,-44907.75623933891,13.457291173559842
785,32,0.07551264676677394,16.0,43324.287749244824,-43397.9130760316,13.242814850452396
