index,bin_size,m12,m23,m34,m13,m24,m14,m12_err,m23_err,m34_err,m13_err,m24_err,m14_err,corr12,corr23,corr34,corr13,corr24,corr14,corr12_err,corr23_err,corr34_err,corr13_err,corr24_err,corr14_err
1980,1,0.05694489809599618,,,,,,0.06077901548125925,,,,,,17.56083571023741,,,,,,18.743212143379257,,,,,
1980,2,0.055873855018753936,,,,,,0.06265767707559472,,,,,,17.897458474349985,,,,,,20.070445706373537,,,,,
1980,4,0.06004359428478633,,,,,,0.06306574011941642,,,,,,16.654565935160498,,,,,,17.49283232590637,,,,,
1980,8,0.05984497890029601,,,,,,0.06409102541149857,,,,,,16.70983962858501,,,,,,17.89541538717813,,,,,
1980,16,0.058756337612760064,,,,,,0.06476377298737865,,,,,,17.019440636184765,,,,,,18.759562534317393,,,,,
1980,32,0.06316569696021355,,,,,,0.06544022590254524,,,,,,15.831377600881602,,,,,,16.40144851410002,,,,,
