index,bin_size,m,n,a,b,corr
1640,1,0.11283361537325015,16.0,17129.638887491095,-17170.394094608946,8.862607093568974
1640,2,0.11320228076507244,16.0,17009.227183504423,-17050.059454301427,8.83374427830911
1640,4,0.11229089441137334,16.0,17301.066332916787,-17341.955404244156,8.905441578695942
1640,8,0.11371846880741508,16.0,16824.530620735248,-16867.019072314142,8.793646366216235
1640,16,0.11365837377967472,16.0,16858.020048423667,-16899.369459958896,8.79829586457472
1640,32,0.11204170105582764,16.0,17401.025956858226,-17441.632626286348,8.925248283241652
