index,bin_size,m,n,a,b,corr
1408,1,0.16238130873290588,16.0,5988.870261581751,-5897.616118419769,6.158344256510813
1408,2,0.1653318716759367,16.0,5731.069833149104,-5638.493987268981,6.048440569039693
1408,4,0.1642539806878201,16.0,5821.9558857059255,-5730.704896671863,6.088132511689885
1408,8,0.16339242329397222,16.0,5899.460345592843,-5808.296878833186,6.120234829988543
1408,16,0.16465151243890327,16.0,5790.058787072311,-5700.4448597334795,6.073433430324953
1408,32,0.16237058904791113,16.0,5983.928338463495,-5892.169040581536,6.158750829590987
