index,bin_size,m,n,a,b,corr
925,1,0.00003163479181995588,16.0,248714814910.74335,-248714814825.38416,31610.765946914795
925,2,1.0989241085558446e-6,16.0,206024074944811.5,-206024074944726.28,909980.9461038705
925,4,0.0000361559621085065,16.0,190437018751.35086,-190437018668.4223,27657.955747351767
925,8,-0.00001572918024631512,16.0,1006987292741.9028,-1006987292660.6365,-63576.10405248361
925,16,0.000023665400127520738,16.0,443629604793.7754,-443629604710.1938,42255.78247616822
925,32,4.7114260128777117e-7,16.0,1119984751892422.1,-1119984751892337.0,2122499.636557395
