index,bin_size,m12,m23,m34,m13,m24,m14,m12_err,m23_err,m34_err,m13_err,m24_err,m14_err,corr12,corr23,corr34,corr13,corr24,corr14,corr12_err,corr23_err,corr34_err,corr13_err,corr24_err,corr14_err
2701,1,0.0719668924003933,,,,,,0.06443353357091745,,,,,,13.895278323766206,,,,,,12.44074674463418,,,,,
2701,2,0.07465250777247398,,,,,,0.0656457599501646,,,,,,13.395397285886249,,,,,,11.779256463111224,,,,,
2701,4,0.07434887072369444,,,,,,0.06379128388937101,,,,,,13.450103414702,,,,,,11.540180192612066,,,,,
2701,8,0.07314000888128239,,,,,,0.06425802024698084,,,,,,13.672407418259349,,,,,,12.012055318909281,,,,,
2701,16,0.07071064864508775,,,,,,0.06664874358843396,,,,,,14.142141518446808,,,,,,13.32975982988365,,,,,
2701,32,0.0739908081239531,,,,,,0.06691668965630926,,,,,,13.515192296923559,,,,,,12.223030826525001,,,,,
