index,bin_size,m,n,a,b,corr
923,1,0.09736095537638564,16.0,24263.526041527613,-24221.251089040532,10.27105779862288
923,2,0.09342557498161137,16.0,26501.677961346213,-26457.279282177362,10.703707204336997
923,4,0.09775474500807545,16.0,24038.647950382958,-23995.15862004219,10.229682456001402
923,8,0.09454114004821566,16.0,25808.23529461118,-25765.478346327425,10.577405767372843
923,16,0.09536431892539779,16.0,25356.69397849411,-25315.434437038177,10.486102257829645
923,32,0.09438842546135762,16.0,25901.101817703904,-25857.47474255784,10.594519350356125
