index,bin_size,m12,m23,m34,m13,m24,m14,m12_err,m23_err,m34_err,m13_err,m24_err,m14_err,corr12,corr23,corr34,corr13,corr24,corr14,corr12_err,corr23_err,corr34_err,corr13_err,corr24_err,corr14_err
1236,1,0.016102290787761164,,,,,,0.03756856311632161,,,,,,62.10296492472165,,,,,,144.89361720249406,,,,,
1236,2,0.016219454535543555,,,,,,0.03664313393740466,,,,,,61.65435451658285,,,,,,139.29005845569662,,,,,
1236,4,0.0153880512057,,,,,,0.03585907561336758,,,,,,64.98548689710512,,,,,,151.43694658044873,,,,,
1236,8,0.01339238614453225,,,,,,0.032779708762074936,,,,,,74.66929262701053,,,,,,182.76337311128526,,,,,
1236,16,0.013452959530005954,,,,,,0.03337981954537372,,,,,,74.33308617108115,,,,,,184.43711193118452,,,,,
1236,32,0.01835602219709778,,,,,,0.04053636121196287,,,,,,54.478033926005345,,,,,,120.30609015559348,,,,,
