index,bin_size,m12,m23,m34,m13,m24,m14,m12_err,m23_err,m34_err,m13_err,m24_err,m14_err,corr12,corr23,corr34,corr13,corr24,corr14,corr12_err,corr23_err,corr34_err,corr13_err,corr24_err,corr14_err
2301,1,0.11265778472250067,,,,,,0.042047233543843876,,,,,,8.876439408632134,,,,,,3.3129510026482096,,,,,
2301,2,0.1132870256336812,,,,,,0.039119708703857704,,,,,,8.827136156205087,,,,,,3.048142478703829,,,,,
2301,4,0.11455600366851235,,,,,,0.03645269484522627,,,,,,8.729354795700392,,,,,,2.7777549528016916,,,,,
2301,8,0.11392692406435012,,,,,,0.03514636428785065,,,,,,8.777556387243134,,,,,,2.7078690737664943,,,,,
2301,16,0.11462537504362413,,,,,,0.034801126149293614,,,,,,8.724071782704483,,,,,,2.648693821327473,,,,,
2301,32,0.11504288575149503,,,,,,0.03947569223052278,,,,,,8.692410603816974,,,,,,2.9827044366639797,,,,,
