index,bin_size,m,n,a,b,corr
1865,1,0.16053278943611013,16.0,6574.34653226992,-6529.722460397594,6.229256985520621
1865,2,0.16252007059345772,16.0,6397.614643112244,-6355.472885234105,6.153086177900388
1865,4,0.16270321637691207,16.0,6369.9725329666035,-6328.576482709728,6.14615999774361
1865,8,0.16128759486910466,16.0,6508.828623005325,-6466.464972927425,6.200104855004905
1865,16,0.1620031731004412,16.0,6436.05701584593,-6392.262913339803,6.172718600888173
1865,32,0.16145900401492944,16.0,6492.268706719315,-6450.938286396725,6.1935226598297
