index,bin_size,m12,m23,m34,m13,m24,m14,m12_err,m23_err,m34_err,m13_err,m24_err,m14_err,corr12,corr23,corr34,corr13,corr24,corr14,corr12_err,corr23_err,corr34_err,corr13_err,corr24_err,corr14_err
2461,1,0.1517567932440657,,,,,,0.03287283350061419,,,,,,6.589490846658385,,,,,,1.4273841112842098,,,,,
2461,2,0.15146002338152323,,,,,,0.03219399924913708,,,,,,6.602402255551158,,,,,,1.4033916574955783,,,,,
2461,4,0.1517805517635494,,,,,,0.036524603156493606,,,,,,6.588459380209957,,,,,,1.5854525594934437,,,,,
2461,8,0.1513524456767642,,,,,,0.036903086241050834,,,,,,6.6070950854381945,,,,,,1.610956457627831,,,,,
2461,16,0.15043144340468986,,,,,,0.03684022068940608,,,,,,6.6475463996566555,,,,,,1.6279646785519248,,,,,
2461,32,0.14904833429679235,,,,,,0.04598857622950013,,,,,,6.70923297947598,,,,,,2.0701209025503857,,,,,
