index,bin_size,m,n,a,b,corr
2331,1,0.10937082374196802,24.0,12590.955333981818,-12699.069078497212,9.143206257266925
2331,2,0.10865273367442412,24.0,12793.98412615174,-12904.631810722381,9.203634056704743
2331,4,0.10807679761868409,24.0,12955.859407182019,-13066.85599407594,9.252679779874622
2331,8,0.10936559951301436,24.0,12591.45753773559,-12703.11294877758,9.143643014374016
2331,16,0.10931990181476109,24.0,12605.183766282884,-12717.259208414884,9.147465222704522
2331,32,0.10834485834873703,24.0,12869.265141178832,-12980.14537663546,9.229787322082524
