index,bin_size,m12,m23,m34,m13,m24,m14,m12_err,m23_err,m34_err,m13_err,m24_err,m14_err,corr12,corr23,corr34,corr13,corr24,corr14,corr12_err,corr23_err,corr34_err,corr13_err,corr24_err,corr14_err
161,1,0.17466150763215202,,,,,,0.05711901800769947,,,,,,5.725359946543357,,,,,,1.8723469316199326,,,,,
161,2,0.17593821787766536,,,,,,0.05721671889790873,,,,,,5.683813398037982,,,,,,1.8484281436216061,,,,,
161,4,0.17714242833971983,,,,,,0.05232097237383223,,,,,,5.645174955388001,,,,,,1.6673647620990515,,,,,
161,8,0.17675409836860004,,,,,,0.05117463866741582,,,,,,5.657577443633679,,,,,,1.6380071754099081,,,,,
161,16,0.17707413240252132,,,,,,0.05601718230083708,,,,,,5.647352249773109,,,,,,1.7865328842807209,,,,,
161,32,0.17779303193758736,,,,,,0.04076112381235992,,,,,,5.624517390259935,,,,,,1.2894861358213234,,,,,
