index,bin_size,m,n,a,b,corr
432,1,0.12681254884924156,36.0,3461.275560080017,-3592.8612939539053,7.885654921965404
432,2,0.1271252602404856,36.0,3444.559597529442,-3581.421693959492,7.866257249804472
432,4,0.12676443830902934,36.0,3474.753987769477,-3604.2678493137346,7.888647741744229
432,8,0.12869326180318316,36.0,3320.832836609109,-3455.171077872604,7.770414596603732
432,16,0.12676573584155512,36.0,3475.6170570876284,-3610.2253860862197,7.8885669961313765
432,32,0.12777795074405351,36.0,3390.487667473313,-3524.4534620108443,7.826076362760401
