index,bin_size,m12,m23,m34,m13,m24,m14,m12_err,m23_err,m34_err,m13_err,m24_err,m14_err,corr12,corr23,corr34,corr13,corr24,corr14,corr12_err,corr23_err,corr34_err,corr13_err,corr24_err,corr14_err
492,1,5.409786226093363,,,,,,0.8031035401036578,,,,,,0.1848501878275036,,,,,,0.027441720250801674,,,,,
492,2,5.37277697161758,,,,,,0.7726065897674258,,,,,,0.18612348982335114,,,,,,0.026764601528720747,,,,,
492,4,5.389400143448301,,,,,,0.806145865589931,,,,,,0.18554940686964277,,,,,,0.027754459351559804,,,,,
492,8,5.400552902429617,,,,,,0.8821932696313621,,,,,,0.18516622613771955,,,,,,0.03024734715370449,,,,,
492,16,5.380657012720239,,,,,,0.7998926657066363,,,,,,0.1858509095889093,,,,,,0.0276287410893561,,,,,
492,32,5.473908584099934,,,,,,0.961765372725502,,,,,,0.18268481919933785,,,,,,0.03209771053519195,,,,,
