index,bin_size,m12,m23,m34,m13,m24,m14,m12_err,m23_err,m34_err,m13_err,m24_err,m14_err,corr12,corr23,corr34,corr13,corr24,corr14,corr12_err,corr23_err,corr34_err,corr13_err,corr24_err,corr14_err
842,1,0.07657630727801833,,,,,,0.06656999723814969,,,,,,13.058869453829825,,,,,,11.352452662918555,,,,,
842,2,0.07370234046079119,,,,,,0.0662690230377934,,,,,,13.568090154911548,,,,,,12.199667926868967,,,,,
842,4,0.07132485845656676,,,,,,0.06488190820691633,,,,,,14.02035730093947,,,,,,12.753863871761702,,,,,
842,8,0.07270907741732024,,,,,,0.06323444699266198,,,,,,13.753440911654135,,,,,,11.961246947241973,,,,,
842,16,0.07317197435517464,,,,,,0.06463090618816396,,,,,,13.666434571602906,,,,,,12.071207023013505,,,,,
842,32,0.07157438964826582,,,,,,0.057123538842060784,,,,,,13.971477855616323,,,,,,11.15064008073771,,,,,
