index,bin_size,m,n,a,b,corr
1686,1,0.000042312068252948985,16.0,152038383505.41718,-152038383237.68872,23633.91914623091
1686,2,-0.00005475849463681166,16.0,90830641124.45872,-90830640853.90878,-18262.006774155278
1686,4,0.000026914355262753928,16.0,376554346978.63696,-376554346710.7868,37154.893373346895
1686,8,8.587422969854344e-6,16.0,3690399162441.5933,-3690399162173.655,116449.37060983751
1686,16,0.0000148299272819579,16.0,1239588829411.5125,-1239588829145.2236,67431.21398960605
1686,32,-5.938647263353236e-6,16.0,7724361699514.167,-7724361699245.845,-168388.5160465573
