index,bin_size,m12,m23,m34,m13,m24,m14,m12_err,m23_err,m34_err,m13_err,m24_err,m14_err,corr12,corr23,corr34,corr13,corr24,corr14,corr12_err,corr23_err,corr34_err,corr13_err,corr24_err,corr14_err
1674,1,0.10401857137166175,,,,,,0.06466550990464837,,,,,,9.613667894235611,,,,,,5.9765552269838045,,,,,
1674,2,0.10456686448179507,,,,,,0.06494308908722728,,,,,,9.563258924858538,,,,,,5.939430042195023,,,,,
1674,4,0.10284301420707348,,,,,,0.06494728243959154,,,,,,9.723557868369252,,,,,,6.140608227634531,,,,,
1674,8,0.10110817126380975,,,,,,0.06564983367517699,,,,,,9.890397457499422,,,,,,6.421864226701124,,,,,
1674,16,0.10204554050260706,,,,,,0.07174927135708743,,,,,,9.799546311134018,,,,,,6.890162019730169,,,,,
1674,32,0.10118326653323859,,,,,,0.0757757127854035,,,,,,9.883057092958163,,,,,,7.401378917449076,,,,,
