index,bin_size,m12,m23,m34,m13,m24,m14,m12_err,m23_err,m34_err,m13_err,m24_err,m14_err,corr12,corr23,corr34,corr13,corr24,corr14,corr12_err,corr23_err,corr34_err,corr13_err,corr24_err,corr14_err
1291,1,0.2396083545970111,,,,,,0.04577566657604219,,,,,,4.173477179799782,,,,,,0.7973165216486103,,,,,
1291,2,0.23970268249891963,,,,,,0.045233737315036326,,,,,,4.171834831278983,,,,,,0.7872572760241969,,,,,
1291,4,0.23828366311235666,,,,,,0.04497698513708475,,,,,,4.196678811037395,,,,,,0.792139746568128,,,,,
1291,8,0.240351140102958,,,,,,0.03830964224644082,,,,,,4.160579390518535,,,,,,0.6631560304661033,,,,,
1291,16,0.24145724817816042,,,,,,0.036481139638588296,,,,,,4.141519906920107,,,,,,0.6257313341402162,,,,,
1291,32,0.24057363173987686,,,,,,0.03315691331509212,,,,,,4.15673152858773,,,,,,0.572898974716057,,,,,
