index,bin_size,m12,m23,m34,m13,m24,m14,m12_err,m23_err,m34_err,m13_err,m24_err,m14_err,corr12,corr23,corr34,corr13,corr24,corr14,corr12_err,corr23_err,corr34_err,corr13_err,corr24_err,corr14_err
2056,1,0.18702328658645628,,,,,,0.053842393321425444,,,,,,5.346927744945411,,,,,,1.5393344431015978,,,,,
2056,2,0.18678726731232828,,,,,,0.05174785352818549,,,,,,5.353683976370258,,,,,,1.483193465120717,,,,,
2056,4,0.18843174061811524,,,,,,0.048654844312393176,,,,,,5.30696153800674,,,,,,1.370307287703063,,,,,
2056,8,0.18902236581493376,,,,,,0.04514252630970842,,,,,,5.29037923998407,,,,,,1.2634541050191848,,,,,
2056,16,0.18868972059136174,,,,,,0.04142277563420441,,,,,,5.299705764924325,,,,,,1.163436577995601,,,,,
2056,32,0.19020203970312716,,,,,,0.02978203450296733,,,,,,5.257567172049411,,,,,,0.8232353720498484,,,,,
