index,bin_size,m,n,a,b,corr
1192,1,0.09613815277484228,16.0,26643.698716606268,-26689.82666539193,10.4016976729522
1192,2,0.09760501488578675,16.0,25785.009557163696,-25833.95931425857,10.245375211203621
1192,4,0.09729947140872015,16.0,25927.724423927488,-25975.14717226608,10.277548125614773
1192,8,0.09675091508266119,16.0,26308.573141300956,-26358.50582638743,10.335819554219501
1192,16,0.09562299842186468,16.0,26943.35984870532,-26990.610756185277,10.457735236331441
1192,32,0.09557152490446581,16.0,26948.796822509965,-26996.553484470413,10.46336762963246
