index,bin_size,m12,m23,m34,m13,m24,m14,m12_err,m23_err,m34_err,m13_err,m24_err,m14_err,corr12,corr23,corr34,corr13,corr24,corr14,corr12_err,corr23_err,corr34_err,corr13_err,corr24_err,corr14_err
486,1,8.429891609096465,,,,,,1.8737487633360594,,,,,,0.11862548729819104,,,,,,0.02636740428373631,,,,,
486,2,8.466612918871876,,,,,,1.8920963306966405,,,,,,0.11811098600846912,,,,,,0.026395131723036615,,,,,
486,4,8.547697556171956,,,,,,1.9758961133532984,,,,,,0.11699056891384035,,,,,,0.02704368151736206,,,,,
486,8,8.568175028281964,,,,,,2.0089289204216865,,,,,,0.11671096781977314,,,,,,0.027364524862018406,,,,,
486,16,8.457856419351108,,,,,,1.7215885999851699,,,,,,0.11823326744020568,,,,,,0.024066268717726977,,,,,
486,32,8.487832298482424,,,,,,1.783058450067271,,,,,,0.11781571134231697,,,,,,0.024749817417712698,,,,,
