index,bin_size,m,n,a,b,corr
2413,1,0.2063973179281869,24.0,1303.5195538471587,-1305.6330889398869,4.845024199141658
2413,2,0.20547969794811508,24.0,1321.80541071556,-1323.545306078552,4.866660842826946
2413,4,0.20523286522969297,24.0,1324.9003368962099,-1327.8013003067003,4.872513955700115
2413,8,0.20578055706914206,24.0,1314.0458034596459,-1315.8967915816993,4.85954559673974
2413,16,0.20694361491356245,24.0,1292.9103283256409,-1297.2558205958276,4.832234134972884
2413,32,0.20675260486691488,24.0,1296.8593482415506,-1300.6155398333472,4.836698433104108
