index,bin_size,m,n,a,b,corr
54,1,0.09138263977461658,16.0,29458.65950577974,-29451.314294896318,10.9429975153527
54,2,0.09163098422034706,16.0,29290.30145566959,-29282.620518113086,10.913339068750782
54,4,0.09166711690369098,16.0,29230.135811428776,-29222.251721372606,10.909037327427225
54,8,0.09064782570040594,16.0,29951.451812751442,-29944.45733719876,11.031704205515453
54,16,0.0938721677052352,16.0,27815.370713635526,-27808.717789464412,10.652784786434953
54,32,0.09062913134014082,16.0,29965.704394330412,-29957.608630678904,11.033979750361869
