index,bin_size,m12,m23,m34,m13,m24,m14,m12_err,m23_err,m34_err,m13_err,m24_err,m14_err,corr12,corr23,corr34,corr13,corr24,corr14,corr12_err,corr23_err,corr34_err,corr13_err,corr24_err,corr14_err
873,1,0.07861765802862103,,,,,,0.0668883923901988,,,,,,12.719788722731305,,,,,,10.822075352292206,,,,,
873,2,0.0797850270461593,,,,,,0.06539349409952801,,,,,,12.53368002772568,,,,,,10.272868999145203,,,,,
873,4,0.07803938886331449,,,,,,0.0655338941601181,,,,,,12.814041916082836,,,,,,10.760643809790894,,,,,
873,8,0.07727523264141994,,,,,,0.06614056955419963,,,,,,12.940756899953927,,,,,,11.076110709327319,,,,,
873,16,0.07734411655694755,,,,,,0.06739228457379466,,,,,,12.92923165349897,,,,,,11.265633350037247,,,,,
873,32,0.07817283380236224,,,,,,0.06925714820149444,,,,,,12.792167705320947,,,,,,11.333208884631889,,,,,
