index,bin_size,m,n,a,b,corr
2060,1,0.08689914698345036,16.0,34434.970303600894,-34439.98058142031,11.50759282125573
2060,2,0.08558563779125127,16.0,35552.200566736086,-35555.673459805796,11.684203399162167
2060,4,0.08515699358089819,16.0,35986.29252180823,-35993.01571741518,11.74301672651244
2060,8,0.08649545944258506,16.0,34767.265934523515,-34772.77784395442,11.561300517327055
2060,16,0.08815556774313456,16.0,33413.57988926467,-33419.758826800855,11.343583004465179
2060,32,0.08470374731785345,16.0,36386.0347692821,-36391.84833921805,11.805853125334218
