index,bin_size,m,n,a,b,corr
1388,1,0.14127487819650458,16.0,9390.235119987403,-9434.152112739306,7.078399307547532
1388,2,0.14033164220828065,16.0,9539.054999690812,-9582.416249141392,7.125976609863918
1388,4,0.14201458175833104,16.0,9289.424258712957,-9332.657177052159,7.041530437358323
1388,8,0.13992058764422663,16.0,9605.554355357332,-9648.201982361783,7.146911093188664
1388,16,0.14265752044668628,16.0,9174.617802636176,-9217.273506557996,7.00979518548213
1388,32,0.1395404410610416,16.0,9663.726106858745,-9707.560193700461,7.166381246871311
