index,bin_size,m12,m23,m34,m13,m24,m14,m12_err,m23_err,m34_err,m13_err,m24_err,m14_err,corr12,corr23,corr34,corr13,corr24,corr14,corr12_err,corr23_err,corr34_err,corr13_err,corr24_err,corr14_err
2127,1,0.0067104520357461304,,,,,,0.019309003009634167,,,,,,149.02125738669565,,,,,,428.8015013073903,,,,,
2127,2,0.008064573472499248,,,,,,0.02200197851125649,,,,,,123.99911829312101,,,,,,338.29761058082477,,,,,
2127,4,0.005729511597851149,,,,,,0.017564839852043927,,,,,,174.53494646473,,,,,,535.0680124965319,,,,,
2127,8,0.006569231321339723,,,,,,0.01948748194032879,,,,,,152.22481156228503,,,,,,451.5715950743841,,,,,
2127,16,0.007851771284135394,,,,,,0.021321509004588762,,,,,,127.35979740272273,,,,,,345.845920478028,,,,,
2127,32,0.007394027651759913,,,,,,0.02100518839418909,,,,,,135.24428729475767,,,,,,384.20626317079694,,,,,
