index,bin_size,m12,m23,m34,m13,m24,m14,m12_err,m23_err,m34_err,m13_err,m24_err,m14_err,corr12,corr23,corr34,corr13,corr24,corr14,corr12_err,corr23_err,corr34_err,corr13_err,corr24_err,corr14_err
2391,1,0.18313464113213926,,,,,,0.03222833202127743,,,,,,5.460463371746574,,,,,,0.9609412257929649,,,,,
2391,2,0.183997402034364,,,,,,0.03276277601036587,,,,,,5.43485934553161,,,,,,0.9677369213737076,,,,,
2391,4,0.18275349426362672,,,,,,0.030122077773588142,,,,,,5.471851600043683,,,,,,0.9018899481302736,,,,,
2391,8,0.1823287669875091,,,,,,0.0247854698453633,,,,,,5.484598050665848,,,,,,0.7455671523738737,,,,,
2391,16,0.18300451828681374,,,,,,0.022617395545503828,,,,,,5.464345959113154,,,,,,0.6753345497242995,,,,,
2391,32,0.18368055579627668,,,,,,0.01881971732127996,,,,,,5.444234397401963,,,,,,0.5578105529228303,,,,,
