index,bin_size,m12,m23,m34,m13,m24,m14,m12_err,m23_err,m34_err,m13_err,m24_err,m14_err,corr12,corr23,corr34,corr13,corr24,corr14,corr12_err,corr23_err,corr34_err,corr13_err,corr24_err,corr14_err
2718,1,0.055427832165916104,,,,,,0.06173941891720826,,,,,,18.04147773643083,,,,,,20.095867154262162,,,,,
2718,2,0.056904055383911446,,,,,,0.06201615530626429,,,,,,17.57343994647403,,,,,,19.152188251489246,,,,,
2718,4,0.060045022176694635,,,,,,0.061688091969760314,,,,,,16.65416988367991,,,,,,17.109893979907813,,,,,
2718,8,0.057275864283541034,,,,,,0.0629624280252751,,,,,,17.459361155155246,,,,,,19.192792354154655,,,,,
2718,16,0.06310870946564884,,,,,,0.06777765537168592,,,,,,15.845673417617853,,,,,,17.01797740953925,,,,,
2718,32,0.06256990187440385,,,,,,0.06537843791427762,,,,,,15.98212511196347,,,,,,16.699504762978766,,,,,
