index,bin_size,m12,m23,m34,m13,m24,m14,m12_err,m23_err,m34_err,m13_err,m24_err,m14_err,corr12,corr23,corr34,corr13,corr24,corr14,corr12_err,corr23_err,corr34_err,corr13_err,corr24_err,corr14_err
1481,1,0.008003889827952401,,,,,,0.026060585077726416,,,,,,124.9392509761501,,,,,,406.8009492384952,,,,,
1481,2,0.006456292683207606,,,,,,0.023535315258406107,,,,,,154.88764978095472,,,,,,564.6165448337911,,,,,
1481,4,0.009151725891928579,,,,,,0.028455187479167837,,,,,,109.26900694020526,,,,,,339.7468537479113,,,,,
1481,8,0.007664493313350203,,,,,,0.024926146153851594,,,,,,130.4717688588984,,,,,,424.3148563863648,,,,,
1481,16,0.006563614733051773,,,,,,0.02264967970834659,,,,,,152.35507272606887,,,,,,525.7459097668358,,,,,
1481,32,0.006939632295523094,,,,,,0.02417963222682989,,,,,,144.0998539137472,,,,,,502.0844510482358,,,,,
