index,bin_size,m,n,a,b,corr
1701,1,0.1115130311675461,16.0,20931.843405200176,-20949.766017667953,8.96756181344869
1701,2,0.11176297153237606,16.0,20821.451035281654,-20840.930188609287,8.94750726729125
1701,4,0.11101564939464467,16.0,21148.2455793519,-21166.13247266453,9.007739048079102
1701,8,0.11066319895869847,16.0,21300.212827671112,-21317.879136816264,9.0364277321607
1701,16,0.11002657568640216,16.0,21548.655944800445,-21565.169041961744,9.088713283690668
1701,32,0.1096344251360722,16.0,21713.545958586757,-21730.52879437012,9.12122263384749
