index,bin_size,m,n,a,b,corr
568,1,0.08542870845969625,54.0,4198.636305894931,-4140.949741955057,11.705666842333011
568,2,0.08548989490268741,54.0,4189.921248292883,-4136.085380590652,11.697288915120243
568,4,0.0854374669657783,54.0,4192.5207372570485,-4136.143818983034,11.704466851768286
568,8,0.08522205049665975,54.0,4221.2339695764895,-4154.072995285558,11.734052327680084
568,16,0.08533442856796832,54.0,4210.69406479285,-4152.23645879948,11.718599594342
568,32,0.08514496272786787,54.0,4242.747702706204,-4181.322516990602,11.744675996818552
