index,bin_size,m,n,a,b,corr
478,1,0.08317838268238456,36.0,13195.43313655934,-13166.03288158828,12.022354459793783
478,2,0.08358369097533473,36.0,13036.79115097478,-13009.772278587308,11.964056484357656
478,4,0.08358169393507195,36.0,13021.689069260192,-12999.273608818621,11.964342344829975
478,8,0.08330214444526313,36.0,13142.37782579725,-13115.773792740873,12.004492881417818
478,16,0.08341603351942654,36.0,13084.7090570289,-13057.041822577687,11.98810297983196
478,32,0.08347907366343195,36.0,13065.740652862707,-13037.456238699287,11.979050031529644
