index,bin_size,m12,m23,m34,m13,m24,m14,m12_err,m23_err,m34_err,m13_err,m24_err,m14_err,corr12,corr23,corr34,corr13,corr24,corr14,corr12_err,corr23_err,corr34_err,corr13_err,corr24_err,corr14_err
631,1,0.0076456598625202245,,,,,,0.025350534834434068,,,,,,130.79315820758626,,,,,,433.66780276230094,,,,,
631,2,0.009795036609895582,,,,,,0.029337104547113746,,,,,,102.0925229610408,,,,,,305.7772154277424,,,,,
631,4,0.009165840709965812,,,,,,0.02796521918939959,,,,,,109.10073954402488,,,,,,332.8692033407191,,,,,
631,8,0.010405558543248579,,,,,,0.030555882380553442,,,,,,96.10248174989398,,,,,,282.2045656294276,,,,,
631,16,0.009902803939004882,,,,,,0.029950263585186432,,,,,,100.98150040729661,,,,,,305.41072741162077,,,,,
631,32,0.008484473781808017,,,,,,0.02784241922444553,,,,,,117.86234782693887,,,,,,386.7738864384533,,,,,
