index,bin_size,m12,m23,m34,m13,m24,m14,m12_err,m23_err,m34_err,m13_err,m24_err,m14_err,corr12,corr23,corr34,corr13,corr24,corr14,corr12_err,corr23_err,corr34_err,corr13_err,corr24_err,corr14_err
780,1,0.13300987270335385,,,,,,0.06424338988752361,,,,,,7.518238907199443,,,,,,3.631287990628867,,,,,
780,2,0.1329460895708818,,,,,,0.06351245699506368,,,,,,7.521845909328818,,,,,,3.593418327547229,,,,,
780,4,0.13076772475647214,,,,,,0.06936096708719665,,,,,,7.6471468924177834,,,,,,4.056149978167269,,,,,
780,8,0.1341815702913949,,,,,,0.06338407710351282,,,,,,7.452588293819738,,,,,,3.520419607628491,,,,,
780,16,0.13526758599131833,,,,,,0.050090747583850674,,,,,,7.392754093092054,,,,,,2.737600264784203,,,,,
780,32,0.13790496429309906,,,,,,0.037517397886478364,,,,,,7.2513705733945155,,,,,,1.9727538919203118,,,,,
