index,bin_size,m,n,a,b,corr
533,1,0.08541014322022725,54.0,4603.8408711390775,-4201.889708287617,11.708211253334781
533,2,0.08541660290059264,54.0,4600.725724565695,-4193.5073652807105,11.70732581303654
533,4,0.08572249818513392,54.0,4548.9110040999285,-4141.5309806744035,11.66554896522394
533,8,0.08558444034217984,54.0,4569.291095364637,-4166.895512555826,11.684366877926003
533,16,0.08578650950818661,54.0,4542.456780902372,-4130.410105990983,11.656844482110207
533,32,0.08596843696047753,54.0,4516.144896666785,-4109.7437588216035,11.63217612598601
