index,bin_size,m,n,a,b,corr
176,1,0.10759454888262247,24.0,11328.185072780732,-11348.446840444316,9.294151147851593
176,2,0.10843959766281928,24.0,11105.653990660938,-11122.912900711584,9.221723628202563
176,4,0.10821018696752865,24.0,11181.885915433577,-11201.153992130798,9.241274116826697
176,8,0.1078781418185095,24.0,11264.660971254858,-11281.83697609231,9.269718435476632
176,16,0.10809869685200024,24.0,11214.889948809325,-11234.214614934406,9.250805320707213
176,32,0.10808215295529137,24.0,11196.411489710212,-11214.763966058246,9.252221321069113
