index,bin_size,m,n,a,b,corr
1804,1,0.000019201032712071988,16.0,763936244185.3428,-763936244056.438,52080.532073219394
1804,2,-1.3340881765571266e-6,16.0,157952799324122.94,-157952799323998.53,-749575.6409300426
1804,4,-9.1412620734168e-6,16.0,3364426831437.743,-3364426831311.29,-109394.08497083186
1804,8,-0.00004527484622480066,16.0,137233336848.37283,-137233336723.42583,-22087.319635162447
1804,16,-0.000012484137111197822,16.0,1804193093871.6233,-1804193093742.893,-80101.65148723303
1804,32,-2.243138258446329e-6,16.0,55847383154325.695,-55847383154200.37,-445803.9963584914
