index,bin_size,m,n,a,b,corr
1467,1,0.14032700296523892,16.0,11331.524743639427,-11377.848037396085,7.126212196292077
1467,2,0.13832736308497734,16.0,11713.378031877071,-11759.236367502492,7.2292276647078095
1467,4,0.1360480774695909,16.0,12150.472564957505,-12195.86580739623,7.350342750881704
1467,8,0.1377011028622084,16.0,11842.297163385752,-11890.813907107226,7.26210596149442
1467,16,0.13764776464419795,16.0,11841.8343180964,-11889.827028891339,7.264920012212864
1467,32,0.13789946430919078,16.0,11796.222632849758,-11843.805933508356,7.25165978714648
