index,bin_size,m12,m23,m34,m13,m24,m14,m12_err,m23_err,m34_err,m13_err,m24_err,m14_err,corr12,corr23,corr34,corr13,corr24,corr14,corr12_err,corr23_err,corr34_err,corr13_err,corr24_err,corr14_err
1020,1,0.04540814397695717,,,,,,0.0567395679877012,,,,,,22.022481264758593,,,,,,27.51810498164693,,,,,
1020,2,0.04448108461763355,,,,,,0.05698754789703319,,,,,,22.481466191666826,,,,,,28.802436865158104,,,,,
1020,4,0.04688968812593235,,,,,,0.05835189521904416,,,,,,21.32665069800176,,,,,,26.53996084513751,,,,,
1020,8,0.04327974725457453,,,,,,0.05445578012084818,,,,,,23.10549537449767,,,,,,29.071976051429672,,,,,
1020,16,0.038489740844688244,,,,,,0.05038041524235389,,,,,,25.980949158248347,,,,,,34.00726994408108,,,,,
1020,32,0.037605920539468186,,,,,,0.04978355344108797,,,,,,26.591557543458602,,,,,,35.20249490122596,,,,,
