index,bin_size,m12,m23,m34,m13,m24,m14,m12_err,m23_err,m34_err,m13_err,m24_err,m14_err,corr12,corr23,corr34,corr13,corr24,corr14,corr12_err,corr23_err,corr34_err,corr13_err,corr24_err,corr14_err
2576,1,0.13387448809379682,,,,,,0.019002293722200084,,,,,,7.4696830907720635,,,,,,1.0602551249581889,,,,,
2576,2,0.13306024961804158,,,,,,0.01843286277661092,,,,,,7.515392484762109,,,,,,1.0411088118476646,,,,,
2576,4,0.13281072554941456,,,,,,0.018515432137666234,,,,,,7.529512363276206,,,,,,1.0497056966990874,,,,,
2576,8,0.13333447724593064,,,,,,0.01991838446823945,,,,,,7.499935655468435,,,,,,1.1203899018341636,,,,,
2576,16,0.13346879913091123,,,,,,0.018949544505802253,,,,,,7.492387782849251,,,,,,1.06374925578355,,,,,
2576,32,0.13265096839423549,,,,,,0.020534338007763744,,,,,,7.5385804725377055,,,,,,1.166970444284699,,,,,
