index,bin_size,m12,m23,m34,m13,m24,m14,m12_err,m23_err,m34_err,m13_err,m24_err,m14_err,corr12,corr23,corr34,corr13,corr24,corr14,corr12_err,corr23_err,corr34_err,corr13_err,corr24_err,corr14_err
187,1,3167926374364.617,,,,,,16826307277791.055,,,,,,3.1566390181671043e-13,,,,,,1.6766354961578743e-12,,,,,
187,2,NaN,,,,,,NaN,,,,,,NaN,,,,,,NaN,,,,,
187,4,1946154197535.8857,,,,,,15914475714731.102,,,,,,5.138338993211049e-13,,,,,,4.20182384443385e-12,,,,,
187,8,7578849600293.5,,,,,,88009059612270.84,,,,,,1.3194614654462516e-13,,,,,,1.532218857649007e-12,,,,,
187,16,2629569820820.014,,,,,,27743396054283.33,,,,,,3.8029033953856247e-13,,,,,,4.012270532579394e-12,,,,,
187,32,756413909939.831,,,,,,8635973022984.335,,,,,,1.3220275127932868e-12,,,,,,1.5093580096952562e-11,,,,,
