index,bin_size,m12,m23,m34,m13,m24,m14,m12_err,m23_err,m34_err,m13_err,m24_err,m14_err,corr12,corr23,corr34,corr13,corr24,corr14,corr12_err,corr23_err,corr34_err,corr13_err,corr24_err,corr14_err
972,1,0.04524481293001098,,,,,,0.05678058715059958,,,,,,22.101981094427245,,,,,,27.73717874962437,,,,,
972,2,0.041599991123984735,,,,,,0.05547097006557349,,,,,,24.038466667447047,,,,,,32.0537824385121,,,,,
972,4,0.043751830632250084,,,,,,0.05726153684064052,,,,,,22.856186485209285,,,,,,29.91372807826334,,,,,
972,8,0.04332037818527866,,,,,,0.057478110008970566,,,,,,23.08382433142804,,,,,,30.627955016340483,,,,,
972,16,0.048370030547724874,,,,,,0.0631056705161273,,,,,,20.673958413429943,,,,,,26.972155963697087,,,,,
972,32,0.05182289435472749,,,,,,0.06661473053717196,,,,,,19.296490720008887,,,,,,24.80429828615254,,,,,
