index,bin_size,m12,m23,m34,m13,m24,m14,m12_err,m23_err,m34_err,m13_err,m24_err,m14_err,corr12,corr23,corr34,corr13,corr24,corr14,corr12_err,corr23_err,corr34_err,corr13_err,corr24_err,corr14_err
414,1,0.0989336038657771,,,,,,0.02372306908911213,,,,,,10.107789071918342,,,,,,2.4237242870138513,,,,,
414,2,0.09952168755173055,,,,,,0.022961786677837964,,,,,,10.04806112718103,,,,,,2.318303093567217,,,,,
414,4,0.10001936724519095,,,,,,0.02360829941334109,,,,,,9.99806365049846,,,,,,2.3599157514762084,,,,,
414,8,0.10038217510215802,,,,,,0.02197281769548741,,,,,,9.961927991521494,,,,,,2.180582632628859,,,,,
414,16,0.10087138986344678,,,,,,0.02149336866784127,,,,,,9.913613774468022,,,,,,2.1123626429028146,,,,,
414,32,0.10004767041779856,,,,,,0.017825288572134702,,,,,,9.995235229606097,,,,,,1.780830593756629,,,,,
