index,bin_size,m,n,a,b,corr
2488,1,0.08954195720864154,24.0,17027.013497731426,-16970.228567310216,11.167948871945047
2488,2,0.08933444572020248,24.0,17126.32274443349,-17071.606183621825,11.193890463394409
2488,4,0.08941682531515285,24.0,17088.203800925025,-17033.198793080894,11.183577547910739
2488,8,0.08878449410126499,24.0,17378.336700599073,-17323.24649930477,11.263228000819932
2488,16,0.08992748268287115,24.0,16883.429949501566,-16829.651524237135,11.120071085793597
2488,32,0.08914471139457786,24.0,17205.663353239157,-17151.24134103317,11.217715379364883
