index,bin_size,m,n,a,b,corr
764,1,0.21981993167902017,16.0,2656.4516834032515,-2670.1671829575007,4.54917801293922
764,2,0.2219223394836817,16.0,2588.9821572365554,-2603.0523820262215,4.506080831369082
764,4,0.21976199733923427,16.0,2661.1730929194578,-2675.4954555931936,4.550377281365695
764,8,0.2216821808990415,16.0,2597.3691322426084,-2611.0394523532595,4.510962477653628
764,16,0.2198681144445439,16.0,2652.6269071171378,-2666.0280676879393,4.548181088132378
764,32,0.22044931146829005,16.0,2633.7093934036043,-2647.57570377783,4.536190171516332
