index,bin_size,m,n,a,b,corr
2869,1,0.20383694982282538,24.0,1334.5037779287513,-1351.0961414284611,4.90588188681786
2869,2,0.20413670121254107,24.0,1328.430038550921,-1344.9277021570074,4.898678160566677
2869,4,0.20399974488667572,24.0,1331.6856838520048,-1347.5903028647037,4.901966914495466
2869,8,0.2047399235197813,24.0,1314.9597603527318,-1329.6104801131914,4.884245255192661
2869,16,0.2045542383028641,24.0,1318.9483536930065,-1334.3147647815922,4.888678955257797
2869,32,0.20417539647180327,24.0,1328.1042734185899,-1344.095683161938,4.8977497645662735
