index,bin_size,m,n,a,b,corr
196,1,0.1447866193546971,24.0,4881.576283579283,-5005.0303029371935,6.906715582261148
196,2,0.14347168794848936,24.0,4998.1157476538,-5122.528296265673,6.970016274981235
196,4,0.1441906371564299,24.0,4930.157352745893,-5056.898876463896,6.935263063683653
196,8,0.1437655671024575,24.0,4983.819321171176,-5112.454625687528,6.955768478882912
196,16,0.1440973034632092,24.0,4945.028723169211,-5070.858910629852,6.939755123560095
196,32,0.14354682095725677,24.0,4993.386266827607,-5118.941327861981,6.96636813919944
