index,bin_size,m,n,a,b,corr
161,1,0.16655748984503221,16.0,6893.287079884964,-6999.335778867451,6.003932941895415
161,2,0.16692359102420506,16.0,6861.541409633982,-6969.233106780096,5.990764959369902
161,4,0.16765929205657695,16.0,6793.484329465228,-6900.392803991586,5.96447705184481
161,8,0.16708942368471982,16.0,6845.645520307789,-6952.23196051892,5.984819253951674
161,16,0.167766214519175,16.0,6779.746242410336,-6887.031436265496,5.960675710935255
161,32,0.1666138583028741,16.0,6889.6224514815585,-6996.439491058996,6.001901703651682
