index,bin_size,m12,m23,m34,m13,m24,m14,m12_err,m23_err,m34_err,m13_err,m24_err,m14_err,corr12,corr23,corr34,corr13,corr24,corr14,corr12_err,corr23_err,corr34_err,corr13_err,corr24_err,corr14_err
1973,1,0.008019354590656533,,,,,,0.026158128621380488,,,,,,124.69831439616281,,,,,,406.7502577632153,,,,,
1973,2,0.009200779701915279,,,,,,0.028097333745657985,,,,,,108.68644097541377,,,,,,331.90656712259556,,,,,
1973,4,0.007887675088543917,,,,,,0.024750952201848885,,,,,,126.78007001738737,,,,,,397.82666221951064,,,,,
1973,8,0.007090989243661133,,,,,,0.02405824301883703,,,,,,141.02404694717774,,,,,,478.46508806765024,,,,,
1973,16,0.00492002747044419,,,,,,0.019476758663402847,,,,,,203.25089768446313,,,,,,804.6029633169662,,,,,
1973,32,0.0038191710849504214,,,,,,0.016525613088855483,,,,,,261.83692161383794,,,,,,1132.972459918862,,,,,
