index,bin_size,m12,m23,m34,m13,m24,m14,m12_err,m23_err,m34_err,m13_err,m24_err,m14_err,corr12,corr23,corr34,corr13,corr24,corr14,corr12_err,corr23_err,corr34_err,corr13_err,corr24_err,corr14_err
843,1,0.14962060371337577,,,,,,0.0635525713873507,,,,,,6.683571481342727,,,,,,2.8389014824735828,,,,,
843,2,0.15015149352411086,,,,,,0.06354629201615956,,,,,,6.659940414375053,,,,,,2.8185834749232206,,,,,
843,4,0.15005959163068525,,,,,,0.07019716744311065,,,,,,6.664019201525755,,,,,,3.117396673215722,,,,,
843,8,0.15000754747064163,,,,,,0.07025372349939743,,,,,,6.666331240404505,,,,,,3.1220735197369462,,,,,
843,16,0.15271131735124713,,,,,,0.06631932374143647,,,,,,6.548303147041338,,,,,,2.843790780527604,,,,,
843,32,0.14875412037487595,,,,,,0.0658329802104878,,,,,,6.722502862306572,,,,,,2.9751269866264716,,,,,
