index,bin_size,m,n,a,b,corr
2042,1,0.1402649791240232,16.0,12498.737383700312,-12540.19146029693,7.129363339624452
2042,2,0.1420116599471331,16.0,12167.18896164208,-12208.590212693696,7.041675312944525
2042,4,0.143065523934174,16.0,11962.434021574172,-12007.598703549267,6.989804199508687
2042,8,0.14041091851458454,16.0,12484.840466360683,-12527.160373692961,7.121953268157915
2042,16,0.14144238557068906,16.0,12278.42945903919,-12321.19544092911,7.0700165015261796
2042,32,0.1429893828324091,16.0,11959.91413457283,-12001.873986799816,6.993526233846685
