index,bin_size,m12,m23,m34,m13,m24,m14,m12_err,m23_err,m34_err,m13_err,m24_err,m14_err,corr12,corr23,corr34,corr13,corr24,corr14,corr12_err,corr23_err,corr34_err,corr13_err,corr24_err,corr14_err
450,1,0.09372577130234247,,,,,,0.026548722619173442,,,,,,10.669424066665506,,,,,,3.0222165805228918,,,,,
450,2,0.0937585884169425,,,,,,0.027517268410178954,,,,,,10.665689585182541,,,,,,3.130280095408128,,,,,
450,4,0.09333869489468855,,,,,,0.027984797511377366,,,,,,10.71367026428077,,,,,,3.2121714717335683,,,,,
450,8,0.09432491288251545,,,,,,0.03160744262859257,,,,,,10.601653046269234,,,,,,3.552520009698442,,,,,
450,16,0.0936344057902162,,,,,,0.02855173990659782,,,,,,10.679834955544614,,,,,,3.2565793238361453,,,,,
450,32,0.09460041142699581,,,,,,0.02453537314956089,,,,,,10.570778550701242,,,,,,2.7416159434251393,,,,,
