index,bin_size,m,n,a,b,corr
2782,1,0.15933026407758225,24.0,3110.2272310616563,-3014.539637034517,6.276271528132739
2782,2,0.15907822923073825,24.0,3124.6055292847195,-3030.9593841743645,6.2862153095099496
2782,4,0.1575381716800676,24.0,3209.104402304046,-3112.714254787411,6.347667929210354
2782,8,0.1582793782622991,24.0,3171.0068324964213,-3077.0691006982274,6.317942431785456
2782,16,0.15882295010646877,24.0,3138.755404802265,-3043.2085288567646,6.296319261980958
2782,32,0.15814224454458686,24.0,3175.706731990921,-3079.4167088791205,6.323421062346554
