index,bin_size,m,n,a,b,corr
1550,1,-0.000026437529102198552,16.0,372550636779.7232,-372550636741.0556,-37825.017464163844
1550,2,-5.845313916261206e-7,16.0,762820629263523.1,-762820629263480.6,-1710772.1062132835
1550,4,2.648715091088202e-6,16.0,37107417368612.4,-37107417368572.14,377541.5496232774
1550,8,-4.975350235126612e-7,16.0,1052744307186614.9,-1052744307186573.8,-2009908.7556487413
1550,16,-0.000010175479901228101,16.0,2511954689037.4346,-2511954688996.2583,-98275.46314344426
1550,32,-3.958540366205146e-6,16.0,16621274887413.98,-16621274887373.795,-252618.3662385259
