index,bin_size,m12,m23,m34,m13,m24,m14,m12_err,m23_err,m34_err,m13_err,m24_err,m14_err,corr12,corr23,corr34,corr13,corr24,corr14,corr12_err,corr23_err,corr34_err,corr13_err,corr24_err,corr14_err
2250,1,0.0578365280204077,,,,,,0.04522584014822673,,,,,,17.29011118452941,,,,,,13.520171962962209,,,,,
2250,2,0.05697426726571317,,,,,,0.04505468718829468,,,,,,17.551783427705352,,,,,,13.879776781400626,,,,,
2250,4,0.05962092417790744,,,,,,0.045953589393254515,,,,,,16.77263500673058,,,,,,12.92772282164372,,,,,
2250,8,0.05839914189503473,,,,,,0.04658605542692773,,,,,,17.123539277295837,,,,,,13.659758071635334,,,,,
2250,16,0.05949476472411745,,,,,,0.04732086318668818,,,,,,16.808201606260475,,,,,,13.36888400706123,,,,,
2250,32,0.05964034218307864,,,,,,0.05015687278506866,,,,,,16.767174087135324,,,,,,14.101009264365931,,,,,
