index,bin_size,m12,m23,m34,m13,m24,m14,m12_err,m23_err,m34_err,m13_err,m24_err,m14_err,corr12,corr23,corr34,corr13,corr24,corr14,corr12_err,corr23_err,corr34_err,corr13_err,corr24_err,corr14_err
150,1,0.20443146437045734,,,,,,0.05210306558309174,,,,,,4.8916149139736405,,,,,,1.2467167588651757,,,,,
150,2,0.20401972689890427,,,,,,0.05547610548220288,,,,,,4.901486808163013,,,,,,1.3327897420626222,,,,,
150,4,0.20164640095684647,,,,,,0.06081591014317075,,,,,,4.959176039120113,,,,,,1.4956716457529917,,,,,
150,8,0.20481394813867246,,,,,,0.05413956105146306,,,,,,4.882479973106785,,,,,,1.2906119187136034,,,,,
150,16,0.20259129086664016,,,,,,0.05685577511352181,,,,,,4.9360463409963184,,,,,,1.3852655734265875,,,,,
150,32,0.20538141335941038,,,,,,0.045261346127821615,,,,,,4.868989767102414,,,,,,1.073013509533074,,,,,
