index,bin_size,m12,m23,m34,m13,m24,m14,m12_err,m23_err,m34_err,m13_err,m24_err,m14_err,corr12,corr23,corr34,corr13,corr24,corr14,corr12_err,corr23_err,corr34_err,corr13_err,corr24_err,corr14_err
1173,1,0.13714912703032953,,,,,,0.06717996272769143,,,,,,7.291333322003991,,,,,,3.57152474400424,,,,,
1173,2,0.13364388147057993,,,,,,0.07294470230739819,,,,,,7.482572258424998,,,,,,4.0840927386904875,,,,,
1173,4,0.1353466386454587,,,,,,0.07164320278464008,,,,,,7.388436166630674,,,,,,3.910930007902718,,,,,
1173,8,0.13562858444813006,,,,,,0.07276489824184618,,,,,,7.373077025532483,,,,,,3.9556646681463015,,,,,
1173,16,0.13267206930680636,,,,,,0.07087849046057736,,,,,,7.537381494272795,,,,,,4.026757290595294,,,,,
1173,32,0.1408199195604829,,,,,,0.057072766042600406,,,,,,7.101268081398773,,,,,,2.878065923346763,,,,,
