index,bin_size,m,n,a,b,corr
1118,1,0.14407570846053908,16.0,8518.821687080852,-8421.045481543351,6.940795299117965
1118,2,0.14395898591628123,16.0,8529.494947146222,-8431.112488324727,6.9464229248012765
1118,4,0.14380090843252352,16.0,8546.680856319947,-8448.826261583832,6.954058989615044
1118,8,0.14487167328950049,16.0,8404.267249582277,-8307.156645355297,6.902660660249823
1118,16,0.14319908694029745,16.0,8629.200681023704,-8529.542098424765,6.983284749692014
1118,32,0.14332025178892677,16.0,8608.261742492286,-8511.721356484179,6.977380987808607
