index,bin_size,m,n,a,b,corr
1146,1,-0.000011545281749998986,16.0,1837260137747.0486,-1837260137777.3066,-86615.46956184831
1146,2,-0.000025797446572317527,16.0,367769516413.30743,-367769516444.70087,-38763.526351211454
1146,4,9.399078046195682e-7,16.0,277255274793516.34,-277255274793543.78,1063934.1380985281
1146,8,-0.000036295658659643276,16.0,185866521390.38702,-185866521421.04242,-27551.504420331363
1146,16,7.250236827150214e-6,16.0,4656932609024.607,-4656932609055.228,137926.52900044108
1146,32,-3.4597851382044123e-7,16.0,2046560035030493.8,-2046560035030522.2,-2890352.8978073713
