index,bin_size,m,n,a,b,corr
2671,1,0.15707307639517873,16.0,7434.342282291837,-7426.276451919257,6.366463450961571
2671,2,0.1583999661258383,16.0,7291.80220964222,-7284.044781840332,6.313132663207555
2671,4,0.15773486129182943,16.0,7368.916469001296,-7358.578423106084,6.339752619111089
2671,8,0.15801154236476134,16.0,7333.7634385497095,-7325.553147549658,6.328651597435538
2671,16,0.15753416609970272,16.0,7378.030585503149,-7369.272933853418,6.347829329715715
2671,32,0.1574086885163217,16.0,7398.625289180083,-7391.107607313584,6.35288947151294
