index,bin_size,m12,m23,m34,m13,m24,m14,m12_err,m23_err,m34_err,m13_err,m24_err,m14_err,corr12,corr23,corr34,corr13,corr24,corr14,corr12_err,corr23_err,corr34_err,corr13_err,corr24_err,corr14_err
1527,1,0.22170558754909542,,,,,,0.0504282295761424,,,,,,4.510486231108432,,,,,,1.025936412685118,,,,,
1527,2,0.2203413910491917,,,,,,0.053034470913540924,,,,,,4.538411939937094,,,,,,1.0923606993500625,,,,,
1527,4,0.2216939922165702,,,,,,0.05080974550908786,,,,,,4.510722144527543,,,,,,1.0338062927828908,,,,,
1527,8,0.2199853599739931,,,,,,0.05227077702102151,,,,,,4.545757045460757,,,,,,1.0801184812621498,,,,,
1527,16,0.21863909656017552,,,,,,0.05202529336345523,,,,,,4.57374740260497,,,,,,1.0883257117986416,,,,,
1527,32,0.2232550211128744,,,,,,0.05982688797594738,,,,,,4.479182573432088,,,,,,1.2003114317821002,,,,,
