index,bin_size,m12,m23,m34,m13,m24,m14,m12_err,m23_err,m34_err,m13_err,m24_err,m14_err,corr12,corr23,corr34,corr13,corr24,corr14,corr12_err,corr23_err,corr34_err,corr13_err,corr24_err,corr14_err
1732,1,0.2147859635189701,,,,,,0.044865093836588946,,,,,,4.6557977235401555,,,,,,0.9725160728780936,,,,,
1732,2,0.21608619395893472,,,,,,0.044090009127518974,,,,,,4.627782930870823,,,,,,0.9442481628467523,,,,,
1732,4,0.21578116904653077,,,,,,0.04155357583385364,,,,,,4.634324693015086,,,,,,0.892444708779832,,,,,
1732,8,0.21706785787718602,,,,,,0.03937563832668918,,,,,,4.606854325552824,,,,,,0.835673376614533,,,,,
1732,16,0.2161341171853505,,,,,,0.04071094182477304,,,,,,4.6267568166594835,,,,,,0.8714941909835755,,,,,
1732,32,0.21438872466585837,,,,,,0.04922676627355507,,,,,,4.664424407386995,,,,,,1.0710196185036198,,,,,
