index,bin_size,m,n,a,b,corr
2340,1,0.19595358114342962,24.0,1943.990872938563,-1876.5787712867914,5.103249423484855
2340,2,0.19586785777734766,24.0,1945.7137503792082,-1874.9740370255706,5.105482907444404
2340,4,0.19544237633137654,24.0,1959.9257208488507,-1889.7463419706496,5.1165976323603415
2340,8,0.1948945573435889,24.0,1973.948534894434,-1901.786129840626,5.1309796108726236
2340,16,0.19537668992437054,24.0,1961.3879635835658,-1895.7382786872627,5.118317852488419
2340,32,0.1961701416166836,24.0,1937.37806803346,-1871.8184493161061,5.097615731725369
