index,bin_size,m,n,a,b,corr
937,1,5.1450594378029205e-6,16.0,10385261525981.953,-10385261525973.469,194361.21430446042
937,2,1.0077938454038652e-6,16.0,270526591381477.47,-270526591381469.0,992266.428854066
937,4,0.00002511303672701207,16.0,436540102003.6821,-436540101991.7074,39819.95530330988
937,8,0.00003819253648114615,16.0,188620654919.4777,-188620654907.3182,26183.126132344016
937,16,3.3391118440069394e-6,16.0,24693050900388.984,-24693050900375.688,299480.8340411858
937,32,0.000041715270223219096,16.0,158044623161.79578,-158044623150.4744,23972.036969890967
