index,bin_size,m,n,a,b,corr
377,1,0.062498339835335925,36.0,24691.56854956444,-24554.893665449003,16.00042501344348
377,2,0.06390846631197429,36.0,23420.329766556693,-23281.574048454826,15.647379098700632
377,4,0.06396914926280002,36.0,23432.129562624687,-23297.47231741817,15.632535550719446
377,8,0.06358278998863875,36.0,23757.435345757098,-23616.288238623503,15.727526272104202
377,16,0.06440298172289682,36.0,23063.556579216984,-22931.66152449261,15.527231399046789
377,32,0.06376026799830979,36.0,23589.5100544746,-23449.53702181786,15.683748381147156
