index,bin_size,m,n,a,b,corr
903,1,0.02827654610840675,16.0,343857.9937091511,-343917.3935125516,35.36499812127675
903,2,0.02573378240636459,16.0,415514.67152470525,-415572.2724431329,38.85942549015552
903,4,0.03443642973830293,16.0,230947.7932583724,-231006.90339416027,29.03901500821732
903,8,0.03132276640114209,16.0,279544.7364154004,-279602.9499037079,31.925660307051874
903,16,0.030709555430668365,16.0,290931.3434727684,-290991.0265332637,32.563154561376074
903,32,0.030167488871922252,16.0,301482.1286979721,-301540.1584610824,33.14826780066301
