index,bin_size,m,n,a,b,corr
1382,1,0.11299861027988066,16.0,18340.13261425976,-18360.794306546923,8.849666358932641
1382,2,0.11337961767646082,16.0,18174.184802715186,-18191.29541330664,8.819927430462785
1382,4,0.11361975211096581,16.0,18104.605131653738,-18121.775847435223,8.801286584601575
1382,8,0.11315863484267942,16.0,18244.652936735332,-18261.447432977948,8.837151503199609
1382,16,0.11177044462154384,16.0,18764.73567726983,-18781.261243707893,8.946909027569971
1382,32,0.11401508130032804,16.0,17944.469594291964,-17962.80424225401,8.770769520971458
