index,bin_size,m12,m23,m34,m13,m24,m14,m12_err,m23_err,m34_err,m13_err,m24_err,m14_err,corr12,corr23,corr34,corr13,corr24,corr14,corr12_err,corr23_err,corr34_err,corr13_err,corr24_err,corr14_err
1925,1,0.1376576674675115,,,,,,0.06802140886405726,,,,,,7.264397388078723,,,,,,3.5895896972256396,,,,,
1925,2,0.1363355733651719,,,,,,0.07105439992001875,,,,,,7.334842809671702,,,,,,3.822720963317012,,,,,
1925,4,0.1384332137982471,,,,,,0.07228557731392889,,,,,,7.223699952941947,,,,,,3.7719945027211486,,,,,
1925,8,0.13515352332695724,,,,,,0.07571903289653369,,,,,,7.398993199613788,,,,,,4.145246055683412,,,,,
1925,16,0.1373074288061735,,,,,,0.07722531805845441,,,,,,7.2829271416306565,,,,,,4.096110238164261,,,,,
1925,32,0.13655219966304274,,,,,,0.08046111906560065,,,,,,7.323206821036993,,,,,,4.3150781710105965,,,,,
