index,bin_size,m12,m23,m34,m13,m24,m14,m12_err,m23_err,m34_err,m13_err,m24_err,m14_err,corr12,corr23,corr34,corr13,corr24,corr14,corr12_err,corr23_err,corr34_err,corr13_err,corr24_err,corr14_err
683,1,0.1896140359350212,,,,,,0.0531703680989082,,,,,,5.273871182947078,,,,,,1.4788655846111276,,,,,
683,2,0.19003809762090756,,,,,,0.048797296419019705,,,,,,5.262102770544585,,,,,,1.3511837462919276,,,,,
683,4,0.19062908179238938,,,,,,0.04778722069075402,,,,,,5.245789312929082,,,,,,1.3150233387115284,,,,,
683,8,0.1886634149526109,,,,,,0.04789035088653401,,,,,,5.300444711292771,,,,,,1.3454657181003782,,,,,
683,16,0.18719099558285462,,,,,,0.0513729421667776,,,,,,5.342137301456785,,,,,,1.4661031626024519,,,,,
683,32,0.18911066189317338,,,,,,0.04676159013608687,,,,,,5.287909153239014,,,,,,1.3075467983941897,,,,,
