index,bin_size,m12,m23,m34,m13,m24,m14,m12_err,m23_err,m34_err,m13_err,m24_err,m14_err,corr12,corr23,corr34,corr13,corr24,corr14,corr12_err,corr23_err,corr34_err,corr13_err,corr24_err,corr14_err
982,1,0.15846548818730005,,,,,,0.057272685790577295,,,,,,6.310522319017746,,,,,,2.2807525227470573,,,,,
982,2,0.15747502708387978,,,,,,0.05529025269684883,,,,,,6.350213227570016,,,,,,2.229590942341611,,,,,
982,4,0.15916209834187411,,,,,,0.060334695663960033,,,,,,6.2829028419318655,,,,,,2.381704154464876,,,,,
982,8,0.15395280697956548,,,,,,0.06932730237937755,,,,,,6.495497026778683,,,,,,2.9250216044427497,,,,,
982,16,0.158948548443912,,,,,,0.056271650078731,,,,,,6.291344021633949,,,,,,2.2272887218924553,,,,,
982,32,0.15565275662607347,,,,,,0.06929407986104934,,,,,,6.42455695405583,,,,,,2.8601084381414132,,,,,
