index,bin_size,m,n,a,b,corr
256,1,0.04026051351547994,24.0,110490.33864865356,-110537.50993452637,24.83823261756226
256,2,0.03832028284108585,24.0,122443.71485646772,-122491.15384027312,26.09584078872795
256,4,0.04004334514279459,24.0,111823.22172534921,-111871.70681637317,24.972938610248455
256,8,0.03904866037342503,24.0,117656.49464857113,-117703.83359103747,25.609073152239564
256,16,0.035794033968181385,24.0,140698.56231573963,-140744.5138842149,27.937616667876448
256,32,0.03627684140229492,24.0,136608.42665073855,-136655.15829507448,27.565795734816614
