index,bin_size,m,n,a,b,corr
961,1,-0.000013107888436594504,16.0,1386207737709.8203,-1386207737720.2805,-76289.93829457746
961,2,-0.00001028332732121682,16.0,2252557512017.3667,-2252557512029.167,-97244.789430827
961,4,0.000014983083636994766,16.0,1060136865879.1484,-1060136865886.4397,66741.93538711203
961,8,-0.000040615940770118766,16.0,144204389832.59674,-144204389842.07007,-24620.874982556164
961,16,-0.00003928803241017262,16.0,154497715840.824,-154497715848.24457,-25453.04355178336
961,32,-2.67758751511127e-7,16.0,3324494310469342.5,-3324494310469351.0,-3734705.193971761
