index,bin_size,m,n,a,b,corr
1210,1,0.12919428785669967,16.0,13799.833583185506,-13855.176328702675,7.740280290945871
1210,2,0.12632460473337764,16.0,14486.760507612931,-14539.866627848896,7.916114221062579
1210,4,0.12819159085754647,16.0,14028.92163428756,-14083.620650781646,7.800823699202351
1210,8,0.13057492888055144,16.0,13483.490131374894,-13541.447185387095,7.658438021549982
1210,16,0.12830787252487547,16.0,14009.834342289008,-14065.620394687181,7.793754041133577
1210,32,0.12993332321242504,16.0,13601.374784940195,-13660.202950255643,7.696255088966844
