index,bin_size,m12,m23,m34,m13,m24,m14,m12_err,m23_err,m34_err,m13_err,m24_err,m14_err,corr12,corr23,corr34,corr13,corr24,corr14,corr12_err,corr23_err,corr34_err,corr13_err,corr24_err,corr14_err
31,1,346912152028.7799,,,,,,7483447194928.952,,,,,,2.8825741449294627e-12,,,,,,6.218171163187598e-11,,,,,
31,2,62581275514.33228,,,,,,1208901792542.1633,,,,,,1.597922049017651e-11,,,,,,3.086755285065551e-10,,,,,
31,4,37859793142.76773,,,,,,727676939671.3927,,,,,,2.6413245213174856e-11,,,,,,5.07670746404613e-10,,,,,
31,8,16084284388.396696,,,,,,508629731856.1504,,,,,,6.217248935994979e-11,,,,,,1.966066741196984e-9,,,,,
31,16,27788562082.342564,,,,,,626567243537.143,,,,,,3.5986028965328187e-11,,,,,,8.114009968504534e-10,,,,,
31,32,4.8395559571574704,,,,,,1.1637593397009776,,,,,,0.2066305274394127,,,,,,0.049688072274340536,,,,,
