index,bin_size,m12,m23,m34,m13,m24,m14,m12_err,m23_err,m34_err,m13_err,m24_err,m14_err,corr12,corr23,corr34,corr13,corr24,corr14,corr12_err,corr23_err,corr34_err,corr13_err,corr24_err,corr14_err
409,1,0.05550326934963833,,,,,,0.030044764223491335,,,,,,18.01695668953447,,,,,,9.752852797768488,,,,,
409,2,0.05499050885057409,,,,,,0.030489798559764473,,,,,,18.184956293408806,,,,,,10.082751838335959,,,,,
409,4,0.05427866216449587,,,,,,0.03154734651861395,,,,,,18.423445975315666,,,,,,10.707906405077567,,,,,
409,8,0.056089225198687656,,,,,,0.03132880850272522,,,,,,17.828736204817417,,,,,,9.958295206035357,,,,,
409,16,0.056514822996580144,,,,,,0.029422188845336584,,,,,,17.694472829907166,,,,,,9.21192164313616,,,,,
409,32,0.05644237669508386,,,,,,0.028671051312924543,,,,,,17.717184472975962,,,,,,8.999803603052174,,,,,
