index,bin_size,m,n,a,b,corr
2664,1,0.13638386910954073,16.0,10206.194720239688,-10190.389375887982,7.332245422637339
2664,2,0.13874936383896755,16.0,9818.537582663384,-9803.153373637093,7.207240252002881
2664,4,0.13916734320671123,16.0,9752.551465892393,-9736.178895148496,7.185593810716477
2664,8,0.13886090903822249,16.0,9792.419203539946,-9775.793545162394,7.201450767722849
2664,16,0.1383005292049329,16.0,9897.398861160273,-9882.34033937676,7.230630321871046
2664,32,0.13967775926522574,16.0,9670.580464575685,-9655.496320105458,7.159335926209697
