index,bin_size,m12,m23,m34,m13,m24,m14,m12_err,m23_err,m34_err,m13_err,m24_err,m14_err,corr12,corr23,corr34,corr13,corr24,corr14,corr12_err,corr23_err,corr34_err,corr13_err,corr24_err,corr14_err
2272,1,0.13198584460708487,,,,,,0.03626561290139702,,,,,,7.576570070653781,,,,,,2.0818062582439314,,,,,
2272,2,0.13051226337073596,,,,,,0.03684865199536835,,,,,,7.662115223298047,,,,,,2.1633110185952917,,,,,
2272,4,0.13079400859691828,,,,,,0.037581552813625595,,,,,,7.645610152387069,,,,,,2.1968429962249565,,,,,
2272,8,0.1302848490257214,,,,,,0.03841571649659182,,,,,,7.675489571335924,,,,,,2.263190490298496,,,,,
2272,16,0.1316997076241616,,,,,,0.03569756594111892,,,,,,7.59303128336285,,,,,,2.058111895770806,,,,,
2272,32,0.1305480844392593,,,,,,0.0411494340218132,,,,,,7.660012816697241,,,,,,2.4144758106625734,,,,,
