index,bin_size,m12,m23,m34,m13,m24,m14,m12_err,m23_err,m34_err,m13_err,m24_err,m14_err,corr12,corr23,corr34,corr13,corr24,corr14,corr12_err,corr23_err,corr34_err,corr13_err,corr24_err,corr14_err
2149,1,0.11228907573158789,,,,,,0.04096580533659127,,,,,,8.905585814869179,,,,,,3.2489758467003838,,,,,
2149,2,0.11039843994545724,,,,,,0.037945387011385716,,,,,,9.058099013845247,,,,,,3.1133870445780025,,,,,
2149,4,0.11216940000851276,,,,,,0.03809605431714325,,,,,,8.915087358264445,,,,,,3.0278280191990357,,,,,
2149,8,0.11134218134880272,,,,,,0.03896571027607987,,,,,,8.981322153796237,,,,,,3.1431358062280768,,,,,
2149,16,0.11116287203974831,,,,,,0.042793937907405384,,,,,,8.995809317003179,,,,,,3.4630816771362403,,,,,
2149,32,0.10992048395124478,,,,,,0.044105117058233216,,,,,,9.097485419037547,,,,,,3.650326535317961,,,,,
