index,bin_size,m12,m23,m34,m13,m24,m14,m12_err,m23_err,m34_err,m13_err,m24_err,m14_err,corr12,corr23,corr34,corr13,corr24,corr14,corr12_err,corr23_err,corr34_err,corr13_err,corr24_err,corr14_err
781,1,0.1895641545284303,,,,,,0.05237892760541567,,,,,,5.275258935359653,,,,,,1.4576194880429505,,,,,
781,2,0.18857456726834318,,,,,,0.05290114597052158,,,,,,5.3029420376555425,,,,,,1.4876434021350933,,,,,
781,4,0.18945636951868,,,,,,0.04828304298204888,,,,,,5.2782601215284135,,,,,,1.3451670216506668,,,,,
781,8,0.1910734606487186,,,,,,0.046917469429786654,,,,,,5.233589199697715,,,,,,1.2850908778812964,,,,,
781,16,0.1862694646396598,,,,,,0.05224683359700807,,,,,,5.368566457924332,,,,,,1.50583241823486,,,,,
781,32,0.1894193837592732,,,,,,0.053111140190527505,,,,,,5.279290747090946,,,,,,1.4802558503285976,,,,,
