index,bin_size,m,n,a,b,corr
1181,1,0.06926510478507887,16.0,45181.355549961154,-45063.560605333085,14.437284157771469
1181,2,0.07071936443253882,16.0,43241.951360114675,-43124.619588347465,14.140398574338546
1181,4,0.0707521069398453,16.0,43237.703396561905,-43120.90419258363,14.133854711213305
1181,8,0.07266028806137576,16.0,40910.727738449124,-40792.625152074426,13.762675963454829
1181,16,0.07177141976934477,16.0,41935.60255956169,-41817.75906253885,13.933122727873402
1181,32,0.07393183827186327,16.0,39437.21649546394,-39319.26125923872,13.525972346619936
