index,bin_size,m12,m23,m34,m13,m24,m14,m12_err,m23_err,m34_err,m13_err,m24_err,m14_err,corr12,corr23,corr34,corr13,corr24,corr14,corr12_err,corr23_err,corr34_err,corr13_err,corr24_err,corr14_err
1345,1,0.03666566711017539,,,,,,0.05279346371514405,,,,,,27.273470764765708,,,,,,39.2700065944283,,,,,
1345,2,0.04106942089300852,,,,,,0.05702839115961967,,,,,,24.349016330304178,,,,,,33.810684383741595,,,,,
1345,4,0.03945784932281534,,,,,,0.05730957507461832,,,,,,25.3434998906993,,,,,,36.80953814175043,,,,,
1345,8,0.03591594499925047,,,,,,0.051489989270410895,,,,,,27.842786818525003,,,,,,39.91610953224559,,,,,
1345,16,0.035057784798447386,,,,,,0.051042524448068866,,,,,,28.524335058508527,,,,,,41.530121710750805,,,,,
1345,32,0.03523606144980784,,,,,,0.05237579194394815,,,,,,28.380016348434804,,,,,,42.18478940243688,,,,,
