index,bin_size,m,n,a,b,corr
1856,1,0.00005418816079807896,16.0,89255039627.4211,-89255039530.7421,18454.2155569054
1856,2,2.2403550167355813e-6,16.0,52268400805934.016,-52268400805835.98,446357.8283486065
1856,4,1.279972841512089e-6,16.0,159838587921246.22,-159838587921152.38,781266.5765772462
1856,8,1.1436421878913954e-6,16.0,200399237354745.25,-200399237354645.66,874399.3624822135
1856,16,-0.00001583487479484271,16.0,1046604771994.6267,-1046604771897.7892,-63151.74656926823
1856,32,-7.145520635354103e-7,16.0,513678065929048.25,-513678065928951.56,-1399478.1500626707
