index,bin_size,m12,m23,m34,m13,m24,m14,m12_err,m23_err,m34_err,m13_err,m24_err,m14_err,corr12,corr23,corr34,corr13,corr24,corr14,corr12_err,corr23_err,corr34_err,corr13_err,corr24_err,corr14_err
2013,1,0.01006691597021218,,,,,,0.027950215583974484,,,,,,99.3352882808381,,,,,,275.79873823931007,,,,,
2013,2,0.010844537372083558,,,,,,0.03080165814459187,,,,,,92.21232457312932,,,,,,261.90997372845726,,,,,
2013,4,0.009611733595915177,,,,,,0.028800450803614725,,,,,,104.03950442665025,,,,,,311.7423718594957,,,,,
2013,8,0.010589419778598437,,,,,,0.030614137728720542,,,,,,94.43388031712867,,,,,,273.00946404343307,,,,,
2013,16,0.002983085353016731,,,,,,0.014120586528581055,,,,,,335.22339512971735,,,,,,1586.7970229369905,,,,,
2013,32,0.0024164462820177803,,,,,,0.01272935874735053,,,,,,413.83084219235377,,,,,,2179.9786281969227,,,,,
