index,bin_size,m,n,a,b,corr
360,1,0.06779880439886006,36.0,20368.55644307709,-20530.1266917834,14.749522633422922
360,2,0.06816460491084637,36.0,20119.99624454223,-20284.75400574121,14.670370367552437
360,4,0.06884336153487321,36.0,19639.186533959553,-19799.412944151685,14.525728809646246
360,8,0.06857455580314417,36.0,19828.836033756255,-19988.098306245738,14.582668284001478
360,16,0.06831305212260205,36.0,20053.053296182083,-20212.42135525586,14.638491019333918
360,32,0.06960285405631675,36.0,19168.960681173623,-19334.313391537544,14.36722694145393
