index,bin_size,m12,m23,m34,m13,m24,m14,m12_err,m23_err,m34_err,m13_err,m24_err,m14_err,corr12,corr23,corr34,corr13,corr24,corr14,corr12_err,corr23_err,corr34_err,corr13_err,corr24_err,corr14_err
341,1,2038945615037.9133,,,,,,39710590871668.34,,,,,,4.904495699270553e-13,,,,,,9.552016528011631e-12,,,,,
341,2,977945238621.6105,,,,,,12744118108513.549,,,,,,1.0225521435223461e-12,,,,,,1.332541411779875e-11,,,,,
341,4,3735855363418.668,,,,,,79725178138913.14,,,,,,2.6767631578887023e-13,,,,,,5.712357648746604e-12,,,,,
341,8,651576827091.7869,,,,,,9904072688755.422,,,,,,1.5347384351640412e-12,,,,,,2.332827133821655e-11,,,,,
341,16,NaN,,,,,,NaN,,,,,,NaN,,,,,,NaN,,,,,
341,32,709022089863.3687,,,,,,8223746857609.936,,,,,,1.4103932928136329e-12,,,,,,1.6358753239980663e-11,,,,,
