index,bin_size,m12,m23,m34,m13,m24,m14,m12_err,m23_err,m34_err,m13_err,m24_err,m14_err,corr12,corr23,corr34,corr13,corr24,corr14,corr12_err,corr23_err,corr34_err,corr13_err,corr24_err,corr14_err
410,1,0.06532180051870891,,,,,,0.029608557028561695,,,,,,15.308824803651708,,,,,,6.939064885533262,,,,,
410,2,0.0651921872398465,,,,,,0.030648325508308892,,,,,,15.339261379909402,,,,,,7.211334605155697,,,,,
410,4,0.06527897127516546,,,,,,0.02795429183231554,,,,,,15.318868855711226,,,,,,6.5599705719694,,,,,
410,8,0.06556742770787749,,,,,,0.030023703112136153,,,,,,15.251475236382602,,,,,,6.983738428162151,,,,,
410,16,0.06480282164007353,,,,,,0.030596307062538648,,,,,,15.43142682203221,,,,,,7.285865977910166,,,,,
410,32,0.06355645487875063,,,,,,0.03455287377009696,,,,,,15.734043094564397,,,,,,8.55391330395797,,,,,
