index,bin_size,m12,m23,m34,m13,m24,m14,m12_err,m23_err,m34_err,m13_err,m24_err,m14_err,corr12,corr23,corr34,corr13,corr24,corr14,corr12_err,corr23_err,corr34_err,corr13_err,corr24_err,corr14_err
1539,1,0.0447106069531788,,,,,,0.058313284072291256,,,,,,22.36605736636959,,,,,,29.170667670606164,,,,,
1539,2,0.04658235736197116,,,,,,0.0591736640122592,,,,,,21.467354952207263,,,,,,27.270024986130665,,,,,
1539,4,0.046014807378192545,,,,,,0.05898806062911017,,,,,,21.73213487087034,,,,,,27.859216682724558,,,,,
1539,8,0.043579599074048944,,,,,,0.05733152717767779,,,,,,22.946516747454115,,,,,,30.187493150277774,,,,,
1539,16,0.04146367813273301,,,,,,0.05487572258886266,,,,,,24.11749379297255,,,,,,31.918656484963044,,,,,
1539,32,0.04282417045100551,,,,,,0.05475521219138118,,,,,,23.35129879851578,,,,,,29.857094888035462,,,,,
