index,bin_size,m12,m23,m34,m13,m24,m14,m12_err,m23_err,m34_err,m13_err,m24_err,m14_err,corr12,corr23,corr34,corr13,corr24,corr14,corr12_err,corr23_err,corr34_err,corr13_err,corr24_err,corr14_err
489,1,0.1614864129463221,,,,,,0.023304853374054083,,,,,,6.1924714392683855,,,,,,0.8936642797505038,,,,,
489,2,0.16068485526990853,,,,,,0.022548808322923726,,,,,,6.223361861453972,,,,,,0.8733205970307703,,,,,
489,4,0.16134040556820087,,,,,,0.024291724993192435,,,,,,6.198075407572258,,,,,,0.9331942780084914,,,,,
489,8,0.16118177416948995,,,,,,0.025313475860445887,,,,,,6.204175410977017,,,,,,0.9743610610377961,,,,,
489,16,0.16002005949161877,,,,,,0.024528801818281366,,,,,,6.249216524334414,,,,,,0.9579161145915989,,,,,
489,32,0.16155906408128412,,,,,,0.02231201682772899,,,,,,6.18968676060711,,,,,,0.8548229463099245,,,,,
