index,bin_size,m,n,a,b,corr
2338,1,0.12229522238164804,24.0,7531.780542788345,-7555.449606383931,8.176934311295408
2338,2,0.122819038039228,24.0,7449.842920256117,-7472.466605467496,8.14206018842619
2338,4,0.12087624950274962,24.0,7747.668081059572,-7769.647577207921,8.272923788698892
2338,8,0.12252198670960801,24.0,7494.593261601246,-7517.012709706359,8.161800398895926
2338,16,0.12193815310598762,24.0,7577.637623146352,-7600.938338171936,8.200878679299073
2338,32,0.1225909508510254,24.0,7483.812084610309,-7506.694413110665,8.15720893800079
