index,bin_size,m12,m23,m34,m13,m24,m14,m12_err,m23_err,m34_err,m13_err,m24_err,m14_err,corr12,corr23,corr34,corr13,corr24,corr14,corr12_err,corr23_err,corr34_err,corr13_err,corr24_err,corr14_err
521,1,0.2042340481120396,,,,,,0.02792937025503353,,,,,,4.896343235832135,,,,,,0.669583668313056,,,,,
521,2,0.20392436799284558,,,,,,0.028419483904157276,,,,,,4.903778836451187,,,,,,0.6834046616584879,,,,,
521,4,0.20350158777959876,,,,,,0.02958856532227692,,,,,,4.913966573484647,,,,,,0.7144770836309513,,,,,
521,8,0.20334420702494102,,,,,,0.029177101857628295,,,,,,4.917769798464659,,,,,,0.7056324466847109,,,,,
521,16,0.20369755137640924,,,,,,0.028700912298851133,,,,,,4.9092391795722525,,,,,,0.6917100485249381,,,,,
521,32,0.204809715144055,,,,,,0.03250642077698423,,,,,,4.882580883903089,,,,,,0.7749399415851901,,,,,
