index,bin_size,m,n,a,b,corr
2672,1,0.1262885501258632,16.0,11947.11192262487,-11979.026081740492,7.918374223184667
2672,2,0.12746883811905346,16.0,11698.283492480117,-11731.56718732678,7.845054640460589
2672,4,0.12698142423446257,16.0,11804.32164714896,-11836.771645783265,7.875167616277228
2672,8,0.12713539547096425,16.0,11774.189272943782,-11805.982170195046,7.865630151977499
2672,16,0.1269355637217856,16.0,11810.469654979592,-11841.182748179996,7.878012833281117
2672,32,0.12608944365864938,16.0,11986.651004563284,-12016.714059898415,7.930878041679763
