index,bin_size,m12,m23,m34,m13,m24,m14,m12_err,m23_err,m34_err,m13_err,m24_err,m14_err,corr12,corr23,corr34,corr13,corr24,corr14,corr12_err,corr23_err,corr34_err,corr13_err,corr24_err,corr14_err
455,1,0.15771476090604317,,,,,,0.023515903852160066,,,,,,6.340560606091518,,,,,,0.9454030347258935,,,,,
455,2,0.15716550459280504,,,,,,0.023371750632588728,,,,,,6.362719367655563,,,,,,0.9461865744093838,,,,,
455,4,0.15726381730052963,,,,,,0.02329326325571705,,,,,,6.358741744701578,,,,,,0.9418304094158128,,,,,
455,8,0.1575150847353284,,,,,,0.023240269109612514,,,,,,6.348598305237201,,,,,,0.936692084637216,,,,,
455,16,0.15802481176326208,,,,,,0.023738650934735473,,,,,,6.328120178355953,,,,,,0.950616769043174,,,,,
455,32,0.15736667427835835,,,,,,0.023317609661653842,,,,,,6.354585585453424,,,,,,0.9415827520195131,,,,,
