index,bin_size,m12,m23,m34,m13,m24,m14,m12_err,m23_err,m34_err,m13_err,m24_err,m14_err,corr12,corr23,corr34,corr13,corr24,corr14,corr12_err,corr23_err,corr34_err,corr13_err,corr24_err,corr14_err
2422,1,0.030349113903396632,,,,,,0.03910201763909413,,,,,,32.94989116265702,,,,,,42.45287785170722,,,,,
2422,2,0.029123431179415862,,,,,,0.03770760878458738,,,,,,34.33661349308284,,,,,,44.457384866789624,,,,,
2422,4,0.028905016846089163,,,,,,0.03845750835889847,,,,,,34.5960704788622,,,,,,46.029333824999895,,,,,
2422,8,0.02991163781416297,,,,,,0.03878616277699854,,,,,,33.43180357467776,,,,,,43.350731358552295,,,,,
2422,16,0.029614655507777105,,,,,,0.03928724198553388,,,,,,33.76706508496748,,,,,,44.79589022354175,,,,,
2422,32,0.026447347373533537,,,,,,0.03499506121205665,,,,,,37.81097536461153,,,,,,50.031384194556324,,,,,
