index,bin_size,m12,m23,m34,m13,m24,m14,m12_err,m23_err,m34_err,m13_err,m24_err,m14_err,corr12,corr23,corr34,corr13,corr24,corr14,corr12_err,corr23_err,corr34_err,corr13_err,corr24_err,corr14_err
867,1,0.12096267854657744,,,,,,0.06260663047840935,,,,,,8.267012701896673,,,,,,4.278756188328519,,,,,
867,2,0.12568025138390826,,,,,,0.05804233395480765,,,,,,7.956699552942151,,,,,,3.6746060542099444,,,,,
867,4,0.12456250413610209,,,,,,0.05847804560260771,,,,,,8.028098077631444,,,,,,3.768931017740134,,,,,
867,8,0.11907686275170237,,,,,,0.06135562155939507,,,,,,8.397937070992437,,,,,,4.327126503843505,,,,,
867,16,0.12380843036093407,,,,,,0.05066637138908503,,,,,,8.076994410515807,,,,,,3.3053645645756036,,,,,
867,32,0.12483435165929978,,,,,,0.04917916163641188,,,,,,8.010615561405874,,,,,,3.155824917301017,,,,,
