index,bin_size,m,n,a,b,corr
1682,1,0.22297372443400165,16.0,2468.033902303046,-2512.1915926643933,4.484833370113041
1682,2,0.22380189721612104,16.0,2443.022441063921,-2486.418934308894,4.468237367238759
1682,4,0.2220458590349611,16.0,2492.0515574441047,-2535.317733186356,4.503574191142876
1682,8,0.22426909218570848,16.0,2431.00353917872,-2475.004549909619,4.458929183036685
1682,16,0.223424022622062,16.0,2455.6965775253775,-2500.4604104381506,4.475794447992608
1682,32,0.2232834233820644,16.0,2460.2051895068143,-2503.9890413742264,4.478612809016644
