index,bin_size,m12,m23,m34,m13,m24,m14,m12_err,m23_err,m34_err,m13_err,m24_err,m14_err,corr12,corr23,corr34,corr13,corr24,corr14,corr12_err,corr23_err,corr34_err,corr13_err,corr24_err,corr14_err
2087,1,0.025691469767696144,,,,,,0.04634433544119481,,,,,,38.92342513067807,,,,,,70.21319866427157,,,,,
2087,2,0.023207475052269215,,,,,,0.042462871489746125,,,,,,43.089564795297306,,,,,,78.84126335720829,,,,,
2087,4,0.021567335144418318,,,,,,0.0415519724150043,,,,,,46.36641445518607,,,,,,89.33027476615077,,,,,
2087,8,0.021414082154457396,,,,,,0.040562278193723385,,,,,,46.69824243631415,,,,,,88.45520845568596,,,,,
2087,16,0.02648659496579196,,,,,,0.0471159039350449,,,,,,37.75494740986989,,,,,,67.16070818214037,,,,,
2087,32,0.027366556777008402,,,,,,0.04705364237121143,,,,,,36.54095062628174,,,,,,62.827955912877954,,,,,
