index,bin_size,m12,m23,m34,m13,m24,m14,m12_err,m23_err,m34_err,m13_err,m24_err,m14_err,corr12,corr23,corr34,corr13,corr24,corr14,corr12_err,corr23_err,corr34_err,corr13_err,corr24_err,corr14_err
388,1,0.15513845188388256,,,,,,0.023348994691462108,,,,,,6.44585522065462,,,,,,0.9701285368094744,,,,,
388,2,0.15553409538468924,,,,,,0.02287335129487076,,,,,,6.429458425348195,,,,,,0.9455371237735231,,,,,
388,4,0.15519503933756287,,,,,,0.020596368361529477,,,,,,6.4435049230208445,,,,,,0.8551355861652505,,,,,
388,8,0.15570130369040633,,,,,,0.023195233752615438,,,,,,6.422553802043828,,,,,,0.9567847744124875,,,,,
388,16,0.1544425160553742,,,,,,0.023207143453976616,,,,,,6.474900989319919,,,,,,0.9729442380721541,,,,,
388,32,0.15567813596858227,,,,,,0.02753804970839923,,,,,,6.4235095941912626,,,,,,1.1362605635444984,,,,,
