index,bin_size,m12,m23,m34,m13,m24,m14,m12_err,m23_err,m34_err,m13_err,m24_err,m14_err,corr12,corr23,corr34,corr13,corr24,corr14,corr12_err,corr23_err,corr34_err,corr13_err,corr24_err,corr14_err
2089,1,0.20038696229912717,,,,,,0.047969081093637615,,,,,,4.990344623854582,,,,,,1.1945999041072424,,,,,
2089,2,0.20002806460274128,,,,,,0.05037203965778859,,,,,,4.999298483370396,,,,,,1.2589476479992139,,,,,
2089,4,0.20271627998543384,,,,,,0.051497463193259665,,,,,,4.933002914575262,,,,,,1.2531659324245494,,,,,
2089,8,0.20130154001479336,,,,,,0.04924478619127177,,,,,,4.967671881330423,,,,,,1.2152512079467044,,,,,
2089,16,0.20111864245209427,,,,,,0.05058681297867369,,,,,,4.972189488789914,,,,,,1.2506409982548257,,,,,
2089,32,0.1999377699485647,,,,,,0.04693068858009981,,,,,,5.001556235508962,,,,,,1.1739976802027567,,,,,
