index,bin_size,m12,m23,m34,m13,m24,m14,m12_err,m23_err,m34_err,m13_err,m24_err,m14_err,corr12,corr23,corr34,corr13,corr24,corr14,corr12_err,corr23_err,corr34_err,corr13_err,corr24_err,corr14_err
2755,1,0.06339569984200723,,,,,,0.04389897483704728,,,,,,15.773940543162526,,,,,,10.922820013204339,,,,,
2755,2,0.06482451788865454,,,,,,0.04396447190258301,,,,,,15.426262046678763,,,,,,10.46220606650728,,,,,
2755,4,0.06546894645251208,,,,,,0.04430316463651531,,,,,,15.274417173115047,,,,,,10.336274759487399,,,,,
2755,8,0.062465767849245325,,,,,,0.043212166181701414,,,,,,16.008768233080822,,,,,,11.074442483789761,,,,,
2755,16,0.06223083628131415,,,,,,0.04788383898542683,,,,,,16.069203947051356,,,,,,12.364532125942748,,,,,
2755,32,0.06108485674281941,,,,,,0.04121766205284263,,,,,,16.370669480493643,,,,,,11.04628476197729,,,,,
