index,bin_size,m,n,a,b,corr
242,1,0.000034083676436186306,24.0,163842780460.6275,-163842780421.44528,29339.557951509883
242,2,0.000024959486939262742,24.0,305313174545.5847,-305313174504.53723,40064.92611139939
242,4,-1.6608290145600688e-6,24.0,68819978107332.21,-68819978107291.086,-602108.9415185142
242,8,1.6047841981330582e-6,24.0,73654420503969.84,-73654420503937.55,623136.7439705351
242,16,-0.000023604496915680973,24.0,340905704723.27167,-340905704689.622,-42364.808857064796
242,32,-5.0381122409360156e-8,24.0,7.478751649923438e16,-7.478751649923435e16,-19848704.28004226
