index,bin_size,m12,m23,m34,m13,m24,m14,m12_err,m23_err,m34_err,m13_err,m24_err,m14_err,corr12,corr23,corr34,corr13,corr24,corr14,corr12_err,corr23_err,corr34_err,corr13_err,corr24_err,corr14_err
1137,1,0.15102940667774115,,,,,,0.05782863309712222,,,,,,6.621227097407256,,,,,,2.53524476386041,,,,,
1137,2,0.1455691844807437,,,,,,0.06073420891247627,,,,,,6.869585781957051,,,,,,2.8661207350429794,,,,,
1137,4,0.1475703611790836,,,,,,0.06013482482378308,,,,,,6.776428491534644,,,,,,2.7613901396826477,,,,,
1137,8,0.14666250495527,,,,,,0.06517469589977999,,,,,,6.8183752916601685,,,,,,3.0299873597553546,,,,,
1137,16,0.14805034760082658,,,,,,0.06301443085333902,,,,,,6.754458981050153,,,,,,2.8748894907067633,,,,,
1137,32,0.14678787614041675,,,,,,0.07106576739096354,,,,,,6.812551733110462,,,,,,3.2982234605057426,,,,,
