index,bin_size,m,n,a,b,corr
26,1,0.13749117546417122,16.0,10833.015296080717,-10817.587534792108,7.27319405499293
26,2,0.13752469046473564,16.0,10803.837099410908,-10788.3845903392,7.271421565252838
26,4,0.13530425538036253,16.0,11228.889150922063,-11213.897502023956,7.3907505509626095
26,8,0.13728153529136028,16.0,10865.744656603203,-10851.627425643372,7.284300819317354
26,16,0.13664004545671982,16.0,10984.725460877398,-10969.715026731237,7.318498736278202
26,32,0.13763057751355048,16.0,10793.13203850876,-10779.588057294439,7.265827246140448
