index,bin_size,m12,m23,m34,m13,m24,m14,m12_err,m23_err,m34_err,m13_err,m24_err,m14_err,corr12,corr23,corr34,corr13,corr24,corr14,corr12_err,corr23_err,corr34_err,corr13_err,corr24_err,corr14_err
975,1,0.050034134497898224,,,,,,0.05919779050252975,,,,,,19.98635551579306,,,,,,23.646818289276048,,,,,
975,2,0.051288714053664225,,,,,,0.059932620243756646,,,,,,19.497466810216444,,,,,,22.78345822492829,,,,,
975,4,0.04759342704899056,,,,,,0.057689564247694045,,,,,,21.011304753714086,,,,,,25.468496191071765,,,,,
975,8,0.046833553585167845,,,,,,0.05411970333805581,,,,,,21.352212750234255,,,,,,24.674092209387684,,,,,
975,16,0.0429355189671653,,,,,,0.04959298090508966,,,,,,23.290739789700563,,,,,,26.902137005479208,,,,,
975,32,0.033127646305818596,,,,,,0.04046579999470592,,,,,,30.18626771031295,,,,,,36.872872297529476,,,,,
