index,bin_size,m,n,a,b,corr
2143,1,0.058791284426280496,24.0,53546.31979472567,-53585.964450450185,17.00932391184477
2143,2,0.061048570603722305,24.0,49425.50323406125,-49464.65262923443,16.380399903073688
2143,4,0.05989075335869813,24.0,51433.495216651936,-51471.79884020118,16.69706831054191
2143,8,0.05760283702833999,24.0,55856.741083306006,-55896.37588970967,17.360256049680515
2143,16,0.06052488998360779,24.0,50272.00873968255,-50307.51638575227,16.522128338784825
2143,32,0.05878003299185729,24.0,53515.42371762763,-53553.26142753085,17.01257976732556
