index,bin_size,m12,m23,m34,m13,m24,m14,m12_err,m23_err,m34_err,m13_err,m24_err,m14_err,corr12,corr23,corr34,corr13,corr24,corr14,corr12_err,corr23_err,corr34_err,corr13_err,corr24_err,corr14_err
2004,1,0.1718932066742477,,,,,,0.05301577022314098,,,,,,5.817565564967819,,,,,,1.7942693909648135,,,,,
2004,2,0.17140893491605422,,,,,,0.057007567307660226,,,,,,5.834001596764718,,,,,,1.940285311634663,,,,,
2004,4,0.17222632411831096,,,,,,0.059362477270977064,,,,,,5.806313321261212,,,,,,2.0013034843893194,,,,,
2004,8,0.17095667407878873,,,,,,0.054697967540493636,,,,,,5.849435275859019,,,,,,1.8715398072244833,,,,,
2004,16,0.1724386662005209,,,,,,0.04373560326140991,,,,,,5.799163389707194,,,,,,1.4708412843172451,,,,,
2004,32,0.17381433388352635,,,,,,0.04114192060691189,,,,,,5.753265439374545,,,,,,1.361800172912387,,,,,
