index,bin_size,m12,m23,m34,m13,m24,m14,m12_err,m23_err,m34_err,m13_err,m24_err,m14_err,corr12,corr23,corr34,corr13,corr24,corr14,corr12_err,corr23_err,corr34_err,corr13_err,corr24_err,corr14_err
2137,1,0.17074174511733026,,,,,,0.03304011187009721,,,,,,5.856798519382711,,,,,,1.1333448545231208,,,,,
2137,2,0.17065481625099962,,,,,,0.0320611199031896,,,,,,5.859781879986305,,,,,,1.1008840745781074,,,,,
2137,4,0.17111240117815096,,,,,,0.03220375001295141,,,,,,5.84411178333513,,,,,,1.0998753662647998,,,,,
2137,8,0.17119860367767287,,,,,,0.03051308601726357,,,,,,5.841169136418702,,,,,,1.0410838200321924,,,,,
2137,16,0.17117350438968082,,,,,,0.03136745197687336,,,,,,5.842025631043194,,,,,,1.0705480330194013,,,,,
2137,32,0.17060922512013832,,,,,,0.029923791376366728,,,,,,5.861347762970189,,,,,,1.0280437503889153,,,,,
