index,bin_size,m12,m23,m34,m13,m24,m14,m12_err,m23_err,m34_err,m13_err,m24_err,m14_err,corr12,corr23,corr34,corr13,corr24,corr14,corr12_err,corr23_err,corr34_err,corr13_err,corr24_err,corr14_err
896,1,0.11597322996035526,,,,,,0.06779001924412938,,,,,,8.62267956442917,,,,,,5.040228799425807,,,,,
896,2,0.11373122214536086,,,,,,0.06662759111572263,,,,,,8.79266028392706,,,,,,5.151037359540431,,,,,
896,4,0.116724548700971,,,,,,0.06536494294742701,,,,,,8.567178122588716,,,,,,4.797560713968285,,,,,
896,8,0.11551822260460258,,,,,,0.06411042473154113,,,,,,8.656642886748823,,,,,,4.804272777969744,,,,,
896,16,0.11474248158694389,,,,,,0.06179587662620163,,,,,,8.715167967168894,,,,,,4.693653449247644,,,,,
896,32,0.11710904488738882,,,,,,0.05360562421174895,,,,,,8.539050087562345,,,,,,3.9086742664439744,,,,,
