index,bin_size,m12,m23,m34,m13,m24,m14,m12_err,m23_err,m34_err,m13_err,m24_err,m14_err,corr12,corr23,corr34,corr13,corr24,corr14,corr12_err,corr23_err,corr34_err,corr13_err,corr24_err,corr14_err
347,1,6276560245171.988,,,,,,77048410278553.33,,,,,,1.5932293500555707e-13,,,,,,1.9557812533599086e-12,,,,,
347,2,4888912963066.403,,,,,,47484966919553.516,,,,,,2.0454444731468163e-13,,,,,,1.9866965085473728e-12,,,,,
347,4,NaN,,,,,,NaN,,,,,,NaN,,,,,,NaN,,,,,
347,8,NaN,,,,,,NaN,,,,,,NaN,,,,,,NaN,,,,,
347,16,5097758833387.254,,,,,,83566230378031.83,,,,,,1.961646348294473e-13,,,,,,3.2156756727716306e-12,,,,,
347,32,3636812244586.917,,,,,,31533968743705.598,,,,,,2.7496607818795544e-13,,,,,,2.384168093380129e-12,,,,,
