index,bin_size,m12,m23,m34,m13,m24,m14,m12_err,m23_err,m34_err,m13_err,m24_err,m14_err,corr12,corr23,corr34,corr13,corr24,corr14,corr12_err,corr23_err,corr34_err,corr13_err,corr24_err,corr14_err
2307,1,0.18888025472969214,,,,,,0.030864424318186857,,,,,,5.29435965358638,,,,,,0.865137348926346,,,,,
2307,2,0.18852698350693986,,,,,,0.031383719532183836,,,,,,5.304280487589667,,,,,,0.8829932354825035,,,,,
2307,4,0.18880149442937907,,,,,,0.03177531434082184,,,,,,5.296568244983085,,,,,,0.8914130760490616,,,,,
2307,8,0.18817335259137052,,,,,,0.03438681194602349,,,,,,5.3142487298483685,,,,,,0.9711261939649917,,,,,
2307,16,0.18858045758563932,,,,,,0.03266529127147713,,,,,,5.302776400072493,,,,,,0.9185296179336117,,,,,
2307,32,0.18839703735770294,,,,,,0.026390946345368156,,,,,,5.307939095142641,,,,,,0.7435442607222291,,,,,
