index,bin_size,m,n,a,b,corr
992,1,0.15948145231113253,16.0,7817.734667270407,-7787.380002061477,6.270321629935367
992,2,0.1589685112123462,16.0,7880.275244585538,-7849.436462888943,6.290553974329072
992,4,0.159507867282111,16.0,7814.931787188178,-7785.012932553771,6.269283246270017
992,8,0.1595094524745883,16.0,7821.531931413414,-7790.422404741863,6.269220942622892
992,16,0.1582158124941022,16.0,7971.85060046192,-7939.158856659599,6.320480767605178
992,32,0.1567518457879411,16.0,8153.561643618249,-8120.591917447912,6.379510205913824
