index,bin_size,m12,m23,m34,m13,m24,m14,m12_err,m23_err,m34_err,m13_err,m24_err,m14_err,corr12,corr23,corr34,corr13,corr24,corr14,corr12_err,corr23_err,corr34_err,corr13_err,corr24_err,corr14_err
1765,1,0.12570320052515838,,,,,,0.06367734939541128,,,,,,7.955246929451561,,,,,,4.029881786121066,,,,,
1765,2,0.1254849621043697,,,,,,0.06188132193094908,,,,,,7.969082376327047,,,,,,3.929852181121026,,,,,
1765,4,0.1262673405192076,,,,,,0.06239988564093673,,,,,,7.919704302696401,,,,,,3.9138279207133118,,,,,
1765,8,0.1261835281277677,,,,,,0.05542100164306111,,,,,,7.924964651388139,,,,,,3.4807195953584342,,,,,
1765,16,0.1289073996409321,,,,,,0.0591782868212687,,,,,,7.757506572822598,,,,,,3.5612846916710437,,,,,
1765,32,0.12602526343699733,,,,,,0.0632529318663145,,,,,,7.934916958137691,,,,,,3.9825884749597105,,,,,
