index,bin_size,m,n,a,b,corr
816,1,0.000027344415932080964,16.0,383380871079.0822,-383380870983.0201,36570.537929346734
816,2,0.000010395870130608431,16.0,2656031504059.62,-2656031503963.749,96192.04428648185
816,4,0.00002729136465215215,16.0,384930786767.23004,-384930786672.5777,36641.62685690918
816,8,0.00003537561476341163,16.0,228915326454.25424,-228915326361.3679,28268.059981088503
816,16,0.00002366654329170794,16.0,511402483121.6208,-511402483022.8303,42253.74139663102
816,32,3.3864047435814113e-6,16.0,25012023686590.297,-25012023686492.805,295298.42878214695
