index,bin_size,m,n,a,b,corr
2413,1,0.20570894328293204,24.0,1317.5398614680742,-1317.9224468456782,4.861237358186222
2413,2,0.20619126301448953,24.0,1305.3341574290075,-1309.1883389768082,4.849866019442966
2413,4,0.20704908990599155,24.0,1290.1952267179956,-1294.9488644906935,4.829772497208461
2413,8,0.20641022534518388,24.0,1301.2494643766215,-1304.4220418050588,4.844721226032675
2413,16,0.2060126378113455,24.0,1311.088352022969,-1313.4817513579765,4.854071141575996
2413,32,0.20650150790789473,24.0,1301.1587098825592,-1304.405210065874,4.842579650537115
