index,bin_size,m12,m23,m34,m13,m24,m14,m12_err,m23_err,m34_err,m13_err,m24_err,m14_err,corr12,corr23,corr34,corr13,corr24,corr14,corr12_err,corr23_err,corr34_err,corr13_err,corr24_err,corr14_err
2568,1,0.06637110109397666,,,,,,0.01757037165908722,,,,,,15.066798403480945,,,,,,3.9886222060240466,,,,,
2568,2,0.06603062003849232,,,,,,0.019111862906708042,,,,,,15.14448901762627,,,,,,4.383411782719761,,,,,
2568,4,0.06692490444368243,,,,,,0.018299544389660336,,,,,,14.942120699499899,,,,,,4.085683846530655,,,,,
2568,8,0.06631891923300062,,,,,,0.019132265991489462,,,,,,15.078653445582615,,,,,,4.350022766517315,,,,,
2568,16,0.06620653499216932,,,,,,0.019096011801788677,,,,,,15.104249151813738,,,,,,4.356532479676008,,,,,
2568,32,0.06718459355276177,,,,,,0.019040880754493523,,,,,,14.884364809242681,,,,,,4.218398898500435,,,,,
