index,bin_size,m,n,a,b,corr
1029,1,0.07696085432303149,16.0,36740.61322070562,-36808.058183820416,12.993618753277504
1029,2,0.0765297365070723,16.0,37181.34919198798,-37247.68690277179,13.066816189907925
1029,4,0.07979405934511019,16.0,34063.81334839164,-34130.919781730736,12.532261276180837
1029,8,0.07898311964041117,16.0,34756.829729475015,-34823.60838869138,12.660933178541569
1029,16,0.07329086801170658,16.0,40651.16500965208,-40716.9009829138,13.644264655731357
1029,32,0.07872216930643745,16.0,35015.321155003956,-35081.15486348783,12.702901975520454
