index,bin_size,m,n,a,b,corr
1385,1,0.10359555592815682,16.0,20865.45575394946,-20808.879494044562,9.65292372863462
1385,2,0.10244318153000259,16.0,21395.727257648396,-21337.95074594421,9.761508624242888
1385,4,0.10223733410098101,16.0,21497.27210311516,-21440.019639443522,9.781162711190104
1385,8,0.10416420602300945,16.0,20635.468536776076,-20578.14133532732,9.600226778276445
1385,16,0.10305377645476943,16.0,21126.23807818073,-21069.314101510845,9.703671562573959
1385,32,0.10402031174303625,16.0,20691.55332493086,-20633.88644793768,9.613507047261335
