index,bin_size,m,n,a,b,corr
1745,1,0.059682376938886054,16.0,59606.80144090976,-59598.99149337749,16.755364837831216
1745,2,0.05999480588069335,16.0,58932.03141674494,-58923.09853112522,16.668109602498195
1745,4,0.052680974746594104,16.0,76929.65568778128,-76919.0573510265,18.982184836370198
1745,8,0.056794474817885764,16.0,65896.45203642089,-65887.20878515694,17.607346545707983
1745,16,0.0555087245468452,16.0,69108.22477412787,-69098.9199533256,18.015186048025207
1745,32,0.053548136839755595,16.0,74370.90093112318,-74360.839401291,18.67478607131617
