index,bin_size,m,n,a,b,corr
1973,1,2.6853202245450835e-6,16.0,38284834035182.28,-38284834035110.62,372395.0651618872
1973,2,1.067886758487431e-6,16.0,242013962377543.9,-242013962377472.22,936428.8788601642
1973,4,-0.00001134513868920529,16.0,2140305784493.566,-2140305784424.5542,-88143.47954613224
1973,8,0.000036772697277443466,16.0,204055939590.22128,-204055939516.66595,27194.088931121307
1973,16,-8.378413398590825e-6,16.0,3925767120799.309,-3925767120728.955,-119354.33982861137
1973,32,2.1484922542879627e-6,16.0,59714727246350.16,-59714727246280.68,465442.68335350015
