index,bin_size,m12,m23,m34,m13,m24,m14,m12_err,m23_err,m34_err,m13_err,m24_err,m14_err,corr12,corr23,corr34,corr13,corr24,corr14,corr12_err,corr23_err,corr34_err,corr13_err,corr24_err,corr14_err
561,1,0.008023201694733181,,,,,,0.014828748601147352,,,,,,124.63852188290973,,,,,,230.36106748176866,,,,,
561,2,0.008819451629841673,,,,,,0.015472702287335346,,,,,,113.38573439377795,,,,,,198.922085582922,,,,,
561,4,0.008343325253102937,,,,,,0.015193547374104171,,,,,,119.85628866956775,,,,,,218.26335960091274,,,,,
561,8,0.008732042167125026,,,,,,0.015199781531761358,,,,,,114.52074793739162,,,,,,199.34516075239875,,,,,
561,16,0.00995070005984166,,,,,,0.016365737708753138,,,,,,100.49544192732029,,,,,,165.28304879224024,,,,,
561,32,0.009371687832559438,,,,,,0.016700674358692203,,,,,,106.70436509054066,,,,,,190.15089766828527,,,,,
