index,bin_size,m,n,a,b,corr
1656,1,-0.000014302137702101374,16.0,1270530477128.3384,-1270530477038.7524,-69919.61767037613
1656,2,-0.0000306785184200412,16.0,276376499396.91394,-276376499300.75,-32596.09823096069
1656,4,0.0000324888778034572,16.0,246125695297.40723,-246125695206.9653,30779.76426423655
1656,8,5.958819943280049e-6,16.0,7316609594117.375,-7316609594025.237,167818.46229935708
1656,16,0.000034886763347234365,16.0,213638307480.0206,-213638307386.5982,28664.166694021347
1656,32,-0.00004103082380633939,16.0,153990751483.93198,-153990751395.5646,-24371.9210883964
