index,bin_size,m12,m23,m34,m13,m24,m14,m12_err,m23_err,m34_err,m13_err,m24_err,m14_err,corr12,corr23,corr34,corr13,corr24,corr14,corr12_err,corr23_err,corr34_err,corr13_err,corr24_err,corr14_err
2733,1,0.07066850953848969,,,,,,0.06466984380942863,,,,,,14.150574372243534,,,,,,12.949409014608895,,,,,
2733,2,0.07443423426270199,,,,,,0.0670766586432639,,,,,,13.434678409811852,,,,,,12.106705289618773,,,,,
2733,4,0.07262620777212483,,,,,,0.06754619305575939,,,,,,13.769134182768344,,,,,,12.806018987499664,,,,,
2733,8,0.07214837652556451,,,,,,0.06560557503917594,,,,,,13.860325736444915,,,,,,12.603397109671052,,,,,
2733,16,0.07322463729692845,,,,,,0.06543289693170531,,,,,,13.656605712432077,,,,,,12.20342369734059,,,,,
2733,32,0.07432824852353069,,,,,,0.0716572959238383,,,,,,13.453835114699656,,,,,,12.970377525031525,,,,,
