index,bin_size,m12,m23,m34,m13,m24,m14,m12_err,m23_err,m34_err,m13_err,m24_err,m14_err,corr12,corr23,corr34,corr13,corr24,corr14,corr12_err,corr23_err,corr34_err,corr13_err,corr24_err,corr14_err
52,1,0.17031395729956098,,,,,,0.05476974127725053,,,,,,5.871509392745334,,,,,,1.8881661576448925,,,,,
52,2,0.17179926411867916,,,,,,0.055157213149309964,,,,,,5.820746701855478,,,,,,1.8687866223955396,,,,,
52,4,0.17140296716441505,,,,,,0.05542301054004177,,,,,,5.834204719692915,,,,,,1.8864853684950231,,,,,
52,8,0.17135520700055118,,,,,,0.05399161237789271,,,,,,5.835830830613647,,,,,,1.83878810352366,,,,,
52,16,0.17358862563381244,,,,,,0.049289056004603586,,,,,,5.760746110805172,,,,,,1.6357162610570888,,,,,
52,32,0.17246058637915734,,,,,,0.0367258504610958,,,,,,5.798426301308544,,,,,,1.2347872735592105,,,,,
