index,bin_size,m12,m23,m34,m13,m24,m14,m12_err,m23_err,m34_err,m13_err,m24_err,m14_err,corr12,corr23,corr34,corr13,corr24,corr14,corr12_err,corr23_err,corr34_err,corr13_err,corr24_err,corr14_err
2368,1,0.041747045539883856,,,,,,0.04238883572723345,,,,,,23.953790910655712,,,,,,24.322039915045625,,,,,
2368,2,0.040186407393206384,,,,,,0.042047704536408465,,,,,,24.884035793880212,,,,,,26.036579346263483,,,,,
2368,4,0.04280934827736004,,,,,,0.04292358092995806,,,,,,23.35938387851738,,,,,,23.42171616085464,,,,,
2368,8,0.041258485984883714,,,,,,0.04106428963639487,,,,,,24.23743809616233,,,,,,24.123356789913633,,,,,
2368,16,0.04073060536609695,,,,,,0.039059392412517914,,,,,,24.55156241876957,,,,,,23.544189982832123,,,,,
2368,32,0.04329318029511672,,,,,,0.04248587698702221,,,,,,23.098326184015534,,,,,,22.667603492527213,,,,,
