index,bin_size,m12,m23,m34,m13,m24,m14,m12_err,m23_err,m34_err,m13_err,m24_err,m14_err,corr12,corr23,corr34,corr13,corr24,corr14,corr12_err,corr23_err,corr34_err,corr13_err,corr24_err,corr14_err
1793,1,0.04626406414834587,,,,,,0.05991391093083305,,,,,,21.615048708074948,,,,,,27.9923981366761,,,,,
1793,2,0.04749708230723481,,,,,,0.05922143058923483,,,,,,21.053924818613098,,,,,,26.250950304931543,,,,,
1793,4,0.04506370122207233,,,,,,0.056417291343161306,,,,,,22.190809296201287,,,,,,27.781680582222435,,,,,
1793,8,0.04427061849886787,,,,,,0.05578100559514885,,,,,,22.58834490928951,,,,,,28.461327997991535,,,,,
1793,16,0.04329430011873071,,,,,,0.0558582453254046,,,,,,23.09772873698363,,,,,,29.800657239216854,,,,,
1793,32,0.0412609337574467,,,,,,0.05410105804195814,,,,,,24.23600022913979,,,,,,31.77808003108899,,,,,
