index,bin_size,m,n,a,b,corr
800,1,-3.495433042237061e-7,16.0,2372708726594088.5,-2372708726594180.0,-2860875.856915298
800,2,-8.370479260037205e-7,16.0,413922101836598.9,-413922101836695.1,-1194674.724031937
800,4,0.000027370452927386972,16.0,387425264587.58563,-387425264681.4203,36535.749066811986
800,8,8.46715592564681e-8,16.0,4.049499055480438e16,-4.049499055480448e16,11810341.143842932
800,16,1.5380650560534295e-7,16.0,1.226454501031691e16,-1.2264545010317006e16,6501675.569991377
800,32,0.00003839456341793767,16.0,196917269386.84464,-196917269479.7872,26045.3541068996
