index,bin_size,m,n,a,b,corr
1841,1,4.307539992569721e-6,16.0,13595538215931.758,-13595538215901.715,232151.06574168717
1841,2,-0.00005300895838418741,16.0,89788899380.28609,-89788899352.64825,-18864.73589525012
1841,4,-3.3946662583609314e-7,16.0,2192120176003915.5,-2192120176003885.0,-2945797.6834601597
1841,8,0.000035923539139991225,16.0,195748710659.34198,-195748710628.6392,27836.900927357914
1841,16,-8.997737780173064e-8,16.0,3.1220015183899704e16,-3.1220015183899676e16,-11113904.677279513
1841,32,-0.000039833199007712595,16.0,159202590240.57718,-159202590211.6412,-25104.6871682683
