index,bin_size,m,n,a,b,corr
2292,1,0.1748039299805056,24.0,2321.326945412488,-2273.932319271591,5.7206951818046745
2292,2,0.17451303205579824,24.0,2334.1666561685483,-2287.7832379872343,5.730231079133753
2292,4,0.17419015771940768,24.0,2343.673218597044,-2298.752865793963,5.740852486113705
2292,8,0.1756245380709623,24.0,2291.978240920077,-2246.5766940148087,5.693965154208367
2292,16,0.17424832542883276,24.0,2344.464331422243,-2299.462796989733,5.73893607034074
2292,32,0.17504547059407566,24.0,2314.465156738797,-2271.5094534317764,5.712801345879809
