index,bin_size,m,n,a,b,corr
2933,1,0.15505496650320383,24.0,3722.209004113971,-3778.0808329742517,6.449325826524476
2933,2,0.1532748738872773,24.0,3833.1359713280262,-3887.415578167453,6.524226539148408
2933,4,0.1530304319432106,24.0,3850.263197742694,-3902.360673244145,6.5346479605513945
2933,8,0.15335504530185157,24.0,3827.3990538353055,-3879.7536036214606,6.520815784258558
2933,16,0.15469126939194652,24.0,3744.3095588917563,-3798.113193177811,6.464488939361316
2933,32,0.1543933196070039,24.0,3764.573484698207,-3819.578077569531,6.476964175298657
