index,bin_size,m12,m23,m34,m13,m24,m14,m12_err,m23_err,m34_err,m13_err,m24_err,m14_err,corr12,corr23,corr34,corr13,corr24,corr14,corr12_err,corr23_err,corr34_err,corr13_err,corr24_err,corr14_err
969,1,0.04231679568450996,,,,,,0.05553619670634332,,,,,,23.63127887696018,,,,,,31.013486037973255,,,,,
969,2,0.03802322685485497,,,,,,0.052971156124060934,,,,,,26.299714219870733,,,,,,36.63882271951565,,,,,
969,4,0.03934859462502102,,,,,,0.05364688823437958,,,,,,25.413868259582493,,,,,,34.64863137089335,,,,,
969,8,0.04056774206700503,,,,,,0.055638174053008804,,,,,,24.650127146547064,,,,,,33.80735517256839,,,,,
969,16,0.04012709153924374,,,,,,0.057788772678741704,,,,,,24.92081936768365,,,,,,35.889557657041095,,,,,
969,32,0.048917587661740626,,,,,,0.06555773883737592,,,,,,20.442545264392074,,,,,,27.396425450930842,,,,,
