index,bin_size,m,n,a,b,corr
2861,1,0.15928222951051535,24.0,4038.1922268340995,-4096.811134552934,6.278164256446341
2861,2,0.15905176233174756,24.0,4054.9946184126843,-4116.087922237686,6.287261362839956
2861,4,0.15894579168761636,24.0,4062.4153206978817,-4123.684480630857,6.291453138723843
2861,8,0.15934127163470224,24.0,4034.0123277292705,-4095.031891119285,6.275837952972721
2861,16,0.15919954819100932,24.0,4045.4940473843712,-4107.324971115417,6.281424861835596
2861,32,0.15864839588549803,24.0,4085.826103363272,-4146.0500584861065,6.303246839770975
