index,bin_size,m12,m23,m34,m13,m24,m14,m12_err,m23_err,m34_err,m13_err,m24_err,m14_err,corr12,corr23,corr34,corr13,corr24,corr14,corr12_err,corr23_err,corr34_err,corr13_err,corr24_err,corr14_err
197,1,0.1835790946285756,,,,,,0.03018187238542776,,,,,,5.447243336847472,,,,,,0.89557040020128,,,,,
197,2,0.18398922444938642,,,,,,0.029919834476114588,,,,,,5.4351009032873545,,,,,,0.8838415394922919,,,,,
197,4,0.183479690231608,,,,,,0.029634579758682198,,,,,,5.450194507837305,,,,,,0.8802839357258314,,,,,
197,8,0.18314186754320247,,,,,,0.029727123015057033,,,,,,5.460247912805103,,,,,,0.8862935798029669,,,,,
197,16,0.182568263246077,,,,,,0.02667330229078436,,,,,,5.477403258484949,,,,,,0.8002509871344556,,,,,
197,32,0.18397827156809268,,,,,,0.02155254775451214,,,,,,5.435424474187906,,,,,,0.6367450055243138,,,,,
