index,bin_size,m12,m23,m34,m13,m24,m14,m12_err,m23_err,m34_err,m13_err,m24_err,m14_err,corr12,corr23,corr34,corr13,corr24,corr14,corr12_err,corr23_err,corr34_err,corr13_err,corr24_err,corr14_err
805,1,0.061070180320404135,,,,,,0.06353976552042852,,,,,,16.374603689615935,,,,,,17.036767755875115,,,,,
805,2,0.061746315375677235,,,,,,0.06338734787343456,,,,,,16.195298357736736,,,,,,16.625720978976915,,,,,
805,4,0.06195894089354232,,,,,,0.06470225721889428,,,,,,16.139720685642402,,,,,,16.854328756810357,,,,,
805,8,0.06442065084996414,,,,,,0.07140110933267871,,,,,,15.522972630764048,,,,,,17.205002609469602,,,,,
805,16,0.06786558897143946,,,,,,0.07190873446350843,,,,,,14.735008052767947,,,,,,15.612857671213318,,,,,
805,32,0.070592362175632,,,,,,0.07661192829889918,,,,,,14.165838472893505,,,,,,15.373790703857946,,,,,
