index,bin_size,m12,m23,m34,m13,m24,m14,m12_err,m23_err,m34_err,m13_err,m24_err,m14_err,corr12,corr23,corr34,corr13,corr24,corr14,corr12_err,corr23_err,corr34_err,corr13_err,corr24_err,corr14_err
2888,1,0.07210187155920494,,,,,,0.04547119054493979,,,,,,13.869265504139804,,,,,,8.746680229226154,,,,,
2888,2,0.07262631406666217,,,,,,0.0442875922534548,,,,,,13.76911403051683,,,,,,8.39641823644154,,,,,
2888,4,0.07226319286299386,,,,,,0.045939370491170424,,,,,,13.83830357310578,,,,,,8.797327237110622,,,,,
2888,8,0.07259557552265015,,,,,,0.043670256372501846,,,,,,13.77494417256869,,,,,,8.286391273877111,,,,,
2888,16,0.0727560261199778,,,,,,0.044731156433790865,,,,,,13.744565960089094,,,,,,8.450301134664139,,,,,
2888,32,0.06906645762094994,,,,,,0.04676869011822401,,,,,,14.478808302116683,,,,,,9.80439597002674,,,,,
