index,bin_size,m,n,a,b,corr
1180,1,0.00004943820515171376,16.0,99791835015.35692,-99791834902.64378,20227.271538908917
1180,2,0.00003985257401359373,16.0,153608508055.24857,-153608507942.18057,25092.482098117416
1180,4,0.00004566045220456126,16.0,116933042933.30122,-116933042822.196,21900.790546706517
1180,8,0.00004866596275048614,16.0,103086849505.68645,-103086849391.48366,20548.242415896944
1180,16,-0.000024818698636859277,16.0,395440767377.6424,-395440767264.95734,-40292.20124035265
1180,32,0.00002958396056088583,16.0,278964165929.19653,-278964165817.0154,33802.1002273151
