index,bin_size,m12,m23,m34,m13,m24,m14,m12_err,m23_err,m34_err,m13_err,m24_err,m14_err,corr12,corr23,corr34,corr13,corr24,corr14,corr12_err,corr23_err,corr34_err,corr13_err,corr24_err,corr14_err
1048,1,0.16898885976971237,,,,,,0.05571651626837845,,,,,,5.917549839455326,,,,,,1.9510473196177252,,,,,
1048,2,0.1700616405431271,,,,,,0.05586538675450967,,,,,,5.880220823498425,,,,,,1.9316573064773772,,,,,
1048,4,0.17208874102495647,,,,,,0.0511375599809842,,,,,,5.810955406170233,,,,,,1.7267723551232244,,,,,
1048,8,0.1708135118149208,,,,,,0.05297100966278908,,,,,,5.854337806036774,,,,,,1.8154897771132694,,,,,
1048,16,0.1737100661908072,,,,,,0.0339539144432669,,,,,,5.756718778182818,,,,,,1.1252263104526485,,,,,
1048,32,0.1746863325914292,,,,,,0.03366940489444998,,,,,,5.7245463063151165,,,,,,1.1033608901456118,,,,,
