index,bin_size,m12,m23,m34,m13,m24,m14,m12_err,m23_err,m34_err,m13_err,m24_err,m14_err,corr12,corr23,corr34,corr13,corr24,corr14,corr12_err,corr23_err,corr34_err,corr13_err,corr24_err,corr14_err
231,1,0.15355214142442167,,,,,,0.03078779318797616,,,,,,6.512445809765537,,,,,,1.305770358387683,,,,,
231,2,0.15183939342226527,,,,,,0.032266140014476724,,,,,,6.585906183245876,,,,,,1.399516727782573,,,,,
231,4,0.15123133892930501,,,,,,0.032900834883663486,,,,,,6.612386077382165,,,,,,1.4385445771969514,,,,,
231,8,0.15243678083593387,,,,,,0.031853854679475095,,,,,,6.560096549639747,,,,,,1.370826391305499,,,,,
231,16,0.15267042712696388,,,,,,0.03276515718330308,,,,,,6.55005700068147,,,,,,1.4057316221984886,,,,,
231,32,0.15196317183595662,,,,,,0.03064174411118129,,,,,,6.580541771525369,,,,,,1.3268956855789271,,,,,
