index,bin_size,m,n,a,b,corr
566,1,0.08150380649471975,54.0,5452.009002853065,-5461.98329210826,12.26936560398299
566,2,0.08128138854293208,54.0,5499.643852371836,-5501.463158437257,12.302939429631042
566,4,0.08126915014849305,54.0,5507.6008009500565,-5505.51719327888,12.304792140348754
566,8,0.08209876876284015,54.0,5351.438711203478,-5364.516872121824,12.180450633659486
566,16,0.08171697241386412,54.0,5423.443640666958,-5429.503575655293,12.237359883273646
566,32,0.08169907592810398,54.0,5415.157032620218,-5415.9771951703115,12.240040522367844
