index,bin_size,m12,m23,m34,m13,m24,m14,m12_err,m23_err,m34_err,m13_err,m24_err,m14_err,corr12,corr23,corr34,corr13,corr24,corr14,corr12_err,corr23_err,corr34_err,corr13_err,corr24_err,corr14_err
1747,1,0.11499287685087747,,,,,,0.06471119025678557,,,,,,8.696190819687013,,,,,,4.89370188878603,,,,,
1747,2,0.11796775437080524,,,,,,0.06519132291511315,,,,,,8.476892735083553,,,,,,4.684499205372442,,,,,
1747,4,0.11504584234529824,,,,,,0.06506194373885878,,,,,,8.692187215237237,,,,,,4.915697812599005,,,,,
1747,8,0.11787469990098359,,,,,,0.06200263247143202,,,,,,8.483584694934656,,,,,,4.462404437272379,,,,,
1747,16,0.11748171808438466,,,,,,0.0595582133031552,,,,,,8.51196268071021,,,,,,4.315201524394618,,,,,
1747,32,0.11525874635306323,,,,,,0.057566008538882114,,,,,,8.67613115395839,,,,,,4.333295787924871,,,,,
