index,bin_size,m12,m23,m34,m13,m24,m14,m12_err,m23_err,m34_err,m13_err,m24_err,m14_err,corr12,corr23,corr34,corr13,corr24,corr14,corr12_err,corr23_err,corr34_err,corr13_err,corr24_err,corr14_err
1241,1,0.0075775054273432285,,,,,,0.024804422829899326,,,,,,131.969552458719,,,,,,431.9929046895256,,,,,
1241,2,0.0077134077617571585,,,,,,0.025784001028231675,,,,,,129.64438428342524,,,,,,433.36888712684896,,,,,
1241,4,0.00623372654865416,,,,,,0.021617483022555718,,,,,,160.41768791027522,,,,,,556.300732451395,,,,,
1241,8,0.0047215932800551245,,,,,,0.018285910515017184,,,,,,211.79291410469074,,,,,,820.2371626104739,,,,,
1241,16,0.005231901826824202,,,,,,0.02008822053398491,,,,,,191.13508492704392,,,,,,733.8753411065118,,,,,
1241,32,0.00630269105627317,,,,,,0.02197312126494414,,,,,,158.66238580815156,,,,,,553.1459201189765,,,,,
