index,bin_size,m,n,a,b,corr
1935,1,0.22658030377148877,16.0,2507.38455807958,-2549.586695107491,4.413446285289307
1935,2,0.22845342645830646,16.0,2454.7885666546367,-2497.3124109701876,4.377259800839553
1935,4,0.22825177570466573,16.0,2460.0945826049224,-2502.996180762839,4.381126924041532
1935,8,0.22718166241982532,16.0,2489.774813623815,-2531.6329736242114,4.401763722249854
1935,16,0.22860083869623649,16.0,2448.925523997169,-2491.940327969616,4.374437144252101
1935,32,0.22769980335561157,16.0,2473.4770552547034,-2516.637576920822,4.391747314942753
