index,bin_size,m,n,a,b,corr
1309,1,0.0000353143897642297,16.0,222860746967.63797,-222860746947.44443,28317.068670202818
1309,2,-0.000021621749084745867,16.0,594129370811.4603,-594129370787.87,-46249.72735001811
1309,4,0.000028375089433834042,16.0,344973712610.58936,-344973712592.8308,35242.17967072254
1309,8,-0.0000534293945792574,16.0,97531662673.84708,-97531662651.9303,-18716.289186406477
1309,16,4.4810213327665494e-7,16.0,1384719198732709.2,-1384719198732691.0,2231634.097984995
1309,32,5.520893143767892e-7,16.0,912507977600968.1,-912507977600945.0,1811301.1318265095
