index,bin_size,m,n,a,b,corr
2491,1,0.12169776170271401,24.0,7612.88602418922,-7634.788689541249,8.217077997234018
2491,2,0.12045618524686466,24.0,7802.779499798587,-7824.852461029846,8.301773777333105
2491,4,0.12023311138636134,24.0,7837.8334269134575,-7855.708606332066,8.317176428933662
2491,8,0.12015057932310542,24.0,7849.690965503813,-7869.449209585641,8.322889541055222
2491,16,0.11995855774001872,24.0,7879.627883733101,-7897.9738043768775,8.336212262298611
2491,32,0.1204539162710931,24.0,7805.228923490984,-7823.50382582002,8.301930156836113
