index,bin_size,m12,m23,m34,m13,m24,m14,m12_err,m23_err,m34_err,m13_err,m24_err,m14_err,corr12,corr23,corr34,corr13,corr24,corr14,corr12_err,corr23_err,corr34_err,corr13_err,corr24_err,corr14_err
777,1,0.17192174214711967,,,,,,0.05636335820353752,,,,,,5.816599968747779,,,,,,1.9069322092180117,,,,,
777,2,0.16977971758532515,,,,,,0.06008090026718978,,,,,,5.889985059596039,,,,,,2.084322026056984,,,,,
777,4,0.17399843779951535,,,,,,0.05440776744743675,,,,,,5.747178035886857,,,,,,1.7970915716831761,,,,,
777,8,0.17127650576464082,,,,,,0.06058864849727873,,,,,,5.838512384028593,,,,,,2.06535959502244,,,,,
777,16,0.1719423602971124,,,,,,0.0631844313608633,,,,,,5.8159024819248915,,,,,,2.137195805243515,,,,,
777,32,0.16890361342277035,,,,,,0.06975392173549678,,,,,,5.9205364511472744,,,,,,2.4450669105093747,,,,,
