index,bin_size,m,n,a,b,corr
1966,1,0.11631356028924707,16.0,14421.658049396123,-14384.901353878138,8.59744983743265
1966,2,0.11641426291773421,16.0,14396.56912693918,-14362.641270135953,8.590012726418792
1966,4,0.11658204908689454,16.0,14336.736965205035,-14301.214172289021,8.57764988548665
1966,8,0.11703892834536261,16.0,14222.666624485657,-14189.044422833003,8.544165724494372
1966,16,0.11808701503312351,16.0,13951.353485793126,-13916.61972219163,8.468331591915497
1966,32,0.11638884973980297,16.0,14387.043714938533,-14350.568441346157,8.591888331533337
