index,bin_size,m12,m23,m34,m13,m24,m14,m12_err,m23_err,m34_err,m13_err,m24_err,m14_err,corr12,corr23,corr34,corr13,corr24,corr14,corr12_err,corr23_err,corr34_err,corr13_err,corr24_err,corr14_err
2021,1,0.14995990663598552,,,,,,0.05943951209323431,,,,,,6.66844907037327,,,,,,2.643168884625414,,,,,
2021,2,0.14918885906984944,,,,,,0.059449409981943716,,,,,,6.7029133826394185,,,,,,2.6710053836621928,,,,,
2021,4,0.14956135888844946,,,,,,0.05903209885849111,,,,,,6.686219003571981,,,,,,2.6390609455666407,,,,,
2021,8,0.15022797145482628,,,,,,0.061021557743406424,,,,,,6.656549977450113,,,,,,2.7038443299687733,,,,,
2021,16,0.14814299784448431,,,,,,0.062315236360060484,,,,,,6.750234668868841,,,,,,2.8394353766083036,,,,,
2021,32,0.15024189177037758,,,,,,0.05328486912749085,,,,,,6.6559332301829075,,,,,,2.3605968143269895,,,,,
