index,bin_size,m,n,a,b,corr
1430,1,0.0997307945902827,16.0,25473.34790107338,-25531.37097570774,10.026993208148323
1430,2,0.10026144986103463,16.0,25189.063133445885,-25246.55534829029,9.973923191675663
1430,4,0.09972903596378718,16.0,25470.39475013979,-25529.506067517574,10.027170024616623
1430,8,0.09991411524048173,16.0,25383.124232743456,-25438.649084594595,10.008595858484215
1430,16,0.10057908899157599,16.0,24996.534963518112,-25054.3858112396,9.942424514142846
1430,32,0.10042222416498842,16.0,25103.74246067882,-25160.132739188455,9.957955107198709
