index,bin_size,m12,m23,m34,m13,m24,m14,m12_err,m23_err,m34_err,m13_err,m24_err,m14_err,corr12,corr23,corr34,corr13,corr24,corr14,corr12_err,corr23_err,corr34_err,corr13_err,corr24_err,corr14_err
1884,1,0.14914152856404425,,,,,,0.06030913378822315,,,,,,6.705040572053549,,,,,,2.711352048009856,,,,,
1884,2,0.1518634645478678,,,,,,0.059246259107987025,,,,,,6.584862283876034,,,,,,2.5689421627672737,,,,,
1884,4,0.15199665266571913,,,,,,0.05950711064493173,,,,,,6.579092252769965,,,,,,2.575732845181885,,,,,
1884,8,0.1527411410728316,,,,,,0.05734676649461664,,,,,,6.547024547388773,,,,,,2.4580848703663993,,,,,
1884,16,0.1535744932025903,,,,,,0.05644969749103335,,,,,,6.5114979652306815,,,,,,2.3934449183945046,,,,,
1884,32,0.15492733222129382,,,,,,0.04645759531426563,,,,,,6.454638995342851,,,,,,1.9355332725732002,,,,,
