index,bin_size,m12,m23,m34,m13,m24,m14,m12_err,m23_err,m34_err,m13_err,m24_err,m14_err,corr12,corr23,corr34,corr13,corr24,corr14,corr12_err,corr23_err,corr34_err,corr13_err,corr24_err,corr14_err
704,1,0.09430982225957997,,,,,,0.06653507678488331,,,,,,10.60334942894477,,,,,,7.480606489639787,,,,,
704,2,0.09175152033754663,,,,,,0.06684771171730326,,,,,,10.899001960088276,,,,,,7.9407222720009445,,,,,
704,4,0.09184015387145854,,,,,,0.0660304719494159,,,,,,10.888483499272242,,,,,,7.828511538391607,,,,,
704,8,0.09210912070624623,,,,,,0.06756995863486377,,,,,,10.856688157833936,,,,,,7.964314110390888,,,,,
704,16,0.09757051544155296,,,,,,0.06478887842660531,,,,,,10.248997819418342,,,,,,6.805550536571698,,,,,
704,32,0.09460195170510349,,,,,,0.07195135845471387,,,,,,10.570606440734277,,,,,,8.039680782399214,,,,,
