index,bin_size,m,n,a,b,corr
1336,1,0.18835745978411675,16.0,4846.900728685065,-4913.931933886809,5.3090543966038615
1336,2,0.18867287288530105,16.0,4828.640181943734,-4897.316406865974,5.300179006697613
1336,4,0.18875984471283053,16.0,4818.200995238729,-4886.158271551776,5.297736928748528
1336,8,0.18806759932405487,16.0,4863.731173613899,-4931.719786348254,5.317237012617594
1336,16,0.18902878515902094,16.0,4800.31363931866,-4867.3451986949285,5.290199580760928
1336,32,0.19044696197118197,16.0,4711.681104190715,-4779.766271543984,5.250805734308946
