index,bin_size,m12,m23,m34,m13,m24,m14,m12_err,m23_err,m34_err,m13_err,m24_err,m14_err,corr12,corr23,corr34,corr13,corr24,corr14,corr12_err,corr23_err,corr34_err,corr13_err,corr24_err,corr14_err
2708,1,0.07290527515151608,,,,,,0.06515058376466867,,,,,,13.716428583826623,,,,,,12.257457742879238,,,,,
2708,2,0.07249177053450832,,,,,,0.06728383912516615,,,,,,13.794669279376603,,,,,,12.803636905745254,,,,,
2708,4,0.07263210472128767,,,,,,0.06556400544771783,,,,,,13.768016276511824,,,,,,12.428199590544448,,,,,
2708,8,0.07645310486786046,,,,,,0.06613986495907882,,,,,,13.079913519907057,,,,,,11.315481763341133,,,,,
2708,16,0.0738497939096301,,,,,,0.06805796906521996,,,,,,13.540999196608439,,,,,,12.479017958569703,,,,,
2708,32,0.07085328283505568,,,,,,0.06222818672501755,,,,,,14.113672083874645,,,,,,12.395589684328407,,,,,
