index,bin_size,m,n,a,b,corr
523,1,0.18629142891542935,54.0,127.88174971965279,-84.46491930795514,5.367933489060142
523,2,0.18658562220808672,54.0,126.78502264403387,-82.90359388947607,5.359469760669799
523,4,0.18636541623996009,54.0,127.57443315367676,-78.21681692619777,5.365802412140789
523,8,0.1867096559589306,54.0,126.32571160702938,-76.3782268930333,5.355909392388169
523,16,0.18701968082547135,54.0,125.31832551313933,-78.00010512076805,5.347030834328127
523,32,0.18607744941764848,54.0,128.68177316819674,-84.54280954389517,5.374106336526102
