index,bin_size,m12,m23,m34,m13,m24,m14,m12_err,m23_err,m34_err,m13_err,m24_err,m14_err,corr12,corr23,corr34,corr13,corr24,corr14,corr12_err,corr23_err,corr34_err,corr13_err,corr24_err,corr14_err
2537,1,0.08476825505913299,,,,,,0.013144145881458234,,,,,,11.796868996564998,,,,,,1.8292197583533472,,,,,
2537,2,0.08515700576283063,,,,,,0.0127043266447837,,,,,,11.74301504664318,,,,,,1.7519063477016017,,,,,
2537,4,0.08506032180798978,,,,,,0.011682871435066602,,,,,,11.756362764031646,,,,,,1.6147137913048049,,,,,
2537,8,0.08472792957782609,,,,,,0.012923640364284726,,,,,,11.80248360821161,,,,,,1.800245259360272,,,,,
2537,16,0.08549173998434569,,,,,,0.015440290433663684,,,,,,11.697036464377835,,,,,,2.1125507593624704,,,,,
2537,32,0.08565763512191968,,,,,,0.01783674078450799,,,,,,11.674382541342204,,,,,,2.430990943337636,,,,,
