index,bin_size,m12,m23,m34,m13,m24,m14,m12_err,m23_err,m34_err,m13_err,m24_err,m14_err,corr12,corr23,corr34,corr13,corr24,corr14,corr12_err,corr23_err,corr34_err,corr13_err,corr24_err,corr14_err
92,1,0.06354656501864697,,,,,,0.06682202522239014,,,,,,15.736491810478853,,,,,,16.547617520525158,,,,,
92,2,0.06611366299084914,,,,,,0.06829288989609689,,,,,,15.12546657925172,,,,,,15.624029542379224,,,,,
92,4,0.06342089968546687,,,,,,0.06636852437904381,,,,,,15.767672880067227,,,,,,16.50050988130863,,,,,
92,8,0.06709791526622613,,,,,,0.06730079556864,,,,,,14.903592697809971,,,,,,14.94865587721857,,,,,
92,16,0.0657179031356086,,,,,,0.06494538925470901,,,,,,15.216553667826322,,,,,,15.03768309577546,,,,,
92,32,0.06655126330188779,,,,,,0.06368804792860835,,,,,,15.02601078305352,,,,,,14.379551152708967,,,,,
