index,bin_size,m,n,a,b,corr
2330,1,0.08616701043078151,24.0,21281.243832416047,-21082.293961837993,11.605369560817085
2330,2,0.0878558420576501,24.0,20374.535244291816,-20180.711649754863,11.382282345479204
2330,4,0.08670007216908925,24.0,21000.885407371483,-20806.106807802702,11.534015773939865
2330,8,0.08750004174361037,24.0,20563.753754615136,-20366.50374473917,11.42856597634737
2330,16,0.08657756377408225,24.0,21053.574748740037,-20853.160259786342,11.55033655843477
2330,32,0.08618494204271174,24.0,21280.358014411937,-21082.95427672096,11.60295495127696
