index,bin_size,m,n,a,b,corr
359,1,0.048407457867158055,36.0,46636.698886094455,-46599.774086867095,20.65797387551822
359,2,0.04878339924470862,36.0,45860.445616573816,-45824.839846281444,20.498776540432797
359,4,0.04754985802323145,36.0,48484.171098122504,-48447.013397154326,21.03055701052629
359,8,0.04727702333578047,36.0,49049.4715952728,-49010.58928487707,21.151923903871804
359,16,0.047699303923140764,36.0,48141.71977850995,-48102.248957327305,20.964666520319213
359,32,0.048696792063989525,36.0,46048.6956088615,-46013.64480642776,20.53523358758335
