index,bin_size,m12,m23,m34,m13,m24,m14,m12_err,m23_err,m34_err,m13_err,m24_err,m14_err,corr12,corr23,corr34,corr13,corr24,corr14,corr12_err,corr23_err,corr34_err,corr13_err,corr24_err,corr14_err
1740,1,0.032340105308158194,,,,,,0.05037331964656767,,,,,,30.921358804225587,,,,,,48.163463789295015,,,,,
1740,2,0.03585113961149335,,,,,,0.052232578619690086,,,,,,27.893116113927228,,,,,,40.63830037642034,,,,,
1740,4,0.03458020097506941,,,,,,0.051845855355592725,,,,,,28.91828190128073,,,,,,43.35697937866152,,,,,
1740,8,0.03829940961938246,,,,,,0.0559715280813763,,,,,,26.110063051570453,,,,,,38.15777166857136,,,,,
1740,16,0.036260759817058855,,,,,,0.05264740519249033,,,,,,27.578021118287502,,,,,,40.04083917564481,,,,,
1740,32,0.022660089165219513,,,,,,0.0387288308062871,,,,,,44.13045300522818,,,,,,75.42427725604801,,,,,
