index,bin_size,m,n,a,b,corr
447,1,0.05509883712589395,36.0,30017.27523206563,-29743.117909769142,18.149203361862703
447,2,0.0550777675943774,36.0,30043.786828304157,-29768.771438420878,18.15614618523654
447,4,0.05480823376133713,36.0,30327.71266204562,-30053.598844112395,18.245433785633516
447,8,0.055665323221450215,36.0,29353.05172037919,-29082.194358654622,17.964505407105182
447,16,0.054462871626937887,36.0,30758.482459751067,-30483.966310570697,18.361132458270706
447,32,0.05500973621102287,36.0,30078.396770038267,-29802.278344356415,18.17860016932093
