index,bin_size,m12,m23,m34,m13,m24,m14,m12_err,m23_err,m34_err,m13_err,m24_err,m14_err,corr12,corr23,corr34,corr13,corr24,corr14,corr12_err,corr23_err,corr34_err,corr13_err,corr24_err,corr14_err
2558,1,0.08381225806011831,,,,,,0.01861661346516642,,,,,,11.931428923949317,,,,,,2.650242404934883,,,,,
2558,2,0.08478234048416479,,,,,,0.018634367365723936,,,,,,11.794909108303926,,,,,,2.592410968066045,,,,,
2558,4,0.08445977426346996,,,,,,0.017277324592849516,,,,,,11.839955869175395,,,,,,2.4220140593630886,,,,,
2558,8,0.08409581300995646,,,,,,0.017171078442611572,,,,,,11.891198434357317,,,,,,2.4280007979569107,,,,,
2558,16,0.08511433560137893,,,,,,0.019880283611446097,,,,,,11.748902143621962,,,,,,2.744208776206996,,,,,
2558,32,0.08440583255462442,,,,,,0.017469461653999905,,,,,,11.847522496183377,,,,,,2.4520798347440422,,,,,
