index,bin_size,m12,m23,m34,m13,m24,m14,m12_err,m23_err,m34_err,m13_err,m24_err,m14_err,corr12,corr23,corr34,corr13,corr24,corr14,corr12_err,corr23_err,corr34_err,corr13_err,corr24_err,corr14_err
1010,1,0.10879665116809883,,,,,,0.06508537347000727,,,,,,9.191459380996262,,,,,,5.498602761423556,,,,,
1010,2,0.10238293868297448,,,,,,0.06519996678763249,,,,,,9.767252365127634,,,,,,6.220025894984843,,,,,
1010,4,0.10768362355649323,,,,,,0.06764622556352493,,,,,,9.286463131279918,,,,,,5.833702088752191,,,,,
1010,8,0.10767768861646974,,,,,,0.07036107998539658,,,,,,9.286974979207029,,,,,,6.068495690521498,,,,,
1010,16,0.1068504631030665,,,,,,0.06597716239214794,,,,,,9.358873803246071,,,,,,5.778841932849465,,,,,
1010,32,0.10697643481707825,,,,,,0.06283518056418265,,,,,,9.347853120268269,,,,,,5.4906862404218355,,,,,
