index,bin_size,m12,m23,m34,m13,m24,m14,m12_err,m23_err,m34_err,m13_err,m24_err,m14_err,corr12,corr23,corr34,corr13,corr24,corr14,corr12_err,corr23_err,corr34_err,corr13_err,corr24_err,corr14_err
1785,1,0.006888948756365619,,,,,,0.024541452503201056,,,,,,145.16002881803504,,,,,,517.123595862038,,,,,
1785,2,0.007043624080398339,,,,,,0.02515866642479722,,,,,,141.9723694202952,,,,,,507.10194681219986,,,,,
1785,4,0.006777830085467981,,,,,,0.024267414853862912,,,,,,147.53984496366348,,,,,,528.2532285494179,,,,,
1785,8,0.007152957494536616,,,,,,0.025334933175464522,,,,,,139.80231264673301,,,,,,495.16332948792814,,,,,
1785,16,0.010481539280664762,,,,,,0.03060921065677079,,,,,,95.4058343171689,,,,,,278.6133985001851,,,,,
1785,32,0.01092840290046529,,,,,,0.031141629085778617,,,,,,91.50467905584117,,,,,,260.7521703513416,,,,,
