index,bin_size,m,n,a,b,corr
1990,1,0.08971368666320534,16.0,32147.928254297807,-32214.952577005643,11.146571244520423
1990,2,0.08940830369813912,16.0,32398.602826699524,-32463.908223277846,11.184643468644772
1990,4,0.09091510815822616,16.0,31289.056113919338,-31355.971702122333,10.999271961043345
1990,8,0.0887429355568481,16.0,32911.34750338486,-32977.91364332452,11.268502599391779
1990,16,0.09231775858467195,16.0,30275.427248357806,-30343.523386811492,10.832152072700298
1990,32,0.08887567275189874,16.0,32822.90057989048,-32891.33016830431,11.251672916069555
