index,bin_size,m12,m23,m34,m13,m24,m14,m12_err,m23_err,m34_err,m13_err,m24_err,m14_err,corr12,corr23,corr34,corr13,corr24,corr14,corr12_err,corr23_err,corr34_err,corr13_err,corr24_err,corr14_err
1647,1,0.2131899505739345,,,,,,0.048574519823527756,,,,,,4.690652618980738,,,,,,1.0687473683096753,,,,,
1647,2,0.21343105081857341,,,,,,0.04720149239224955,,,,,,4.685353870323432,,,,,,1.036192691817187,,,,,
1647,4,0.21195148295103508,,,,,,0.0514144977677708,,,,,,4.718060879201395,,,,,,1.1444917825743488,,,,,
1647,8,0.20961622526495854,,,,,,0.054550789481484584,,,,,,4.770623069545225,,,,,,1.2415129336163073,,,,,
1647,16,0.21032912205984963,,,,,,0.05395058230183627,,,,,,4.75445335484949,,,,,,1.2195435634826628,,,,,
1647,32,0.21220851132089616,,,,,,0.04224230093767075,,,,,,4.712346332272348,,,,,,0.9380413191314634,,,,,
