index,bin_size,m12,m23,m34,m13,m24,m14,m12_err,m23_err,m34_err,m13_err,m24_err,m14_err,corr12,corr23,corr34,corr13,corr24,corr14,corr12_err,corr23_err,corr34_err,corr13_err,corr24_err,corr14_err
2383,1,0.1121766768074383,,,,,,0.03846997777135715,,,,,,8.91450904466169,,,,,,3.057150332411679,,,,,
2383,2,0.11412098705905274,,,,,,0.035448767140488974,,,,,,8.762630132900469,,,,,,2.7218870351926223,,,,,
2383,4,0.11245777164550702,,,,,,0.036249647850484734,,,,,,8.892226703124013,,,,,,2.866321125506675,,,,,
2383,8,0.11504031488471779,,,,,,0.030428093266569606,,,,,,8.692604857715338,,,,,,2.29918869402482,,,,,
2383,16,0.11342314050176969,,,,,,0.03560263920878369,,,,,,8.816543040301353,,,,,,2.7674440995368523,,,,,
2383,32,0.11526904077210075,,,,,,0.02758480980091034,,,,,,8.675356308179117,,,,,,2.0760826334053246,,,,,
