index,bin_size,m12,m23,m34,m13,m24,m14,m12_err,m23_err,m34_err,m13_err,m24_err,m14_err,corr12,corr23,corr34,corr13,corr24,corr14,corr12_err,corr23_err,corr34_err,corr13_err,corr24_err,corr14_err
828,1,0.20208899508859013,,,,,,0.04900855938701872,,,,,,4.948314971637264,,,,,,1.2000148154868564,,,,,
828,2,0.20189600170736619,,,,,,0.0501113917722405,,,,,,4.953045090261017,,,,,,1.2293655193003576,,,,,
828,4,0.2022174510450016,,,,,,0.05148743143345048,,,,,,4.945171620116304,,,,,,1.259110840343455,,,,,
828,8,0.20238533040211776,,,,,,0.05356722402657084,,,,,,4.941069582529071,,,,,,1.3077992398575544,,,,,
828,16,0.20141098685423792,,,,,,0.05091017477014842,,,,,,4.964972445737057,,,,,,1.2549842433589482,,,,,
828,32,0.1997748210259564,,,,,,0.05708071831225901,,,,,,5.0056358196915705,,,,,,1.4302367371934448,,,,,
