index,bin_size,m,n,a,b,corr
648,1,0.07538427665799598,16.0,46510.12015056218,-46582.42667608724,13.265365727879946
648,2,0.0775410300867221,16.0,43830.384640953074,-43901.89044712248,12.896398189211535
648,4,0.07676468182332363,16.0,44800.441232294324,-44873.878752455596,13.02682400614298
648,8,0.0772800983342326,16.0,44174.65017662563,-44247.17985464478,12.939942126820924
648,16,0.07797178987471584,16.0,43376.564704278986,-43447.991583401454,12.825151270822284
648,32,0.0791849355153097,16.0,41979.66718601097,-42052.0462506985,12.628664701086471
