index,bin_size,m,n,a,b,corr
1650,1,0.042530690722646064,16.0,150422.10857104004,-150449.00847751342,23.51243262239181
1650,2,0.041901191194323124,16.0,154926.41051162517,-154952.12055395512,23.865669960606812
1650,4,0.0381811690263103,16.0,187239.60969821305,-187264.8476380708,26.19092148045307
1650,8,0.03896681808302252,16.0,179570.27180719128,-179595.99863798753,25.662860074163735
1650,16,0.04102604474043559,16.0,161693.23844960087,-161717.38789128786,24.374760139
1650,32,0.03870938506748946,16.0,181852.03193768542,-181876.36124475705,25.83352843907257
