index,bin_size,m,n,a,b,corr
2501,1,0.07827082772393672,24.0,26531.701531229923,-26591.199749721254,12.776152100077777
2501,2,0.07855299161329522,24.0,26327.555367999572,-26386.949826242755,12.730259910696365
2501,4,0.08058990545593588,24.0,24876.06387490057,-24937.3552726623,12.408501962404829
2501,8,0.08010216138705963,24.0,25225.76016396407,-25285.84988771205,12.48405764193959
2501,16,0.079502408619199,24.0,25655.20944486578,-25713.839191087733,12.578235268189227
2501,32,0.08074051663836737,24.0,24803.193074782703,-24862.724433408228,12.385355477460575
