index,bin_size,m,n,a,b,corr
232,1,0.18893290823692807,24.0,2230.213407009921,-2338.562490899962,5.292884174238017
232,2,0.1890738535260945,24.0,2230.2174681554434,-2340.516342982399,5.2889385885499385
232,4,0.18999874945629922,24.0,2193.699261785204,-2305.1300061244297,5.263192536064589
232,8,0.1888704935956684,24.0,2236.266384491184,-2346.6855898471827,5.294633274696616
232,16,0.19006073172761426,24.0,2193.9505411301607,-2305.2755209212296,5.261476112978198
232,32,0.18915908524910716,24.0,2224.0899379105053,-2337.414086249728,5.286555486790821
