index,bin_size,m,n,a,b,corr
1539,1,0.000018234885840061676,16.0,676098046241.1143,-676098046235.9897,54839.937511592216
1539,2,0.000025694106745340125,16.0,340909761730.62476,-340909761724.62024,38919.430432480774
1539,4,4.930965674775838e-6,16.0,9235169353879.209,-9235169353874.596,202800.03268233256
1539,8,0.000025811562836576557,16.0,337669350835.4401,-337669350830.716,38742.326697976576
1539,16,2.0303578701517858e-7,16.0,5452007382496053.0,-5452007382496048.0,4925240.100284596
1539,32,-3.965837900472022e-7,16.0,1427780726174995.2,-1427780726174989.0,-2521535.2344103074
