index,bin_size,m,n,a,b,corr
2062,1,-1.2789729104148703e-6,16.0,156264793300590.34,-156264793300548.53,-781877.3891587917
2062,2,0.000048856353579024194,16.0,107127487560.72061,-107127487518.32759,20468.166916765895
2062,4,3.222161374769549e-6,16.0,24633289687396.293,-24633289687353.195,310350.6881530788
2062,8,4.581966954883413e-6,16.0,12200677485206.762,-12200677485162.697,218246.88170965755
2062,16,-6.168953291232807e-7,16.0,671784483223521.9,-671784483223478.6,-1621020.5407474553
2062,32,0.000014499433889570775,16.0,1215889132404.6973,-1215889132364.2144,68968.20990502843
