index,bin_size,m,n,a,b,corr
1960,1,0.000039123670522308167,16.0,172664842573.1128,-172664842470.67697,25559.973965883488
1960,2,-0.000019976033110423437,16.0,661570625904.4138,-661570625802.3768,-50059.98911156204
1960,4,1.4105488126012241e-6,16.0,132795630829149.67,-132795630829044.95,708943.9167694438
1960,8,-4.945930887308332e-6,16.0,10791418719095.482,-10791418718994.484,-202186.407935073
1960,16,0.00004364138379039975,16.0,138801136689.56296,-138801136587.25366,22914.030517519484
1960,32,4.802861542232399e-6,16.0,11447171616572.951,-11447171616470.074,208209.20844934328
