index,bin_size,m12,m23,m34,m13,m24,m14,m12_err,m23_err,m34_err,m13_err,m24_err,m14_err,corr12,corr23,corr34,corr13,corr24,corr14,corr12_err,corr23_err,corr34_err,corr13_err,corr24_err,corr14_err
1205,1,0.20707246530121368,,,,,,0.04938824678476255,,,,,,4.829227287874178,,,,,,1.1518048463193795,,,,,
1205,2,0.20667894016631339,,,,,,0.05041881275421971,,,,,,4.838422333670308,,,,,,1.1803210790168308,,,,,
1205,4,0.208078068296595,,,,,,0.04797989135782029,,,,,,4.80588852148799,,,,,,1.1081706545358325,,,,,
1205,8,0.20556077392194352,,,,,,0.05107539177879877,,,,,,4.864741365391651,,,,,,1.208735336024064,,,,,
1205,16,0.20589407689909617,,,,,,0.05010120915759123,,,,,,4.856866283191218,,,,,,1.1818449426491693,,,,,
1205,32,0.20766209594984694,,,,,,0.04649600253162881,,,,,,4.815515298668241,,,,,,1.0782045249704646,,,,,
