index,bin_size,m12,m23,m34,m13,m24,m14,m12_err,m23_err,m34_err,m13_err,m24_err,m14_err,corr12,corr23,corr34,corr13,corr24,corr14,corr12_err,corr23_err,corr34_err,corr13_err,corr24_err,corr14_err
1254,1,0.07501359049101011,,,,,,0.06497446546917919,,,,,,13.330917683774162,,,,,,11.546830981522731,,,,,
1254,2,0.07676763551523075,,,,,,0.06355780232639989,,,,,,13.026322789394749,,,,,,10.784811116449832,,,,,
1254,4,0.07765228110169203,,,,,,0.06750260992308878,,,,,,12.877921753392124,,,,,,11.19469146825033,,,,,
1254,8,0.07642004053352885,,,,,,0.06744768750023543,,,,,,13.085572750530742,,,,,,11.54921687397119,,,,,
1254,16,0.07997082443908937,,,,,,0.07054287723243062,,,,,,12.504560344524904,,,,,,11.030368530228262,,,,,
1254,32,0.07627747365038066,,,,,,0.06806813789557847,,,,,,13.110030421085,,,,,,11.699068097192926,,,,,
