index,bin_size,m12,m23,m34,m13,m24,m14,m12_err,m23_err,m34_err,m13_err,m24_err,m14_err,corr12,corr23,corr34,corr13,corr24,corr14,corr12_err,corr23_err,corr34_err,corr13_err,corr24_err,corr14_err
1000,1,0.17792754471670488,,,,,,0.05793913845866797,,,,,,5.620265269170064,,,,,,1.8301456816220252,,,,,
1000,2,0.17444964187506443,,,,,,0.062201823182445895,,,,,,5.732313286811846,,,,,,2.0439155601592662,,,,,
1000,4,0.17560090011046467,,,,,,0.06532324529878121,,,,,,5.6947316293420664,,,,,,2.118430776267252,,,,,
1000,8,0.17701447071816218,,,,,,0.06479309307136435,,,,,,5.649255656573828,,,,,,2.0678125695334106,,,,,
1000,16,0.1750215629325225,,,,,,0.07332440980207304,,,,,,5.713581705275585,,,,,,2.393676524056488,,,,,
1000,32,0.1742881498074229,,,,,,0.06652981832755794,,,,,,5.737624738715369,,,,,,2.1901840826253243,,,,,
