index,bin_size,m12,m23,m34,m13,m24,m14,m12_err,m23_err,m34_err,m13_err,m24_err,m14_err,corr12,corr23,corr34,corr13,corr24,corr14,corr12_err,corr23_err,corr34_err,corr13_err,corr24_err,corr14_err
1894,1,0.028788909554935394,,,,,,0.04864607434374586,,,,,,34.7355983765827,,,,,,58.694494759425844,,,,,
1894,2,0.029362898892799277,,,,,,0.048848924942563744,,,,,,34.05658288886565,,,,,,56.65746653326432,,,,,
1894,4,0.032130921710875136,,,,,,0.0509632083676629,,,,,,31.122667721714834,,,,,,49.364005624602086,,,,,
1894,8,0.031251698722794756,,,,,,0.05174366135157271,,,,,,31.99826060241031,,,,,,52.979749201371554,,,,,
1894,16,0.0328680371756776,,,,,,0.05147480480197542,,,,,,30.42469480775693,,,,,,47.648273549717274,,,,,
1894,32,0.035060606260803984,,,,,,0.056014495855605466,,,,,,28.52203959513245,,,,,,45.56817006558876,,,,,
