index,bin_size,m,n,a,b,corr
2050,1,0.10157902905106239,16.0,19716.918366839083,-19763.96212475218,9.84455166919654
2050,2,0.09989692348363487,16.0,20432.132572535047,-20479.751914679626,10.01031828736768
2050,4,0.10203503021494033,16.0,19545.664403804905,-19593.81394592618,9.800555729669167
2050,8,0.09979934538797144,16.0,20499.667264839758,-20547.334761319038,10.020105804426723
2050,16,0.10216814042121625,16.0,19479.558522712887,-19527.278215205908,9.787787032995071
2050,32,0.10063004450677758,16.0,20122.906170265243,-20170.256348034356,9.937390020061539
