index,bin_size,m,n,a,b,corr
502,1,0.09176213677149976,36.0,7473.172395284862,-7362.021551170728,10.897740998448374
502,2,0.09149275100080245,36.0,7535.238446778872,-7420.430105932108,10.929827653681867
502,4,0.09090651585818957,36.0,7649.517438939124,-7534.745430067449,11.000311589985023
502,8,0.0919308301093285,36.0,7427.837936380715,-7316.055947708698,10.877743612352381
502,16,0.09205091374447508,36.0,7425.505002384373,-7312.616239862571,10.863553215516237
502,32,0.0917260604817524,36.0,7483.1784174085315,-7368.350687230167,10.90202713108927
