index,bin_size,m,n,a,b,corr
1902,1,0.19276431893693796,16.0,3830.4459519909256,-3860.813559067695,5.187682064371808
1902,2,0.19328097207103626,16.0,3800.907923675147,-3831.559434621176,5.17381503872234
1902,4,0.19253591223147654,16.0,3838.9285654760006,-3867.36964554545,5.193836248054071
1902,8,0.19198678709881672,16.0,3863.1808717625618,-3892.040983787387,5.208691780884349
1902,16,0.19245543200422568,16.0,3845.651706060243,-3875.2159864515143,5.1960081853030955
1902,32,0.19280146409322552,16.0,3829.307625949784,-3858.0974991465578,5.1866826048399135
