index,bin_size,m12,m23,m34,m13,m24,m14,m12_err,m23_err,m34_err,m13_err,m24_err,m14_err,corr12,corr23,corr34,corr13,corr24,corr14,corr12_err,corr23_err,corr34_err,corr13_err,corr24_err,corr14_err
1704,1,0.09755584373408478,,,,,,0.06684824548857615,,,,,,10.25053919605036,,,,,,7.023982719432271,,,,,
1704,2,0.09545049206730279,,,,,,0.06554479956076127,,,,,,10.476635356629625,,,,,,7.194189884713055,,,,,
1704,4,0.09402850115203672,,,,,,0.06678939967948289,,,,,,10.635073278293337,,,,,,7.554200599837342,,,,,
1704,8,0.09609512168675223,,,,,,0.06619812540526544,,,,,,10.406355519895877,,,,,,7.168742966614229,,,,,
1704,16,0.0985386310396323,,,,,,0.07449872362676987,,,,,,10.148304167101726,,,,,,7.67248032014196,,,,,
1704,32,0.099761154075371,,,,,,0.07544926111614192,,,,,,10.023941776420163,,,,,,7.581097146598099,,,,,
