index,bin_size,m,n,a,b,corr
192,1,3.223683053642625e-8,24.0,1.609412002338093e17,-1.6094120023380928e17,31020419.29556451
192,2,9.675258047777444e-7,24.0,179031047194014.3,-179031047193973.5,1033564.1644511129
192,4,-0.000029395343171138007,24.0,193502755035.50006,-193502754999.00525,-34018.99389906957
192,8,4.217313822716136e-6,24.0,9410205135943.686,-9410205135906.6,237117.75837349377
192,16,1.2442223110126742e-6,24.0,108166702808635.5,-108166702808598.67,803714.8917431794
192,32,-0.000028798952235126865,24.0,201931166880.84747,-201931166838.44327,-34723.485487790516
