index,bin_size,m,n,a,b,corr
2936,1,0.1996569062079144,24.0,1558.5643962464387,-1547.77321574694,5.008592084255986
2936,2,0.1990016029153728,24.0,1576.398989021644,-1566.861726401469,5.025085151827942
2936,4,0.198579793377087,24.0,1584.0433264638054,-1573.4504615644116,5.035759092069759
2936,8,0.19908148768346462,24.0,1575.9078110268683,-1565.8134188011095,5.023068752580245
2936,16,0.19932156024804598,24.0,1568.833300118573,-1556.5788744286851,5.017018724695656
2936,32,0.19955006590551944,24.0,1562.4726774355622,-1553.5341958099982,5.011273714504649
