index,bin_size,m,n,a,b,corr
412,1,0.092746869839182,36.0,8977.79712589794,-8961.886024542724,10.7820350350793
412,2,0.0914183926972935,36.0,9309.597262897141,-9294.188584037216,10.938717806067986
412,4,0.09214572525769914,36.0,9115.34157680147,-9097.902811526395,10.852375378275577
412,8,0.0921013476524169,36.0,9121.837115474471,-9100.021828516987,10.85760442696148
412,16,0.09239839973802147,36.0,9049.285731802514,-9032.972841293962,10.822698259226508
412,32,0.09190246891542155,36.0,9195.437320233714,-9174.595293554668,10.8811004949204
