index,bin_size,m12,m23,m34,m13,m24,m14,m12_err,m23_err,m34_err,m13_err,m24_err,m14_err,corr12,corr23,corr34,corr13,corr24,corr14,corr12_err,corr23_err,corr34_err,corr13_err,corr24_err,corr14_err
2740,1,0.10311871212836868,,,,,,0.06924127379403408,,,,,,9.697560989271636,,,,,,6.511635587114503,,,,,
2740,2,0.1009736924991,,,,,,0.06860062134889622,,,,,,9.903569684835613,,,,,,6.728396447994323,,,,,
2740,4,0.09997132681416487,,,,,,0.06915571562874369,,,,,,10.002868140970904,,,,,,6.919539098592712,,,,,
2740,8,0.10209731753550683,,,,,,0.06757931412291215,,,,,,9.794576626875878,,,,,,6.483135762488401,,,,,
2740,16,0.09905136000972423,,,,,,0.06804484795374023,,,,,,10.09577253559998,,,,,,6.935445480940446,,,,,
2740,32,0.09924949479625766,,,,,,0.07263078328133452,,,,,,10.075618037682005,,,,,,7.373337583457202,,,,,
