index,bin_size,m12,m23,m34,m13,m24,m14,m12_err,m23_err,m34_err,m13_err,m24_err,m14_err,corr12,corr23,corr34,corr13,corr24,corr14,corr12_err,corr23_err,corr34_err,corr13_err,corr24_err,corr14_err
159,1,0.046106986355881584,,,,,,0.05672828579761534,,,,,,21.688687095734164,,,,,,26.6849373031059,,,,,
159,2,0.049608347533147815,,,,,,0.059060989521890234,,,,,,20.15789780806163,,,,,,23.99889233217759,,,,,
159,4,0.04696820256886858,,,,,,0.057721249297946774,,,,,,21.29099998097051,,,,,,26.16542789565351,,,,,
159,8,0.046447307628852165,,,,,,0.05912093728371457,,,,,,21.529773221533716,,,,,,27.404395159650033,,,,,
159,16,0.04873017563431356,,,,,,0.059627444856360276,,,,,,20.521165519786177,,,,,,25.110204293162276,,,,,
159,32,0.055593941176348784,,,,,,0.06830099173425527,,,,,,17.987571646124415,,,,,,22.098972591709973,,,,,
