index,bin_size,m,n,a,b,corr
875,1,0.09996670500633646,16.0,22212.832601763846,-22310.071542046477,10.003330608292174
875,2,0.09997171633029131,16.0,22227.899748917906,-22326.639134636567,10.002829167163165
875,4,0.09931973249087622,16.0,22534.24149139599,-22632.942794906878,10.068492684390412
875,8,0.1006293199095883,16.0,21931.75457550452,-22031.44937515704,9.93746157579583
875,16,0.10203938646533597,16.0,21279.88674886226,-21380.301636501972,9.80013732579343
875,32,0.10305941587550839,16.0,20796.832244477504,-20897.172699218863,9.70314057677136
