index,bin_size,m12,m23,m34,m13,m24,m14,m12_err,m23_err,m34_err,m13_err,m24_err,m14_err,corr12,corr23,corr34,corr13,corr24,corr14,corr12_err,corr23_err,corr34_err,corr13_err,corr24_err,corr14_err
861,1,0.09247417346682346,,,,,,0.06679955357028798,,,,,,10.813830094504878,,,,,,7.8114677386873685,,,,,
861,2,0.0928768160072411,,,,,,0.06890400356152275,,,,,,10.766949632748343,,,,,,7.987848504451177,,,,,
861,4,0.09624041448463327,,,,,,0.06853068237903923,,,,,,10.390645191575626,,,,,,7.39894990218333,,,,,
861,8,0.09531276300398218,,,,,,0.06886625222896667,,,,,,10.491774327832882,,,,,,7.580613072351591,,,,,
861,16,0.09345740096697928,,,,,,0.06754118878576908,,,,,,10.70006216365169,,,,,,7.732880554532101,,,,,
861,32,0.09437639990668825,,,,,,0.06696910053336018,,,,,,10.595869316785967,,,,,,7.518784762035603,,,,,
