index,bin_size,m,n,a,b,corr
437,1,0.1641973439437063,36.0,1165.8521372540788,-1267.3111656160384,6.0902324969570865
437,2,0.1643479207603269,36.0,1163.4947720278262,-1266.7406493927497,6.084652579562157
437,4,0.1639824831699361,36.0,1172.7666775372218,-1276.7263774143507,6.098212325298755
437,8,0.16411212842850206,36.0,1167.6780932587712,-1268.2022062165502,6.093394861036521
437,16,0.1642680644573341,36.0,1163.8249128011992,-1265.465585957186,6.087610536494349
437,32,0.1644799731331894,36.0,1158.0317792184424,-1258.8422493530509,6.079767530058139
