index,bin_size,m,n,a,b,corr
274,1,0.06413683018004401,24.0,41276.171841131196,-41195.4833795718,15.591665462618186
274,2,0.06467617707827639,24.0,40550.860427891,-40467.34128615029,15.461643609357406
274,4,0.06366749754131155,24.0,41940.726142840605,-41861.13130741853,15.70660130549557
274,8,0.06361237338727617,24.0,42013.38008454177,-41932.77975786267,15.720212071194648
274,16,0.06498394687093019,24.0,40193.166279666446,-40112.293021590594,15.38841588040474
274,32,0.06388403298143736,24.0,41696.78839685352,-41613.695864939335,15.653363654898993
