index,bin_size,m12,m23,m34,m13,m24,m14,m12_err,m23_err,m34_err,m13_err,m24_err,m14_err,corr12,corr23,corr34,corr13,corr24,corr14,corr12_err,corr23_err,corr34_err,corr13_err,corr24_err,corr14_err
538,1,0.18791262700337247,,,,,,0.02761376367264027,,,,,,5.3216221599735976,,,,,,0.7820124651759516,,,,,
538,2,0.18773478438243243,,,,,,0.026310809131163716,,,,,,5.326663374022957,,,,,,0.7465256041969449,,,,,
538,4,0.18844599292638098,,,,,,0.02897134037696732,,,,,,5.306560168624354,,,,,,0.8158208009025333,,,,,
538,8,0.18745893377593043,,,,,,0.026763167449826996,,,,,,5.3345016951568685,,,,,,0.7615970028908835,,,,,
538,16,0.18724097277770554,,,,,,0.027105257625204354,,,,,,5.34071141142388,,,,,,0.7731286403877812,,,,,
538,32,0.1881082654773765,,,,,,0.024885489749838282,,,,,,5.316087506639992,,,,,,0.7032835097384043,,,,,
