index,bin_size,m,n,a,b,corr
2007,1,0.0871391765701546,16.0,37033.486474208075,-37169.277304041614,11.47589453286735
2007,2,0.08746427829682064,16.0,36704.26300305177,-36837.33017530697,11.433239025952728
2007,4,0.08692840684730793,16.0,37236.274386692814,-37371.622488727044,11.503719397003637
2007,8,0.08983480109092443,16.0,34670.72083223508,-34804.546985859226,11.13154354277326
2007,16,0.08641269948434185,16.0,37642.30142844134,-37775.450079728456,11.572373111445291
2007,32,0.08611209008695665,16.0,37916.48608675492,-38050.42306016018,11.61277120309346
