index,bin_size,m12,m23,m34,m13,m24,m14,m12_err,m23_err,m34_err,m13_err,m24_err,m14_err,corr12,corr23,corr34,corr13,corr24,corr14,corr12_err,corr23_err,corr34_err,corr13_err,corr24_err,corr14_err
1646,1,0.11613837324764531,,,,,,0.06905490918560275,,,,,,8.610418520911002,,,,,,5.119683119236359,,,,,
1646,2,0.11806339877660121,,,,,,0.06596158967684881,,,,,,8.47002551478459,,,,,,4.7321723188388205,,,,,
1646,4,0.118185444554775,,,,,,0.06436828797194966,,,,,,8.461278829784606,,,,,,4.608334252820068,,,,,
1646,8,0.11859475884729755,,,,,,0.06145309495874368,,,,,,8.432075833027316,,,,,,4.3693090816395985,,,,,
1646,16,0.12114143613414435,,,,,,0.05664561314292533,,,,,,8.254813810302393,,,,,,3.8599425975722887,,,,,
1646,32,0.12288256254679408,,,,,,0.05375164570293461,,,,,,8.137851126104216,,,,,,3.559682362149708,,,,,
