index,bin_size,m,n,a,b,corr
23,1,-9.334231592648429e-7,16.0,296597574423835.56,-296597574423736.1,-1071325.4648487535
23,2,1.3307383857772917e-6,16.0,145867315386357.9,-145867315386256.88,751462.5043418241
23,4,-0.000029887732324698672,16.0,288816271367.52625,-288816271265.3654,-33458.54376424599
23,8,-9.906798317306925e-6,16.0,2632574884492.4673,-2632574884384.687,-100940.78510239028
23,16,0.00001598545882267811,16.0,1009922399920.6506,-1009922399815.0454,62556.85314339109
23,32,-1.9405736469437857e-6,16.0,68345927803453.625,-68345927803353.06,-515311.54283935705
