index,bin_size,m,n,a,b,corr
1893,1,0.17547813307015359,16.0,6437.610119464893,-6516.500451865252,5.698715745968272
1893,2,0.17472533789872016,16.0,6505.264327699881,-6584.361372726082,5.723268370954027
1893,4,0.17633102049359803,16.0,6360.294803208189,-6439.433942853662,5.671151889217964
1893,8,0.17507961943163608,16.0,6474.333392039927,-6552.362203570241,5.711687078406481
1893,16,0.176201684688802,16.0,6369.007827427253,-6448.625576509983,5.675314635987428
1893,32,0.17440396512117953,16.0,6540.465079366518,-6619.922238050251,5.733814591343603
