index,bin_size,m,n,a,b,corr
1264,1,0.10056024058977717,16.0,23446.250628086815,-23460.181382811246,9.944288061912799
1264,2,0.10099094762913095,16.0,23255.10805421976,-23271.20119024232,9.901877578892515
1264,4,0.10325044274675807,16.0,22187.236035781203,-22204.640512109636,9.685188493115675
1264,8,0.09981408096705839,16.0,23875.751416662337,-23892.95436723215,10.018626533565236
1264,16,0.10137307272763675,16.0,23052.352226548355,-23067.321266466537,9.864552519649292
1264,32,0.10309770599249578,16.0,22236.116199416312,-22252.47574165751,9.699536865279887
