index,bin_size,m12,m23,m34,m13,m24,m14,m12_err,m23_err,m34_err,m13_err,m24_err,m14_err,corr12,corr23,corr34,corr13,corr24,corr14,corr12_err,corr23_err,corr34_err,corr13_err,corr24_err,corr14_err
2358,1,0.1460373574396946,,,,,,0.034856915763574435,,,,,,6.847562962873695,,,,,,1.6344100548465783,,,,,
2358,2,0.14542243632577917,,,,,,0.03167891122771618,,,,,,6.876517993136724,,,,,,1.497984826580398,,,,,
2358,4,0.14616401195306705,,,,,,0.03332907696903591,,,,,,6.8416293904213425,,,,,,1.560063859085844,,,,,
2358,8,0.14776739891401075,,,,,,0.029924456976739455,,,,,,6.767392586925909,,,,,,1.3704683834220797,,,,,
2358,16,0.14618240354337533,,,,,,0.028858864712179817,,,,,,6.840768627143823,,,,,,1.3504827636760672,,,,,
2358,32,0.1460296810115422,,,,,,0.028019175075978887,,,,,,6.847922922744451,,,,,,1.3139325509039503,,,,,
