index,bin_size,m12,m23,m34,m13,m24,m14,m12_err,m23_err,m34_err,m13_err,m24_err,m14_err,corr12,corr23,corr34,corr13,corr24,corr14,corr12_err,corr23_err,corr34_err,corr13_err,corr24_err,corr14_err
1646,1,0.1183951637963989,,,,,,0.06634042271355926,,,,,,8.44629094579973,,,,,,4.732714527678244,,,,,
1646,2,0.11903339757774989,,,,,,0.06399195545699418,,,,,,8.401003586802796,,,,,,4.516351362394634,,,,,
1646,4,0.11871719777287627,,,,,,0.06522590370274765,,,,,,8.423379415618866,,,,,,4.627994468551981,,,,,
1646,8,0.118559298387394,,,,,,0.060891330277383825,,,,,,8.43459782236976,,,,,,4.33195783666537,,,,,
1646,16,0.11657084665835851,,,,,,0.058223921052814806,,,,,,8.57847419544582,,,,,,4.284711131704151,,,,,
1646,32,0.12041484111646357,,,,,,0.054176864599368914,,,,,,8.304624170311481,,,,,,3.736404043322671,,,,,
