index,bin_size,m,n,a,b,corr
536,1,0.1271032346679236,54.0,935.6735662102326,-750.5632536763526,7.867620384427282
536,2,0.12720272732390678,54.0,933.2832982948845,-748.2192151511051,7.861466660644922
536,4,0.127130931150955,54.0,936.3301165452876,-759.6766412597281,7.865906360841502
536,8,0.12745850488675148,54.0,926.8019048429377,-747.2585272565091,7.84569064958445
536,16,0.12729741440493705,54.0,930.5847548440197,-751.4640198651771,7.855619100156809
536,32,0.12717303862604937,54.0,934.6213042810007,-753.8718912021751,7.863301929432438
