index,bin_size,m,n,a,b,corr
274,1,0.06419468399856133,24.0,41217.42709035838,-41134.03544038598,15.577613872550739
274,2,0.06538080284199098,24.0,39657.8471378429,-39579.07100638845,15.295009491038975
274,4,0.06555466621119589,24.0,39418.75591110519,-39338.63377249204,15.254444234043143
274,8,0.06421518775409067,24.0,41231.5382979876,-41151.23135304068,15.572639977779984
274,16,0.0631993128308441,24.0,42629.611539531856,-42552.988882569785,15.822956852023797
274,32,0.06468602767735979,24.0,40502.60849871345,-40418.53260494387,15.459289059884592
