index,bin_size,m,n,a,b,corr
680,1,0.00001178799506174834,16.0,2225769087083.9253,-2225769087058.5303,84832.06811351384
680,2,-0.00004871805998419665,16.0,130265401973.42107,-130265401950.84364,-20526.268909812577
680,4,-0.00002928739906344298,16.0,360235968206.0286,-360235968185.8118,-34144.37717169008
680,8,-0.000033728128397227725,16.0,271507545465.22382,-271507545445.18295,-29648.8434882202
680,16,-8.465143871755517e-6,16.0,4318407103102.4985,-4318407103079.7295,-118131.48307337843
680,32,-0.00005948472840101241,16.0,87315025262.78194,-87315025240.54147,-16811.03750291277
