index,bin_size,m,n,a,b,corr
2766,1,0.20342650597199777,24.0,1535.8549265659703,-1552.0866618911662,4.915780248114043
2766,2,0.20271630247498437,24.0,1552.3037156014389,-1568.3499052783027,4.933002367302956
2766,4,0.20213888978957711,24.0,1565.8351410164719,-1581.6568653906177,4.9470935604770645
2766,8,0.20344544580242643,24.0,1535.9141983557483,-1553.5867110788595,4.915322611699737
2766,16,0.20252219502147334,24.0,1558.530754332439,-1574.2651991117045,4.937730404778451
2766,32,0.20261277613742812,24.0,1556.7419393270627,-1574.026632816398,4.935522917477427
