index,bin_size,m,n,a,b,corr
148,1,0.07006986875514336,16.0,39917.54807874989,-39975.793781007174,14.271469574097022
148,2,0.07498882257354532,16.0,34722.53568919609,-34783.96413178398,13.335320727555757
148,4,0.07616451978718347,16.0,33592.844846756096,-33652.847587604934,13.12947291986044
148,8,0.07493269693567887,16.0,34790.45790172985,-34850.12663668398,13.345309069262319
148,16,0.07347359441917631,16.0,36207.21980244223,-36267.01809642952,13.610331819277432
148,32,0.0761718026951279,16.0,33640.7473391598,-33700.90088741049,13.128217589945026
