index,bin_size,m12,m23,m34,m13,m24,m14,m12_err,m23_err,m34_err,m13_err,m24_err,m14_err,corr12,corr23,corr34,corr13,corr24,corr14,corr12_err,corr23_err,corr34_err,corr13_err,corr24_err,corr14_err
565,1,0.05560838814313243,,,,,,0.01945220645395111,,,,,,17.98289850491735,,,,,,6.290544754825839,,,,,
565,2,0.055923851970420664,,,,,,0.0196198915859554,,,,,,17.881457817478697,,,,,,6.273392325752694,,,,,
565,4,0.056384790228221626,,,,,,0.018896829856269653,,,,,,17.735279247336486,,,,,,5.943811319219977,,,,,
565,8,0.05565173596963127,,,,,,0.01818741985747306,,,,,,17.968891402519635,,,,,,5.872373370155049,,,,,
565,16,0.05593457902369736,,,,,,0.020987052622948817,,,,,,17.878028537165495,,,,,,6.707963700685257,,,,,
565,32,0.05358649584647806,,,,,,0.025271257676889185,,,,,,18.661418034590973,,,,,,8.800678161889753,,,,,
