index,bin_size,m12,m23,m34,m13,m24,m14,m12_err,m23_err,m34_err,m13_err,m24_err,m14_err,corr12,corr23,corr34,corr13,corr24,corr14,corr12_err,corr23_err,corr34_err,corr13_err,corr24_err,corr14_err
127,1,0.1265564044162032,,,,,,0.06236274665561289,,,,,,7.901615130525695,,,,,,3.8936506202766448,,,,,
127,2,0.13017620263068505,,,,,,0.061051034418427616,,,,,,7.681895613724721,,,,,,3.602714352044915,,,,,
127,4,0.13246922810694478,,,,,,0.05968772415774714,,,,,,7.5489229784949154,,,,,,3.401378862604406,,,,,
127,8,0.1287865867118217,,,,,,0.05796775995378929,,,,,,7.764783783249433,,,,,,3.494984485050898,,,,,
127,16,0.1326028724546252,,,,,,0.050849265896656115,,,,,,7.541314765577085,,,,,,2.8918703843042777,,,,,
127,32,0.1347812853993098,,,,,,0.04893234053395007,,,,,,7.419427682688659,,,,,,2.693622937789527,,,,,
