index,bin_size,m,n,a,b,corr
2586,1,0.06636015348509118,54.0,11604.130539441776,-11350.445519477787,15.06928401280243
2586,2,0.06638547217716328,54.0,11612.12434886422,-11355.000856436694,15.06353675291025
2586,4,0.06638416156873424,54.0,11597.879164692771,-11338.293812782285,15.063834149123037
2586,8,0.06681189025490225,54.0,11408.17559060275,-11155.304236216809,14.967395716313026
2586,16,0.0661527185114696,54.0,11703.317730743585,-11446.2438016433,15.116536742577244
2586,32,0.06647142327450163,54.0,11567.733869542866,-11306.663644689905,15.044058796069121
