index,bin_size,m,n,a,b,corr
1266,1,0.08923971715976972,16.0,27257.42867396529,-27285.272209680377,11.205772853466767
1266,2,0.08726493001952713,16.0,28601.017540051733,-28628.802090235586,11.459357152709932
1266,4,0.08780148712293824,16.0,28223.323422332305,-28252.41828516699,11.38932873198168
1266,8,0.08905255872047774,16.0,27381.500563614085,-27409.644154817845,11.229323608082346
1266,16,0.08752078920586719,16.0,28391.480790965586,-28418.220248822774,11.425856748706767
1266,32,0.08780333858933473,16.0,28238.552464837878,-28267.25334532319,11.389088570733092
