index,bin_size,m,n,a,b,corr
1233,1,0.13234064737464282,16.0,11961.742239568479,-11887.360868443046,7.5562574298817085
1233,2,0.13129785356590276,16.0,12175.665006414829,-12100.721815028273,7.6162707374196845
1233,4,0.13120330971803734,16.0,12212.431520594342,-12138.377759238243,7.621758949138184
1233,8,0.13015530914576337,16.0,12405.061373583432,-12331.212923987949,7.683128767955837
1233,16,0.13158256099953525,16.0,12122.838389898485,-12049.276096946665,7.59979128239898
1233,32,0.13188196346947725,16.0,12072.398609358046,-11996.781711467058,7.582538003625036
