index,bin_size,m12,m23,m34,m13,m24,m14,m12_err,m23_err,m34_err,m13_err,m24_err,m14_err,corr12,corr23,corr34,corr13,corr24,corr14,corr12_err,corr23_err,corr34_err,corr13_err,corr24_err,corr14_err
2611,1,0.13124909155944448,,,,,,0.02003001721672541,,,,,,7.619100354283874,,,,,,1.1627563243220256,,,,,
2611,2,0.1327559463862343,,,,,,0.0202896044132561,,,,,,7.5326192703311685,,,,,,1.1512393180945817,,,,,
2611,4,0.1317066165355047,,,,,,0.020465926082232522,,,,,,7.59263297702607,,,,,,1.179821252453535,,,,,
2611,8,0.13193621918592374,,,,,,0.021338095832062,,,,,,7.579419860370607,,,,,,1.2258225097697586,,,,,
2611,16,0.13230449529517163,,,,,,0.021569824993738114,,,,,,7.558322170149984,,,,,,1.2322460101805457,,,,,
2611,32,0.13212589514367964,,,,,,0.022461289079484744,,,,,,7.568539073378122,,,,,,1.286645164081249,,,,,
