index,bin_size,m12,m23,m34,m13,m24,m14,m12_err,m23_err,m34_err,m13_err,m24_err,m14_err,corr12,corr23,corr34,corr13,corr24,corr14,corr12_err,corr23_err,corr34_err,corr13_err,corr24_err,corr14_err
2856,1,0.01363479005715648,,,,,,0.02798271968714745,,,,,,73.34179666925864,,,,,,150.51958474934042,,,,,
2856,2,0.013203130244321406,,,,,,0.02746473653606048,,,,,,75.73961488640882,,,,,,157.55116625412157,,,,,
2856,4,0.013099886630269309,,,,,,0.0271303138761057,,,,,,76.33653849258097,,,,,,158.0955857078719,,,,,
2856,8,0.013043579374975248,,,,,,0.02651560203605088,,,,,,76.66607234503049,,,,,,155.85040007254696,,,,,
2856,16,0.013995634996655862,,,,,,0.027430514596932458,,,,,,71.45084879956798,,,,,,140.0389158068264,,,,,
2856,32,0.013312347589484588,,,,,,0.02616367094465432,,,,,,75.11823089639721,,,,,,147.6350179340528,,,,,
