index,bin_size,m,n,a,b,corr
820,1,0.10633269573072911,16.0,20432.00177215356,-20385.73556965171,9.404445106257283
820,2,0.1051713783685526,16.0,20906.143445044174,-20859.91813757005,9.508290330622984
820,4,0.10542880278378218,16.0,20821.530684426885,-20775.452131480823,9.48507403665431
820,8,0.10734886582961618,16.0,20024.778016706947,-19977.35280092193,9.315422126463798
820,16,0.1075581065875531,16.0,19922.25830947917,-19876.236255584143,9.297300145256765
820,32,0.10885781864829172,16.0,19422.282884980308,-19375.938503387082,9.186294677012553
