index,bin_size,m12,m23,m34,m13,m24,m14,m12_err,m23_err,m34_err,m13_err,m24_err,m14_err,corr12,corr23,corr34,corr13,corr24,corr14,corr12_err,corr23_err,corr34_err,corr13_err,corr24_err,corr14_err
2271,1,0.1761850286663231,,,,,,0.031703892007621706,,,,,,5.675851163800645,,,,,,1.0213499620859983,,,,,
2271,2,0.17664939808896699,,,,,,0.03040956823544985,,,,,,5.660930695593789,,,,,,0.9745091697233679,,,,,
2271,4,0.1763958964538527,,,,,,0.0345024204105347,,,,,,5.669066118335763,,,,,,1.1088495054708316,,,,,
2271,8,0.17739953209600243,,,,,,0.030793502822636154,,,,,,5.636993447416958,,,,,,0.9784849575605344,,,,,
2271,16,0.1776062079769829,,,,,,0.028673832790595495,,,,,,5.630433819799792,,,,,,0.9090116822288999,,,,,
2271,32,0.17652761672597472,,,,,,0.025288379269479973,,,,,,5.66483601006356,,,,,,0.8115133721216559,,,,,
