index,bin_size,m12,m23,m34,m13,m24,m14,m12_err,m23_err,m34_err,m13_err,m24_err,m14_err,corr12,corr23,corr34,corr13,corr24,corr14,corr12_err,corr23_err,corr34_err,corr13_err,corr24_err,corr14_err
54,1,0.09879488505202855,,,,,,0.06761554603246238,,,,,,10.121981512234848,,,,,,6.92751761915427,,,,,
54,2,0.09582791794360189,,,,,,0.0670945677648602,,,,,,10.435372295039691,,,,,,7.306396806128587,,,,,
54,4,0.09546348318321923,,,,,,0.06962995851208947,,,,,,10.475209647240089,,,,,,7.640496541938249,,,,,
54,8,0.09700979054614128,,,,,,0.06774659600656159,,,,,,10.308237904341878,,,,,,7.198737621362199,,,,,
54,16,0.09702364059099114,,,,,,0.06254796001712441,,,,,,10.306766411864082,,,,,,6.644434382263061,,,,,
54,32,0.0966610239297,,,,,,0.06782731456685444,,,,,,10.345431481537831,,,,,,7.259418604322282,,,,,
