index,bin_size,m12,m23,m34,m13,m24,m14,m12_err,m23_err,m34_err,m13_err,m24_err,m14_err,corr12,corr23,corr34,corr13,corr24,corr14,corr12_err,corr23_err,corr34_err,corr13_err,corr24_err,corr14_err
186,1,0.23203482351072935,,,,,,0.03134997440553638,,,,,,4.3096979361537935,,,,,,0.5822786336541718,,,,,
186,2,0.2315854061376388,,,,,,0.032608100397681125,,,,,,4.318061386846057,,,,,,0.6079993621961745,,,,,
186,4,0.2300626643686845,,,,,,0.03227598563998743,,,,,,4.3466418279737065,,,,,,0.6097997239440136,,,,,
186,8,0.2307660935335685,,,,,,0.030606070811381076,,,,,,4.333392244448314,,,,,,0.5747296227804882,,,,,
186,16,0.23067768914890108,,,,,,0.03429631463109907,,,,,,4.335052963680878,,,,,,0.6445198100146919,,,,,
186,32,0.23066519242493255,,,,,,0.027718200634396097,,,,,,4.335287823391208,,,,,,0.5209558340091502,,,,,
