index,bin_size,m12,m23,m34,m13,m24,m14,m12_err,m23_err,m34_err,m13_err,m24_err,m14_err,corr12,corr23,corr34,corr13,corr24,corr14,corr12_err,corr23_err,corr34_err,corr13_err,corr24_err,corr14_err
1899,1,0.18066952492123195,,,,,,0.0525886960724289,,,,,,5.5349677840575415,,,,,,1.6111003706540468,,,,,
1899,2,0.17862988241675748,,,,,,0.051433962964053566,,,,,,5.598167487268014,,,,,,1.6119136132829934,,,,,
1899,4,0.18070389165314166,,,,,,0.05413963620049295,,,,,,5.5339151296170455,,,,,,1.657983948995167,,,,,
1899,8,0.18031111928897903,,,,,,0.06149666240358571,,,,,,5.545969676985539,,,,,,1.8915007919145512,,,,,
1899,16,0.1822945809511211,,,,,,0.06535727463555709,,,,,,5.4856265873758,,,,,,1.9667375823715016,,,,,
1899,32,0.17880835108595197,,,,,,0.07446853522401693,,,,,,5.592579954609093,,,,,,2.329148693635362,,,,,
