index,bin_size,m,n,a,b,corr
2920,1,0.19654087777573576,24.0,1607.4437293332883,-1616.8223640369226,5.088000070606465
2920,2,0.1961263437315872,24.0,1618.9687035020738,-1627.8584097895703,5.0987541039798865
2920,4,0.19667200340930513,24.0,1603.9632625658821,-1612.4163837148485,5.084607786899104
2920,8,0.1955063796675557,24.0,1635.513171123037,-1644.924166682847,5.114922600993516
2920,16,0.1960196700618718,24.0,1619.9254166086093,-1628.3167393573792,5.101528839857547
2920,32,0.19593315941117545,24.0,1624.6364176552638,-1633.194186650168,5.103781325250059
