index,bin_size,m12,m23,m34,m13,m24,m14,m12_err,m23_err,m34_err,m13_err,m24_err,m14_err,corr12,corr23,corr34,corr13,corr24,corr14,corr12_err,corr23_err,corr34_err,corr13_err,corr24_err,corr14_err
1915,1,0.05553459308544063,,,,,,0.06167530303731975,,,,,,18.006794404012076,,,,,,19.99788672061622,,,,,
1915,2,0.05555289207870866,,,,,,0.061479370394951716,,,,,,18.00086300787322,,,,,,19.92122611225802,,,,,
1915,4,0.05483296496509725,,,,,,0.061939132586463386,,,,,,18.237204583712163,,,,,,20.600684887932395,,,,,
1915,8,0.053002267924866876,,,,,,0.057947308498191595,,,,,,18.867117184825855,,,,,,20.627393935867733,,,,,
1915,16,0.05343360211983149,,,,,,0.05827025689243834,,,,,,18.714815403187227,,,,,,20.40882624369328,,,,,
1915,32,0.05681437703719801,,,,,,0.06361501371380204,,,,,,17.601178647884694,,,,,,19.708026021849456,,,,,
