index,bin_size,m,n,a,b,corr
802,1,-0.000027892260060303773,16.0,353451188950.5225,-353451188979.0404,-35852.23993459027
802,2,-0.00004461536864123007,16.0,138210235298.48434,-138210235324.80835,-22413.801128516898
802,4,-0.000030236465421075625,16.0,300310812790.6525,-300310812821.3608,-33072.64873965636
802,8,4.986091418633049e-6,16.0,11044006452468.945,-11044006452498.596,200557.89516072546
802,16,-0.000017705843731495004,16.0,877356558109.447,-877356558139.5171,-56478.52851096887
802,32,-0.0000311957320908159,16.0,282799564377.0778,-282799564406.20685,-32055.667008834276
