index,bin_size,m,n,a,b,corr
670,1,0.10699864973218129,16.0,18581.628491798052,-18643.692643742936,9.345912331632316
670,2,0.1064080391109493,16.0,18795.72034238857,-18856.637808199983,9.397786185659546
670,4,0.10339953230920829,16.0,19998.30255004623,-20061.296420259303,9.671223628068041
670,8,0.10545554047124911,16.0,19169.552422090565,-19230.90825569441,9.482669146934343
670,16,0.10585552861704846,16.0,19005.485089499754,-19066.99231921028,9.446837714236741
670,32,0.10608300282325762,16.0,18925.39478252708,-18987.216401346108,9.426580822434639
