index,bin_size,m,n,a,b,corr
2141,1,0.231303407163588,24.0,849.6340500639693,-863.7666772144432,4.323325852665697
2141,2,0.23173208792561992,24.0,845.413358816367,-860.3960516920947,4.315328140145073
2141,4,0.23173189177804165,24.0,846.2695030041627,-862.2786819238651,4.315331792819539
2141,8,0.2317668222880716,24.0,845.0809160902215,-860.5650807238386,4.31468141180735
2141,16,0.23097030849978023,24.0,854.1489944387054,-865.867301069534,4.329560827516285
2141,32,0.2313673380931822,24.0,849.5796200170637,-863.9838808585092,4.32213124048328
