index,bin_size,m12,m23,m34,m13,m24,m14,m12_err,m23_err,m34_err,m13_err,m24_err,m14_err,corr12,corr23,corr34,corr13,corr24,corr14,corr12_err,corr23_err,corr34_err,corr13_err,corr24_err,corr14_err
947,1,0.07543900126626248,,,,,,0.06628665212754888,,,,,,13.255742828175748,,,,,,11.647540380899713,,,,,
947,2,0.07529265483636276,,,,,,0.06840646081181928,,,,,,13.281508032534505,,,,,,12.066794041517218,,,,,
947,4,0.07738144125959898,,,,,,0.06806664918953646,,,,,,12.922995277965988,,,,,,11.367389541277532,,,,,
947,8,0.07528160902762182,,,,,,0.06615528374019304,,,,,,13.283456782028752,,,,,,11.673114640034738,,,,,
947,16,0.07759915544101147,,,,,,0.06957387719528149,,,,,,12.886738190857885,,,,,,11.553996113012388,,,,,
947,32,0.07276884345173573,,,,,,0.05589650286585191,,,,,,13.742145024790103,,,,,,10.555861716705769,,,,,
