index,bin_size,m12,m23,m34,m13,m24,m14,m12_err,m23_err,m34_err,m13_err,m24_err,m14_err,corr12,corr23,corr34,corr13,corr24,corr14,corr12_err,corr23_err,corr34_err,corr13_err,corr24_err,corr14_err
194,1,6.093632209756058,,,,,,1.357164369333693,,,,,,0.16410573621410476,,,,,,0.03654937651742077,,,,,
194,2,6.1696504507923295,,,,,,1.5214401374990363,,,,,,0.16208373683011107,,,,,,0.03996996342272396,,,,,
194,4,6.13443531938459,,,,,,1.3596910363950234,,,,,,0.16301418923434352,,,,,,0.03613192092950048,,,,,
194,8,6.1367675474536885,,,,,,1.2057112742670812,,,,,,0.16295223703151787,,,,,,0.032015771794625815,,,,,
194,16,6.223513603085452,,,,,,2.0726066609643414,,,,,,0.1606809374537603,,,,,,0.05351131249902816,,,,,
194,32,43550852017.763855,,,,,,995952438689.4937,,,,,,2.2961663289437192e-11,,,,,,5.251039529640917e-10,,,,,
