index,bin_size,m12,m23,m34,m13,m24,m14,m12_err,m23_err,m34_err,m13_err,m24_err,m14_err,corr12,corr23,corr34,corr13,corr24,corr14,corr12_err,corr23_err,corr34_err,corr13_err,corr24_err,corr14_err
2529,1,0.19740684941669603,,,,,,0.03126238540659261,,,,,,5.065680359900537,,,,,,0.8022277455202794,,,,,
2529,2,0.19838242292321967,,,,,,0.031640620572525216,,,,,,5.040769163238982,,,,,,0.8039677212202363,,,,,
2529,4,0.1965872146061269,,,,,,0.034138217537947824,,,,,,5.08680079731306,,,,,,0.8833448937094178,,,,,
2529,8,0.19741635437721192,,,,,,0.03398532934438378,,,,,,5.065436463735203,,,,,,0.8720175541493193,,,,,
2529,16,0.19862602911972213,,,,,,0.03633854942264545,,,,,,5.034586878828699,,,,,,0.9210755756922767,,,,,
2529,32,0.19683943197507234,,,,,,0.03339960039094363,,,,,,5.080282898431853,,,,,,0.8620194489387516,,,,,
