index,bin_size,m,n,a,b,corr
2566,1,0.18377110456932128,54.0,107.19219604554108,106.49632758649587,5.441551882400449
2566,2,0.1834200042267336,54.0,108.35312980611364,113.2350069428073,5.451968034870698
2566,4,0.1833853620927539,54.0,108.50640370110101,113.2483957275364,5.45299793063207
2566,8,0.18367977797178545,54.0,107.37746258388395,110.92871488111993,5.444257451974965
2566,16,0.18259663129971884,54.0,110.75492874937476,111.5700297444202,5.476552293884185
2566,32,0.18348538195335792,54.0,108.06300430751848,108.40805567035052,5.450025442649162
