index,bin_size,m,n,a,b,corr
1732,1,0.2226714228088729,16.0,2842.2150184754855,-2860.6590906525685,4.490922038335997
1732,2,0.22330387351753087,16.0,2817.82605608215,-2837.4186883776974,4.478202658322867
1732,4,0.22314480799251357,16.0,2823.4022804543074,-2841.3738668501887,4.481394879837624
1732,8,0.22371323619999336,16.0,2807.0835521191552,-2826.82547517245,4.470008198826591
1732,16,0.2233460782056667,16.0,2819.1586075944533,-2836.888019678605,4.47735643282331
1732,32,0.22292343277480073,16.0,2834.8724065192127,-2852.0297185312784,4.485845151192379
