index,bin_size,m12,m23,m34,m13,m24,m14,m12_err,m23_err,m34_err,m13_err,m24_err,m14_err,corr12,corr23,corr34,corr13,corr24,corr14,corr12_err,corr23_err,corr34_err,corr13_err,corr24_err,corr14_err
68,1,0.026715530415971973,,,,,,0.04712320602018128,,,,,,37.431411034315325,,,,,,66.0248202574178,,,,,
68,2,0.02745007505481843,,,,,,0.04795399498000646,,,,,,36.429772887796375,,,,,,63.64110636111039,,,,,
68,4,0.024464764010430615,,,,,,0.04471642583426985,,,,,,40.87511326794926,,,,,,74.71108121600315,,,,,
68,8,0.02658949004098503,,,,,,0.048173491960268044,,,,,,37.60884463969035,,,,,,68.13780076610959,,,,,
68,16,0.019419155639818532,,,,,,0.03909094746840793,,,,,,51.495544839731494,,,,,,103.66102808606978,,,,,
68,32,0.02048277129877873,,,,,,0.03919346999019298,,,,,,48.82151860278908,,,,,,93.41923006034598,,,,,
