index,bin_size,m,n,a,b,corr
1177,1,0.08866812435963206,16.0,30663.78531098381,-30750.420188620144,11.278010076587003
1177,2,0.08768228493636487,16.0,31404.305069034428,-31491.189945112594,11.404812280219963
1177,4,0.08756973860288456,16.0,31455.705267583686,-31541.53653995403,11.419469967072162
1177,8,0.08659741734030531,16.0,32260.84631420899,-32347.320872429875,11.547688495954334
1177,16,0.0893633641566812,16.0,30113.886589575086,-30199.094341747863,11.190268063842085
1177,32,0.08614414306526905,16.0,32581.352200316407,-32667.548749548332,11.608450260423712
