index,bin_size,m12,m23,m34,m13,m24,m14,m12_err,m23_err,m34_err,m13_err,m24_err,m14_err,corr12,corr23,corr34,corr13,corr24,corr14,corr12_err,corr23_err,corr34_err,corr13_err,corr24_err,corr14_err
1827,1,0.21477450856957842,,,,,,0.046366496942249064,,,,,,4.656046039449042,,,,,,1.0051683781697345,,,,,
1827,2,0.2148574357659276,,,,,,0.051482316736198706,,,,,,4.6542489741403745,,,,,,1.1152116704811788,,,,,
1827,4,0.2132257835924524,,,,,,0.05498020640387058,,,,,,4.689864345445873,,,,,,1.2092801600936156,,,,,
1827,8,0.21203784511641063,,,,,,0.05501936719941034,,,,,,4.716139231895095,,,,,,1.223739073657936,,,,,
1827,16,0.21270614420804096,,,,,,0.05852860725062848,,,,,,4.701321645988433,,,,,,1.2936241649315423,,,,,
1827,32,0.21459489455646888,,,,,,0.05266601829068318,,,,,,4.6599431084641125,,,,,,1.14364626190738,,,,,
