index,bin_size,m12,m23,m34,m13,m24,m14,m12_err,m23_err,m34_err,m13_err,m24_err,m14_err,corr12,corr23,corr34,corr13,corr24,corr14,corr12_err,corr23_err,corr34_err,corr13_err,corr24_err,corr14_err
141,1,0.12707296911436708,,,,,,0.06511255712023345,,,,,,7.8694942517632445,,,,,,4.032351628725341,,,,,
141,2,0.12760243225258389,,,,,,0.06699879244464627,,,,,,7.836841213344117,,,,,,4.114803210295861,,,,,
141,4,0.1272778604047631,,,,,,0.06395683327616151,,,,,,7.8568259775883,,,,,,3.948037054758855,,,,,
141,8,0.12669337051267784,,,,,,0.056576049059348314,,,,,,7.893072825779253,,,,,,3.524721724690482,,,,,
141,16,0.12593194081868395,,,,,,0.06350523664775337,,,,,,7.9407971758316185,,,,,,4.004402699939812,,,,,
141,32,0.12625547026833547,,,,,,0.06421430926149412,,,,,,7.9204488952016305,,,,,,4.028389057245419,,,,,
