index,bin_size,m,n,a,b,corr
1843,1,-0.00002843767977014928,16.0,303618637017.96124,-303618636948.41205,-35164.61286865214
1843,2,0.000051489056228244386,16.0,92716175830.92603,-92716175763.76178,19421.602826960512
1843,4,-2.063056212862675e-6,16.0,57796798233280.21,-57796798233209.28,-484717.7666634738
1843,8,-1.2910395789888606e-6,16.0,147350076178447.53,-147350076178377.88,-774569.5920362084
1843,16,0.00004245564981469428,16.0,136045082686.0511,-136045082618.91156,23553.991149933856
1843,32,0.00004176266408389846,16.0,140760491776.4479,-140760491706.9486,23944.832589967573
