index,bin_size,m12,m23,m34,m13,m24,m14,m12_err,m23_err,m34_err,m13_err,m24_err,m14_err,corr12,corr23,corr34,corr13,corr24,corr14,corr12_err,corr23_err,corr34_err,corr13_err,corr24_err,corr14_err
2618,1,0.026836464992332092,,,,,,0.022214289781837968,,,,,,37.26273189429857,,,,,,30.844789900584875,,,,,
2618,2,0.025958953663599207,,,,,,0.02185233815237767,,,,,,38.52235390374167,,,,,,32.42825249580621,,,,,
2618,4,0.02735742371131774,,,,,,0.02230884937787602,,,,,,36.55314954186644,,,,,,29.807584077411562,,,,,
2618,8,0.026557603294502147,,,,,,0.021854624307494026,,,,,,37.65400020893512,,,,,,30.986004991306395,,,,,
2618,16,0.02649526653526435,,,,,,0.02294808174170818,,,,,,37.7425906876246,,,,,,32.68961476913868,,,,,
2618,32,0.026299019835459476,,,,,,0.021186215877637016,,,,,,38.02423079858211,,,,,,30.631923445057932,,,,,
