index,bin_size,m12,m23,m34,m13,m24,m14,m12_err,m23_err,m34_err,m13_err,m24_err,m14_err,corr12,corr23,corr34,corr13,corr24,corr14,corr12_err,corr23_err,corr34_err,corr13_err,corr24_err,corr14_err
350,1,0.12525555155582926,,,,,,0.023706212972475223,,,,,,7.983678069185437,,,,,,1.5110130470139762,,,,,
350,2,0.1253473969841576,,,,,,0.023514975931734405,,,,,,7.9778282123113256,,,,,,1.4966281144531683,,,,,
350,4,0.1259177820448007,,,,,,0.025794635130621205,,,,,,7.941690075546333,,,,,,1.6268790197266014,,,,,
350,8,0.12553202182590692,,,,,,0.027628450540590026,,,,,,7.96609490912878,,,,,,1.7532646730070334,,,,,
350,16,0.12585718552597158,,,,,,0.02744932786765392,,,,,,7.945513764835003,,,,,,1.7329087051839953,,,,,
350,32,0.12625811958167155,,,,,,0.026669191228259483,,,,,,7.920282697962552,,,,,,1.6729817817158543,,,,,
