index,bin_size,m12,m23,m34,m13,m24,m14,m12_err,m23_err,m34_err,m13_err,m24_err,m14_err,corr12,corr23,corr34,corr13,corr24,corr14,corr12_err,corr23_err,corr34_err,corr13_err,corr24_err,corr14_err
1707,1,0.06574255491701472,,,,,,0.06251978270814569,,,,,,15.210847848281473,,,,,,14.465195389525421,,,,,
1707,2,0.06876045601791217,,,,,,0.06239369322854739,,,,,,14.543242699546655,,,,,,13.196634753374019,,,,,
1707,4,0.06678214940759712,,,,,,0.062477038778234635,,,,,,14.974061315346646,,,,,,14.008758594405908,,,,,
1707,8,0.06847122034741285,,,,,,0.06109284746924579,,,,,,14.604676167974631,,,,,,13.030894570605035,,,,,
1707,16,0.06794006304936342,,,,,,0.05915759689259297,,,,,,14.718855931491069,,,,,,12.816181010645353,,,,,
1707,32,0.06322776799621024,,,,,,0.05808573727131103,,,,,,15.8158358533222,,,,,,14.529604874828387,,,,,
