index,bin_size,m12,m23,m34,m13,m24,m14,m12_err,m23_err,m34_err,m13_err,m24_err,m14_err,corr12,corr23,corr34,corr13,corr24,corr14,corr12_err,corr23_err,corr34_err,corr13_err,corr24_err,corr14_err
607,1,0.0509026995846061,,,,,,0.06005919273119,,,,,,19.645323492870663,,,,,,23.179168876177084,,,,,
607,2,0.049759804109124,,,,,,0.059202644742315395,,,,,,20.096542136841716,,,,,,23.91023168152415,,,,,
607,4,0.05027412631419909,,,,,,0.05954541196577367,,,,,,19.89094735829485,,,,,,23.559129549799177,,,,,
607,8,0.05325525612143423,,,,,,0.060999901556731614,,,,,,18.77748926265175,,,,,,21.508205573033187,,,,,
607,16,0.05115900760085425,,,,,,0.06065748891605414,,,,,,19.546899889107742,,,,,,23.1760919331628,,,,,
607,32,0.0469374181033336,,,,,,0.05464059356855702,,,,,,21.30496393726816,,,,,,24.80144674609522,,,,,
