index,bin_size,m,n,a,b,corr
363,1,0.10985114089929486,36.0,5329.85795314218,-5158.939049570847,9.103228166894889
363,2,0.11030731662493684,36.0,5267.887539558793,-5098.655923377644,9.06558178185193
363,4,0.10950938494314809,36.0,5371.130804703824,-5202.894215531301,9.131637443851512
363,8,0.10965320060132815,36.0,5359.0801431284735,-5197.159400330629,9.11966084451791
363,16,0.11008395863896929,36.0,5297.748875428422,-5134.435620009408,9.083975652434468
363,32,0.11005934028667419,36.0,5297.783763855118,-5131.496248649403,9.086007579141182
