index,bin_size,m,n,a,b,corr
2912,1,0.08101360516124864,24.0,21494.998320776922,-21588.334736331966,12.343605719182726
2912,2,0.08261559839639938,24.0,20589.016555191796,-20680.22374941513,12.104251732244098
2912,4,0.08147859357901885,24.0,21230.275961681775,-21319.01862179589,12.27316226353599
2912,8,0.08323167011195441,24.0,20262.007086830075,-20352.873458766153,12.014657385282623
2912,16,0.0813274423696722,24.0,21295.73994842019,-21386.494469551493,12.295972563043614
2912,32,0.08059108471003107,24.0,21719.090639843067,-21809.202450870092,12.408320394222605
