index,bin_size,m12,m23,m34,m13,m24,m14,m12_err,m23_err,m34_err,m13_err,m24_err,m14_err,corr12,corr23,corr34,corr13,corr24,corr14,corr12_err,corr23_err,corr34_err,corr13_err,corr24_err,corr14_err
1388,1,0.14696479254721379,,,,,,0.05931845612369951,,,,,,6.804350774548543,,,,,,2.7463964387297097,,,,,
1388,2,0.14648782811632333,,,,,,0.061969825094633835,,,,,,6.826505743575624,,,,,,2.8878670151418206,,,,,
1388,4,0.146665672969476,,,,,,0.06068524951195785,,,,,,6.818228013095604,,,,,,2.821150033452205,,,,,
1388,8,0.14248401340452627,,,,,,0.06579132386510572,,,,,,7.018331222611625,,,,,,3.2406814731452296,,,,,
1388,16,0.14298412336974814,,,,,,0.07172632998371925,,,,,,6.993783480520152,,,,,,3.5083505072886094,,,,,
1388,32,0.14160121111126386,,,,,,0.0816692145010462,,,,,,7.06208649030724,,,,,,4.073094092031842,,,,,
