index,bin_size,m12,m23,m34,m13,m24,m14,m12_err,m23_err,m34_err,m13_err,m24_err,m14_err,corr12,corr23,corr34,corr13,corr24,corr14,corr12_err,corr23_err,corr34_err,corr13_err,corr24_err,corr14_err
422,1,5.642334208339184,,,,,,0.7930181116359821,,,,,,0.1772316142709223,,,,,,0.024909527667396666,,,,,
422,2,5.645167846762882,,,,,,0.7767607428062788,,,,,,0.17714265140467553,,,,,,0.02437437844592561,,,,,
422,4,5.705822802429009,,,,,,0.7573709742017792,,,,,,0.1752595610880683,,,,,,0.023263341522442596,,,,,
422,8,5.60770207256906,,,,,,0.6395151430607886,,,,,,0.17832616409699337,,,,,,0.02033672275526651,,,,,
422,16,5.644197739934621,,,,,,0.7703937061376195,,,,,,0.17717309812245935,,,,,,0.024182894714108054,,,,,
422,32,5.600582194716105,,,,,,0.7542692777994506,,,,,,0.17855286561876632,,,,,,0.02404695374819261,,,,,
