index,bin_size,m12,m23,m34,m13,m24,m14,m12_err,m23_err,m34_err,m13_err,m24_err,m14_err,corr12,corr23,corr34,corr13,corr24,corr14,corr12_err,corr23_err,corr34_err,corr13_err,corr24_err,corr14_err
2556,1,0.10449960645109828,,,,,,0.015965277728360285,,,,,,9.569414029018002,,,,,,1.461999311379549,,,,,
2556,2,0.10447786058470689,,,,,,0.01594082351114846,,,,,,9.57140579261035,,,,,,1.4603676763641464,,,,,
2556,4,0.10438722191150575,,,,,,0.015649963693097704,,,,,,9.57971657534626,,,,,,1.4362123433214056,,,,,
2556,8,0.10450767300444143,,,,,,0.015270137206089695,,,,,,9.568675402020494,,,,,,1.3981268749824594,,,,,
2556,16,0.10427664285817619,,,,,,0.015134483851154035,,,,,,9.589875283576905,,,,,,1.3918535218982246,,,,,
2556,32,0.10488645491125446,,,,,,0.013399108029889095,,,,,,9.534119547143723,,,,,,1.2179713566460566,,,,,
