index,bin_size,m,n,a,b,corr
1103,1,0.13416184925728938,16.0,9281.471828770631,-9338.939673471114,7.453683782207312
1103,2,0.13443282419586952,16.0,9247.971546040093,-9305.487675563729,7.438659464172183
1103,4,0.13499376854546674,16.0,9150.707565120496,-9207.61326071643,7.407749341134911
1103,8,0.1317686675397147,16.0,9665.437809070376,-9720.864847897576,7.589057540546222
1103,16,0.1356605074550391,16.0,9055.016516000867,-9112.645920451232,7.3713420269448875
1103,32,0.13474970848494036,16.0,9196.114098470453,-9253.135212314293,7.421166333074183
