index,bin_size,m12,m23,m34,m13,m24,m14,m12_err,m23_err,m34_err,m13_err,m24_err,m14_err,corr12,corr23,corr34,corr13,corr24,corr14,corr12_err,corr23_err,corr34_err,corr13_err,corr24_err,corr14_err
1079,1,0.0018859778092536492,,,,,,0.012321573872294206,,,,,,530.228932224678,,,,,,3464.1208001378864,,,,,
1079,2,0.0016157138576165118,,,,,,0.010958259855395686,,,,,,618.921472565193,,,,,,4197.712543270956,,,,,
1079,4,0.0014727461788381785,,,,,,0.01092485913403426,,,,,,679.0036289816627,,,,,,5036.86181958025,,,,,
1079,8,0.0011787162136425186,,,,,,0.008852393471318313,,,,,,848.3806266732836,,,,,,6371.507436507707,,,,,
1079,16,0.0016868460328632736,,,,,,0.011338136732488884,,,,,,592.8223326361253,,,,,,3984.655703337807,,,,,
1079,32,0.0007389928083287982,,,,,,0.007460283728306907,,,,,,1353.1931417052067,,,,,,13660.761867425676,,,,,
