index,bin_size,m12,m23,m34,m13,m24,m14,m12_err,m23_err,m34_err,m13_err,m24_err,m14_err,corr12,corr23,corr34,corr13,corr24,corr14,corr12_err,corr23_err,corr34_err,corr13_err,corr24_err,corr14_err
793,1,0.07571432494928425,,,,,,0.0665285131944054,,,,,,13.2075403256891,,,,,,11.605175393319744,,,,,
793,2,0.07558200147417432,,,,,,0.06786355627421953,,,,,,13.230663127407269,,,,,,11.87954584662384,,,,,
793,4,0.07581992409847915,,,,,,0.07030028869237429,,,,,,13.18914535843038,,,,,,12.228985155657027,,,,,
793,8,0.07348695800556378,,,,,,0.06794338668890426,,,,,,13.607856783570888,,,,,,12.581332804432945,,,,,
793,16,0.07523739216897865,,,,,,0.07037630911490478,,,,,,13.291263441907452,,,,,,12.432515768415822,,,,,
793,32,0.07551774184541203,,,,,,0.06921833143459058,,,,,,13.241921375867431,,,,,,12.137329324569405,,,,,
