index,bin_size,m12,m23,m34,m13,m24,m14,m12_err,m23_err,m34_err,m13_err,m24_err,m14_err,corr12,corr23,corr34,corr13,corr24,corr14,corr12_err,corr23_err,corr34_err,corr13_err,corr24_err,corr14_err
499,1,0.05200216347967389,,,,,,0.03243337498926961,,,,,,19.22996916062676,,,,,,11.993593325448488,,,,,
499,2,0.052059182498023944,,,,,,0.03228264990974157,,,,,,19.208907094112703,,,,,,11.91172033659057,,,,,
499,4,0.05265092872662152,,,,,,0.032196351846161514,,,,,,18.993017296851157,,,,,,11.61434151873678,,,,,
499,8,0.05354461136844723,,,,,,0.03148069847744086,,,,,,18.676015652048974,,,,,,10.980264913241626,,,,,
499,16,0.05228704874295503,,,,,,0.03325414745521629,,,,,,19.12519493911456,,,,,,12.163471985990858,,,,,
499,32,0.05260730012112835,,,,,,0.02919774294454666,,,,,,19.008768701254372,,,,,,10.550116446836295,,,,,
