index,bin_size,m12,m23,m34,m13,m24,m14,m12_err,m23_err,m34_err,m13_err,m24_err,m14_err,corr12,corr23,corr34,corr13,corr24,corr14,corr12_err,corr23_err,corr34_err,corr13_err,corr24_err,corr14_err
2948,1,0.12065950696003272,,,,,,0.03684099750843305,,,,,,8.287784569940603,,,,,,2.5305113404180357,,,,,
2948,2,0.1232440363234901,,,,,,0.033061531501201225,,,,,,8.113982873582676,,,,,,2.1766627284993496,,,,,
2948,4,0.12233209099984012,,,,,,0.03335582829218139,,,,,,8.174469935295285,,,,,,2.2289017813131715,,,,,
2948,8,0.1228995771178248,,,,,,0.033792248811461936,,,,,,8.136724498582222,,,,,,2.237259274723164,,,,,
2948,16,0.12266309723451618,,,,,,0.035347953650291364,,,,,,8.152411137052308,,,,,,2.3492888856352443,,,,,
2948,32,0.12132718004204146,,,,,,0.034491144717805955,,,,,,8.242176234982853,,,,,,2.3431031135146068,,,,,
