index,bin_size,m12,m23,m34,m13,m24,m14,m12_err,m23_err,m34_err,m13_err,m24_err,m14_err,corr12,corr23,corr34,corr13,corr24,corr14,corr12_err,corr23_err,corr34_err,corr13_err,corr24_err,corr14_err
1370,1,0.06395928052293795,,,,,,0.06064537768034899,,,,,,15.634947607663698,,,,,,14.824858799641781,,,,,
1370,2,0.06115923866030763,,,,,,0.05955323267868991,,,,,,16.35075945850517,,,,,,15.921398039534559,,,,,
1370,4,0.06433765357594351,,,,,,0.06229927961141751,,,,,,15.542997675841725,,,,,,15.050557556686211,,,,,
1370,8,0.06681276312546963,,,,,,0.06351145253236529,,,,,,14.967200175841716,,,,,,14.227650212957702,,,,,
1370,16,0.06878882603445328,,,,,,0.07001007679520937,,,,,,14.537244748138951,,,,,,14.795333484804846,,,,,
1370,32,0.05997128143177139,,,,,,0.05611080232165368,,,,,,16.674647866874214,,,,,,15.601265270708211,,,,,
