index,bin_size,m12,m23,m34,m13,m24,m14,m12_err,m23_err,m34_err,m13_err,m24_err,m14_err,corr12,corr23,corr34,corr13,corr24,corr14,corr12_err,corr23_err,corr34_err,corr13_err,corr24_err,corr14_err
1629,1,0.22263250471607968,,,,,,0.047780159336816556,,,,,,4.49170709045962,,,,,,0.9639853836714652,,,,,
1629,2,0.22328041216216543,,,,,,0.047549453811199384,,,,,,4.478673208797707,,,,,,0.9537713712321256,,,,,
1629,4,0.22312347562526158,,,,,,0.04602460058564128,,,,,,4.4818233365973175,,,,,,0.9244842049195101,,,,,
1629,8,0.2215439943854925,,,,,,0.04438285444632779,,,,,,4.513776158878733,,,,,,0.9042640529186828,,,,,
1629,16,0.22348905679888897,,,,,,0.04123936324055667,,,,,,4.474492014612911,,,,,,0.8256565406405588,,,,,
1629,32,0.22088845152967754,,,,,,0.04822717819035148,,,,,,4.527171941651484,,,,,,0.9884297998216147,,,,,
