index,bin_size,m12,m23,m34,m13,m24,m14,m12_err,m23_err,m34_err,m13_err,m24_err,m14_err,corr12,corr23,corr34,corr13,corr24,corr14,corr12_err,corr23_err,corr34_err,corr13_err,corr24_err,corr14_err
2751,1,0.1749405507307724,,,,,,0.06043474746984107,,,,,,5.7162275745831295,,,,,,1.9747209466701803,,,,,
2751,2,0.1776502919518309,,,,,,0.056316513729224735,,,,,,5.629036625907407,,,,,,1.7844480577109245,,,,,
2751,4,0.17737312048029655,,,,,,0.058420667078620855,,,,,,5.63783281983295,,,,,,1.8569101863941702,,,,,
2751,8,0.17526962269615004,,,,,,0.05671455426191182,,,,,,5.705495251356902,,,,,,1.8462105129599795,,,,,
2751,16,0.18014033224024933,,,,,,0.046600908293924055,,,,,,5.551227687680298,,,,,,1.4360595940684138,,,,,
2751,32,0.18059264605201367,,,,,,0.03533043115238622,,,,,,5.537324037613267,,,,,,1.0833001783638654,,,,,
