index,bin_size,m,n,a,b,corr
2339,1,0.139495481501179,24.0,5037.4371571617085,-5019.598854619261,7.16869098008417
2339,2,0.14085596952445978,24.0,4909.464321944408,-4890.986451072548,7.099450618785092
2339,4,0.139952920088198,24.0,4991.761391934735,-4972.265645280132,7.145259987214288
2339,8,0.14075705537177255,24.0,4917.185523240042,-4900.940333142825,7.104439613053601
2339,16,0.14067257114336593,24.0,4925.457480471065,-4907.805824811,7.108706351722637
2339,32,0.14001045822490538,24.0,4983.168924933251,-4966.266034653382,7.14232359981033
