index,bin_size,m12,m23,m34,m13,m24,m14,m12_err,m23_err,m34_err,m13_err,m24_err,m14_err,corr12,corr23,corr34,corr13,corr24,corr14,corr12_err,corr23_err,corr34_err,corr13_err,corr24_err,corr14_err
994,1,0.07283512603952874,,,,,,0.06494204766770753,,,,,,13.729639177905515,,,,,,12.241770289078145,,,,,
994,2,0.07268474026176405,,,,,,0.0632655148575582,,,,,,13.758045999733069,,,,,,11.975138942127614,,,,,
994,4,0.07146983231237315,,,,,,0.06329375690036132,,,,,,13.991917535629588,,,,,,12.39125654023289,,,,,
994,8,0.07245533965408708,,,,,,0.06337823730673416,,,,,,13.801605302992899,,,,,,12.072559735183342,,,,,
994,16,0.07225595004734794,,,,,,0.06390835090144625,,,,,,13.839690701523114,,,,,,12.240816280747046,,,,,
994,32,0.07322177289906667,,,,,,0.06393381631477826,,,,,,13.657139951779925,,,,,,11.924773772767349,,,,,
