index,bin_size,m12,m23,m34,m13,m24,m14,m12_err,m23_err,m34_err,m13_err,m24_err,m14_err,corr12,corr23,corr34,corr13,corr24,corr14,corr12_err,corr23_err,corr34_err,corr13_err,corr24_err,corr14_err
119,1,0.012184123559929169,,,,,,0.03255848260114517,,,,,,82.0740199392572,,,,,,219.3186516087729,,,,,
119,2,0.010228338661033821,,,,,,0.02979058297909881,,,,,,97.76758798666192,,,,,,284.75332496358817,,,,,
119,4,0.011556132295030556,,,,,,0.032332796361311776,,,,,,86.53414260669433,,,,,,242.1130824545967,,,,,
119,8,0.011309796464845064,,,,,,0.031075692811989637,,,,,,88.41892098662973,,,,,,242.94683249949455,,,,,
119,16,0.013688100093286523,,,,,,0.0345984419071748,,,,,,73.05615777097223,,,,,,184.65887985726252,,,,,
119,32,0.011845560559487604,,,,,,0.03135601859922713,,,,,,84.4198123827123,,,,,,223.46508583719523,,,,,
