index,bin_size,m12,m23,m34,m13,m24,m14,m12_err,m23_err,m34_err,m13_err,m24_err,m14_err,corr12,corr23,corr34,corr13,corr24,corr14,corr12_err,corr23_err,corr34_err,corr13_err,corr24_err,corr14_err
631,1,0.009218515958357123,,,,,,0.02859851534006993,,,,,,108.47733024678898,,,,,,336.52820119058515,,,,,
631,2,0.008586776100196938,,,,,,0.02716005916523817,,,,,,116.45814311812147,,,,,,368.358277944316,,,,,
631,4,0.008923719059377258,,,,,,0.02819442125302079,,,,,,112.0609012168728,,,,,,354.05554947200983,,,,,
631,8,0.011802478875980306,,,,,,0.032730876179726864,,,,,,84.72796354968614,,,,,,234.96932407556176,,,,,
631,16,0.011030544344094522,,,,,,0.030515208195938264,,,,,,90.65735731667449,,,,,,250.7970637453596,,,,,
631,32,0.00797538107914393,,,,,,0.027008463008348083,,,,,,125.38585806452012,,,,,,424.6166140150229,,,,,
