index,bin_size,m12,m23,m34,m13,m24,m14,m12_err,m23_err,m34_err,m13_err,m24_err,m14_err,corr12,corr23,corr34,corr13,corr24,corr14,corr12_err,corr23_err,corr34_err,corr13_err,corr24_err,corr14_err
1919,1,0.059195207443019496,,,,,,0.06192628828204119,,,,,,16.89325949170102,,,,,,17.67266139430972,,,,,
1919,2,0.055335539912148804,,,,,,0.05989811399934201,,,,,,18.07156849987565,,,,,,19.561621190847355,,,,,
1919,4,0.0575937026815498,,,,,,0.059963095791357855,,,,,,17.363009381932844,,,,,,18.077320024930685,,,,,
1919,8,0.05655559661513301,,,,,,0.06245070193710252,,,,,,17.681716043155003,,,,,,19.524779941090536,,,,,
1919,16,0.061414203789175364,,,,,,0.06624372114538069,,,,,,16.28287819920017,,,,,,17.563338386259943,,,,,
1919,32,0.06126901211825267,,,,,,0.06801443806769052,,,,,,16.32146439818457,,,,,,18.11837976662319,,,,,
