index,bin_size,m12,m23,m34,m13,m24,m14,m12_err,m23_err,m34_err,m13_err,m24_err,m14_err,corr12,corr23,corr34,corr13,corr24,corr14,corr12_err,corr23_err,corr34_err,corr13_err,corr24_err,corr14_err
2001,1,0.08149203333673762,,,,,,0.06609963049932209,,,,,,12.27113815982289,,,,,,9.953337338126797,,,,,
2001,2,0.07666621795954146,,,,,,0.06450689272531489,,,,,,13.04355460090288,,,,,,10.974836111535533,,,,,
2001,4,0.07899791530728496,,,,,,0.06751299159746871,,,,,,12.658561888756358,,,,,,10.818227026717947,,,,,
2001,8,0.07948814786750867,,,,,,0.07104476941294835,,,,,,12.580491895053411,,,,,,11.244168719030792,,,,,
2001,16,0.08126465157160614,,,,,,0.0672098209384636,,,,,,12.305473298176299,,,,,,10.177225164187437,,,,,
2001,32,0.07834544053414849,,,,,,0.06742696278188559,,,,,,12.763984645208922,,,,,,10.98515384881823,,,,,
