index,bin_size,m12,m23,m34,m13,m24,m14,m12_err,m23_err,m34_err,m13_err,m24_err,m14_err,corr12,corr23,corr34,corr13,corr24,corr14,corr12_err,corr23_err,corr34_err,corr13_err,corr24_err,corr14_err
1132,1,0.12007777511179261,,,,,,0.0655692571157699,,,,,,8.32793578219615,,,,,,4.547523986333525,,,,,
1132,2,0.12355481644590022,,,,,,0.06509841193553928,,,,,,8.093573595634457,,,,,,4.264332246326594,,,,,
1132,4,0.12216229609274643,,,,,,0.0661247033821747,,,,,,8.185831733555444,,,,,,4.430873621651634,,,,,
1132,8,0.12065256668345685,,,,,,0.0674456927364274,,,,,,8.288261306728703,,,,,,4.63320044304944,,,,,
1132,16,0.1212849843806814,,,,,,0.06597832399601829,,,,,,8.245043729908602,,,,,,4.485255692211622,,,,,
1132,32,0.12187985767752242,,,,,,0.05886536333887981,,,,,,8.204801179255266,,,,,,3.962743407676326,,,,,
