index,bin_size,m12,m23,m34,m13,m24,m14,m12_err,m23_err,m34_err,m13_err,m24_err,m14_err,corr12,corr23,corr34,corr13,corr24,corr14,corr12_err,corr23_err,corr34_err,corr13_err,corr24_err,corr14_err
322,1,5.50918136108818,,,,,,1.1349439868033648,,,,,,0.18151517157577815,,,,,,0.03739385926710884,,,,,
322,2,5.483337416869794,,,,,,0.9532969548546069,,,,,,0.18237068485398036,,,,,,0.03170576700080117,,,,,
322,4,5.5531864592948645,,,,,,1.1062341540083631,,,,,,0.18007679146559372,,,,,,0.03587257487636684,,,,,
322,8,5.501424418567636,,,,,,1.023324734456385,,,,,,0.1817711057930634,,,,,,0.033811401269048115,,,,,
322,16,5.5230587562946605,,,,,,1.0409114559318051,,,,,,0.18105909137039228,,,,,,0.0341235700585746,,,,,
322,32,5.499932083405434,,,,,,0.9454539485342925,,,,,,0.18182042702258652,,,,,,0.03125544789386876,,,,,
