index,bin_size,m12,m23,m34,m13,m24,m14,m12_err,m23_err,m34_err,m13_err,m24_err,m14_err,corr12,corr23,corr34,corr13,corr24,corr14,corr12_err,corr23_err,corr34_err,corr13_err,corr24_err,corr14_err
2693,1,0.06903092613514367,,,,,,0.0651175112855803,,,,,,14.486260810731029,,,,,,13.665023847165195,,,,,
2693,2,0.06712270162582498,,,,,,0.0605022635900576,,,,,,14.898089257111444,,,,,,13.428662753275816,,,,,
2693,4,0.06791409402121447,,,,,,0.06398037185325069,,,,,,14.724484135614441,,,,,,13.871612128840642,,,,,
2693,8,0.07041017323781464,,,,,,0.06535678565356311,,,,,,14.202493105966935,,,,,,13.183170200955733,,,,,
2693,16,0.0692950596969795,,,,,,0.06605273111828885,,,,,,14.431043199513818,,,,,,13.755812035983377,,,,,
2693,32,0.07168877202183165,,,,,,0.06672775180526254,,,,,,13.949185790146696,,,,,,12.983871546955001,,,,,
