index,bin_size,m12,m23,m34,m13,m24,m14,m12_err,m23_err,m34_err,m13_err,m24_err,m14_err,corr12,corr23,corr34,corr13,corr24,corr14,corr12_err,corr23_err,corr34_err,corr13_err,corr24_err,corr14_err
726,1,0.1824652068085275,,,,,,0.05254406734916687,,,,,,5.4804968985093385,,,,,,1.5782055284893726,,,,,
726,2,0.18148302125450902,,,,,,0.050643729184925386,,,,,,5.510157330903232,,,,,,1.5376364890975243,,,,,
726,4,0.17865258148303015,,,,,,0.05587173969188224,,,,,,5.5974562007377875,,,,,,1.7505463015883729,,,,,
726,8,0.17979249582613321,,,,,,0.057080315682860386,,,,,,5.561967396943204,,,,,,1.7658070398127768,,,,,
726,16,0.1812334351890297,,,,,,0.055521034886849084,,,,,,5.517745657455436,,,,,,1.6903666192985518,,,,,
726,32,0.17690779966698633,,,,,,0.06060160943027969,,,,,,5.652662018760132,,,,,,1.9363782521014803,,,,,
