index,bin_size,m,n,a,b,corr
1465,1,0.00002460645490016687,16.0,426412883684.74854,-426412883608.1774,40639.74286654428
1465,2,-0.000025419025995365347,16.0,399484272159.583,-399484272081.73267,-39340.610461719894
1465,4,3.465356142596349e-7,16.0,2151215462276912.8,-2151215462276832.2,2885706.2848690925
1465,8,-2.708430348114612e-7,16.0,3519163460079270.5,-3519163460079192.5,-3692175.4354736065
1465,16,-6.325826953786326e-7,16.0,644908226487298.5,-644908226487220.8,-1580820.9856285267
1465,32,4.174174943540153e-7,16.0,1482019306717031.0,-1482019306716952.8,2395683.011675336
