index,bin_size,m12,m23,m34,m13,m24,m14,m12_err,m23_err,m34_err,m13_err,m24_err,m14_err,corr12,corr23,corr34,corr13,corr24,corr14,corr12_err,corr23_err,corr34_err,corr13_err,corr24_err,corr14_err
829,1,0.18769751714939248,,,,,,0.05185469064239908,,,,,,5.3277209799428435,,,,,,1.4718752141194726,,,,,
829,2,0.1889533696354741,,,,,,0.053389785305234486,,,,,,5.292311017946832,,,,,,1.4953707867809383,,,,,
829,4,0.18779371560784686,,,,,,0.04847613097796432,,,,,,5.324991822879804,,,,,,1.3745667698569373,,,,,
829,8,0.1908449959973508,,,,,,0.047560012703472224,,,,,,5.239854441946601,,,,,,1.3058112554692556,,,,,
829,16,0.1889420073800314,,,,,,0.04686891249196608,,,,,,5.292629277451439,,,,,,1.3128884460211663,,,,,
829,32,0.1910292407763321,,,,,,0.03876654129213045,,,,,,5.234800682534549,,,,,,1.0623248880162606,,,,,
