index,bin_size,m,n,a,b,corr
1680,1,0.22460177097526976,16.0,2912.1021612684694,-2972.0609163807585,4.4523246440033954
1680,2,0.22501711520824605,16.0,2904.6247765294756,-2968.120830887599,4.444106391971705
1680,4,0.22425326449533556,16.0,2929.015768836103,-2990.2389604559494,4.459243892169962
1680,8,0.22295673329919027,16.0,2970.10948369821,-3029.0762889726666,4.485175151261654
1680,16,0.2232429752379057,16.0,2966.84343706985,-3030.0124740055517,4.479424263783975
1680,32,0.22323222552725375,16.0,2966.1629446335255,-3026.8555128810785,4.4796399697135705
