index,bin_size,m12,m23,m34,m13,m24,m14,m12_err,m23_err,m34_err,m13_err,m24_err,m14_err,corr12,corr23,corr34,corr13,corr24,corr14,corr12_err,corr23_err,corr34_err,corr13_err,corr24_err,corr14_err
2562,1,0.16775031705712454,,,,,,0.022492771111733593,,,,,,5.961240595804459,,,,,,0.7993118738353489,,,,,
2562,2,0.1664974978663746,,,,,,0.0214684868850223,,,,,,6.006096264597123,,,,,,0.7744368566437508,,,,,
2562,4,0.1671115373829332,,,,,,0.021888807885223183,,,,,,5.984027288962804,,,,,,0.7838071850652295,,,,,
2562,8,0.16608232757101882,,,,,,0.02004744550868679,,,,,,6.021110220606632,,,,,,0.7267954442521429,,,,,
2562,16,0.16643752660540084,,,,,,0.017333833886218338,,,,,,6.008260398935478,,,,,,0.6257374152597627,,,,,
2562,32,0.16643471798263376,,,,,,0.017606386974596138,,,,,,6.0083617896618335,,,,,,0.635597812970736,,,,,
