index,bin_size,m,n,a,b,corr
1707,1,-0.00004163409266130193,16.0,143329577620.63333,-143329577594.89136,-24018.77730674026
1707,2,0.000040120061841026944,16.0,153925190196.34903,-153925190172.65283,24925.185907300765
1707,4,-9.28270888903744e-6,16.0,2874662361839.5986,-2874662361815.0625,-107727.17446530782
1707,8,2.5789833198391573e-7,16.0,3722729450698357.0,-3722729450698336.5,3877496.966759625
1707,16,-7.452136529901931e-6,16.0,4460124307629.665,-4460124307607.042,-134189.70465549963
1707,32,-0.00004970638950635899,16.0,100426863812.22443,-100426863785.24432,-20118.137928164524
