index,bin_size,m,n,a,b,corr
479,1,0.08353585982606172,36.0,12053.927841933912,-12070.019723323898,11.97090689055214
479,2,0.08348735123554307,36.0,12074.432431306908,-12090.93741918523,11.977862337238339
479,4,0.0838771027069446,36.0,11932.37225301931,-11944.527828878203,11.922204841694002
479,8,0.08323507343497402,36.0,12167.210340012165,-12181.31462775169,12.014166128912386
479,16,0.08349111733299922,36.0,12085.282418455281,-12099.250296534025,11.977322042673848
479,32,0.08323489596279132,36.0,12144.251646409615,-12157.367421473304,12.01419174533518
