index,bin_size,m,n,a,b,corr
2759,1,0.12633835255657797,24.0,7830.633220830844,-7869.035995153157,7.915252809333342
2759,2,0.12831474189583203,24.0,7534.117674653091,-7571.488527523836,7.793336800005537
2759,4,0.1266528985199332,24.0,7782.194608366304,-7816.456229782409,7.8955950608790495
2759,8,0.12645766743493855,24.0,7812.959870266195,-7851.874107422896,7.907784638796156
2759,16,0.12742082768059657,24.0,7667.453229925614,-7706.879775450084,7.848010550572482
2759,32,0.1264476428208452,24.0,7812.603238572423,-7848.470621476547,7.908411558267084
