index,bin_size,m,n,a,b,corr
2157,1,0.20916549708342294,24.0,1331.973238935161,-1370.6035839808587,4.780903227080339
2157,2,0.20972238593521833,24.0,1318.82553458652,-1358.1226598180888,4.7682081983794165
2157,4,0.20975537813899947,24.0,1318.8163897865475,-1353.6738843181913,4.767458211904945
2157,8,0.2093201959630924,24.0,1330.063187368405,-1367.003059629412,4.77736988253308
2157,16,0.2096644941380725,24.0,1321.6131591374328,-1359.4749428528235,4.769524778675495
2157,32,0.2099527899661403,24.0,1315.2188609892362,-1351.1179440826224,4.762975524932404
