index,bin_size,m,n,a,b,corr
930,1,0.14733245134171694,16.0,8873.797188242846,-8879.199329865894,6.787370948445298
930,2,0.14940246783202077,16.0,8590.774839135693,-8595.53143492255,6.693329866039029
930,4,0.14838961708656717,16.0,8733.402172473707,-8737.637121117157,6.739015974524838
930,8,0.14830381380713228,16.0,8741.56234819686,-8746.345360169431,6.742914928003744
930,16,0.1483137284638023,16.0,8731.95029180075,-8736.586187749741,6.742464169418151
930,32,0.14809345549064304,16.0,8772.086848653908,-8777.043827112208,6.7524928545082314
