index,bin_size,m,n,a,b,corr
422,1,0.17993458999472448,36.0,710.7616337936904,-633.0942768583903,5.557575116765038
422,2,0.17898281191080317,36.0,723.7703766000925,-648.1986754493146,5.587128670759482
422,4,0.17899089220515302,36.0,723.6060419414357,-644.4861221370987,5.586876447623019
422,8,0.17943663246278432,36.0,717.5916207672948,-636.9149547212212,5.572998034319458
422,16,0.17875314642965656,36.0,727.5548015455189,-647.1785976261162,5.594307121153377
422,32,0.17955148824128672,36.0,715.5575367540733,-636.5601019577917,5.569433090168374
