index,bin_size,m,n,a,b,corr
311,1,0.03187341610661145,24.0,159359.61521986223,-159290.48692881598,31.374108023286894
311,2,0.032756991212815584,24.0,150825.2141601425,-150758.94559214517,30.527834302705067
311,4,0.030828934161511258,24.0,170826.02891499174,-170762.3310020097,32.43706041736797
311,8,0.028572163332589325,24.0,198728.169292484,-198660.17157252526,34.99909994072458
311,16,0.03464517104831775,24.0,134602.38600497606,-134538.95978146265,28.864051460601942
311,32,0.027722888568271434,24.0,211687.70697740425,-211619.91104230826,36.071277260209094
