index,bin_size,m12,m23,m34,m13,m24,m14,m12_err,m23_err,m34_err,m13_err,m24_err,m14_err,corr12,corr23,corr34,corr13,corr24,corr14,corr12_err,corr23_err,corr34_err,corr13_err,corr24_err,corr14_err
2999,1,0.09441334822744504,,,,,,0.045100854834798525,,,,,,10.591722661831303,,,,,,5.059620860716789,,,,,
2999,2,0.09504129925461804,,,,,,0.04540808818581799,,,,,,10.521741683275758,,,,,,5.026995400627037,,,,,
2999,4,0.09610633726994924,,,,,,0.04334311720291957,,,,,,10.405141101061213,,,,,,4.692627594259893,,,,,
2999,8,0.09569234030971532,,,,,,0.042359979550050594,,,,,,10.450157209693337,,,,,,4.625954849308674,,,,,
2999,16,0.09725349410095356,,,,,,0.04224971196168584,,,,,,10.282406912413393,,,,,,4.466972979617127,,,,,
2999,32,0.09827897083146209,,,,,,0.03889059626515193,,,,,,10.175116726801026,,,,,,4.026460118832787,,,,,
