index,bin_size,m,n,a,b,corr
2249,1,0.0688769171498849,24.0,31919.323696551288,-31957.987945865483,14.518652131654981
2249,2,0.07172867424612289,24.0,29275.2031134786,-29315.653574784286,13.941425943113014
2249,4,0.06899139677251824,24.0,31822.19875689866,-31862.05282339742,14.494560869629126
2249,8,0.06901235501265335,24.0,31769.859453256322,-31811.368063058195,14.490159042053426
2249,16,0.0702740532164986,24.0,30563.29838190579,-30605.167955813144,14.230003169437577
2249,32,0.06912515204071669,24.0,31698.447364770655,-31739.432675685253,14.466514292959117
