index,bin_size,m,n,a,b,corr
2020,1,0.19665964848251474,16.0,3862.3144048118984,-3892.911870396356,5.084927221808348
2020,2,0.19435441477886578,16.0,3975.669056293267,-4006.597085473795,5.145239438670783
2020,4,0.1944077561240244,16.0,3972.5760323858462,-4002.9724336182676,5.143827694621607
2020,8,0.19439803858081028,16.0,3971.357305970184,-4001.0786596613048,5.144084823594066
2020,16,0.19446046788061327,16.0,3970.9490438069424,-4001.5519246221406,5.142433374242102
2020,32,0.19442131534934903,16.0,3974.374645984767,-4006.24114781172,5.143468956596318
