index,bin_size,m,n,a,b,corr
69,1,-0.000038804323409120126,16.0,188938833915.7708,-188938833838.6118,-25770.324338781575
69,2,-1.2491948978920005e-6,16.0,181687353785638.38,-181687353785563.56,-800515.5974359858
69,4,0.00004616191826148644,16.0,133091082628.4071,-133091082552.37378,21662.877923214783
69,8,0.000010604004397215343,16.0,2527096786576.2705,-2527096786498.8726,94303.9971072253
69,16,-0.000010364211277950367,16.0,2643168776484.6,-2643168776410.766,-96485.87559455472
69,32,4.8468692544218035e-6,16.0,12081510265972.969,-12081510265895.324,206318.74876502992
