index,bin_size,m,n,a,b,corr
232,1,0.18906002222172752,24.0,2226.598177116617,-2336.259139405597,5.2893255181532295
232,2,0.18813247218532564,24.0,2264.5351684370344,-2378.3198444925956,5.315403494059864
232,4,0.1895169955297563,24.0,2215.0998298089385,-2329.274551108497,5.276571619366923
232,8,0.18782049458144667,24.0,2271.591613668713,-2380.8693382198635,5.324232598942278
232,16,0.18953839652312984,24.0,2213.582785831498,-2327.929075129592,5.275975835735044
232,32,0.18897174066731748,24.0,2233.9323826447658,-2345.5562168747997,5.291796521896299
