index,bin_size,m12,m23,m34,m13,m24,m14,m12_err,m23_err,m34_err,m13_err,m24_err,m14_err,corr12,corr23,corr34,corr13,corr24,corr14,corr12_err,corr23_err,corr34_err,corr13_err,corr24_err,corr14_err
2676,1,0.07118690651306583,,,,,,0.06597960121387549,,,,,,14.047527122371266,,,,,,13.019953850713254,,,,,
2676,2,0.07511810473171268,,,,,,0.0659403735563338,,,,,,13.312369948250693,,,,,,11.685899829913724,,,,,
2676,4,0.0729867775973247,,,,,,0.06504679435694365,,,,,,13.70111180297751,,,,,,12.210614459877709,,,,,
2676,8,0.07048524730472917,,,,,,0.060874024128429606,,,,,,14.187365984213628,,,,,,12.252805973824486,,,,,
2676,16,0.06976953747685719,,,,,,0.054468947167431225,,,,,,14.332902813519492,,,,,,11.189670368167196,,,,,
2676,32,0.07047851105304279,,,,,,0.04834346012079905,,,,,,14.188721995664617,,,,,,9.732497263545733,,,,,
