index,bin_size,m,n,a,b,corr
2211,1,0.0827965294521757,24.0,22384.43899528379,-22316.33872270312,12.07780092494834
2211,2,0.08142352752189212,24.0,23217.940616100954,-23146.38159621881,12.281462501500352
2211,4,0.08197131951869865,24.0,22888.369917003085,-22819.37565278522,12.199388833455192
2211,8,0.08098431447734275,24.0,23485.357591241285,-23415.219986033066,12.34807019672647
2211,16,0.08218336992758407,24.0,22747.45760591908,-22677.631545807675,12.167911840085782
2211,32,0.0816460250214253,24.0,23083.190750133886,-23013.202027955667,12.247993698867557
