index,bin_size,m12,m23,m34,m13,m24,m14,m12_err,m23_err,m34_err,m13_err,m24_err,m14_err,corr12,corr23,corr34,corr13,corr24,corr14,corr12_err,corr23_err,corr34_err,corr13_err,corr24_err,corr14_err
377,1,0.06292028552764771,,,,,,0.03008371123942865,,,,,,15.893125589212266,,,,,,7.598887972428927,,,,,
377,2,0.06360792882180234,,,,,,0.02867142016292075,,,,,,15.721310511485143,,,,,,7.086416859277339,,,,,
377,4,0.0643812370399227,,,,,,0.029353292563679873,,,,,,15.532475702197235,,,,,,7.081710828919355,,,,,
377,8,0.06301297266449013,,,,,,0.02910935394861456,,,,,,15.869748048936797,,,,,,7.331158862977513,,,,,
377,16,0.06334917062307045,,,,,,0.029912563015512518,,,,,,15.785526316516933,,,,,,7.4536974364725745,,,,,
377,32,0.06423340361480288,,,,,,0.02754431713326153,,,,,,15.568223754681208,,,,,,6.675904874542442,,,,,
