index,bin_size,m12,m23,m34,m13,m24,m14,m12_err,m23_err,m34_err,m13_err,m24_err,m14_err,corr12,corr23,corr34,corr13,corr24,corr14,corr12_err,corr23_err,corr34_err,corr13_err,corr24_err,corr14_err
1188,1,0.21576284828512804,,,,,,0.049433988293027614,,,,,,4.63471820078363,,,,,,1.0618723617156296,,,,,
1188,2,0.21403760639743447,,,,,,0.04989411513841013,,,,,,4.672076168442829,,,,,,1.0891035001151215,,,,,
1188,4,0.2158085553302533,,,,,,0.048736120245195,,,,,,4.633736593388029,,,,,,1.0464383279630851,,,,,
1188,8,0.21399538456400719,,,,,,0.04402095439153805,,,,,,4.672997980948952,,,,,,0.9612816248827754,,,,,
1188,16,0.21458043876542726,,,,,,0.04081648496101988,,,,,,4.660257038122516,,,,,,0.886452243295822,,,,,
1188,32,0.21657931465794733,,,,,,0.0356139259082854,,,,,,4.617246118722563,,,,,,0.7592519231682299,,,,,
