index,bin_size,m12,m23,m34,m13,m24,m14,m12_err,m23_err,m34_err,m13_err,m24_err,m14_err,corr12,corr23,corr34,corr13,corr24,corr14,corr12_err,corr23_err,corr34_err,corr13_err,corr24_err,corr14_err
2997,1,0.04997176477266089,,,,,,0.04298081633849127,,,,,,20.011300472363768,,,,,,17.21176016516401,,,,,
2997,2,0.04974746402552438,,,,,,0.044178764160209306,,,,,,20.1015271750721,,,,,,17.851374853437825,,,,,
2997,4,0.05124963329481912,,,,,,0.04419311585536626,,,,,,19.512334737058325,,,,,,16.825698335887957,,,,,
2997,8,0.05059141629385342,,,,,,0.04432102901184747,,,,,,19.766198957381125,,,,,,17.316342210219453,,,,,
2997,16,0.047246020691522186,,,,,,0.03813790717543503,,,,,,21.16580370925164,,,,,,17.08544858047198,,,,,
2997,32,0.04701826933424327,,,,,,0.037964773142625814,,,,,,21.268328548871168,,,,,,17.17305379193667,,,,,
