index,bin_size,m,n,a,b,corr
543,1,0.2399366054585447,54.0,21.335119684067266,104.3679446755942,4.167767557138237
543,2,0.24039522746352734,54.0,21.069988998097276,108.7718606837303,4.159816359714211
543,4,0.2405270249696047,54.0,21.003388514033187,109.56212474191801,4.157536975840322
543,8,0.2411714321694895,54.0,20.6379227619768,107.96171697234867,4.146428086462678
543,16,0.2408347316145487,54.0,20.838435216154704,106.84766014824375,4.1522250270799
543,32,0.24078828926368073,54.0,20.857342288283736,106.88958265258229,4.153025892820423
