index,bin_size,m,n,a,b,corr
481,1,0.08652054223511195,36.0,10413.617322411137,-10442.922635781975,11.55794883118726
481,2,0.0872882839200725,36.0,10190.699314891015,-10226.13751851187,11.456291212182299
481,4,0.08715871296557295,36.0,10214.636509339056,-10250.719278692839,11.473322241403364
481,8,0.08728139871510607,36.0,10194.925878815557,-10232.792655857713,11.457194943267183
481,16,0.08712647092923484,36.0,10224.193214336648,-10250.919750222463,11.477568060942259
481,32,0.08672859519561613,36.0,10355.920063279966,-10388.372457588182,11.53022250325285
