index,bin_size,m12,m23,m34,m13,m24,m14,m12_err,m23_err,m34_err,m13_err,m24_err,m14_err,corr12,corr23,corr34,corr13,corr24,corr14,corr12_err,corr23_err,corr34_err,corr13_err,corr24_err,corr14_err
666,1,0.006616693493710532,,,,,,0.023720170100117146,,,,,,151.13288849642882,,,,,,541.7959629329872,,,,,
666,2,0.0057037459821950385,,,,,,0.022212514082298823,,,,,,175.3233757466805,,,,,,682.7746124890703,,,,,
666,4,0.005399630594119627,,,,,,0.021048686831865098,,,,,,185.1978542919274,,,,,,721.9330228200054,,,,,
666,8,0.003142612356845312,,,,,,0.015041568236961983,,,,,,318.20660216707176,,,,,,1523.0406351334225,,,,,
666,16,0.0015250714444583053,,,,,,0.010724450009534998,,,,,,655.7069858161256,,,,,,4610.994990326938,,,,,
666,32,0.0005849664724848224,,,,,,0.00645346054099519,,,,,,1709.49968423352,,,,,,18859.5231965726,,,,,
