index,bin_size,m12,m23,m34,m13,m24,m14,m12_err,m23_err,m34_err,m13_err,m24_err,m14_err,corr12,corr23,corr34,corr13,corr24,corr14,corr12_err,corr23_err,corr34_err,corr13_err,corr24_err,corr14_err
1358,1,0.23697175261764541,,,,,,0.0495910780156831,,,,,,4.219912242508932,,,,,,0.8831010233327447,,,,,
1358,2,0.23592995008532142,,,,,,0.05032356584656212,,,,,,4.2385462279730115,,,,,,0.9040766554647269,,,,,
1358,4,0.23641348209492763,,,,,,0.04806626466206337,,,,,,4.229877209788179,,,,,,0.8599949362112582,,,,,
1358,8,0.23493800226166975,,,,,,0.04750578336609196,,,,,,4.256442084181076,,,,,,0.8606764917333815,,,,,
1358,16,0.23739553301000765,,,,,,0.04653890988393977,,,,,,4.212379177150919,,,,,,0.8257928548055147,,,,,
1358,32,0.23673214226624623,,,,,,0.03570886833612031,,,,,,4.224183460796494,,,,,,0.637179259162672,,,,,
