index,bin_size,m,n,a,b,corr
2731,1,0.09676393305863513,16.0,21823.135414013836,-21698.492545503494,10.334429041800517
2731,2,0.09532062103306951,16.0,22541.330658633608,-22418.47862878506,10.490909408291316
2731,4,0.09578717414832315,16.0,22286.075332024495,-22162.428753291097,10.439811059166798
2731,8,0.09605256478016372,16.0,22165.596495436894,-22043.006949525774,10.410966144305549
2731,16,0.09693823802661339,16.0,21730.407702366592,-21608.135398901064,10.315846670593087
2731,32,0.09253060456212887,16.0,24011.243965010184,-23887.99469422137,10.807235127579423
