index,bin_size,m12,m23,m34,m13,m24,m14,m12_err,m23_err,m34_err,m13_err,m24_err,m14_err,corr12,corr23,corr34,corr13,corr24,corr14,corr12_err,corr23_err,corr34_err,corr13_err,corr24_err,corr14_err
2015,1,0.04322301180776532,,,,,,0.05484053975651058,,,,,,23.135824140333114,,,,,,29.354296022000707,,,,,
2015,2,0.04474297603823763,,,,,,0.05888517458904207,,,,,,22.349876752619085,,,,,,29.414145216822863,,,,,
2015,4,0.04595248569506214,,,,,,0.059791994784562784,,,,,,21.761608428234727,,,,,,28.315551552079075,,,,,
2015,8,0.045474689365378476,,,,,,0.059631622186062,,,,,,21.9902546659579,,,,,,28.836141077943008,,,,,
2015,16,0.04671430260749135,,,,,,0.05989396751808927,,,,,,21.406720087471342,,,,,,27.44627075696145,,,,,
2015,32,0.043635334392142844,,,,,,0.0583140343366782,,,,,,22.91720721132056,,,,,,30.626436736150072,,,,,
