index,bin_size,m,n,a,b,corr
1016,1,0.10585447171783269,16.0,15788.679525280342,-15703.920415924424,9.446932035763359
1016,2,0.10526421003843789,16.0,15968.899797297843,-15884.408686928944,9.49990504498009
1016,4,0.10810968214817086,16.0,15080.531626916065,-14996.777698888018,9.249865323158009
1016,8,0.10531941322657175,16.0,15960.9431230312,-15876.734810473763,9.494925668155007
1016,16,0.10544471930061686,16.0,15896.094909797901,-15811.232675850573,9.483642297430347
1016,32,0.10469846226202215,16.0,16163.565045142834,-16077.795651730004,9.551238656183545
