index,bin_size,m,n,a,b,corr
724,1,0.10775116459746521,16.0,17700.63376252101,-17694.164812915235,9.280642151161718
724,2,0.1087977237563962,16.0,17304.25506619448,-17293.18628985141,9.191368766492324
724,4,0.10858323071729234,16.0,17387.32053134498,-17377.286734883844,9.209525203791397
724,8,0.10904045036328396,16.0,17239.761540665357,-17232.34927557508,9.170908563458386
724,16,0.10807771395457436,16.0,17571.360617106206,-17562.657487235752,9.252601331115361
724,32,0.10919005949091427,16.0,17171.943005411074,-17163.706472487083,9.158342844233088
