index,bin_size,m12,m23,m34,m13,m24,m14,m12_err,m23_err,m34_err,m13_err,m24_err,m14_err,corr12,corr23,corr34,corr13,corr24,corr14,corr12_err,corr23_err,corr34_err,corr13_err,corr24_err,corr14_err
2166,1,0.10205165493730513,,,,,,0.04376428039927274,,,,,,9.798959170376458,,,,,,4.202228734231096,,,,,
2166,2,0.09773844300843443,,,,,,0.043634161369257345,,,,,,10.231388686166241,,,,,,4.567681366944283,,,,,
2166,4,0.10017955510304194,,,,,,0.04364446110720562,,,,,,9.982076671945961,,,,,,4.348815051432198,,,,,
2166,8,0.10025141702391463,,,,,,0.04075775182871283,,,,,,9.974921349604998,,,,,,4.055357828818992,,,,,
2166,16,0.09912088775686462,,,,,,0.04569920877154499,,,,,,10.088690917023643,,,,,,4.651342445394144,,,,,
2166,32,0.10006012945948065,,,,,,0.03970622582447747,,,,,,9.993990667431127,,,,,,3.965851858001387,,,,,
