index,bin_size,m,n,a,b,corr
2829,1,0.05579064350679347,24.0,41789.388019042985,-41742.720604166,17.924152458973392
2829,2,0.05635429431307815,24.0,40908.7071807658,-40863.51980662743,17.744876627226787
2829,4,0.054684484895596235,24.0,43543.81978321122,-43498.52616347051,18.28672249376039
2829,8,0.05730226951470057,24.0,39496.105887672835,-39451.1569313255,17.451315776305435
2829,16,0.0553199731475679,24.0,42543.03951302082,-42499.026290083195,18.076653749134444
2829,32,0.056076246584686254,24.0,41278.196171529526,-41230.68201252493,17.832862591646567
