index,bin_size,m,n,a,b,corr
974,1,3.5156261672434003e-7,16.0,2066471446203002.0,-2066471446203002.8,2844443.5000439743
974,2,-0.00003258880928103462,16.0,240888115183.5857,-240888115181.17413,-30685.38010629188
974,4,-4.542393469437042e-6,16.0,12403804504535.664,-12403804504533.605,-220148.2559202284
974,8,-1.463575347077479e-6,16.0,119559049893758.16,-119559049893755.48,-683258.2975634543
974,16,-0.000010601526488533274,16.0,2271558899258.5493,-2271558899260.6343,-94326.03890407772
974,32,0.000032130168464125576,16.0,247601302286.36435,-247601302286.42215,31123.397349022118
