index,bin_size,m12,m23,m34,m13,m24,m14,m12_err,m23_err,m34_err,m13_err,m24_err,m14_err,corr12,corr23,corr34,corr13,corr24,corr14,corr12_err,corr23_err,corr34_err,corr13_err,corr24_err,corr14_err
2245,1,0.0257905345433413,,,,,,0.03656916936818909,,,,,,38.77391522535092,,,,,,54.9786926890102,,,,,
2245,2,0.02539553498529509,,,,,,0.03660769244815063,,,,,,39.37700074359667,,,,,,56.76199117627826,,,,,
2245,4,0.02718508309709865,,,,,,0.03770408972003486,,,,,,36.78487928207679,,,,,,51.01843477315311,,,,,
2245,8,0.027241500707127463,,,,,,0.038296993201129594,,,,,,36.70869717314656,,,,,,51.60628781712078,,,,,
2245,16,0.023111595851295786,,,,,,0.034288515670918236,,,,,,43.26832324492787,,,,,,64.19316905608162,,,,,
2245,32,0.018928972972567588,,,,,,0.029317373284359984,,,,,,52.829067982147194,,,,,,81.82216269958327,,,,,
