index,bin_size,m,n,a,b,corr
229,1,0.11602114808993008,24.0,9222.378761884358,-9119.621554824762,8.619118294062062
229,2,0.11487834770751543,24.0,9446.035894792582,-9344.231656976472,8.704860576042035
229,4,0.11495869083431524,24.0,9427.29940978048,-9328.795565595707,8.698776862736326
229,8,0.11707419056468947,24.0,9015.777377122455,-8915.87764773633,8.541592260229628
229,16,0.11606307627866982,24.0,9218.55659008748,-9120.045241762587,8.616004607692627
229,32,0.11594922415832674,24.0,9230.778795686483,-9132.497985539225,8.624464779811865
