index,bin_size,m,n,a,b,corr
1319,1,0.031379374655822516,16.0,215414.7602479269,-215319.75269975618,31.86806655544513
1319,2,0.027783926316741123,16.0,275416.67880877166,-275321.48729968414,35.992033256921395
1319,4,0.026815482677816284,16.0,295535.0779524409,-295439.7228973267,37.291888869383385
1319,8,0.03001090024370612,16.0,235409.62199428497,-235312.8911700375,33.321226350406455
1319,16,0.03562793774559688,16.0,166765.4379016586,-166671.07893649497,28.067860877622255
1319,32,0.03427395364220008,16.0,180525.9602635614,-180433.14220942167,29.176674813749585
