index,bin_size,m,n,a,b,corr
1325,1,0.2281143168807375,16.0,2359.570218184702,-2339.279670871655,4.383766936131497
1325,2,0.22927544448989212,16.0,2331.5345302206597,-2309.532825785697,4.361566072742195
1325,4,0.23036703751638773,16.0,2297.730043579746,-2276.5215221699905,4.340898814262273
1325,8,0.22712255589164643,16.0,2388.826661932899,-2366.2423806698353,4.402909240230067
1325,16,0.22912626415897452,16.0,2334.583947373668,-2315.1429573587407,4.3644058164635835
1325,32,0.22844190016369026,16.0,2353.632489469856,-2333.473850499494,4.377480660436851
