index,bin_size,m12,m23,m34,m13,m24,m14,m12_err,m23_err,m34_err,m13_err,m24_err,m14_err,corr12,corr23,corr34,corr13,corr24,corr14,corr12_err,corr23_err,corr34_err,corr13_err,corr24_err,corr14_err
351,1,5.368478935808653,,,,,,0.6806973027875403,,,,,,0.18627250138392695,,,,,,0.02361845706980096,,,,,
351,2,5.349535418516383,,,,,,0.6473962531800029,,,,,,0.18693212059849035,,,,,,0.022622367178946175,,,,,
351,4,5.3865895908992005,,,,,,0.6717748644022877,,,,,,0.1856462206976988,,,,,,0.023152397752132278,,,,,
351,8,5.368249254102235,,,,,,0.6782171024830137,,,,,,0.18628047109322163,,,,,,0.023534414177484753,,,,,
351,16,5.386201532149377,,,,,,0.7631711477095396,,,,,,0.18565959591952877,,,,,,0.02630611685349515,,,,,
351,32,5.424029847912525,,,,,,0.7884507432804211,,,,,,0.1843647671638195,,,,,,0.02679973041833076,,,,,
