index,bin_size,m12,m23,m34,m13,m24,m14,m12_err,m23_err,m34_err,m13_err,m24_err,m14_err,corr12,corr23,corr34,corr13,corr24,corr14,corr12_err,corr23_err,corr34_err,corr13_err,corr24_err,corr14_err
928,1,0.18582897189442282,,,,,,0.05598933536442012,,,,,,5.381292216200506,,,,,,1.6213563015242418,,,,,
928,2,0.1876300452639887,,,,,,0.05665723129363682,,,,,,5.3296368318466065,,,,,,1.609350284322368,,,,,
928,4,0.1856997075555786,,,,,,0.05529261098136021,,,,,,5.3850380981386685,,,,,,1.6034102616508963,,,,,
928,8,0.18327375090842457,,,,,,0.0607036700145041,,,,,,5.456318731096767,,,,,,1.8072340971073053,,,,,
928,16,0.19061762131090818,,,,,,0.04943572742696923,,,,,,5.246104704920975,,,,,,1.3605510364795061,,,,,
928,32,0.1878591412253327,,,,,,0.048878350561000816,,,,,,5.323137290404852,,,,,,1.3850067069808283,,,,,
