index,bin_size,m12,m23,m34,m13,m24,m14,m12_err,m23_err,m34_err,m13_err,m24_err,m14_err,corr12,corr23,corr34,corr13,corr24,corr14,corr12_err,corr23_err,corr34_err,corr13_err,corr24_err,corr14_err
1295,1,0.10403130532187699,,,,,,0.06625916765167432,,,,,,9.612491133375288,,,,,,6.122346149420156,,,,,
1295,2,0.1038965198003218,,,,,,0.06666750203139446,,,,,,9.62496147052755,,,,,,6.176069608700227,,,,,
1295,4,0.10528972247459309,,,,,,0.0631850558509639,,,,,,9.497603151545059,,,,,,5.699574198473872,,,,,
1295,8,0.10642926756753511,,,,,,0.06577960391870133,,,,,,9.395911696615276,,,,,,5.8072310745374045,,,,,
1295,16,0.10399581780108592,,,,,,0.06527723800438535,,,,,,9.615771298733495,,,,,,6.035733022108219,,,,,
1295,32,0.10597610185629767,,,,,,0.06661853118445647,,,,,,9.436089670065314,,,,,,5.931699910957026,,,,,
