index,bin_size,m,n,a,b,corr
1946,1,3.499932887009886e-7,16.0,2011522010296037.8,-2011522010296058.8,2857197.6443077875
1946,2,0.00005643550266275496,16.0,77225049215.57434,-77225049235.32349,17719.34248509773
1946,4,-8.996735421293489e-6,16.0,3045811006292.7065,-3045811006313.353,-111151.42917654311
1946,8,-0.00003332626156071054,16.0,221586421899.27386,-221586421918.4139,-30006.36594591617
1946,16,6.287792168198718e-7,16.0,624125756444185.4,-624125756444206.2,1590383.3543634329
1946,32,5.384054940558926e-6,16.0,8499489853094.416,-8499489853113.186,185733.61732749865
