index,bin_size,m,n,a,b,corr
2035,1,0.18758051920407298,16.0,4539.595757586298,-4560.63015396795,5.331043992431208
2035,2,0.18709475005812048,16.0,4568.405301458626,-4588.690570983485,5.344885410677492
2035,4,0.18865848350584052,16.0,4475.882980285773,-4498.0033491150025,5.30058326250164
2035,8,0.1864253688109014,16.0,4611.840226091278,-4633.669391295128,5.364076822690046
2035,16,0.18974256787392166,16.0,4415.653820205218,-4437.571615797404,5.270298653618257
2035,32,0.1903345816116496,16.0,4380.18860287172,-4401.741314911011,5.253905998229773
