index,bin_size,m12,m23,m34,m13,m24,m14,m12_err,m23_err,m34_err,m13_err,m24_err,m14_err,corr12,corr23,corr34,corr13,corr24,corr14,corr12_err,corr23_err,corr34_err,corr13_err,corr24_err,corr14_err
650,1,0.18481304916067362,,,,,,0.05643216044485891,,,,,,5.41087333682058,,,,,,1.652195414106305,,,,,
650,2,0.18319431414985396,,,,,,0.05758809135637444,,,,,,5.458684701218371,,,,,,1.7159661025410577,,,,,
650,4,0.18418851187150206,,,,,,0.049946761350263665,,,,,,5.429220258306032,,,,,,1.4722523451886598,,,,,
650,8,0.18496338228933684,,,,,,0.048499371606501536,,,,,,5.4064755284140915,,,,,,1.4176355475801021,,,,,
650,16,0.18648614876160782,,,,,,0.04804525704245001,,,,,,5.362328551694942,,,,,,1.381520586505306,,,,,
650,32,0.18659652096331442,,,,,,0.04984904594833031,,,,,,5.35915672402383,,,,,,1.4316925546146155,,,,,
