index,bin_size,m12,m23,m34,m13,m24,m14,m12_err,m23_err,m34_err,m13_err,m24_err,m14_err,corr12,corr23,corr34,corr13,corr24,corr14,corr12_err,corr23_err,corr34_err,corr13_err,corr24_err,corr14_err
2094,1,0.11738849139121148,,,,,,0.06977159718553409,,,,,,8.518722646050351,,,,,,5.063229605828384,,,,,
2094,2,0.1164626122029884,,,,,,0.06750693358221031,,,,,,8.5864465950416,,,,,,4.977088088908551,,,,,
2094,4,0.11829139660305521,,,,,,0.06674067705493789,,,,,,8.453700173611546,,,,,,4.769625597536552,,,,,
2094,8,0.11653830655618534,,,,,,0.06639745350294639,,,,,,8.580869497343183,,,,,,4.88893223439804,,,,,
2094,16,0.11663031705060505,,,,,,0.0662981695103944,,,,,,8.574099987793973,,,,,,4.873922568033407,,,,,
2094,32,0.11420615351022484,,,,,,0.06856029028034405,,,,,,8.756095615377419,,,,,,5.256463322346086,,,,,
