index,bin_size,m,n,a,b,corr
155,1,0.10191728439826934,16.0,25630.710801439596,-25563.393764559398,9.811878386518126
155,2,0.10049057386054983,16.0,26431.624545364102,-26365.350641585508,9.951182101792892
155,4,0.101382392647528,16.0,25930.226049206147,-25862.272384587937,9.863645687241362
155,8,0.101955414793073,16.0,25611.514379968885,-25542.727989117673,9.808208833533591
155,16,0.10241306382057032,16.0,25394.16488881284,-25329.740321517296,9.764379295907204
155,32,0.10193280759744444,16.0,25638.261123111915,-25569.664216374018,9.810384149813911
