index,bin_size,m12,m23,m34,m13,m24,m14,m12_err,m23_err,m34_err,m13_err,m24_err,m14_err,corr12,corr23,corr34,corr13,corr24,corr14,corr12_err,corr23_err,corr34_err,corr13_err,corr24_err,corr14_err
279,1,0.02757744184311359,,,,,,0.0375402952192274,,,,,,36.2615214887929,,,,,,49.361656876363554,,,,,
279,2,0.027602949092806264,,,,,,0.03871702169849134,,,,,,36.22801305171463,,,,,,50.81488802883065,,,,,
279,4,0.027422688061103997,,,,,,0.03905903939465121,,,,,,36.46615524239535,,,,,,51.93994808278635,,,,,
279,8,0.027424332270788936,,,,,,0.0385274044396326,,,,,,36.46396893554092,,,,,,51.22684719475103,,,,,
279,16,0.02984812560837239,,,,,,0.040408542144618705,,,,,,33.50294129422654,,,,,,45.356449949965956,,,,,
279,32,0.031958614925964364,,,,,,0.04397643393832413,,,,,,31.290467447247313,,,,,,43.0570341606139,,,,,
