index,bin_size,m,n,a,b,corr
686,1,-9.28920612283958e-7,16.0,304216233233660.9,-304216233233605.6,-1076518.258693041
686,2,0.00001976953520257901,16.0,671450412369.5117,-671450412316.6271,50582.8786439828
686,4,0.000031740024459246787,16.0,260803029401.9453,-260803029346.12534,31505.961858472074
686,8,3.810729343630308e-6,16.0,18096059157032.086,-18096059156973.36,262416.9574445152
686,16,-0.000019294354742977284,16.0,704489967927.7645,-704489967872.1481,-51828.631396132994
686,32,-8.574331889491709e-8,16.0,3.5797586635847164e16,-3.5797586635847104e16,-11662716.266273202
