index,bin_size,m12,m23,m34,m13,m24,m14,m12_err,m23_err,m34_err,m13_err,m24_err,m14_err,corr12,corr23,corr34,corr13,corr24,corr14,corr12_err,corr23_err,corr34_err,corr13_err,corr24_err,corr14_err
2236,1,0.031122620187929436,,,,,,0.038727116601293576,,,,,,32.13097078464617,,,,,,39.981847433666694,,,,,
2236,2,0.02968181017542303,,,,,,0.038004356763527675,,,,,,33.6906675869794,,,,,,43.137266326066815,,,,,
2236,4,0.03008875545833515,,,,,,0.03761667367729898,,,,,,33.23500705719555,,,,,,41.55008726979193,,,,,
2236,8,0.031151585797245186,,,,,,0.03876426330887405,,,,,,32.101094515979106,,,,,,39.9458084869153,,,,,
2236,16,0.0314942214837454,,,,,,0.03940082295784634,,,,,,31.751856464085442,,,,,,39.72313701324743,,,,,
2236,32,0.027797538793922938,,,,,,0.033828432005365325,,,,,,35.97440792918756,,,,,,43.77933678185373,,,,,
