index,bin_size,m,n,a,b,corr
1628,1,0.12892438502656456,16.0,10665.932581011479,-10640.687740585565,7.756484545526065
1628,2,0.13048310597307333,16.0,10386.353196354201,-10359.568112940113,7.663827378590768
1628,4,0.13107874626610155,16.0,10276.676310568051,-10250.78790982379,7.629001867090724
1628,8,0.12894895127566175,16.0,10653.680815399492,-10625.626914214758,7.755006846563965
1628,16,0.13227890050009566,16.0,10069.631155194913,-10045.253028938725,7.5597846385129035
1628,32,0.12970633955079863,16.0,10523.56813596802,-10498.26410743855,7.70972339103253
