index,bin_size,m12,m23,m34,m13,m24,m14,m12_err,m23_err,m34_err,m13_err,m24_err,m14_err,corr12,corr23,corr34,corr13,corr24,corr14,corr12_err,corr23_err,corr34_err,corr13_err,corr24_err,corr14_err
1260,1,0.1338163421468524,,,,,,0.06356719953833204,,,,,,7.47292882137357,,,,,,3.5498889739692365,,,,,
1260,2,0.13764222839085472,,,,,,0.061584916989569236,,,,,,7.2652122222284685,,,,,,3.250655680660807,,,,,
1260,4,0.13592071738692646,,,,,,0.06289530543747672,,,,,,7.357230150230101,,,,,,3.4044496407068197,,,,,
1260,8,0.134780647322701,,,,,,0.06823653298596277,,,,,,7.419462807636855,,,,,,3.7563138971967533,,,,,
1260,16,0.13736936919302345,,,,,,0.05453118095609822,,,,,,7.279643241244401,,,,,,2.889782090549896,,,,,
1260,32,0.1386767951392065,,,,,,0.04389521475947317,,,,,,7.211011755760437,,,,,,2.2824936885399763,,,,,
