index,bin_size,m12,m23,m34,m13,m24,m14,m12_err,m23_err,m34_err,m13_err,m24_err,m14_err,corr12,corr23,corr34,corr13,corr24,corr14,corr12_err,corr23_err,corr34_err,corr13_err,corr24_err,corr14_err
2754,1,0.08675645059835367,,,,,,0.044648151112802084,,,,,,11.526520427046798,,,,,,5.931983411978722,,,,,
2754,2,0.08711804431800088,,,,,,0.04346533529384594,,,,,,11.47867824431148,,,,,,5.726994935721742,,,,,
2754,4,0.08865262311875441,,,,,,0.042703288299692,,,,,,11.279982078595152,,,,,,5.433480812771417,,,,,
2754,8,0.08786265536663644,,,,,,0.038208353393704826,,,,,,11.381399706475568,,,,,,4.949367171813878,,,,,
2754,16,0.08717717742207128,,,,,,0.03833231336782008,,,,,,11.470892148279427,,,,,,5.043818180846382,,,,,
2754,32,0.08808819804145268,,,,,,0.03282608650167572,,,,,,11.352258557149943,,,,,,4.230421664557493,,,,,
