index,bin_size,m12,m23,m34,m13,m24,m14,m12_err,m23_err,m34_err,m13_err,m24_err,m14_err,corr12,corr23,corr34,corr13,corr24,corr14,corr12_err,corr23_err,corr34_err,corr13_err,corr24_err,corr14_err
566,1,0.08662626709487763,,,,,,0.015778088020755015,,,,,,11.543842688093065,,,,,,2.1025928063019563,,,,,
566,2,0.08625103231951221,,,,,,0.016526096334447137,,,,,,11.594064130102872,,,,,,2.2214762602730285,,,,,
566,4,0.0862695375030994,,,,,,0.01519189876620359,,,,,,11.59157715391801,,,,,,2.0412543263795064,,,,,
566,8,0.08743957538622742,,,,,,0.014885696567724012,,,,,,11.43646907687877,,,,,,1.9469423053876194,,,,,
566,16,0.08686155540772583,,,,,,0.017613399379511518,,,,,,11.512573028493751,,,,,,2.334468289047207,,,,,
566,32,0.0863442038133003,,,,,,0.0157563807440182,,,,,,11.581553316100669,,,,,,2.1134408054790508,,,,,
