index,bin_size,m,n,a,b,corr
2582,1,0.1983549892160978,54.0,81.20374817173655,12.037752753780318,5.041466332417534
2582,2,0.1982346318335641,54.0,81.5090413803214,5.337066026212449,5.044527239012356
2582,4,0.197937222779762,54.0,82.08304901154233,6.810926821119033,5.052106854670109
2582,8,0.19919992867304187,54.0,79.38156941678433,11.034343141625941,5.02008211881118
2582,16,0.1988228496929769,54.0,80.18192195488697,12.42029972861495,5.0296029935402515
2582,32,0.1987518344474134,54.0,80.38482165613296,10.563925937671948,5.031400101439488
