index,bin_size,m12,m23,m34,m13,m24,m14,m12_err,m23_err,m34_err,m13_err,m24_err,m14_err,corr12,corr23,corr34,corr13,corr24,corr14,corr12_err,corr23_err,corr34_err,corr13_err,corr24_err,corr14_err
960,1,0.04858835661063434,,,,,,0.05896435889197479,,,,,,20.581062414058557,,,,,,24.976130810217132,,,,,
960,2,0.05220279488870176,,,,,,0.06273822282029708,,,,,,19.156062470065752,,,,,,23.022087575365134,,,,,
960,4,0.05458622969474399,,,,,,0.06319258005707476,,,,,,18.319638590028653,,,,,,21.208008589179613,,,,,
960,8,0.04922153524621515,,,,,,0.0590941397781388,,,,,,20.316310635127827,,,,,,24.39125261824597,,,,,
960,16,0.04815463957673926,,,,,,0.05852782843457456,,,,,,20.766430997918683,,,,,,25.239813262598116,,,,,
960,32,0.04691137461403694,,,,,,0.057411548689346385,,,,,,21.316791678510686,,,,,,26.088129657690157,,,,,
