index,bin_size,m12,m23,m34,m13,m24,m14,m12_err,m23_err,m34_err,m13_err,m24_err,m14_err,corr12,corr23,corr34,corr13,corr24,corr14,corr12_err,corr23_err,corr34_err,corr13_err,corr24_err,corr14_err
1750,1,0.19834839903541499,,,,,,0.05306758888812237,,,,,,5.0416338365375495,,,,,,1.348875781518415,,,,,
1750,2,0.20036208486748244,,,,,,0.05192786439111285,,,,,,4.990964236878401,,,,,,1.2935087706086124,,,,,
1750,4,0.20009597434191953,,,,,,0.052439953487496374,,,,,,4.9976017922840485,,,,,,1.3097415197797924,,,,,
1750,8,0.2009710751942624,,,,,,0.05682295614283312,,,,,,4.975840423968381,,,,,,1.4068788849917222,,,,,
1750,16,0.1988633616647405,,,,,,0.05170921822155462,,,,,,5.028578374763063,,,,,,1.3075503418431715,,,,,
1750,32,0.2004832104338644,,,,,,0.044717845193870856,,,,,,4.98794885534757,,,,,,1.1125636120135756,,,,,
