index,bin_size,m12,m23,m34,m13,m24,m14,m12_err,m23_err,m34_err,m13_err,m24_err,m14_err,corr12,corr23,corr34,corr13,corr24,corr14,corr12_err,corr23_err,corr34_err,corr13_err,corr24_err,corr14_err
1636,1,0.009180916150925414,,,,,,0.027819697667644378,,,,,,108.92159165392252,,,,,,330.0504763879484,,,,,
1636,2,0.011083285784089625,,,,,,0.031085894234141306,,,,,,90.22595099329918,,,,,,253.0616303135322,,,,,
1636,4,0.00986278744806985,,,,,,0.02936828292725446,,,,,,101.39121473166293,,,,,,301.9111885210728,,,,,
1636,8,0.008005668041031077,,,,,,0.025297985555898225,,,,,,124.91149956190372,,,,,,394.7215017518563,,,,,
1636,16,0.010433494150145804,,,,,,0.03115554634895054,,,,,,95.84516803376225,,,,,,286.20407813782145,,,,,
1636,32,0.01338254538005938,,,,,,0.036596207774096244,,,,,,74.72420018765987,,,,,,204.34246835400072,,,,,
