index,bin_size,m12,m23,m34,m13,m24,m14,m12_err,m23_err,m34_err,m13_err,m24_err,m14_err,corr12,corr23,corr34,corr13,corr24,corr14,corr12_err,corr23_err,corr34_err,corr13_err,corr24_err,corr14_err
1261,1,0.036688166810451485,,,,,,0.05390296259458397,,,,,,27.256744801845116,,,,,,40.0461353954986,,,,,
1261,2,0.03695023431270558,,,,,,0.05413292260820757,,,,,,27.06342784018946,,,,,,39.64852921871806,,,,,
1261,4,0.036426474324548166,,,,,,0.05411673212360567,,,,,,27.452560769135154,,,,,,40.78470136894648,,,,,
1261,8,0.035705586166541875,,,,,,0.05448408722560669,,,,,,28.0068221072101,,,,,,42.7363419125482,,,,,
1261,16,0.04396744696755468,,,,,,0.06080947529857458,,,,,,22.744099759486595,,,,,,31.456381207065043,,,,,
1261,32,0.045641549998463496,,,,,,0.06466051924320866,,,,,,21.90986064306897,,,,,,31.03976455170506,,,,,
