index,bin_size,m,n,a,b,corr
56,1,0.029837868125146452,16.0,283296.3490849754,-283316.7515361618,33.51445873430985
56,2,0.025652801787476816,16.0,384342.87061394885,-384362.53120157146,38.9820967036895
56,4,0.032314613936971735,16.0,241373.3867789482,-241392.54287886323,30.945751106618726
56,8,0.031122215227047976,16.0,260414.3622347146,-260434.01270335668,32.131388871410124
56,16,0.029093907725051125,16.0,298352.73242257565,-298374.0292570986,34.37145705727788
56,32,0.02550816443635021,16.0,388044.3198512482,-388064.90202844096,39.20313445113902
