index,bin_size,m12,m23,m34,m13,m24,m14,m12_err,m23_err,m34_err,m13_err,m24_err,m14_err,corr12,corr23,corr34,corr13,corr24,corr14,corr12_err,corr23_err,corr34_err,corr13_err,corr24_err,corr14_err
500,1,819134172.631811,,,,,,25903296638.433132,,,,,,1.2208012233051904e-9,,,,,,3.860512389836577e-8,,,,,
500,2,7685323606.164799,,,,,,243031271193.82812,,,,,,1.301181383172789e-10,,,,,,4.114696814491503e-9,,,,,
500,4,36914751054.018196,,,,,,1167346925571.524,,,,,,2.7089441793517102e-11,,,,,,8.566433658684738e-10,,,,,
500,8,28503795119.831852,,,,,,901369145061.4895,,,,,,3.508304756597967e-11,,,,,,1.1094233752998295e-9,,,,,
500,16,187262039201.168,,,,,,3780166511959.2954,,,,,,5.340110597245717e-12,,,,,,1.0779818128639337e-10,,,,,
500,32,25588634256.16483,,,,,,809183664316.5378,,,,,,3.9079850451927866e-11,,,,,,1.2358133799975948e-9,,,,,
