index,bin_size,m,n,a,b,corr
62,1,0.018408706287981743,16.0,634486.4548798023,-634536.2246007632,54.322122606348344
62,2,0.019810808606257082,16.0,547386.7789259758,-547437.5243990676,50.47749538522916
62,4,0.016459506678897208,16.0,793795.9247951615,-793844.8367370798,60.755162321001
62,8,0.020639165319956666,16.0,503987.45363596594,-504037.71700903215,48.451571781009385
62,16,0.016465610367887924,16.0,793676.7590905619,-793728.1249147508,60.73264079843959
62,32,0.014387096897903153,16.0,1039279.4091809269,-1039330.0134982202,69.50672585973511
