index,bin_size,m12,m23,m34,m13,m24,m14,m12_err,m23_err,m34_err,m13_err,m24_err,m14_err,corr12,corr23,corr34,corr13,corr24,corr14,corr12_err,corr23_err,corr34_err,corr13_err,corr24_err,corr14_err
228,1,NaN,,,,,,NaN,,,,,,NaN,,,,,,NaN,,,,,
228,2,2004714107764.1482,,,,,,11054123236772.086,,,,,,4.988242443783154e-13,,,,,,2.7505491428887256e-12,,,,,
228,4,1275717351974.6116,,,,,,7637614455159.082,,,,,,7.838726959793687e-13,,,,,,4.6929811094516604e-12,,,,,
228,8,1990788297312.89,,,,,,11840185252622.95,,,,,,5.023135816850902e-13,,,,,,2.9875029253928046e-12,,,,,
228,16,1619589508678.913,,,,,,9314742330300.55,,,,,,6.17440403658636e-13,,,,,,3.5510839219304686e-12,,,,,
228,32,NaN,,,,,,NaN,,,,,,NaN,,,,,,NaN,,,,,
