index,bin_size,m,n,a,b,corr
2219,1,0.11250599778100256,24.0,8918.449401822678,-8918.600291196213,8.888415015406913
2219,2,0.11200480514224734,24.0,9015.176033245712,-9015.751806961094,8.928188382007264
2219,4,0.11293183423874045,24.0,8845.736521942978,-8845.043502695396,8.854899123359472
2219,8,0.11292583370757606,24.0,8836.7400814082,-8837.601718939935,8.855369645439342
2219,16,0.11225504384168841,24.0,8972.457107710836,-8971.808414423413,8.908285683895727
2219,32,0.11215774102719807,24.0,8980.051870295716,-8979.278076103363,8.916014096231677
