index,bin_size,m,n,a,b,corr
798,1,0.27923392249303636,16.0,1368.935906926003,-1338.0612878805816,3.581226776001538
798,2,0.2794618625551637,16.0,1363.3491461985002,-1330.4263562269775,3.5783057869035972
798,4,0.28201253163344264,16.0,1328.557582022882,-1297.4612902402648,3.5459417147454677
798,8,0.2798121820728575,16.0,1358.7536225277545,-1327.2809882396093,3.5738258162742174
798,16,0.27863304447090026,16.0,1376.7738862216852,-1344.5183900184556,3.5889497668839403
798,32,0.27964266011808964,16.0,1361.8262926708774,-1331.4057134779341,3.575992302382306
