index,bin_size,m12,m23,m34,m13,m24,m14,m12_err,m23_err,m34_err,m13_err,m24_err,m14_err,corr12,corr23,corr34,corr13,corr24,corr14,corr12_err,corr23_err,corr34_err,corr13_err,corr24_err,corr14_err
622,1,0.07210695814360067,,,,,,0.06801947378804085,,,,,,13.868287135459308,,,,,,13.082143770602471,,,,,
622,2,0.07337851993007546,,,,,,0.06956652370653092,,,,,,13.627966344277988,,,,,,12.919996814659726,,,,,
622,4,0.07820447240322505,,,,,,0.07107320969674115,,,,,,12.786992473319996,,,,,,11.620979843212197,,,,,
622,8,0.070434409340824,,,,,,0.06874086778398163,,,,,,14.197606104157346,,,,,,13.85623551313383,,,,,
622,16,0.07634305163798313,,,,,,0.0709573736504606,,,,,,13.09876902408847,,,,,,12.174706513053392,,,,,
622,32,0.079135570095591,,,,,,0.07463469047077369,,,,,,12.636542566030172,,,,,,11.917832169493197,,,,,
