index,bin_size,m,n,a,b,corr
425,1,0.042033054730708674,36.0,65739.14961185362,-65726.26648515288,23.7908000359873
425,2,0.04169369208471593,36.0,66854.39826621808,-66849.56496266814,23.984443449338464
425,4,0.04257183102544164,36.0,63967.03125916201,-63963.25548339106,23.489710823158703
425,8,0.04221574716239968,36.0,65099.48900260061,-65092.04964192258,23.68784321530783
425,16,0.04207946555543102,36.0,65559.95206306715,-65549.10879495507,23.76456038118417
425,32,0.0412719001698116,36.0,68396.56287180333,-68391.66126303068,24.229560448768762
