index,bin_size,m12,m23,m34,m13,m24,m14,m12_err,m23_err,m34_err,m13_err,m24_err,m14_err,corr12,corr23,corr34,corr13,corr24,corr14,corr12_err,corr23_err,corr34_err,corr13_err,corr24_err,corr14_err
455,1,0.15771355784663785,,,,,,0.02274705471806049,,,,,,6.340608972707403,,,,,,0.9145071686750698,,,,,
455,2,0.15728704127748197,,,,,,0.023435452403754303,,,,,,6.357802854437476,,,,,,0.9472998218891034,,,,,
455,4,0.1579088594491174,,,,,,0.02339185978479198,,,,,,6.332766910536946,,,,,,0.9381056651149062,,,,,
455,8,0.15799100770323474,,,,,,0.02428750188878211,,,,,,6.329474155126398,,,,,,0.9730118044843796,,,,,
455,16,0.1568613050412291,,,,,,0.02282804271098908,,,,,,6.375058525346082,,,,,,0.927762957623007,,,,,
455,32,0.15747645727060813,,,,,,0.02316870483231748,,,,,,6.350155555516443,,,,,,0.9342658722137848,,,,,
