index,bin_size,m12,m23,m34,m13,m24,m14,m12_err,m23_err,m34_err,m13_err,m24_err,m14_err,corr12,corr23,corr34,corr13,corr24,corr14,corr12_err,corr23_err,corr34_err,corr13_err,corr24_err,corr14_err
2737,1,0.0491530358570714,,,,,,0.060607745313040626,,,,,,20.344623329224845,,,,,,25.08576993724005,,,,,
2737,2,0.04659927931194976,,,,,,0.06036015726320996,,,,,,21.459559348669227,,,,,,27.796618235524928,,,,,
2737,4,0.048471712114196895,,,,,,0.06151068834255357,,,,,,20.63058960335568,,,,,,26.18025466947471,,,,,
2737,8,0.044812285557092234,,,,,,0.056199589343682285,,,,,,22.315309017790874,,,,,,27.985879034878526,,,,,
2737,16,0.03888980952786667,,,,,,0.05097259685682418,,,,,,25.713676979658267,,,,,,33.70273360304165,,,,,
2737,32,0.03442518820284085,,,,,,0.04479434396899993,,,,,,29.048497690347485,,,,,,37.79814912433061,,,,,
