index,bin_size,m12,m23,m34,m13,m24,m14,m12_err,m23_err,m34_err,m13_err,m24_err,m14_err,corr12,corr23,corr34,corr13,corr24,corr14,corr12_err,corr23_err,corr34_err,corr13_err,corr24_err,corr14_err
1066,1,0.10147381994650781,,,,,,0.06806528223088175,,,,,,9.854758602042898,,,,,,6.610246129680109,,,,,
1066,2,0.10188538795515076,,,,,,0.07064045584883799,,,,,,9.814950112769782,,,,,,6.805024390787631,,,,,
1066,4,0.10287109825614095,,,,,,0.06764092175832405,,,,,,9.720903314457464,,,,,,6.391793921323266,,,,,
1066,8,0.10103213814320032,,,,,,0.06947660658699249,,,,,,9.897840611693539,,,,,,6.806432001515259,,,,,
1066,16,0.10429472962700786,,,,,,0.06864931583162397,,,,,,9.588212209536644,,,,,,6.311193389993336,,,,,
1066,32,0.10421880113297292,,,,,,0.0714167299945366,,,,,,9.595197691097008,,,,,,6.575182551514431,,,,,
