index,bin_size,m12,m23,m34,m13,m24,m14,m12_err,m23_err,m34_err,m13_err,m24_err,m14_err,corr12,corr23,corr34,corr13,corr24,corr14,corr12_err,corr23_err,corr34_err,corr13_err,corr24_err,corr14_err
478,1,0.08141269011133186,,,,,,0.027410280044289536,,,,,,12.283097372565628,,,,,,4.135511777499143,,,,,
478,2,0.08193316632280846,,,,,,0.027357902190953767,,,,,,12.205069630289891,,,,,,4.0753350098017505,,,,,
478,4,0.08253769473300433,,,,,,0.02617627961471218,,,,,,12.115676397733582,,,,,,3.842405995640523,,,,,
478,8,0.08228385120908882,,,,,,0.022675256562642514,,,,,,12.15305294180911,,,,,,3.3490604708650284,,,,,
478,16,0.08285619978899274,,,,,,0.01842710725065918,,,,,,12.069102886044355,,,,,,2.6841522283999892,,,,,
478,32,0.08247219032880035,,,,,,0.022595558144480835,,,,,,12.125299401085352,,,,,,3.322064159375019,,,,,
