index,bin_size,m,n,a,b,corr
27,1,0.13731199817161302,16.0,10370.16993802531,-10329.841191173457,7.282684785856779
27,2,0.13691380808388978,16.0,10441.34369574651,-10401.55731775615,7.303865212683883
27,4,0.13623263386308504,16.0,10556.980409650936,-10516.73953426414,7.3403851312528285
27,8,0.13707804365089146,16.0,10424.056136435313,-10383.46566587495,7.295114325871083
27,16,0.1378751679807643,16.0,10276.428580616282,-10237.50865581235,7.252937672863001
27,32,0.1347101025503498,16.0,10843.952270506998,-10803.467007387908,7.4233482201250345
