index,bin_size,m12,m23,m34,m13,m24,m14,m12_err,m23_err,m34_err,m13_err,m24_err,m14_err,corr12,corr23,corr34,corr13,corr24,corr14,corr12_err,corr23_err,corr34_err,corr13_err,corr24_err,corr14_err
186,1,0.22996612992896204,,,,,,0.031053126230344005,,,,,,4.34846644724989,,,,,,0.5871885461418993,,,,,
186,2,0.2300230954238456,,,,,,0.0333928890341171,,,,,,4.34738954432979,,,,,,0.6311187855914584,,,,,
186,4,0.2305521438992768,,,,,,0.03209678460533389,,,,,,4.33741358066433,,,,,,0.6038418341650897,,,,,
186,8,0.23016949459661867,,,,,,0.030818250458572255,,,,,,4.344624389746088,,,,,,0.5817179328054343,,,,,
186,16,0.23042630480358609,,,,,,0.03443343897736157,,,,,,4.339782304161817,,,,,,0.6485094194118409,,,,,
186,32,0.23067679663794627,,,,,,0.02822819950869332,,,,,,4.33506973642229,,,,,,0.530487743836204,,,,,
