index,bin_size,m12,m23,m34,m13,m24,m14,m12_err,m23_err,m34_err,m13_err,m24_err,m14_err,corr12,corr23,corr34,corr13,corr24,corr14,corr12_err,corr23_err,corr34_err,corr13_err,corr24_err,corr14_err
2566,1,0.1658451373610996,,,,,,0.026702021309102084,,,,,,6.029721557784779,,,,,,0.9708198629505712,,,,,
2566,2,0.165715583209788,,,,,,0.026764206225818727,,,,,,6.034435510715054,,,,,,0.9746028305661603,,,,,
2566,4,0.1645034512272286,,,,,,0.02630226522990454,,,,,,6.078899819668222,,,,,,0.9719482124546921,,,,,
2566,8,0.1648606541457502,,,,,,0.027523804418291546,,,,,,6.065728691795186,,,,,,1.0126851129669245,,,,,
2566,16,0.16525688859568527,,,,,,0.02774873959753,,,,,,6.051184967221446,,,,,,1.0160711443789103,,,,,
2566,32,0.16488609485321512,,,,,,0.026379571195323335,,,,,,6.064792794627223,,,,,,0.9702857809397214,,,,,
