index,bin_size,m,n,a,b,corr
1967,1,0.13912530609654558,16.0,9302.986553967954,-9310.917916192713,7.1877649584903915
1967,2,0.13727601482180765,16.0,9591.110727789646,-9600.9279028031,7.284593752944088
1967,4,0.13639060225512964,16.0,9725.710916482238,-9735.3384413123,7.331883454326415
1967,8,0.1358844906346652,16.0,9806.54592477825,-9816.208389011257,7.359191584921702
1967,16,0.13789393971948566,16.0,9493.785825551644,-9503.646575736742,7.251950318007275
1967,32,0.13866949316502586,16.0,9372.522647922597,-9382.115704671061,7.2113914688498495
