index,bin_size,m,n,a,b,corr
2099,1,0.029743233225297688,16.0,256593.7622459603,-256564.3567415792,33.62109265072985
2099,2,0.025251269907033205,16.0,356270.37636417785,-356243.3701427683,39.601968680453226
2099,4,0.02445465727607804,16.0,379884.4997747601,-379854.30310956517,40.89200632462827
2099,8,0.027524895160308815,16.0,299819.36864723754,-299789.77270092716,36.330746917503625
2099,16,0.026014326121526755,16.0,335738.3381092909,-335707.66516952985,38.44035764480187
2099,32,0.025331383904837156,16.0,354423.43713265547,-354393.80502323405,39.4767219886887
