index,bin_size,m,n,a,b,corr
61,1,0.000045822130821833146,16.0,105299992530.20786,-105299992507.22672,21823.515887731784
61,2,0.00007153852973494771,16.0,43296790492.64449,-43296790469.28023,13978.481298190338
61,4,3.562922800634923e-6,16.0,17452057079662.418,-17452057079640.246,280668.4444080004
61,8,6.989930946571613e-7,16.0,454366288141601.56,-454366288141577.94,1430629.297547603
61,16,0.00004176100131839972,16.0,127128038059.23544,-127128038036.70021,23945.785982852005
61,32,-0.000018609375792533807,16.0,639676012648.9728,-639676012624.3895,-53736.3537148412
