index,bin_size,m,n,a,b,corr
1540,1,-0.00001354149596442557,16.0,1173984698599.876,-1173984698490.0708,-73847.08474064224
1540,2,0.00003047073208775405,16.0,231863368056.63086,-231863367946.98236,32818.37788209533
1540,4,-3.4528902846112724e-7,16.0,1805868148009765.2,-1805868148009658.5,-2896124.456826118
1540,8,4.2093504703520135e-7,16.0,1217438271735304.2,-1217438271735193.2,2375663.4355902737
1540,16,-0.000031135851528906434,16.0,222122397291.1253,-222122397182.99612,-32117.316562599965
1540,32,-0.000022051064340737466,16.0,443262238469.4095,-443262238359.4244,-45349.28493916663
