index,bin_size,m12,m23,m34,m13,m24,m14,m12_err,m23_err,m34_err,m13_err,m24_err,m14_err,corr12,corr23,corr34,corr13,corr24,corr14,corr12_err,corr23_err,corr34_err,corr13_err,corr24_err,corr14_err
2508,1,0.16573538599161322,,,,,,0.03025113315593225,,,,,,6.033714490221198,,,,,,1.1013139974694108,,,,,
2508,2,0.16597827211610544,,,,,,0.030675648080270512,,,,,,6.024884987960823,,,,,,1.1135026847701324,,,,,
2508,4,0.16549837397754705,,,,,,0.029527802179090398,,,,,,6.042355438100369,,,,,,1.0780618067956635,,,,,
2508,8,0.16523350536707748,,,,,,0.031077536754607792,,,,,,6.052041308319592,,,,,,1.1382832784541403,,,,,
2508,16,0.16473263411505512,,,,,,0.027892347849811015,,,,,,6.070442601564694,,,,,,1.0278406434446732,,,,,
2508,32,0.1648508191307973,,,,,,0.024412774740433886,,,,,,6.066090573723942,,,,,,0.8983279762407069,,,,,
