index,bin_size,m12,m23,m34,m13,m24,m14,m12_err,m23_err,m34_err,m13_err,m24_err,m14_err,corr12,corr23,corr34,corr13,corr24,corr14,corr12_err,corr23_err,corr34_err,corr13_err,corr24_err,corr14_err
456,1,0.18193468138196564,,,,,,0.023598860815557277,,,,,,5.496478144815799,,,,,,0.7129516029048772,,,,,
456,2,0.182460148475512,,,,,,0.024260097806195164,,,,,,5.48064883403408,,,,,,0.7287129702896246,,,,,
456,4,0.18320034989772008,,,,,,0.024819404074211293,,,,,,5.45850485852399,,,,,,0.7395009769380274,,,,,
456,8,0.1829743085735753,,,,,,0.023860353960094564,,,,,,5.465248142188731,,,,,,0.7126834153327949,,,,,
456,16,0.18294373947724768,,,,,,0.023826088574888344,,,,,,5.4661613611782975,,,,,,0.7118977950719306,,,,,
456,32,0.18163435969124636,,,,,,0.021249603434220093,,,,,,5.505566246936227,,,,,,0.6441022482039808,,,,,
