index,bin_size,m12,m23,m34,m13,m24,m14,m12_err,m23_err,m34_err,m13_err,m24_err,m14_err,corr12,corr23,corr34,corr13,corr24,corr14,corr12_err,corr23_err,corr34_err,corr13_err,corr24_err,corr14_err
1743,1,0.12309364061883783,,,,,,0.06973358211101649,,,,,,8.123896530906272,,,,,,4.6022556726026185,,,,,
1743,2,0.12726861169905127,,,,,,0.06508586014064412,,,,,,7.857396939040034,,,,,,4.018315525065928,,,,,
1743,4,0.12861356201080654,,,,,,0.06262922133374996,,,,,,7.775229799762304,,,,,,3.786199374597571,,,,,
1743,8,0.12906177565769136,,,,,,0.060054930175343996,,,,,,7.748227505038248,,,,,,3.6053995028854335,,,,,
1743,16,0.12624535919973598,,,,,,0.06499410868488492,,,,,,7.921083248833525,,,,,,4.0779617471893905,,,,,
1743,32,0.12957017268345306,,,,,,0.0652024190957081,,,,,,7.7178256329337005,,,,,,3.8837711720546806,,,,,
