index,bin_size,m12,m23,m34,m13,m24,m14,m12_err,m23_err,m34_err,m13_err,m24_err,m14_err,corr12,corr23,corr34,corr13,corr24,corr14,corr12_err,corr23_err,corr34_err,corr13_err,corr24_err,corr14_err
1252,1,0.24126634854886012,,,,,,0.04280328448812847,,,,,,4.144796843880964,,,,,,0.7353322148787174,,,,,
1252,2,0.24181914116165446,,,,,,0.0426736325551855,,,,,,4.135321940174731,,,,,,0.7297569916289,,,,,
1252,4,0.2415477884412406,,,,,,0.04270497214944831,,,,,,4.139967525487247,,,,,,0.7319346578019337,,,,,
1252,8,0.23945639332104435,,,,,,0.04409292521026785,,,,,,4.1761257076117335,,,,,,0.7689817588103561,,,,,
1252,16,0.24079289838873302,,,,,,0.049003502812849105,,,,,,4.152946397885923,,,,,,0.8451616382883194,,,,,
1252,32,0.24236898776992444,,,,,,0.04234724011476441,,,,,,4.1259404068200265,,,,,,0.7208933400038636,,,,,
