index,bin_size,m12,m23,m34,m13,m24,m14,m12_err,m23_err,m34_err,m13_err,m24_err,m14_err,corr12,corr23,corr34,corr13,corr24,corr14,corr12_err,corr23_err,corr34_err,corr13_err,corr24_err,corr14_err
256,1,0.03603953485020121,,,,,,0.04054187209730732,,,,,,27.7473059559873,,,,,,31.213713878058282,,,,,
256,2,0.03684396175105675,,,,,,0.041427407447214466,,,,,,27.141489472730715,,,,,,30.517932645472026,,,,,
256,4,0.03424677048407704,,,,,,0.03916910668334429,,,,,,29.199833615404636,,,,,,33.396766522830596,,,,,
256,8,0.03645448733251028,,,,,,0.04016602827807346,,,,,,27.431465182290342,,,,,,30.224345117542214,,,,,
256,16,0.033724126090052056,,,,,,0.03867477986190937,,,,,,29.652362149570425,,,,,,34.00528676289502,,,,,
256,32,0.03696175844857006,,,,,,0.043279558771549896,,,,,,27.054989859084667,,,,,,31.679445806108316,,,,,
