index,bin_size,m12,m23,m34,m13,m24,m14,m12_err,m23_err,m34_err,m13_err,m24_err,m14_err,corr12,corr23,corr34,corr13,corr24,corr14,corr12_err,corr23_err,corr34_err,corr13_err,corr24_err,corr14_err
1595,1,0.22185210547631373,,,,,,0.04770755830243201,,,,,,4.507507367816106,,,,,,0.9693041681395622,,,,,
1595,2,0.21996359853183778,,,,,,0.04765496397408662,,,,,,4.546206766367567,,,,,,0.9849326030126624,,,,,
1595,4,0.22043826747986514,,,,,,0.04967428468008976,,,,,,4.536417435286458,,,,,,1.0222512347078079,,,,,
1595,8,0.21963588173681944,,,,,,0.04565411824328524,,,,,,4.552990122070575,,,,,,0.9463970447351269,,,,,
1595,16,0.22139515357160877,,,,,,0.05078069025465904,,,,,,4.516810706412129,,,,,,1.0360062617497852,,,,,
1595,32,0.21904311338012483,,,,,,0.05363868001335029,,,,,,4.565311296797593,,,,,,1.117940975324352,,,,,
