index,bin_size,m,n,a,b,corr
46,1,0.1432721427041856,16.0,8850.607592616003,-8896.531460181059,6.979723909516053
46,2,0.1423755801647353,16.0,8969.519965166799,-9013.055323933275,7.023676383569096
46,4,0.14058688065056277,16.0,9235.62240809912,-9279.885988592845,7.1130392492707815
46,8,0.1444023585640327,16.0,8697.39756399759,-8740.907349184965,6.9250946448812165
46,16,0.14432833907423906,16.0,8684.741273328986,-8726.182961429153,6.9286462133096665
46,32,0.1435734884183815,16.0,8794.069764491529,-8836.07182130259,6.965074200091467
