index,bin_size,m,n,a,b,corr
482,1,0.09318439848506434,36.0,8061.944230446557,-8103.646872363699,10.731410152959036
482,2,0.09486448363880656,36.0,7726.650302225588,-7769.566687748622,10.541352903026041
482,4,0.09483031001494659,36.0,7729.43186376652,-7774.21717878586,10.545151648691078
482,8,0.09520813540807908,36.0,7643.931841144894,-7687.582242507087,10.503304110660515
482,16,0.09505903508551466,36.0,7671.473731715756,-7716.042581139786,10.519778568132999
482,32,0.0950799775858282,36.0,7662.160308109822,-7704.5683673701105,10.51746146129773
