index,bin_size,m12,m23,m34,m13,m24,m14,m12_err,m23_err,m34_err,m13_err,m24_err,m14_err,corr12,corr23,corr34,corr13,corr24,corr14,corr12_err,corr23_err,corr34_err,corr13_err,corr24_err,corr14_err
208,1,0.09773941440646579,,,,,,0.043743947885592535,,,,,,10.2312869999541,,,,,,4.579082942601763,,,,,
208,2,0.09744605496249073,,,,,,0.04290401298960956,,,,,,10.262088089506788,,,,,,4.518240998696076,,,,,
208,4,0.09713127753932932,,,,,,0.04247806356474704,,,,,,10.295344870709553,,,,,,4.502425222008589,,,,,
208,8,0.09834630130785649,,,,,,0.040251354233058464,,,,,,10.168150573041572,,,,,,4.161639280458398,,,,,
208,16,0.10011320124075368,,,,,,0.03523706617321985,,,,,,9.988692675955747,,,,,,3.5157423840656263,,,,,
208,32,0.09699462574228347,,,,,,0.037622604256695516,,,,,,10.309849564830722,,,,,,3.999019400871798,,,,,
