index,bin_size,m,n,a,b,corr
1652,1,-0.000034053111785483486,16.0,230154170548.29605,-230154170535.1209,-29365.891913181644
1652,2,0.0000322438780379985,16.0,256079397934.66388,-256079397924.60532,31013.639203743678
1652,4,1.939206660777019e-6,16.0,70886842142093.84,-70886842142080.83,515674.7964135555
1652,8,0.00003185218391546881,16.0,262870584350.71576,-262870584338.8614,31395.021536164004
1652,16,0.000030765727799546765,16.0,281696148860.8862,-281696148847.9374,32503.70043301013
1652,32,0.0000324131583885421,16.0,253763076048.36157,-253763076035.46228,30851.667955736622
