index,bin_size,m12,m23,m34,m13,m24,m14,m12_err,m23_err,m34_err,m13_err,m24_err,m14_err,corr12,corr23,corr34,corr13,corr24,corr14,corr12_err,corr23_err,corr34_err,corr13_err,corr24_err,corr14_err
1597,1,0.18760621733012864,,,,,,0.05432636329909541,,,,,,5.330313750958002,,,,,,1.5435339268268684,,,,,
1597,2,0.18921722335273503,,,,,,0.054561950844536355,,,,,,5.284931161556154,,,,,,1.5239424252412657,,,,,
1597,4,0.18673765710842097,,,,,,0.05238385449263494,,,,,,5.355106278426714,,,,,,1.5022203471195346,,,,,
1597,8,0.18847080953748574,,,,,,0.05110911536731463,,,,,,5.305861435274972,,,,,,1.4388322779741571,,,,,
1597,16,0.1854882701732841,,,,,,0.05743389322467375,,,,,,5.391176482835248,,,,,,1.6693036933347216,,,,,
1597,32,0.18567113925481865,,,,,,0.06344622646886126,,,,,,5.3858666673423095,,,,,,1.8404202057397723,,,,,
