index,bin_size,m12,m23,m34,m13,m24,m14,m12_err,m23_err,m34_err,m13_err,m24_err,m14_err,corr12,corr23,corr34,corr13,corr24,corr14,corr12_err,corr23_err,corr34_err,corr13_err,corr24_err,corr14_err
1360,1,0.008493763235942418,,,,,,0.026727165149347285,,,,,,117.73344420154959,,,,,,370.4696162780599,,,,,
1360,2,0.007658499869224873,,,,,,0.02506296090691746,,,,,,130.57387439783443,,,,,,427.31187117313306,,,,,
1360,4,0.005911127990759264,,,,,,0.021868324532518715,,,,,,169.17244924543638,,,,,,625.8565248195655,,,,,
1360,8,0.003478222493345835,,,,,,0.01658503210604325,,,,,,287.50317206938126,,,,,,1370.8868102837216,,,,,
1360,16,0.0022977656583524084,,,,,,0.012297093577562436,,,,,,435.2053902298465,,,,,,2329.115412471361,,,,,
1360,32,0.0015833922568267106,,,,,,0.010037427009568852,,,,,,631.5554441349285,,,,,,4003.551012498072,,,,,
