index,bin_size,m12,m23,m34,m13,m24,m14,m12_err,m23_err,m34_err,m13_err,m24_err,m14_err,corr12,corr23,corr34,corr13,corr24,corr14,corr12_err,corr23_err,corr34_err,corr13_err,corr24_err,corr14_err
165,1,0.10097964795036259,,,,,,0.06791908652240472,,,,,,9.902985604500806,,,,,,6.660765310182521,,,,,
165,2,0.09736901215019043,,,,,,0.07189074591063754,,,,,,10.270207922593617,,,,,,7.582832483436573,,,,,
165,4,0.10002777587922936,,,,,,0.06958722859956579,,,,,,9.9972231833623,,,,,,6.954858777040628,,,,,
165,8,0.0972675289474233,,,,,,0.06996887482782281,,,,,,10.280923251792867,,,,,,7.3955269544061375,,,,,
165,16,0.0989142680982515,,,,,,0.07262475383069439,,,,,,10.10976494317989,,,,,,7.422783430549411,,,,,
165,32,0.10026129764128133,,,,,,0.07720875644626367,,,,,,9.973938334389386,,,,,,7.68068430976355,,,,,
