index,bin_size,m12,m23,m34,m13,m24,m14,m12_err,m23_err,m34_err,m13_err,m24_err,m14_err,corr12,corr23,corr34,corr13,corr24,corr14,corr12_err,corr23_err,corr34_err,corr13_err,corr24_err,corr14_err
296,1,NaN,,,,,,NaN,,,,,,NaN,,,,,,NaN,,,,,
296,2,5402660820280.449,,,,,,21425164533180.79,,,,,,1.8509398114466319e-13,,,,,,7.340214631352734e-13,,,,,
296,4,NaN,,,,,,NaN,,,,,,NaN,,,,,,NaN,,,,,
296,8,5754259958199.118,,,,,,24827997707532.367,,,,,,1.7378429324784363e-13,,,,,,7.498298765968421e-13,,,,,
296,16,NaN,,,,,,NaN,,,,,,NaN,,,,,,NaN,,,,,
296,32,5278545873564.894,,,,,,17992021210644.555,,,,,,1.8944611337149273e-13,,,,,,6.457305802956126e-13,,,,,
