index,bin_size,m,n,a,b,corr
149,1,0.22817319526932503,16.0,2721.866951601411,-2714.1828458563637,4.382635737820328
149,2,0.2288331866773477,16.0,2701.9343587316544,-2694.252910950417,4.369995517345957
149,4,0.22678261146814221,16.0,2766.8664096753537,-2756.671533670592,4.409509148546326
149,8,0.2284839445987051,16.0,2706.42080141703,-2696.796273793164,4.376675139062122
149,16,0.2289846851071563,16.0,2694.2874456857726,-2683.6532091578756,4.367104287048879
149,32,0.23016292973259087,16.0,2659.1726241744786,-2650.7671350970845,4.344748310085492
