index,bin_size,m,n,a,b,corr
1706,1,-7.27537949385099e-6,16.0,4800134240783.042,-4800134240767.418,-137449.87472408562
1706,2,0.000034651908149781224,16.0,211570069140.46713,-211570069120.47046,28858.43964717751
1706,4,-0.00002385966614438524,16.0,446382477728.2394,-446382477713.4633,-41911.73480586711
1706,8,0.00002440680439584359,16.0,426352331157.8111,-426352331138.51086,40972.18069934207
1706,16,-1.7649358264947833e-6,16.0,81439488094002.94,-81439488093987.92,-566592.8386676986
1706,32,3.054302460337067e-7,16.0,2716558728443306.5,-2716558728443293.5,3274069.981561819
