index,bin_size,m,n,a,b,corr
1765,1,0.12489463538365535,16.0,11962.52686355139,-11980.311044333193,8.006749024312917
1765,2,0.12535776368692314,16.0,11841.108670956914,-11859.114903282543,7.977168470374654
1765,4,0.12539954071999157,16.0,11852.76036763836,-11871.466600192545,7.974510865497748
1765,8,0.12435057804350085,16.0,12074.968863289898,-12092.75871139656,8.041780068365872
1765,16,0.12644275497823285,16.0,11644.063898078872,-11664.287926606685,7.908717270294769
1765,32,0.12560805842748504,16.0,11803.138031641762,-11821.302225399926,7.961272648580197
