index,bin_size,m,n,a,b,corr
1420,1,0.10591442831002272,16.0,18080.971832405507,-18059.692433675496,9.44158426718685
1420,2,0.10861940363264867,16.0,17111.009017031083,-17091.24325698658,9.20645820687807
1420,4,0.10688156855570992,16.0,17706.85450797804,-17686.330874638195,9.356150115618576
1420,8,0.10650668254848648,16.0,17848.055114404702,-17827.6503212957,9.389082225378266
1420,16,0.10850915438328476,16.0,17155.17826807208,-17134.51922795611,9.215812303427594
1420,32,0.10739815428170335,16.0,17540.80451848047,-17520.421756494856,9.311146980952937
