index,bin_size,m,n,a,b,corr
977,1,0.00002733511694108359,16.0,301365158065.9238,-301365157956.1301,36582.97867008719
977,2,9.295821407056156e-6,16.0,2608261586981.1313,-2608261586871.087,107575.21645595864
977,4,-0.000014178958600683118,16.0,1120929243517.5898,-1120929243407.024,-70527.0413831254
977,8,5.378703469058715e-7,16.0,778889070379611.5,-778889070379501.4,1859184.1058956948
977,16,1.190987707987482e-6,16.0,158831817890289.78,-158831817890179.0,839639.228258526
977,32,6.629908629512028e-6,16.0,5125517463018.554,-5125517462908.376,150831.64126103526
