index,bin_size,m12,m23,m34,m13,m24,m14,m12_err,m23_err,m34_err,m13_err,m24_err,m14_err,corr12,corr23,corr34,corr13,corr24,corr14,corr12_err,corr23_err,corr34_err,corr13_err,corr24_err,corr14_err
1385,1,0.0717172377235287,,,,,,0.0650690527529148,,,,,,13.94364913851003,,,,,,12.651073440105195,,,,,
1385,2,0.07292031300790161,,,,,,0.06698886313526568,,,,,,13.713599938766588,,,,,,12.598114729571682,,,,,
1385,4,0.07294590667695328,,,,,,0.06638086953894871,,,,,,13.708788409863478,,,,,,12.475015205475648,,,,,
1385,8,0.07360809131030888,,,,,,0.06560862436821598,,,,,,13.585462986457701,,,,,,12.109042933734845,,,,,
1385,16,0.07258505422975903,,,,,,0.06350089804697995,,,,,,13.776940867669857,,,,,,12.052730782124256,,,,,
1385,32,0.07330036249773071,,,,,,0.06433949403295533,,,,,,13.64249733459311,,,,,,11.974720805519024,,,,,
