index,bin_size,m,n,a,b,corr
2656,1,0.13320767038852602,16.0,10728.153972131813,-10722.127393526001,7.507075208832239
2656,2,0.13383337732038794,16.0,10607.146870212397,-10601.548610349419,7.471977618901961
2656,4,0.13402195644384873,16.0,10581.979807008322,-10575.516668681326,7.461463976008816
2656,8,0.1330263959448744,16.0,10774.380850711239,-10768.94557836195,7.51730506488649
2656,16,0.1336205481704899,16.0,10662.63227844028,-10656.929348155303,7.483878892070359
2656,32,0.1336240239309303,16.0,10660.28958878897,-10653.312364293917,7.483684225202616
