index,bin_size,m12,m23,m34,m13,m24,m14,m12_err,m23_err,m34_err,m13_err,m24_err,m14_err,corr12,corr23,corr34,corr13,corr24,corr14,corr12_err,corr23_err,corr34_err,corr13_err,corr24_err,corr14_err
612,1,0.08577687927238799,,,,,,0.06420735012124633,,,,,,11.65815320495001,,,,,,8.72658379445513,,,,,
612,2,0.08407098477556035,,,,,,0.0646775497979141,,,,,,11.89471019840727,,,,,,9.150846909228619,,,,,
612,4,0.08359205392286384,,,,,,0.06499958462128623,,,,,,11.962859543118405,,,,,,9.302091104293405,,,,,
612,8,0.08263815700142742,,,,,,0.06835817921018887,,,,,,12.100947507611126,,,,,,10.009888510994763,,,,,
612,16,0.0851391230139846,,,,,,0.0670425288393244,,,,,,11.745481567102166,,,,,,9.24894171819056,,,,,
612,32,0.0856713876175099,,,,,,0.07248856185990375,,,,,,11.672508497990238,,,,,,9.87638204361106,,,,,
