index,bin_size,m12,m23,m34,m13,m24,m14,m12_err,m23_err,m34_err,m13_err,m24_err,m14_err,corr12,corr23,corr34,corr13,corr24,corr14,corr12_err,corr23_err,corr34_err,corr13_err,corr24_err,corr14_err
2023,1,0.04830044093084968,,,,,,0.05764292567019044,,,,,,20.70374474286209,,,,,,24.708354547238734,,,,,
2023,2,0.047897989028474884,,,,,,0.05878009169502368,,,,,,20.87770322477442,,,,,,25.620977724225078,,,,,
2023,4,0.04511394445918488,,,,,,0.05403423867904482,,,,,,22.166095471982324,,,,,,26.548955265908663,,,,,
2023,8,0.043947297517320696,,,,,,0.05250318698424145,,,,,,22.754527729626055,,,,,,27.18449806056469,,,,,
2023,16,0.04751742803122237,,,,,,0.05567638234241647,,,,,,21.044910076844396,,,,,,24.65841499313194,,,,,
2023,32,0.04870095723302688,,,,,,0.057025393068602354,,,,,,20.533477303436726,,,,,,24.043256659021694,,,,,
