index,bin_size,m12,m23,m34,m13,m24,m14,m12_err,m23_err,m34_err,m13_err,m24_err,m14_err,corr12,corr23,corr34,corr13,corr24,corr14,corr12_err,corr23_err,corr34_err,corr13_err,corr24_err,corr14_err
2193,1,0.01344688780241485,,,,,,0.028032146430778303,,,,,,74.3666500898755,,,,,,155.0289446537563,,,,,
2193,2,0.013233085217096326,,,,,,0.027310234222096795,,,,,,75.56816748282267,,,,,,155.95640168811462,,,,,
2193,4,0.013358846449248328,,,,,,0.0272782190276414,,,,,,74.85676280501508,,,,,,152.85445335815635,,,,,
2193,8,0.015555680918477354,,,,,,0.030117000095423698,,,,,,64.28519620842697,,,,,,124.46110655585728,,,,,
2193,16,0.016905128929998934,,,,,,0.031589468753637884,,,,,,59.153645271847275,,,,,,110.53640801655315,,,,,
2193,32,0.01739051016239079,,,,,,0.03220892095569414,,,,,,57.50262589550871,,,,,,106.50047151685575,,,,,
