index,bin_size,m12,m23,m34,m13,m24,m14,m12_err,m23_err,m34_err,m13_err,m24_err,m14_err,corr12,corr23,corr34,corr13,corr24,corr14,corr12_err,corr23_err,corr34_err,corr13_err,corr24_err,corr14_err
27,1,0.13179550421563532,,,,,,0.06754862772048069,,,,,,7.587512229278052,,,,,,3.888797587977929,,,,,
27,2,0.13339595417461478,,,,,,0.06449160741424768,,,,,,7.496479231229187,,,,,,3.6242478159168665,,,,,
27,4,0.13151661667765185,,,,,,0.06665321579125114,,,,,,7.603601926979364,,,,,,3.853539825099895,,,,,
27,8,0.12864237976283466,,,,,,0.0640509217828698,,,,,,7.7734880359303205,,,,,,3.87041249615698,,,,,
27,16,0.13295860365612616,,,,,,0.055483736051061106,,,,,,7.521137951977313,,,,,,3.138577131950047,,,,,
27,32,0.1346532011135528,,,,,,0.05496250915944556,,,,,,7.42648516136428,,,,,,3.0313297814565487,,,,,
