index,bin_size,m12,m23,m34,m13,m24,m14,m12_err,m23_err,m34_err,m13_err,m24_err,m14_err,corr12,corr23,corr34,corr13,corr24,corr14,corr12_err,corr23_err,corr34_err,corr13_err,corr24_err,corr14_err
2446,1,0.2397694674579465,,,,,,0.03152799306274795,,,,,,4.17067281585964,,,,,,0.5484140453724656,,,,,
2446,2,0.2402112039976898,,,,,,0.03237525899142577,,,,,,4.163003154547352,,,,,,0.5610825101725447,,,,,
2446,4,0.23957737296741108,,,,,,0.03196316465257455,,,,,,4.174016884875129,,,,,,0.5568755817855888,,,,,
2446,8,0.2393798920211709,,,,,,0.0336120859784972,,,,,,4.1774603186451404,,,,,,0.5865703849078625,,,,,
2446,16,0.23913981682894778,,,,,,0.03349550347707128,,,,,,4.18165411875046,,,,,,0.5857101169175123,,,,,
2446,32,0.23890389271006118,,,,,,0.03593582598822557,,,,,,4.185783616400178,,,,,,0.6296238623699393,,,,,
