index,bin_size,m,n,a,b,corr
1127,1,3.947171712891875e-6,16.0,16396737663253.396,-16396737663215.133,253345.95825509581
1127,2,-0.000044242074365542655,16.0,130472496050.52522,-130472496008.10193,-22602.918473886853
1127,4,-6.7012572674849245e-6,16.0,5679170214682.827,-5679170214644.187,-149225.72885719308
1127,8,0.000017790219554657093,16.0,806410466917.8317,-806410466880.6584,56210.66097175972
1127,16,1.9904884694495435e-6,16.0,64454932221137.28,-64454932221100.51,502389.245327577
1127,32,3.574993434624516e-6,16.0,19942574796048.516,-19942574796011.508,279720.7934187523
