index,bin_size,m,n,a,b,corr
307,1,0.000011440430098323664,24.0,1416391927266.6584,-1416391927101.9646,87409.3011718613
307,2,-1.6579026423330177e-6,24.0,67500110522169.914,-67500110522002.4,-603171.7270157611
307,4,-0.000020195780853915682,24.0,453920573634.0434,-453920573468.9276,-49515.292685804416
307,8,-7.302435758080459e-7,24.0,347968701413893.94,-347968701413727.2,-1369406.0901439043
307,16,1.6536759188931967e-6,24.0,67796216123621.805,-67796216123455.805,604713.4076121147
307,32,5.91925741956381e-7,24.0,528919609510604.9,-528919609510437.56,1689401.100710518
