index,bin_size,m,n,a,b,corr
503,1,0.12479286373412753,36.0,3093.9569041243176,-3125.39614635292,8.013278725060035
503,2,0.12331317334160834,36.0,3195.202237965078,-3219.037386628487,8.109433671208427
503,4,0.12486884752709644,36.0,3083.3025854118414,-3112.2374185676226,8.008402574413132
503,8,0.12335158674527642,36.0,3192.450220735708,-3215.334620220051,8.106908280515439
503,16,0.12322075057288939,36.0,3203.1858786616076,-3225.998574689864,8.11551622069097
503,32,0.12354431091638407,36.0,3180.5954360496034,-3206.961107627939,8.094261828671408
