index,bin_size,m12,m23,m34,m13,m24,m14,m12_err,m23_err,m34_err,m13_err,m24_err,m14_err,corr12,corr23,corr34,corr13,corr24,corr14,corr12_err,corr23_err,corr34_err,corr13_err,corr24_err,corr14_err
837,1,0.00667560302658106,,,,,,0.023466900040935386,,,,,,149.79920106366097,,,,,,526.5925585412323,,,,,
837,2,0.006234573710897495,,,,,,0.021958612238280054,,,,,,160.3958901395434,,,,,,564.9257382315852,,,,,
837,4,0.0054020533195294,,,,,,0.020935416587294264,,,,,,185.11479632842926,,,,,,717.4041329057833,,,,,
837,8,0.005620409411255828,,,,,,0.021347616541305035,,,,,,177.9229815531462,,,,,,675.7926880692443,,,,,
837,16,0.005395190489020434,,,,,,0.020463503922711034,,,,,,185.35026743449848,,,,,,703.0179810036793,,,,,
837,32,0.001639323382487559,,,,,,0.010767898923733792,,,,,,610.0077694753367,,,,,,4006.8372564999863,,,,,
