index,bin_size,m,n,a,b,corr
721,1,0.09285212199708966,16.0,26862.413015927123,-26959.67056615215,10.769813101647197
721,2,0.0936664420130498,16.0,26367.2186197309,-26465.66062123263,10.676182189782313
721,4,0.09017623803050129,16.0,28606.614646641505,-28704.985293941885,11.08939585239472
721,8,0.09145630754108315,16.0,27778.61998763272,-27877.262318287525,10.934182965464567
721,16,0.09186954214925154,16.0,27513.497552308585,-27610.814105452722,10.885000366883258
721,32,0.09233171896387006,16.0,27227.692226264357,-27325.306118545384,10.83051427203804
