index,bin_size,m12,m23,m34,m13,m24,m14,m12_err,m23_err,m34_err,m13_err,m24_err,m14_err,corr12,corr23,corr34,corr13,corr24,corr14,corr12_err,corr23_err,corr34_err,corr13_err,corr24_err,corr14_err
1582,1,0.07843356442917813,,,,,,0.06583398065709324,,,,,,12.74964369243927,,,,,,10.701538331727617,,,,,
1582,2,0.08044775910984395,,,,,,0.06638030629885491,,,,,,12.430427038180055,,,,,,10.256787303339474,,,,,
1582,4,0.0820364185438535,,,,,,0.06832261380260157,,,,,,12.189708153403096,,,,,,10.151987828261701,,,,,
1582,8,0.07760801689200661,,,,,,0.06429157979935013,,,,,,12.885266755257046,,,,,,10.674337381720235,,,,,
1582,16,0.07720433862383208,,,,,,0.06493743847084192,,,,,,12.952639939995699,,,,,,10.894611289096634,,,,,
1582,32,0.08182403918293521,,,,,,0.06527238532309025,,,,,,12.221347295802463,,,,,,9.749170266154412,,,,,
