index,bin_size,m,n,a,b,corr
1290,1,0.15281505279041654,16.0,6566.578957483978,-6525.964556510955,6.543857962549569
1290,2,0.15359302404035538,16.0,6492.7167696962515,-6452.016944354233,6.510712359809113
1290,4,0.15236863080415075,16.0,6613.496537986963,-6573.584945158535,6.563030688943872
1290,8,0.15223831725115447,16.0,6627.8341918241695,-6586.8698838872415,6.568648537741353
1290,16,0.15239740362589774,16.0,6608.145036197857,-6566.3096904661525,6.561791580483753
1290,32,0.1529487403141516,16.0,6553.223283628253,-6512.694192889378,6.538138188951629
