index,bin_size,m12,m23,m34,m13,m24,m14,m12_err,m23_err,m34_err,m13_err,m24_err,m14_err,corr12,corr23,corr34,corr13,corr24,corr14,corr12_err,corr23_err,corr34_err,corr13_err,corr24_err,corr14_err
1932,1,0.1744187641917169,,,,,,0.05452932697415747,,,,,,5.73332808906285,,,,,,1.7924362867001469,,,,,
1932,2,0.1753010480726866,,,,,,0.05267270450425001,,,,,,5.7044724546390695,,,,,,1.7140227925576974,,,,,
1932,4,0.17342187616345817,,,,,,0.057512559829118744,,,,,,5.76628521223847,,,,,,1.9122952109458635,,,,,
1932,8,0.17481853107721626,,,,,,0.0577059006546992,,,,,,5.720217381064175,,,,,,1.8881882480134446,,,,,
1932,16,0.17572294681354114,,,,,,0.04904955396854049,,,,,,5.690776407597442,,,,,,1.5884666720478537,,,,,
1932,32,0.178482017523026,,,,,,0.04910582958596191,,,,,,5.602805335114446,,,,,,1.5415020953242726,,,,,
