index,bin_size,m,n,a,b,corr
738,1,-2.704488367371721e-7,16.0,3258988065932282.5,-3258988065932216.0,-3697557.039122417
738,2,1.0873195060768538e-6,16.0,201638835302849.97,-201638835302782.47,919692.8726203851
738,4,-0.000024489676055171065,16.0,397536089213.422,-397536089146.5304,-40833.53318954365
738,8,-0.000046962685148538336,16.0,108152854435.02158,-108152854367.29463,-21293.50135830391
738,16,-0.00004544936716640741,16.0,115478518405.06946,-115478518338.57799,-22002.50657701393
738,32,0.00003175850582470542,16.0,236871837988.74408,-236871837920.88992,31487.627457022394
