index,bin_size,m,n,a,b,corr
15,1,0.199114053187429,16.0,3569.3020306983226,-3587.775839896682,5.022247219580655
15,2,0.19906125342132724,16.0,3568.873585180901,-3585.501237940608,5.02357933958865
15,4,0.19961187056486468,16.0,3544.1733793974536,-3560.94587682666,5.009722103050209
15,8,0.19929999027354248,16.0,3569.2369532755415,-3587.1856596768093,5.017561710000506
15,16,0.1992810878821839,16.0,3565.9031693126108,-3584.182005302995,5.018037640336476
15,32,0.1970101984145437,16.0,3664.0169134994567,-3681.531197783031,5.075879360802562
