index,bin_size,m12,m23,m34,m13,m24,m14,m12_err,m23_err,m34_err,m13_err,m24_err,m14_err,corr12,corr23,corr34,corr13,corr24,corr14,corr12_err,corr23_err,corr34_err,corr13_err,corr24_err,corr14_err
1841,1,0.038035861604345744,,,,,,0.054677750500890965,,,,,,26.290977982887238,,,,,,37.79410992515764,,,,,
1841,2,0.037292965828493396,,,,,,0.05282656683301589,,,,,,26.814708291072893,,,,,,37.98381137506365,,,,,
1841,4,0.03630570926196821,,,,,,0.051310122249611914,,,,,,27.543877266916336,,,,,,38.92720287038311,,,,,
1841,8,0.03235909434593072,,,,,,0.04920509720114214,,,,,,30.903213461712777,,,,,,46.99129110213933,,,,,
1841,16,0.03141917102866681,,,,,,0.04654738464283793,,,,,,31.827701599370695,,,,,,47.15262115896249,,,,,
1841,32,0.03449174754555342,,,,,,0.051208093054127435,,,,,,28.992442284325985,,,,,,43.043562243443965,,,,,
