index,bin_size,m12,m23,m34,m13,m24,m14,m12_err,m23_err,m34_err,m13_err,m24_err,m14_err,corr12,corr23,corr34,corr13,corr24,corr14,corr12_err,corr23_err,corr34_err,corr13_err,corr24_err,corr14_err
2189,1,0.21948526444047095,,,,,,0.03129867312441135,,,,,,4.556114518891637,,,,,,0.6497034751180312,,,,,
2189,2,0.21913840142483745,,,,,,0.03216723402436454,,,,,,4.563326160535999,,,,,,0.6698487329515997,,,,,
2189,4,0.21902344454202666,,,,,,0.03209990442604441,,,,,,4.565721272857244,,,,,,0.6691485324830296,,,,,
2189,8,0.21959791899235562,,,,,,0.031169230888461352,,,,,,4.553777215142056,,,,,,0.6463528164778204,,,,,
2189,16,0.21904096225665592,,,,,,0.029216714253247733,,,,,,4.5653561310978645,,,,,,0.6089486832618486,,,,,
2189,32,0.21928535693708429,,,,,,0.02117242466459649,,,,,,4.560268017745082,,,,,,0.4403026832465538,,,,,
