index,bin_size,m,n,a,b,corr
425,1,0.04224446209781962,36.0,65027.910561394645,-65023.17028822518,23.67174181752958
425,2,0.042998136962067224,36.0,62551.6434275298,-62542.596102493146,23.25682158932132
425,4,0.042630355242173776,36.0,63792.108766635014,-63784.379463937716,23.457463451083566
425,8,0.042168881553732725,36.0,65254.30754262492,-65247.02303108706,23.714169386393923
425,16,0.0422376936552176,36.0,64991.21518680056,-64988.415072412645,23.675535131319144
425,32,0.04320054768900128,36.0,61940.65048798174,-61928.64074114217,23.147854679967327
