index,bin_size,m12,m23,m34,m13,m24,m14,m12_err,m23_err,m34_err,m13_err,m24_err,m14_err,corr12,corr23,corr34,corr13,corr24,corr14,corr12_err,corr23_err,corr34_err,corr13_err,corr24_err,corr14_err
356,1,0.23119246310650768,,,,,,0.029632821135480554,,,,,,4.325400519390252,,,,,,0.5544031072992109,,,,,
356,2,0.2298016559552823,,,,,,0.02963632049327454,,,,,,4.351578737946921,,,,,,0.5612004038587508,,,,,
356,4,0.23021375277587977,,,,,,0.030212459153388743,,,,,,4.343789143533623,,,,,,0.5700639101162036,,,,,
356,8,0.23035039019379888,,,,,,0.03170678140851542,,,,,,4.3412125291330215,,,,,,0.5975500045531703,,,,,
356,16,0.23008650414264262,,,,,,0.030356763357603338,,,,,,4.346191462755451,,,,,,0.573420445642083,,,,,
356,32,0.22971027765004134,,,,,,0.0336331299881288,,,,,,4.353309787572842,,,,,,0.6373917417273401,,,,,
