index,bin_size,m12,m23,m34,m13,m24,m14,m12_err,m23_err,m34_err,m13_err,m24_err,m14_err,corr12,corr23,corr34,corr13,corr24,corr14,corr12_err,corr23_err,corr34_err,corr13_err,corr24_err,corr14_err
338,1,0.19053368823185998,,,,,,0.033058043443380467,,,,,,5.248415696352356,,,,,,0.9106124786069406,,,,,
338,2,0.19097478614737973,,,,,,0.029206901801849802,,,,,,5.236293335751016,,,,,,0.8008172615254887,,,,,
338,4,0.1917184128411039,,,,,,0.028064623969297205,,,,,,5.215983093020905,,,,,,0.7635396202511175,,,,,
338,8,0.19180442260874583,,,,,,0.028315463887159355,,,,,,5.213644119353076,,,,,,0.7696733462876436,,,,,
338,16,0.19165196986086033,,,,,,0.026569785876575134,,,,,,5.2177913993057405,,,,,,0.7233716425082328,,,,,
338,32,0.19094734309460035,,,,,,0.02444436528548771,,,,,,5.237045898588773,,,,,,0.6704270448976426,,,,,
