index,bin_size,m12,m23,m34,m13,m24,m14,m12_err,m23_err,m34_err,m13_err,m24_err,m14_err,corr12,corr23,corr34,corr13,corr24,corr14,corr12_err,corr23_err,corr34_err,corr13_err,corr24_err,corr14_err
1997,1,0.08528491835980756,,,,,,0.06521765836424019,,,,,,11.725402559232238,,,,,,8.96645401083692,,,,,
1997,2,0.08346315195683608,,,,,,0.0624185579471451,,,,,,11.981335194687608,,,,,,8.960333363884226,,,,,
1997,4,0.08471377297437452,,,,,,0.06152641920234397,,,,,,11.804455933068816,,,,,,8.573409950862255,,,,,
1997,8,0.0875448602781171,,,,,,0.06406738528962695,,,,,,11.422715129399345,,,,,,8.359411265538418,,,,,
1997,16,0.08492764734161648,,,,,,0.06132588966243505,,,,,,11.774728622559843,,,,,,8.50248100489153,,,,,
1997,32,0.08368402842380154,,,,,,0.0576814143356172,,,,,,11.949711537973457,,,,,,8.236652505807278,,,,,
