index,bin_size,m12,m23,m34,m13,m24,m14,m12_err,m23_err,m34_err,m13_err,m24_err,m14_err,corr12,corr23,corr34,corr13,corr24,corr14,corr12_err,corr23_err,corr34_err,corr13_err,corr24_err,corr14_err
1152,1,0.08574476022573584,,,,,,0.0665489591874555,,,,,,11.662520221263097,,,,,,9.051615284530955,,,,,
1152,2,0.08171402099166608,,,,,,0.06762289820045041,,,,,,12.237801883497923,,,,,,10.127461859323528,,,,,
1152,4,0.08351272469255906,,,,,,0.06670869119390811,,,,,,11.974223134035759,,,,,,9.564826872503097,,,,,
1152,8,0.08676605062572139,,,,,,0.06970096313056855,,,,,,11.525245102069388,,,,,,9.258467777856463,,,,,
1152,16,0.08632769543837837,,,,,,0.06984492976361117,,,,,,11.583768047113114,,,,,,9.372049856538796,,,,,
1152,32,0.08507096942778475,,,,,,0.06956078959659161,,,,,,11.754891318699293,,,,,,9.611733911707175,,,,,
