index,bin_size,m12,m23,m34,m13,m24,m14,m12_err,m23_err,m34_err,m13_err,m24_err,m14_err,corr12,corr23,corr34,corr13,corr24,corr14,corr12_err,corr23_err,corr34_err,corr13_err,corr24_err,corr14_err
2966,1,0.1729080134482749,,,,,,0.03149869093051722,,,,,,5.783421948220741,,,,,,1.0535672513655405,,,,,
2966,2,0.17139612129121004,,,,,,0.033690834854482946,,,,,,5.834437748453789,,,,,,1.1468583837900348,,,,,
2966,4,0.17188545957106105,,,,,,0.03267343552961347,,,,,,5.817827770280819,,,,,,1.1059016920281073,,,,,
2966,8,0.17294321500593485,,,,,,0.03140089974301632,,,,,,5.782244767253132,,,,,,1.0498688151475934,,,,,
2966,16,0.1719317293946299,,,,,,0.028906511703742633,,,,,,5.816262091476607,,,,,,0.9778756301194654,,,,,
2966,32,0.17118954420008092,,,,,,0.03197318272631029,,,,,,5.841478255419803,,,,,,1.0910167003775302,,,,,
