index,bin_size,m,n,a,b,corr
1687,1,0.05979417020836073,16.0,70801.39064546075,-70780.88301330539,16.724038422397488
1687,2,0.05892796263159432,16.0,73005.50743818341,-72983.93436510074,16.96987228714825
1687,4,0.060578965307405384,16.0,69051.36679555186,-69031.81137767741,16.507379994450922
1687,8,0.05865637494848193,16.0,73721.22323169296,-73701.01687995502,17.048445303316186
1687,16,0.060433606037824036,16.0,69384.34090958475,-69362.88629724574,16.547084735835927
1687,32,0.06238534013089445,16.0,64888.7540937736,-64865.58831622319,16.02940687510623
