index,bin_size,m,n,a,b,corr
1511,1,0.23440286374523234,16.0,2290.648466387591,-2309.6503349584546,4.266159482961264
1511,2,0.23333144364959704,16.0,2321.7014009862996,-2340.2945029710772,4.2857489944721685
1511,4,0.2341563113555047,16.0,2300.2847578596616,-2319.5962620183527,4.270651490071362
1511,8,0.23285463270780857,16.0,2331.541787427105,-2350.060108874119,4.2945248216505245
1511,16,0.23528691885255487,16.0,2268.2018378467,-2288.4456631612147,4.250130032204047
1511,32,0.23398292397501644,16.0,2304.379186218343,-2325.2220579838854,4.273816152954714
