index,bin_size,m,n,a,b,corr
22,1,0.00003834359107778722,16.0,170964235688.47668,-170964235688.06097,26079.977693568424
22,2,-1.1384240196487874e-6,16.0,193946176118670.3,-193946176118667.94,-878407.3269189346
22,4,-4.551897829868994e-6,16.0,12127337181046.107,-12127337181043.697,-219688.58647004838
22,8,-2.48840867848271e-6,16.0,40595290601864.09,-40595290601862.11,-401863.2504568112
22,16,5.504372357479411e-6,16.0,8295539718292.154,-8295539718289.25,181673.75588993126
22,32,0.0031846549085674638,16.0,24720263.170025036,-24720263.38660947,314.00576474071556
