index,bin_size,m12,m23,m34,m13,m24,m14,m12_err,m23_err,m34_err,m13_err,m24_err,m14_err,corr12,corr23,corr34,corr13,corr24,corr14,corr12_err,corr23_err,corr34_err,corr13_err,corr24_err,corr14_err
2118,1,0.17200003711968667,,,,,,0.033214324766138975,,,,,,5.813952233650667,,,,,,1.122711953421956,,,,,
2118,2,0.17236800984306994,,,,,,0.03212846313518438,,,,,,5.8015405579633725,,,,,,1.0813757269316018,,,,,
2118,4,0.1731106326101023,,,,,,0.0348001064476695,,,,,,5.776652681134287,,,,,,1.1612696758347885,,,,,
2118,8,0.17211008293077643,,,,,,0.03472795876113152,,,,,,5.810234839072184,,,,,,1.1723752173482158,,,,,
2118,16,0.17239296094619505,,,,,,0.03605941669650469,,,,,,5.800700878454697,,,,,,1.213331965295625,,,,,
2118,32,0.17120216917693898,,,,,,0.040175890420899064,,,,,,5.841047486766894,,,,,,1.3707144301955765,,,,,
