index,bin_size,m,n,a,b,corr
2149,1,0.10944017695142005,24.0,10802.02440599408,-10830.09795170556,9.137412126479793
2149,2,0.10751762858452041,24.0,11281.436974601074,-11305.177207127901,9.300800372600225
2149,4,0.1086262722533314,24.0,11011.379563779874,-11036.184494502937,9.20587606714389
2149,8,0.10828433870725418,24.0,11098.662795553177,-11122.549034854053,9.234945809693604
2149,16,0.10869354036334593,24.0,10992.33914239667,-11018.16637851271,9.200178747119217
2149,32,0.10815665310752337,24.0,11108.69311176749,-11133.690429692093,9.245848232802242
