index,bin_size,m12,m23,m34,m13,m24,m14,m12_err,m23_err,m34_err,m13_err,m24_err,m14_err,corr12,corr23,corr34,corr13,corr24,corr14,corr12_err,corr23_err,corr34_err,corr13_err,corr24_err,corr14_err
934,1,0.15651090962766176,,,,,,0.06529435678427098,,,,,,6.389330957049526,,,,,,2.6655474440399365,,,,,
934,2,0.15664504217939496,,,,,,0.06478345878953674,,,,,,6.38385987891508,,,,,,2.640163503612455,,,,,
934,4,0.15583392878956603,,,,,,0.064971684019045,,,,,,6.417087779070072,,,,,,2.6754699874584165,,,,,
934,8,0.1531261920756667,,,,,,0.0708832649419,,,,,,6.530561404582268,,,,,,3.0230459465197677,,,,,
934,16,0.1546510936078536,,,,,,0.070854941616829,,,,,,6.466168306159442,,,,,,2.9625395277143434,,,,,
934,32,0.1554717287126987,,,,,,0.06522665148023628,,,,,,6.432037569016376,,,,,,2.698498796506595,,,,,
