index,bin_size,m,n,a,b,corr
1205,1,0.2006371387707486,16.0,3598.8864485198405,-3567.0040422806183,4.984122112818889
1205,2,0.20022200115429328,16.0,3616.1944167627216,-3585.1244578788064,4.994456124876052
1205,4,0.2016289084310202,16.0,3549.3480092005248,-3518.1383536368726,4.959606277599389
1205,8,0.19954654789354992,16.0,3649.5007318752396,-3618.3810218515023,5.011362063419207
1205,16,0.200019726914185,16.0,3623.325323872605,-3591.1936186728763,4.999506875784471
1205,32,0.20082802017075174,16.0,3585.956577601566,-3554.682949616409,4.979384844553869
