index,bin_size,m,n,a,b,corr
2179,1,0.000017879003649438895,24.0,553545832638.8983,-553545832565.0247,55931.528378617644
2179,2,-7.143048694401059e-6,24.0,3462566047695.2925,-3462566047622.4307,-139996.24569041937
2179,4,-0.000018262707101574215,24.0,530528545940.8021,-530528545862.02454,-54756.39479066067
2179,8,2.1715837805269664e-6,24.0,37481461867641.74,-37481461867565.28,460493.4007000805
2179,16,0.00001728304987002141,24.0,592005801996.0294,-592005801921.8888,57860.15821979233
2179,32,1.7190888714224356e-6,24.0,59839023678513.914,-59839023678439.69,581703.4922531749
