index,bin_size,m,n,a,b,corr
187,1,0.0868434441733997,24.0,23072.024819799324,-23089.29231061352,11.514973980111924
187,2,0.0865101305253179,24.0,23235.390952147063,-23251.750594570476,11.559339859131779
187,4,0.08622740015514645,24.0,23409.9269775368,-23427.0880595116,11.597241691164632
187,8,0.0871231648450534,24.0,22864.05737396019,-22882.087214008483,11.47800360304263
187,16,0.085514857173763,24.0,23841.567601486528,-23856.29002263968,11.693874410244728
187,32,0.08661840864821502,24.0,23190.928363719802,-23207.966225229786,11.544890002093192
