index,bin_size,m12,m23,m34,m13,m24,m14,m12_err,m23_err,m34_err,m13_err,m24_err,m14_err,corr12,corr23,corr34,corr13,corr24,corr14,corr12_err,corr23_err,corr34_err,corr13_err,corr24_err,corr14_err
1447,1,0.08591264342679714,,,,,,0.06603178877236018,,,,,,11.639730313409126,,,,,,8.946206085221405,,,,,
1447,2,0.08392219019884545,,,,,,0.06438857964049677,,,,,,11.915799595203575,,,,,,9.14229489719061,,,,,
1447,4,0.0869156443587685,,,,,,0.06659113375293631,,,,,,11.50540857606971,,,,,,8.81496314068279,,,,,
1447,8,0.08317730837221193,,,,,,0.06436026266072639,,,,,,12.022509739376014,,,,,,9.302680019468927,,,,,
1447,16,0.08410201127972451,,,,,,0.06815610757042354,,,,,,11.890322059884936,,,,,,9.635894041405287,,,,,
1447,32,0.0837501303860835,,,,,,0.06616791581322688,,,,,,11.940279918252722,,,,,,9.43357858399934,,,,,
