index,bin_size,m12,m23,m34,m13,m24,m14,m12_err,m23_err,m34_err,m13_err,m24_err,m14_err,corr12,corr23,corr34,corr13,corr24,corr14,corr12_err,corr23_err,corr34_err,corr13_err,corr24_err,corr14_err
579,1,0.032325163359637685,,,,,,0.05005007303948477,,,,,,30.935651859647972,,,,,,47.8986484267162,,,,,
579,2,0.033441940696994875,,,,,,0.05210359825086723,,,,,,29.902570818501,,,,,,46.58914836049836,,,,,
579,4,0.03472120971792594,,,,,,0.05317809589794028,,,,,,28.800839836053235,,,,,,44.11061236590883,,,,,
579,8,0.034124977501086194,,,,,,0.051701936737035874,,,,,,29.3040486244473,,,,,,44.3978627699307,,,,,
579,16,0.03564237431185088,,,,,,0.054362773373746,,,,,,28.056492287818934,,,,,,42.79256815385118,,,,,
579,32,0.025061851734463823,,,,,,0.04077133728030808,,,,,,39.9012814613714,,,,,,64.9125460326997,,,,,
