index,bin_size,m,n,a,b,corr
2028,1,0.13365951078770807,16.0,12295.095937874885,-12257.819687584768,7.4816972926700585
2028,2,0.13431717350063527,16.0,12164.34482692441,-12127.926126147253,7.445064349833645
2028,4,0.13417952489362264,16.0,12185.519355282211,-12149.705832171505,7.452701899136986
2028,8,0.13309989714279244,16.0,12397.290639553376,-12358.147110645965,7.513153815041483
2028,16,0.13365736846467052,16.0,12291.546415238121,-12253.05116286415,7.481817212826008
2028,32,0.1345227090940748,16.0,12116.302969954526,-12079.022009621474,7.433689127541115
