index,bin_size,m,n,a,b,corr
2249,1,0.06843936874737665,24.0,32363.582723464802,-32405.175101676494,14.611473166726586
2249,2,0.06814229738393959,24.0,32634.05484499806,-32673.52194557376,14.67517295998431
2249,4,0.0711380915214778,24.0,29770.365094517467,-29812.437613069236,14.057166542035821
2249,8,0.06842398147021835,24.0,32403.243418253925,-32444.892534215476,14.614759014502127
2249,16,0.06831303305739804,24.0,32461.688425909968,-32504.280720580093,14.638495104730294
2249,32,0.07082062733380162,24.0,30054.426229823468,-30095.38349543346,14.120179919992252
