index,bin_size,m12,m23,m34,m13,m24,m14,m12_err,m23_err,m34_err,m13_err,m24_err,m14_err,corr12,corr23,corr34,corr13,corr24,corr14,corr12_err,corr23_err,corr34_err,corr13_err,corr24_err,corr14_err
1887,1,0.014340282892755027,,,,,,0.03552979522974347,,,,,,69.7336313013196,,,,,,172.77355400108982,,,,,
1887,2,0.0164121477328394,,,,,,0.03790814705970202,,,,,,60.930477611962985,,,,,,140.73487171398816,,,,,
1887,4,0.013368511016890256,,,,,,0.03319493081494837,,,,,,74.80264621367063,,,,,,185.7401069349203,,,,,
1887,8,0.014909093026124991,,,,,,0.03612973777822129,,,,,,67.07316120757407,,,,,,162.54078783596287,,,,,
1887,16,0.012666182670494698,,,,,,0.03221612153921076,,,,,,78.95038513296157,,,,,,200.8083468538551,,,,,
1887,32,0.014623356612437601,,,,,,0.034321142598128754,,,,,,68.38375254758337,,,,,,160.4972500352319,,,,,
