index,bin_size,m12,m23,m34,m13,m24,m14,m12_err,m23_err,m34_err,m13_err,m24_err,m14_err,corr12,corr23,corr34,corr13,corr24,corr14,corr12_err,corr23_err,corr34_err,corr13_err,corr24_err,corr14_err
1107,1,0.0030333460858834463,,,,,,0.016085302343383227,,,,,,329.6689436967939,,,,,,1748.1765952342007,,,,,
1107,2,0.0036665159218962806,,,,,,0.017733189228701013,,,,,,272.7384856091969,,,,,,1319.1060064334429,,,,,
1107,4,0.0016862632908859832,,,,,,0.011720809229387782,,,,,,593.0272012709165,,,,,,4121.988974973268,,,,,
1107,8,0.002723669691798825,,,,,,0.015559331443731901,,,,,,367.1517155736892,,,,,,2097.4038261493274,,,,,
1107,16,0.002840783953835838,,,,,,0.015655091483102217,,,,,,352.0155056669218,,,,,,1939.8993497006377,,,,,
1107,32,0.0025334677094026115,,,,,,0.01415848659005448,,,,,,394.71590511639033,,,,,,2205.901353599415,,,,,
