index,bin_size,m,n,a,b,corr
1723,1,0.09601224882799904,16.0,24095.954442907394,-24072.32148616153,10.41533775332612
1723,2,0.09597827324353232,16.0,24095.378641574298,-24073.83332774806,10.419024704295635
1723,4,0.09539020710446941,16.0,24415.180223297037,-24393.377959678393,10.483256409170183
1723,8,0.09416736102345012,16.0,25140.785461058753,-25118.70753447658,10.61939072234353
1723,16,0.09437317089181459,16.0,24959.265894107088,-24936.559683636337,10.596231858589956
1723,32,0.09629717333172785,16.0,23950.494572955897,-23928.65991197944,10.384520805768256
