index,bin_size,m12,m23,m34,m13,m24,m14,m12_err,m23_err,m34_err,m13_err,m24_err,m14_err,corr12,corr23,corr34,corr13,corr24,corr14,corr12_err,corr23_err,corr34_err,corr13_err,corr24_err,corr14_err
1873,1,0.13886805403559063,,,,,,0.06369408324997593,,,,,,7.20108024084293,,,,,,3.302892141287256,,,,,
1873,2,0.140224357832946,,,,,,0.06498868627861021,,,,,,7.131428629477723,,,,,,3.305147444294699,,,,,
1873,4,0.1404384075526537,,,,,,0.06852857881728457,,,,,,7.120559236084162,,,,,,3.474560936260892,,,,,
1873,8,0.13795106072278934,,,,,,0.07198678020423682,,,,,,7.248947523567691,,,,,,3.7827066305761923,,,,,
1873,16,0.13866224064928498,,,,,,0.06897672510544667,,,,,,7.211768649615836,,,,,,3.5874523687151663,,,,,
1873,32,0.13607659913654355,,,,,,0.07223738088931186,,,,,,7.348802118405152,,,,,,3.9011719948610346,,,,,
