index,bin_size,m12,m23,m34,m13,m24,m14,m12_err,m23_err,m34_err,m13_err,m24_err,m14_err,corr12,corr23,corr34,corr13,corr24,corr14,corr12_err,corr23_err,corr34_err,corr13_err,corr24_err,corr14_err
826,1,0.11476173274015376,,,,,,0.06822903462673345,,,,,,8.713706007421688,,,,,,5.180540017234608,,,,,
826,2,0.11685590103085501,,,,,,0.06936212042992503,,,,,,8.557548152711233,,,,,,5.079501166111508,,,,,
826,4,0.11679590677091549,,,,,,0.07132992802059322,,,,,,8.561943886966935,,,,,,5.228974696618322,,,,,
826,8,0.11755899542072006,,,,,,0.07088783183874196,,,,,,8.506367347060092,,,,,,5.129321970632301,,,,,
826,16,0.11630991949199478,,,,,,0.07561600318901923,,,,,,8.597718959549505,,,,,,5.5895932789148945,,,,,
826,32,0.11793401765663304,,,,,,0.07131470186818879,,,,,,8.479317671611236,,,,,,5.127443496050603,,,,,
