index,bin_size,m,n,a,b,corr
1607,1,0.16904570508573352,16.0,6294.648606005244,-6344.02716713718,5.915559933882013
1607,2,0.16845024265954897,16.0,6356.4892967056285,-6407.456408934195,5.936471115812386
1607,4,0.16955719285547854,16.0,6259.119882383876,-6310.901825260648,5.8977150019955
1607,8,0.1698982851024768,16.0,6230.680982185479,-6282.116425462847,5.885874594889728
1607,16,0.16820061831834776,16.0,6387.036719239227,-6437.159411059565,5.945281355074052
1607,32,0.16898108181249077,16.0,6305.941534820284,-6356.48916094473,5.917822215800738
