index,bin_size,m12,m23,m34,m13,m24,m14,m12_err,m23_err,m34_err,m13_err,m24_err,m14_err,corr12,corr23,corr34,corr13,corr24,corr14,corr12_err,corr23_err,corr34_err,corr13_err,corr24_err,corr14_err
1563,1,0.2399079540577392,,,,,,0.04627857424542819,,,,,,4.1682652996129,,,,,,0.8040641082552499,,,,,
1563,2,0.24066348125047649,,,,,,0.051714924892828106,,,,,,4.155179650872021,,,,,,0.8928849630385242,,,,,
1563,4,0.24126794759919898,,,,,,0.04845142806714617,,,,,,4.14476937343218,,,,,,0.8323525654778128,,,,,
1563,8,0.24201768693963188,,,,,,0.041338134755582935,,,,,,4.131929416586139,,,,,,0.7057593896680798,,,,,
1563,16,0.24040845789573217,,,,,,0.05015446907823551,,,,,,4.159587431960115,,,,,,0.8677810300873119,,,,,
1563,32,0.23981850028181115,,,,,,0.043309351104188945,,,,,,4.16982008821212,,,,,,0.7530369926818181,,,,,
