index,bin_size,m12,m23,m34,m13,m24,m14,m12_err,m23_err,m34_err,m13_err,m24_err,m14_err,corr12,corr23,corr34,corr13,corr24,corr14,corr12_err,corr23_err,corr34_err,corr13_err,corr24_err,corr14_err
832,1,0.3445726291200827,,,,,,0.04096657301630868,,,,,,2.902145775634148,,,,,,0.34503891712204143,,,,,
832,2,0.3441446461804321,,,,,,0.0416633042869443,,,,,,2.905754923398426,,,,,,0.3517804298293883,,,,,
832,4,0.3429931139512201,,,,,,0.040312393297256485,,,,,,2.915510426667686,,,,,,0.3426634477530499,,,,,
832,8,0.3432207766906755,,,,,,0.04323980122271251,,,,,,2.9135765312402415,,,,,,0.3670595681086311,,,,,
832,16,0.34447213956392847,,,,,,0.0407663811816189,,,,,,2.902992390809638,,,,,,0.3435531666534734,,,,,
832,32,0.34476048078158583,,,,,,0.03474777012558797,,,,,,2.9005644664752754,,,,,,0.29234251874530637,,,,,
