index,bin_size,m12,m23,m34,m13,m24,m14,m12_err,m23_err,m34_err,m13_err,m24_err,m14_err,corr12,corr23,corr34,corr13,corr24,corr14,corr12_err,corr23_err,corr34_err,corr13_err,corr24_err,corr14_err
83,1,0.16710808187928375,,,,,,0.05579283678885507,,,,,,5.984151028209301,,,,,,1.9979450298395816,,,,,
83,2,0.16874468790288594,,,,,,0.056236035327447906,,,,,,5.926112474577622,,,,,,1.974942587031668,,,,,
83,4,0.165849309116594,,,,,,0.05659272141633086,,,,,,6.0295698868241185,,,,,,2.0574687388383777,,,,,
83,8,0.1662367200072063,,,,,,0.0544828479483161,,,,,,6.015518111501781,,,,,,1.9715412971639819,,,,,
83,16,0.1692024947256488,,,,,,0.03869046771640744,,,,,,5.910078345011621,,,,,,1.3514203545277192,,,,,
83,32,0.17100593948343626,,,,,,0.037175037032612226,,,,,,5.847750101667438,,,,,,1.2712443044003476,,,,,
