index,bin_size,m,n,a,b,corr
521,1,0.17694515141017225,54.0,193.11134639733635,-226.2059423030754,5.651468785838185
521,2,0.17681792322466433,54.0,193.8657773226491,-229.99100974437786,5.655535263409937
521,4,0.17592498788353073,54.0,198.73966350481726,-231.12075283331316,5.684240834861045
521,8,0.17684497921601075,54.0,193.5835148520723,-229.4389792504912,5.654670007784222
521,16,0.17695865994092844,54.0,192.72285292064103,-229.19798522616506,5.651037368466825
521,32,0.17668861586827875,54.0,194.6140148048972,-223.6739376985398,5.659674196245327
