index,bin_size,m12,m23,m34,m13,m24,m14,m12_err,m23_err,m34_err,m13_err,m24_err,m14_err,corr12,corr23,corr34,corr13,corr24,corr14,corr12_err,corr23_err,corr34_err,corr13_err,corr24_err,corr14_err
2694,1,0.07389291920171705,,,,,,0.06728074674145684,,,,,,13.533096415776237,,,,,,12.322112083459285,,,,,
2694,2,0.07548391393941165,,,,,,0.06654061868473486,,,,,,13.247855706086806,,,,,,11.678256583736204,,,,,
2694,4,0.07545124680816484,,,,,,0.06823068670915178,,,,,,13.253591455453412,,,,,,11.985244573457136,,,,,
2694,8,0.07394239241882114,,,,,,0.06857934418116958,,,,,,13.524041720693123,,,,,,12.54314178300558,,,,,
2694,16,0.0723794663078786,,,,,,0.07031373114040136,,,,,,13.816073135249805,,,,,,13.421757597877345,,,,,
2694,32,0.07881913667836864,,,,,,0.07324972559931378,,,,,,12.687274209569502,,,,,,11.790783223704954,,,,,
