index,bin_size,m,n,a,b,corr
332,1,0.12239264613000292,24.0,7460.070201398965,-7462.4592920715495,8.17042552489486
332,2,0.120497982209112,24.0,7744.769663918281,-7746.429140757822,8.298894152970973
332,4,0.1198938214982156,24.0,7839.587824611393,-7841.247842282817,8.340713370412361
332,8,0.11989128261424066,24.0,7831.870039996386,-7831.8360847908,8.340889997962373
332,16,0.12170793017291351,24.0,7552.095239771601,-7552.842651823488,8.216391475717932
332,32,0.12118418374490077,24.0,7632.612448953051,-7634.1778014740785,8.251901932227838
