index,bin_size,m,n,a,b,corr
100,1,0.19098726102118121,16.0,4143.124088264007,-4164.086679544367,5.235951312423378
100,2,0.19015112892223668,16.0,4190.980983260362,-4212.272351664272,5.258974825276769
100,4,0.18793990618781375,16.0,4315.39733763742,-4335.724296237156,5.320849734811889
100,8,0.18843733344386743,16.0,4286.898496585678,-4308.240511714148,5.306804027227888
100,16,0.1883265632091599,16.0,4295.407986507995,-4317.298196047792,5.3099253921464955
100,32,0.18919981082881057,16.0,4249.434553053792,-4271.058366292022,5.285417546769154
