index,bin_size,m12,m23,m34,m13,m24,m14,m12_err,m23_err,m34_err,m13_err,m24_err,m14_err,corr12,corr23,corr34,corr13,corr24,corr14,corr12_err,corr23_err,corr34_err,corr13_err,corr24_err,corr14_err
1182,1,0.14101059515780376,,,,,,0.061587453311478864,,,,,,7.091665692786478,,,,,,3.0973390989970073,,,,,
1182,2,0.14293820108149954,,,,,,0.06509614218966678,,,,,,6.996030399387961,,,,,,3.186094313458757,,,,,
1182,4,0.14555477247489107,,,,,,0.06327495049876104,,,,,,6.870265969276308,,,,,,2.986612748779993,,,,,
1182,8,0.14342343861512363,,,,,,0.06540570898508406,,,,,,6.972361070518585,,,,,,3.179621291475439,,,,,
1182,16,0.14455844280197547,,,,,,0.06126710040278829,,,,,,6.917617405230755,,,,,,2.9318409350529935,,,,,
1182,32,0.14246544775104197,,,,,,0.0632591540618328,,,,,,7.019245829680033,,,,,,3.116766629011342,,,,,
