index,bin_size,m12,m23,m34,m13,m24,m14,m12_err,m23_err,m34_err,m13_err,m24_err,m14_err,corr12,corr23,corr34,corr13,corr24,corr14,corr12_err,corr23_err,corr34_err,corr13_err,corr24_err,corr14_err
820,1,0.08212801543757874,,,,,,0.06738241617196343,,,,,,12.176113043423634,,,,,,9.989963985826854,,,,,
820,2,0.0826402748800111,,,,,,0.0669721471329193,,,,,,12.10063738839134,,,,,,9.806425120851923,,,,,
820,4,0.08076627500221877,,,,,,0.06571832580306072,,,,,,12.381405481093793,,,,,,10.07456688183243,,,,,
820,8,0.08204644423457788,,,,,,0.06565836805370835,,,,,,12.188218628231024,,,,,,9.753726100834406,,,,,
820,16,0.08338025938484334,,,,,,0.06466463411178858,,,,,,11.993246451590887,,,,,,9.301229083794466,,,,,
820,32,0.08276665990501066,,,,,,0.06642678548407877,,,,,,12.082159666074196,,,,,,9.696887964837535,,,,,
