index,bin_size,m,n,a,b,corr
314,1,0.14881755567512886,24.0,4842.852609686794,-4914.491287232229,6.719637313375959
314,2,0.1478224845939144,24.0,4936.354473108749,-5009.947372543691,6.764870734970506
314,4,0.1490395916920098,24.0,4824.27907929922,-4895.403276415476,6.709626540486632
314,8,0.1485721862312169,24.0,4867.566280490344,-4940.2626183266675,6.730734906490104
314,16,0.14790134681579412,24.0,4916.761342156174,-4984.868361430714,6.761263649921083
314,32,0.14751487183998163,24.0,4960.267323906701,-5030.79755421784,6.778977519532816
