index,bin_size,m,n,a,b,corr
1617,1,7.34724092858058e-6,16.0,5042977741209.893,-5042977741292.099,136105.51358266006
1617,2,9.617967802610215e-7,16.0,294211564802418.25,-294211564802501.56,1039720.6775100771
1617,4,6.737182141820261e-6,16.0,5993513239824.903,-5993513239904.191,148430.00811758055
1617,8,-0.000026948653142609093,16.0,374906491643.9612,-374906491720.9844,-37107.60588694797
1617,16,-2.2525916646402465e-7,16.0,5350056398785873.0,-5350056398785955.0,-4439330.9968129825
1617,32,1.5470478859665414e-6,16.0,113600486202685.25,-113600486202765.66,646392.4026341531
