index,bin_size,m12,m23,m34,m13,m24,m14,m12_err,m23_err,m34_err,m13_err,m24_err,m14_err,corr12,corr23,corr34,corr13,corr24,corr14,corr12_err,corr23_err,corr34_err,corr13_err,corr24_err,corr14_err
198,1,9079837964.392332,,,,,,287129687338.0515,,,,,,1.1013412397023155e-10,,,,,,3.4827467962352723e-9,,,,,
198,2,6.052232370303872,,,,,,1.499284615995686,,,,,,0.16522828913619383,,,,,,0.04093105103575935,,,,,
198,4,5.922811368168653,,,,,,1.07656832785896,,,,,,0.1688387385379795,,,,,,0.030689216172327862,,,,,
198,8,6.035533948636901,,,,,,1.309298083831444,,,,,,0.16568542377693787,,,,,,0.03594240538054443,,,,,
198,16,5.8761288174175865,,,,,,0.9641063170338878,,,,,,0.17018006770645905,,,,,,0.027921729323346824,,,,,
198,32,5.823176806428564,,,,,,0.7362854646089095,,,,,,0.1717275695452074,,,,,,0.021713322045994958,,,,,
