index,bin_size,m12,m23,m34,m13,m24,m14,m12_err,m23_err,m34_err,m13_err,m24_err,m14_err,corr12,corr23,corr34,corr13,corr24,corr14,corr12_err,corr23_err,corr34_err,corr13_err,corr24_err,corr14_err
1054,1,0.002916032137839538,,,,,,0.015902020977009514,,,,,,342.93174859893384,,,,,,1870.1124000447767,,,,,
1054,2,0.002273676593744514,,,,,,0.013347707902178653,,,,,,439.81628818771526,,,,,,2581.958824531799,,,,,
1054,4,0.002831416690355114,,,,,,0.014262974853665289,,,,,,353.1800894606512,,,,,,1779.1089358029947,,,,,
1054,8,0.0024814427826855496,,,,,,0.014382160913598795,,,,,,402.99135929209166,,,,,,2335.6922096169196,,,,,
1054,16,0.001861751663436447,,,,,,0.012360529611460327,,,,,,537.128565339475,,,,,,3566.1004995612943,,,,,
1054,32,0.0026064708979304466,,,,,,0.01516128106696158,,,,,,383.6605276483255,,,,,,2231.6708383713817,,,,,
