index,bin_size,m,n,a,b,corr
2629,1,0.1428118958705097,54.0,524.6566263420813,-166.94376945912148,7.002217804787911
2629,2,0.14297558726668272,54.0,521.9444784612065,-167.60325682505305,6.994201031919998
2629,4,0.14373211625928203,54.0,510.4816226534536,-152.25879890971407,6.957387298160103
2629,8,0.1432541949110043,54.0,517.2087991749826,-161.05498461589247,6.9805983735502
2629,16,0.1436733921239539,54.0,512.3462726625037,-154.71715105458676,6.960231015755876
2629,32,0.14315642959483327,54.0,518.143887937527,-157.89371931841686,6.985365609007138
