index,bin_size,m,n,a,b,corr
2527,1,0.1853363620895452,24.0,2303.8514087464473,-2299.940362928664,5.39559527728752
2527,2,0.18658417674694133,24.0,2260.711165809428,-2258.388552131299,5.359511280296136
2527,4,0.1865303599844949,24.0,2262.4176115256146,-2259.5599182679352,5.36105757841846
2527,8,0.18584870460935665,24.0,2287.4060565699274,-2280.5694151772577,5.380720850876754
2527,16,0.18641186171693166,24.0,2267.668239549548,-2265.104227624397,5.364465494789759
2527,32,0.18630705694940689,24.0,2268.331022436221,-2261.6793945630484,5.3674832095681575
