index,bin_size,m,n,a,b,corr
1231,1,8.092342825581845e-7,16.0,385152592241210.5,-385152592241109.25,1235736.0798392761
1231,2,-0.00001578499335123289,16.0,1012030252823.1237,-1012030252725.522,-63351.30954755168
1231,4,-8.796854589631525e-7,16.0,325770129927669.44,-325770129927570.06,-1136769.9554550522
1231,8,-0.00002394877935408006,16.0,439788983827.5561,-439788983728.0355,-41755.78158765883
1231,16,2.013442490470116e-7,16.0,6219487330538075.0,-6219487330537978.0,4966618.14148221
1231,32,-0.00001665893282823101,16.0,908590721412.0651,-908590721314.3522,-60027.85474381367
