index,bin_size,m12,m23,m34,m13,m24,m14,m12_err,m23_err,m34_err,m13_err,m24_err,m14_err,corr12,corr23,corr34,corr13,corr24,corr14,corr12_err,corr23_err,corr34_err,corr13_err,corr24_err,corr14_err
1760,1,0.18876293644805708,,,,,,0.05291118192044996,,,,,,5.297650157477686,,,,,,1.4849574630893454,,,,,
1760,2,0.18640528565373957,,,,,,0.054090123973902955,,,,,,5.364654744058963,,,,,,1.556687832996084,,,,,
1760,4,0.18850966697425645,,,,,,0.05327827109016646,,,,,,5.304767739770946,,,,,,1.4992804254886454,,,,,
1760,8,0.18678446832034998,,,,,,0.053126655498214805,,,,,,5.353764202090518,,,,,,1.5227582300650513,,,,,
1760,16,0.1858872201061958,,,,,,0.055207926184982964,,,,,,5.3796059752182455,,,,,,1.5977262418280846,,,,,
1760,32,0.18791532212063247,,,,,,0.05107329160436612,,,,,,5.321545836257295,,,,,,1.446336888413463,,,,,
