index,bin_size,m12,m23,m34,m13,m24,m14,m12_err,m23_err,m34_err,m13_err,m24_err,m14_err,corr12,corr23,corr34,corr13,corr24,corr14,corr12_err,corr23_err,corr34_err,corr13_err,corr24_err,corr14_err
974,1,0.025569882289551874,,,,,,0.045637069865329886,,,,,,39.108510108730954,,,,,,69.8007831225098,,,,,
974,2,0.027459538974781768,,,,,,0.04794774199124816,,,,,,36.417217380028774,,,,,,63.588953353529305,,,,,
974,4,0.028295433194567923,,,,,,0.04839742261067224,,,,,,35.34139212938352,,,,,,60.44905829056626,,,,,
974,8,0.028982009153981497,,,,,,0.05055458750734657,,,,,,34.5041641070154,,,,,,60.187124172387534,,,,,
974,16,0.03502533113263685,,,,,,0.05719740054096361,,,,,,28.5507650509603,,,,,,46.62424284260523,,,,,
974,32,0.02779831430667052,,,,,,0.04615419398644366,,,,,,35.97340432114039,,,,,,59.72748789995049,,,,,
