index,bin_size,m12,m23,m34,m13,m24,m14,m12_err,m23_err,m34_err,m13_err,m24_err,m14_err,corr12,corr23,corr34,corr13,corr24,corr14,corr12_err,corr23_err,corr34_err,corr13_err,corr24_err,corr14_err
334,1,0.15516350230081344,,,,,,0.02949094810723858,,,,,,6.444814567676573,,,,,,1.224925250834124,,,,,
334,2,0.15378042975998887,,,,,,0.028832385499237657,,,,,,6.502778029432868,,,,,,1.2192097736571899,,,,,
334,4,0.15532177761671748,,,,,,0.028110204655831087,,,,,,6.43824720103106,,,,,,1.1651968527711185,,,,,
334,8,0.1536149261574218,,,,,,0.02815831559988951,,,,,,6.5097840751179215,,,,,,1.193273069613418,,,,,
334,16,0.15511106482718692,,,,,,0.023794195038388755,,,,,,6.44699332774309,,,,,,0.9889753308212919,,,,,
334,32,0.15444959061996044,,,,,,0.022605422460348676,,,,,,6.474604406434497,,,,,,0.9476306624290382,,,,,
