index,bin_size,m12,m23,m34,m13,m24,m14,m12_err,m23_err,m34_err,m13_err,m24_err,m14_err,corr12,corr23,corr34,corr13,corr24,corr14,corr12_err,corr23_err,corr34_err,corr13_err,corr24_err,corr14_err
1378,1,0.02735768840872814,,,,,,0.04736422792219947,,,,,,36.55279587441175,,,,,,63.28367108812168,,,,,
1378,2,0.03054057344097448,,,,,,0.051135647499878305,,,,,,32.74332755842623,,,,,,54.823831623094435,,,,,
1378,4,0.028662101668687618,,,,,,0.04791714587098561,,,,,,34.889276842265424,,,,,,58.327703498812575,,,,,
1378,8,0.03153411064349334,,,,,,0.05201660328773803,,,,,,31.71169186616453,,,,,,52.309529640266845,,,,,
1378,16,0.029245147583102822,,,,,,0.04791945680778949,,,,,,34.19370673915755,,,,,,56.02788799506669,,,,,
1378,32,0.030748623001647546,,,,,,0.04981708426883447,,,,,,32.52178154275133,,,,,,52.68984993575353,,,,,
