index,bin_size,m12,m23,m34,m13,m24,m14,m12_err,m23_err,m34_err,m13_err,m24_err,m14_err,corr12,corr23,corr34,corr13,corr24,corr14,corr12_err,corr23_err,corr34_err,corr13_err,corr24_err,corr14_err
1012,1,0.13985107214374073,,,,,,0.0653983712152117,,,,,,7.1504635943883725,,,,,,3.343761798451091,,,,,
1012,2,0.13731627870789,,,,,,0.06632787019759585,,,,,,7.282457764001009,,,,,,3.5176449422844636,,,,,
1012,4,0.13851176035579602,,,,,,0.0688223237324234,,,,,,7.219603573236625,,,,,,3.5872036645894836,,,,,
1012,8,0.13891538555831953,,,,,,0.06406149722767869,,,,,,7.198626674654259,,,,,,3.3196812643035525,,,,,
1012,16,0.13934761448943714,,,,,,0.06199133810875191,,,,,,7.1762979485795375,,,,,,3.192507558378467,,,,,
1012,32,0.14059448961961024,,,,,,0.05883370859766183,,,,,,7.112654291825952,,,,,,2.9763885561474313,,,,,
