index,bin_size,m12,m23,m34,m13,m24,m14,m12_err,m23_err,m34_err,m13_err,m24_err,m14_err,corr12,corr23,corr34,corr13,corr24,corr14,corr12_err,corr23_err,corr34_err,corr13_err,corr24_err,corr14_err
1747,1,0.11353991426340851,,,,,,0.06548704923554223,,,,,,8.807475384207496,,,,,,5.079936671330612,,,,,
1747,2,0.11479572436110351,,,,,,0.06392066828761181,,,,,,8.71112583300038,,,,,,4.850537664898714,,,,,
1747,4,0.11601061901609087,,,,,,0.06428004337032306,,,,,,8.619900561527892,,,,,,4.776179858725105,,,,,
1747,8,0.11602926354431065,,,,,,0.06232694523888977,,,,,,8.618515445615218,,,,,,4.629571228936104,,,,,
1747,16,0.11795021570006267,,,,,,0.05949545568153685,,,,,,8.478153211206621,,,,,,4.276478729986374,,,,,
1747,32,0.11825257059789028,,,,,,0.05624491384188856,,,,,,8.456475786902182,,,,,,4.022185307562487,,,,,
