index,bin_size,m,n,a,b,corr
628,1,0.160134314621267,16.0,5887.149860598573,-5931.242809740367,6.244757735811314
628,2,0.15913093038999443,16.0,5975.667901297628,-6021.346211819556,6.284133433702819
628,4,0.16096007128602013,16.0,5816.791133356387,-5859.860040293248,6.212720906559719
628,8,0.15936238865897204,16.0,5956.322652628075,-6001.058643588658,6.27500634506648
628,16,0.15912314936891364,16.0,5981.174958509414,-6025.416349288666,6.284440723842035
628,32,0.1585228430349019,16.0,6027.5766955128865,-6072.16161181447,6.308239120969023
