index,bin_size,m12,m23,m34,m13,m24,m14,m12_err,m23_err,m34_err,m13_err,m24_err,m14_err,corr12,corr23,corr34,corr13,corr24,corr14,corr12_err,corr23_err,corr34_err,corr13_err,corr24_err,corr14_err
1840,1,0.10678082471585514,,,,,,0.06857281328682838,,,,,,9.364977304314799,,,,,,6.014027722983214,,,,,
1840,2,0.11282805662491587,,,,,,0.06565794397737179,,,,,,8.863043731439841,,,,,,5.157664203349982,,,,,
1840,4,0.105885362123893,,,,,,0.06613401417384937,,,,,,9.444176040404269,,,,,,5.898655485407156,,,,,
1840,8,0.10760130771167742,,,,,,0.06667414166891361,,,,,,9.29356734845217,,,,,,5.758671889570756,,,,,
1840,16,0.10994919040250951,,,,,,0.06526573984370379,,,,,,9.095110171699597,,,,,,5.398849160624847,,,,,
1840,32,0.10703643186906493,,,,,,0.06730779748816086,,,,,,9.342613375072851,,,,,,5.874922379968906,,,,,
