index,bin_size,m,n,a,b,corr
1074,1,0.04151203223984091,16.0,146706.24201363258,-146765.40446490882,24.089401217998102
1074,2,0.03056052234317121,16.0,271700.12609453575,-271756.64070084586,32.72195379289554
1074,4,0.041129805978054705,16.0,149486.93027157686,-149546.27136825156,24.313268108620836
1074,8,0.02816280599439773,16.0,320605.6202332445,-320662.8937223738,35.507825470193715
1074,16,0.03989741850146169,16.0,158849.92527097976,-158909.4555584164,25.064278280645247
1074,32,0.039875861745818114,16.0,159047.4427122683,-159105.22483212312,25.077827944492576
