index,bin_size,m,n,a,b,corr
2780,1,0.16476000740024,24.0,3161.490328284542,-3211.014185623615,6.06943405611029
2780,2,0.16470498523706717,24.0,3161.3615179206745,-3210.4789286559126,6.071461641313745
2780,4,0.16403349626851207,24.0,3197.8677195285773,-3245.3468194090447,6.096315830292769
2780,8,0.16426752923190902,24.0,3187.5129738109626,-3235.4301171510833,6.087630371479099
2780,16,0.16401007783936178,24.0,3202.405288071253,-3251.7764756658225,6.0971863020481045
2780,32,0.16511257264133353,24.0,3146.432060474348,-3195.4371895448976,6.0564739801629415
