index,bin_size,m12,m23,m34,m13,m24,m14,m12_err,m23_err,m34_err,m13_err,m24_err,m14_err,corr12,corr23,corr34,corr13,corr24,corr14,corr12_err,corr23_err,corr34_err,corr13_err,corr24_err,corr14_err
2287,1,0.11544036596465528,,,,,,0.04101904035088782,,,,,,8.662481200953339,,,,,,3.078010563735597,,,,,
2287,2,0.11645658116082737,,,,,,0.0408918730707312,,,,,,8.58689126910735,,,,,,3.0151500614944986,,,,,
2287,4,0.1168151067219537,,,,,,0.04050912935508226,,,,,,8.560536629737673,,,,,,2.9686219138452503,,,,,
2287,8,0.11645145885205505,,,,,,0.0400764300900983,,,,,,8.587268977629925,,,,,,2.9552835854471766,,,,,
2287,16,0.11625453407933427,,,,,,0.038384305429343096,,,,,,8.601815042478957,,,,,,2.8401016652986,,,,,
2287,32,0.11638810400876254,,,,,,0.03694531884577175,,,,,,8.591943382157963,,,,,,2.727358525702471,,,,,
