index,bin_size,m12,m23,m34,m13,m24,m14,m12_err,m23_err,m34_err,m13_err,m24_err,m14_err,corr12,corr23,corr34,corr13,corr24,corr14,corr12_err,corr23_err,corr34_err,corr13_err,corr24_err,corr14_err
2120,1,0.12438515643961745,,,,,,0.03729990818145575,,,,,,8.039544497300595,,,,,,2.410852549882939,,,,,
2120,2,0.12457883681538705,,,,,,0.036948745613916076,,,,,,8.02704556859763,,,,,,2.3807355432684028,,,,,
2120,4,0.12623409613685882,,,,,,0.03299428916032269,,,,,,7.921789996546045,,,,,,2.0705485903746563,,,,,
2120,8,0.12586549941957273,,,,,,0.03441680450102571,,,,,,7.94498893351624,,,,,,2.1724867588704746,,,,,
2120,16,0.12494227965596204,,,,,,0.037223028078247886,,,,,,8.003695808605183,,,,,,2.3844754124369723,,,,,
2120,32,0.12536976819689763,,,,,,0.02809841697784203,,,,,,7.976404633926298,,,,,,1.787706451176151,,,,,
