index,bin_size,m12,m23,m34,m13,m24,m14,m12_err,m23_err,m34_err,m13_err,m24_err,m14_err,corr12,corr23,corr34,corr13,corr24,corr14,corr12_err,corr23_err,corr34_err,corr13_err,corr24_err,corr14_err
304,1,5.025275080621543,,,,,,0.8076783977068778,,,,,,0.19899408170832245,,,,,,0.03198296978549692,,,,,
304,2,5.020766375920013,,,,,,0.7741139989227944,,,,,,0.1991727806328687,,,,,,0.030708944839925926,,,,,
304,4,4.990597484323129,,,,,,0.7614298397775271,,,,,,0.2003768092179907,,,,,,0.03057206721585163,,,,,
304,8,4.953901115102292,,,,,,0.6999913609550177,,,,,,0.2018611144561272,,,,,,0.028523184647605417,,,,,
304,16,5.072897797773046,,,,,,0.8914290859256501,,,,,,0.1971259898906283,,,,,,0.03463973610064307,,,,,
304,32,4.976899479677784,,,,,,0.5368155902265672,,,,,,0.2009283097003081,,,,,,0.021672418662548633,,,,,
