index,bin_size,m,n,a,b,corr
102,1,4.3088419116506635e-7,16.0,1611569588006399.8,-1611569588006315.2,2320809.211626222
102,2,-9.334876346188088e-8,16.0,3.4399076807059292e16,-3.43990768070592e16,-10712514.691299062
102,4,0.00003258208879178783,16.0,281711068316.4916,-281711068230.7392,30691.70937414073
102,8,-8.848669431872017e-8,16.0,3.832809334951127e16,-3.832809334951118e16,-11301134.116255948
102,16,2.2552109937960263e-6,16.0,59021243039301.8,-59021243039216.52,443417.49075849244
102,32,-2.1223664462043589e-7,16.0,6645164508841381.0,-6645164508841295.0,-4711721.681184701
