index,bin_size,m,n,a,b,corr
1633,1,0.00003732013772535656,16.0,207614879812.43488,-207614879731.9788,26795.185145326148
1633,2,2.9167563093262178e-6,16.0,33967482418081.87,-33967482418000.05,342846.60559489933
1633,4,0.00003089993712908289,16.0,302876212871.959,-302876212789.2774,32362.525393580956
1633,8,0.000014873694229498439,16.0,1305362813132.9558,-1305362813053.712,67232.7926452016
1633,16,-1.6958853773360137e-6,16.0,100513897134742.78,-100513897134660.7,-589662.493328914
1633,32,0.000020803691528332482,16.0,668210506038.9875,-668210505956.4938,48068.3920273526
