index,bin_size,m,n,a,b,corr
921,1,0.14284899305966725,16.0,11169.529523662897,-11165.728863473987,7.0003993628593895
921,2,0.14199418221625568,16.0,11319.400509784477,-11315.171526916334,7.04254205624432
921,4,0.14266625171271505,16.0,11198.495764864445,-11192.204062578921,7.009366181524734
921,8,0.14300870571208754,16.0,11140.139773615096,-11136.332687155098,6.992581290912815
921,16,0.14357615612645735,16.0,11041.960837118175,-11037.237769938474,6.964944785952004
921,32,0.1437654820609607,16.0,11008.359704143211,-11003.310198400479,6.955772593423859
