index,bin_size,m12,m23,m34,m13,m24,m14,m12_err,m23_err,m34_err,m13_err,m24_err,m14_err,corr12,corr23,corr34,corr13,corr24,corr14,corr12_err,corr23_err,corr34_err,corr13_err,corr24_err,corr14_err
808,1,0.1258160824583909,,,,,,0.06649818933656322,,,,,,7.948109498089909,,,,,,4.20085318144056,,,,,
808,2,0.1276182309567572,,,,,,0.06417282795081468,,,,,,7.8358710389806685,,,,,,3.940267783524332,,,,,
808,4,0.12594773182828684,,,,,,0.06251733478168311,,,,,,7.939801578668908,,,,,,3.9411208617120836,,,,,
808,8,0.12823891745656904,,,,,,0.05823214952727669,,,,,,7.797944803602013,,,,,,3.5409772385406386,,,,,
808,16,0.12762951595298455,,,,,,0.06030354424875565,,,,,,7.835178191605572,,,,,,3.7020356243333614,,,,,
808,32,0.12945025283707373,,,,,,0.05814746954185786,,,,,,7.724975255618863,,,,,,3.469964357296789,,,,,
