index,bin_size,m,n,a,b,corr
2498,1,0.2339110780851609,24.0,871.6221724512562,-824.3337728412316,4.275128857453798
2498,2,0.23384003953361546,24.0,874.3133248284257,-830.416503130427,4.276427604076956
2498,4,0.2348056053517333,24.0,861.8645867584355,-817.4074160325281,4.258842111124321
2498,8,0.23387694632049102,24.0,873.9130202414756,-828.9085484294683,4.275752765429302
2498,16,0.2339270425349323,24.0,872.2054435109434,-828.7812051976346,4.274837099480152
2498,32,0.23474228067881567,24.0,863.4064141725919,-819.7064795034644,4.259990987172193
