index,bin_size,m,n,a,b,corr
750,1,5.851758552095129e-7,16.0,815597853139608.5,-815597853139407.1,1708888.0053705669
750,2,-0.000028548654223986378,16.0,342448089245.19434,-342448089045.8886,-35027.920831371695
750,4,0.0000442943841518657,16.0,142102985755.11655,-142102985554.43472,22576.225387205875
750,8,-1.7416679597435968e-7,16.0,9201064664686724.0,-9201064664686526.0,-5741622.531468151
750,16,3.4659351867686346e-6,16.0,23205428965662.59,-23205428965460.836,288522.4177929078
750,32,-6.06977177953126e-6,16.0,7568348738134.464,-7568348737934.601,-164750.8401176206
