index,bin_size,m12,m23,m34,m13,m24,m14,m12_err,m23_err,m34_err,m13_err,m24_err,m14_err,corr12,corr23,corr34,corr13,corr24,corr14,corr12_err,corr23_err,corr34_err,corr13_err,corr24_err,corr14_err
917,1,0.20370581079122987,,,,,,0.05185339107233824,,,,,,4.909040130548171,,,,,,1.2495980192729768,,,,,
917,2,0.2037357539169408,,,,,,0.05615611122507237,,,,,,4.908318646945401,,,,,,1.3528901165689977,,,,,
917,4,0.20346193101203763,,,,,,0.052603770319126796,,,,,,4.914924354771979,,,,,,1.2707219999745858,,,,,
917,8,0.20556903800617424,,,,,,0.05511646140814549,,,,,,4.8645457978451265,,,,,,1.3042652402110981,,,,,
917,16,0.20218331190346917,,,,,,0.05424048937629167,,,,,,4.946006624312506,,,,,,1.3268840896679739,,,,,
917,32,0.20131446513386048,,,,,,0.059770642947634456,,,,,,4.967352938772024,,,,,,1.4748164206720353,,,,,
