index,bin_size,m12,m23,m34,m13,m24,m14,m12_err,m23_err,m34_err,m13_err,m24_err,m14_err,corr12,corr23,corr34,corr13,corr24,corr14,corr12_err,corr23_err,corr34_err,corr13_err,corr24_err,corr14_err
2624,1,0.11711047008292864,,,,,,0.016483107151303442,,,,,,8.538946170157773,,,,,,1.2018427095566737,,,,,
2624,2,0.1171524473861574,,,,,,0.01630216886297853,,,,,,8.53588655048583,,,,,,1.1877981813096083,,,,,
2624,4,0.11711644575600805,,,,,,0.01591598012996851,,,,,,8.538510484542263,,,,,,1.1603730145177402,,,,,
2624,8,0.11722100123437446,,,,,,0.015746250381499752,,,,,,8.530894545087328,,,,,,1.1459516645531265,,,,,
2624,16,0.11717061963972349,,,,,,0.016275293811510244,,,,,,8.534562700741896,,,,,,1.185472227888088,,,,,
2624,32,0.11675063905915416,,,,,,0.017445083585366093,,,,,,8.565263608478658,,,,,,1.2798365883453273,,,,,
