index,bin_size,m12,m23,m34,m13,m24,m14,m12_err,m23_err,m34_err,m13_err,m24_err,m14_err,corr12,corr23,corr34,corr13,corr24,corr14,corr12_err,corr23_err,corr34_err,corr13_err,corr24_err,corr14_err
983,1,0.14630750203082943,,,,,,0.059410516130184075,,,,,,6.8349195093856725,,,,,,2.775429080016023,,,,,
983,2,0.14325332973632396,,,,,,0.059438873893305225,,,,,,6.980640532688683,,,,,,2.896417228700327,,,,,
983,4,0.14611203320668692,,,,,,0.0580813807315205,,,,,,6.844063271540556,,,,,,2.7206016910506614,,,,,
983,8,0.14458841306613104,,,,,,0.057725584927466524,,,,,,6.9161835225525685,,,,,,2.7612222227133123,,,,,
983,16,0.14670454637895927,,,,,,0.06250446779833686,,,,,,6.816421335824549,,,,,,2.9041825792117915,,,,,
983,32,0.14490771238696218,,,,,,0.05777484373105443,,,,,,6.900943942373445,,,,,,2.7514129600134716,,,,,
