index,bin_size,m12,m23,m34,m13,m24,m14,m12_err,m23_err,m34_err,m13_err,m24_err,m14_err,corr12,corr23,corr34,corr13,corr24,corr14,corr12_err,corr23_err,corr34_err,corr13_err,corr24_err,corr14_err
1971,1,0.18775837396448683,,,,,,0.052711569977508525,,,,,,5.325994142818594,,,,,,1.4952276536655729,,,,,
1971,2,0.18851731860990023,,,,,,0.05115666323719753,,,,,,5.304552427192669,,,,,,1.4394603325728776,,,,,
1971,4,0.18888363040545617,,,,,,0.048803760890504894,,,,,,5.2942650342616115,,,,,,1.3679324368576977,,,,,
1971,8,0.18888992621382755,,,,,,0.040736265092206896,,,,,,5.294088573405328,,,,,,1.1417305298945877,,,,,
1971,16,0.1906266801340639,,,,,,0.03667457661532358,,,,,,5.245855403329273,,,,,,1.0092476339985825,,,,,
1971,32,0.19070135392817902,,,,,,0.03411584873975368,,,,,,5.243801259935548,,,,,,0.9380989013463747,,,,,
