index,bin_size,m,n,a,b,corr
631,1,0.00004392209924081591,16.0,154275333692.48575,-154275333573.2099,22767.5820893078
631,2,2.2220978367305334e-7,16.0,6013696907987275.0,-6013696907987158.0,4500251.8947200915
631,4,1.246675226519368e-7,16.0,1.9112002454914104e16,-1.9112002454913984e16,8021335.298303245
631,8,-0.00001553697650448393,16.0,1228046577356.9692,-1228046577238.3735,-64362.58687212422
631,16,6.614194095321836e-7,16.0,679428666235932.1,-679428666235809.8,1511899.9920297042
631,32,-0.000013847100960753605,16.0,1549941389540.414,-1549941389422.0115,-72217.28236359856
