index,bin_size,m,n,a,b,corr
958,1,0.06232309741323987,16.0,62727.613519373546,-62716.55230135271,16.045415608428357
958,2,0.0605841715021986,16.0,66534.75618337038,-66524.11484181357,16.5059614616288
958,4,0.06515510977149547,16.0,57157.829464155104,-57146.8594567734,15.347990410991331
958,8,0.06693356231077431,16.0,54113.60664356786,-54104.73504021962,14.940187933774888
958,16,0.06614788577361937,16.0,55522.75480658264,-55513.61744212149,15.11764115065357
958,32,0.06101785067922082,16.0,65573.41686399282,-65565.38571353245,16.388646746296207
