index,bin_size,m,n,a,b,corr
2637,1,0.044380180627342516,54.0,29237.653086433864,-28947.73200219695,22.532580666963362
2637,2,0.044469366000323786,54.0,29068.805308052666,-28779.78606704509,22.487390532905707
2637,4,0.04511338332670585,54.0,28119.428854225687,-27834.141402510377,22.16637117988063
2637,8,0.04573851078947582,54.0,27222.640384349805,-26929.346642719036,21.863414062665427
2637,16,0.045025422057297815,54.0,28265.55569961178,-27978.51254832456,22.209675208095423
2637,32,0.04443367359589203,54.0,29110.250807947574,-28820.839620778785,22.50545406383981
