index,bin_size,m,n,a,b,corr
919,1,-0.00003258504797114298,16.0,266230695994.89267,-266230695903.77206,-30688.92213648391
919,2,-0.000030398421642528732,16.0,305140724066.19464,-305140723975.67163,-32896.44481412666
919,4,-0.00003756093158953888,16.0,199511475182.6571,-199511475090.8056,-26623.407825127284
919,8,2.894821800140239e-6,16.0,33627085808749.797,-33627085808658.504,345444.4069585061
919,16,-0.000030463353429682743,16.0,303559824527.8793,-303559824437.9108,-32826.32696063016
919,32,-0.00003538104685883135,16.0,225100883694.7252,-225100883606.27432,-28263.719951248226
