index,bin_size,m12,m23,m34,m13,m24,m14,m12_err,m23_err,m34_err,m13_err,m24_err,m14_err,corr12,corr23,corr34,corr13,corr24,corr14,corr12_err,corr23_err,corr34_err,corr13_err,corr24_err,corr14_err
400,1,1852045556911.9668,,,,,,18244569285000.76,,,,,,5.399435215121617e-13,,,,,,5.3190036019638705e-12,,,,,
400,2,1273106217224.1548,,,,,,14119098054248.107,,,,,,7.85480415122292e-13,,,,,,8.711193811451235e-12,,,,,
400,4,3969901690782.355,,,,,,80178577923031.12,,,,,,2.5189540645852327e-13,,,,,,5.087434664209058e-12,,,,,
400,8,572821077719.8527,,,,,,9423325183928.654,,,,,,1.7457458164433434e-12,,,,,,2.8718793977190447e-11,,,,,
400,16,187649984486.95895,,,,,,5934013538323.072,,,,,,5.329070517826217e-12,,,,,,1.685200064679824e-10,,,,,
400,32,13.037599849302692,,,,,,3.6265832726524896,,,,,,0.07670123424239657,,,,,,0.021335477105485265,,,,,
