index,bin_size,m,n,a,b,corr
2467,1,0.000029562192655675144,24.0,205815149957.61856,-205815149777.56824,33826.99015757977
2467,2,-7.329881661260069e-6,24.0,3342281785964.893,-3342281785791.6865,-136427.85057297794
2467,4,5.390866180428328e-7,24.0,618015080955312.1,-618015080955134.0,1854989.4702089333
2467,8,-4.3801507317929233e-7,24.0,935097979959642.2,-935097979959468.0,-2283026.455554581
2467,16,0.000021859788638659008,24.0,375749698611.1133,-375749698437.75055,45746.09647558537
2467,32,0.000012073144037443886,24.0,1230666815360.1685,-1230666815183.0833,82828.46596533433
