index,bin_size,m12,m23,m34,m13,m24,m14,m12_err,m23_err,m34_err,m13_err,m24_err,m14_err,corr12,corr23,corr34,corr13,corr24,corr14,corr12_err,corr23_err,corr34_err,corr13_err,corr24_err,corr14_err
2731,1,0.04167089397648641,,,,,,0.057267619207918084,,,,,,23.997565316555697,,,,,,32.97945643405488,,,,,
2731,2,0.041257267678660635,,,,,,0.05625393463876811,,,,,,24.238153815436178,,,,,,33.04851719987238,,,,,
2731,4,0.04144824954221294,,,,,,0.05560548632839373,,,,,,24.126471227248107,,,,,,32.36720925000257,,,,,
2731,8,0.04275926778726145,,,,,,0.05793952398103464,,,,,,23.386742845440242,,,,,,31.689428235142806,,,,,
2731,16,0.04286860062768952,,,,,,0.05633511350447508,,,,,,23.327096881116383,,,,,,30.654946307688835,,,,,
2731,32,0.04031915402817375,,,,,,0.055632179598011984,,,,,,24.802107685623355,,,,,,34.22183184229695,,,,,
