index,bin_size,m12,m23,m34,m13,m24,m14,m12_err,m23_err,m34_err,m13_err,m24_err,m14_err,corr12,corr23,corr34,corr13,corr24,corr14,corr12_err,corr23_err,corr34_err,corr13_err,corr24_err,corr14_err
322,1,0.18745068513262556,,,,,,0.02952631486487742,,,,,,5.334736436372466,,,,,,0.8403015845475414,,,,,
322,2,0.18672305408235035,,,,,,0.028167965045360243,,,,,,5.355525084540288,,,,,,0.8079036845356526,,,,,
322,4,0.18732664564896237,,,,,,0.03139335802760842,,,,,,5.338268864718441,,,,,,0.8946201173739377,,,,,
322,8,0.1863923143792741,,,,,,0.02989221199856232,,,,,,5.365028077097556,,,,,,0.8604032692705914,,,,,
322,16,0.18700826648740593,,,,,,0.030402793410623127,,,,,,5.347357198604613,,,,,,0.86934443731092,,,,,
322,32,0.18704691920400476,,,,,,0.026052748201304016,,,,,,5.346252182370024,,,,,,0.7446503931777998,,,,,
