index,bin_size,m,n,a,b,corr
1826,1,0.10246895277733183,16.0,20687.71194375508,-20716.87866723224,9.759053575701419
1826,2,0.10443394878734429,16.0,19855.197734398887,-19884.20296821466,9.575430323297168
1826,4,0.09997583041056803,16.0,21797.21376937625,-21826.99311611417,10.002417543253475
1826,8,0.10254237089155671,16.0,20677.259843571614,-20708.06673622998,9.752066304937948
1826,16,0.10281440091442866,16.0,20528.856728442966,-20557.386559817936,9.72626393876758
1826,32,0.10334529339342051,16.0,20302.338547699816,-20331.003902671535,9.676299395591682
