index,bin_size,m,n,a,b,corr
1355,1,0.09339939713247428,16.0,22152.011094892187,-22153.644868737123,10.706707224048102
1355,2,0.09068375792934368,16.0,23599.009958005787,-23600.208411775686,11.027333039938098
1355,4,0.09204176705589316,16.0,22870.978164233307,-22872.049592526888,10.86463278559984
1355,8,0.09206399366383719,16.0,22865.785720169602,-22866.810581029586,10.86200978475259
1355,16,0.09293954118850024,16.0,22407.734242879844,-22409.751920119714,10.759682985434553
1355,32,0.09547315756053297,16.0,21148.37441865917,-21151.63658960568,10.474148185221262
