index,bin_size,m12,m23,m34,m13,m24,m14,m12_err,m23_err,m34_err,m13_err,m24_err,m14_err,corr12,corr23,corr34,corr13,corr24,corr14,corr12_err,corr23_err,corr34_err,corr13_err,corr24_err,corr14_err
1525,1,0.08475026586861792,,,,,,0.06680885933686867,,,,,,11.799373013769964,,,,,,9.301477037986514,,,,,
1525,2,0.08486510931275974,,,,,,0.06617825236134697,,,,,,11.78340554908879,,,,,,9.18876075714249,,,,,
1525,4,0.08623844583927961,,,,,,0.06808696123317716,,,,,,11.595756280947763,,,,,,9.155079276842125,,,,,
1525,8,0.08653166287084806,,,,,,0.07057756067268049,,,,,,11.55646345884442,,,,,,9.42576363227369,,,,,
1525,16,0.08402863611789141,,,,,,0.07392590615720711,,,,,,11.900704881095644,,,,,,10.469887801227468,,,,,
1525,32,0.08702362210338953,,,,,,0.07440172297614517,,,,,,11.491132819223925,,,,,,9.824459842434992,,,,,
