index,bin_size,m12,m23,m34,m13,m24,m14,m12_err,m23_err,m34_err,m13_err,m24_err,m14_err,corr12,corr23,corr34,corr13,corr24,corr14,corr12_err,corr23_err,corr34_err,corr13_err,corr24_err,corr14_err
508,1,0.17321678200949062,,,,,,0.023994249116507084,,,,,,5.773112676491182,,,,,,0.7997002491929722,,,,,
508,2,0.17233379315139263,,,,,,0.023889901439550585,,,,,,5.802692447682127,,,,,,0.8044025964041187,,,,,
508,4,0.17166996176484847,,,,,,0.024267640825272285,,,,,,5.825130906534414,,,,,,0.8234532305285078,,,,,
508,8,0.17233452099719523,,,,,,0.02216687399959809,,,,,,5.8026679403151915,,,,,,0.7463798219311361,,,,,
508,16,0.17268684622316932,,,,,,0.02131000538534989,,,,,,5.790829017212259,,,,,,0.7146033426480908,,,,,
508,32,0.17233109924428427,,,,,,0.018316201776703837,,,,,,5.802783156291897,,,,,,0.6167485011305985,,,,,
