index,bin_size,m12,m23,m34,m13,m24,m14,m12_err,m23_err,m34_err,m13_err,m24_err,m14_err,corr12,corr23,corr34,corr13,corr24,corr14,corr12_err,corr23_err,corr34_err,corr13_err,corr24_err,corr14_err
1294,1,0.1736933026711506,,,,,,0.057131669455140234,,,,,,5.757274371673825,,,,,,1.8936982100441755,,,,,
1294,2,0.17525724917298174,,,,,,0.059068691653307484,,,,,,5.705898071086256,,,,,,1.9231155079555777,,,,,
1294,4,0.17734570837572655,,,,,,0.05331684294115122,,,,,,5.63870425260807,,,,,,1.6952082561308517,,,,,
1294,8,0.1778176012569471,,,,,,0.05200705029153505,,,,,,5.623740242424012,,,,,,1.6447986000646186,,,,,
1294,16,0.17936522217263817,,,,,,0.03551520232135502,,,,,,5.575216800041118,,,,,,1.1039205384436177,,,,,
1294,32,0.17965516125139216,,,,,,0.03669276063347825,,,,,,5.566219155823172,,,,,,1.1368443060330855,,,,,
