index,bin_size,m12,m23,m34,m13,m24,m14,m12_err,m23_err,m34_err,m13_err,m24_err,m14_err,corr12,corr23,corr34,corr13,corr24,corr14,corr12_err,corr23_err,corr34_err,corr13_err,corr24_err,corr14_err
201,1,6.049628620028474,,,,,,1.476680291076734,,,,,,0.16529940312192143,,,,,,0.040348653784922826,,,,,
201,2,6.110273089869722,,,,,,1.457236829793797,,,,,,0.16365880629098384,,,,,,0.03903092980290923,,,,,
201,4,5.984318786066014,,,,,,1.1590169901618106,,,,,,0.16710339735383356,,,,,,0.03236386355249169,,,,,
201,8,6.140668946362411,,,,,,2.2538694912359993,,,,,,0.1628487073207841,,,,,,0.0597719460735563,,,,,
201,16,6.237695725073832,,,,,,1.686214101125612,,,,,,0.1603156107759911,,,,,,0.0433375489019772,,,,,
201,32,6.036506452245321,,,,,,1.2793259035201827,,,,,,0.16565873123982877,,,,,,0.035108304396920115,,,,,
