index,bin_size,m,n,a,b,corr
660,1,0.19496744894836135,16.0,3968.284498154917,-3978.8679209988854,5.129061314562605
660,2,0.1955483685373026,16.0,3937.6350452072475,-3948.566846619739,5.11382430587367
660,4,0.1958332133396328,16.0,3921.734887890564,-3931.0592204718637,5.106386107578717
660,8,0.19769351107172237,16.0,3830.171107380059,-3838.595966849645,5.058334967996012
660,16,0.19685752379909563,16.0,3870.099333835947,-3881.1972555890957,5.079816004495501
660,32,0.19600664620217254,16.0,3912.9571759059127,-3921.9760533792087,5.101867816097126
