index,bin_size,m12,m23,m34,m13,m24,m14,m12_err,m23_err,m34_err,m13_err,m24_err,m14_err,corr12,corr23,corr34,corr13,corr24,corr14,corr12_err,corr23_err,corr34_err,corr13_err,corr24_err,corr14_err
1751,1,0.09753154631423495,,,,,,0.06545733075667996,,,,,,10.253092848319248,,,,,,6.881261655475552,,,,,
1751,2,0.09610716823876055,,,,,,0.06797371683854155,,,,,,10.405051135370925,,,,,,7.359180512000589,,,,,
1751,4,0.09861353596688736,,,,,,0.06734151164486024,,,,,,10.140595712294322,,,,,,6.924840870472262,,,,,
1751,8,0.0950563921261166,,,,,,0.064364921050283,,,,,,10.520071061325831,,,,,,7.123387792871695,,,,,
1751,16,0.09880762258288922,,,,,,0.061013311057522245,,,,,,10.120676662988274,,,,,,6.249477289401386,,,,,
1751,32,0.09783618733569965,,,,,,0.06135752503038727,,,,,,10.221166903905994,,,,,,6.410158870912353,,,,,
