index,bin_size,m12,m23,m34,m13,m24,m14,m12_err,m23_err,m34_err,m13_err,m24_err,m14_err,corr12,corr23,corr34,corr13,corr24,corr14,corr12_err,corr23_err,corr34_err,corr13_err,corr24_err,corr14_err
522,1,0.18103796452776147,,,,,,0.024593436550192666,,,,,,5.52370328847049,,,,,,0.7503776718957642,,,,,
522,2,0.18148751422108006,,,,,,0.025951964202911095,,,,,,5.510020919576012,,,,,,0.7879102112112059,,,,,
522,4,0.18045632562183664,,,,,,0.02779802928467844,,,,,,5.541507046395231,,,,,,0.8536302322799049,,,,,
522,8,0.18169043843323507,,,,,,0.027654519412730463,,,,,,5.503866954272694,,,,,,0.8377259521444251,,,,,
522,16,0.1798101906458064,,,,,,0.027373328110519242,,,,,,5.561420053048158,,,,,,0.8466404230246504,,,,,
522,32,0.17862903637718053,,,,,,0.029049340201298027,,,,,,5.598194001833331,,,,,,0.910399817243247,,,,,
