index,bin_size,m12,m23,m34,m13,m24,m14,m12_err,m23_err,m34_err,m13_err,m24_err,m14_err,corr12,corr23,corr34,corr13,corr24,corr14,corr12_err,corr23_err,corr34_err,corr13_err,corr24_err,corr14_err
2656,1,0.1243053897456024,,,,,,0.06723670208670861,,,,,,8.044703468180689,,,,,,4.3513747197362544,,,,,
2656,2,0.12319648016543393,,,,,,0.06880219558054468,,,,,,8.117115023555492,,,,,,4.533208535264125,,,,,
2656,4,0.12504413113424528,,,,,,0.06805371522381644,,,,,,7.997176604205572,,,,,,4.3523640356450555,,,,,
2656,8,0.12566231411975426,,,,,,0.0653648080087029,,,,,,7.957835306510553,,,,,,4.139366528609627,,,,,
2656,16,0.12172538013787647,,,,,,0.07129427265629544,,,,,,8.215213613359149,,,,,,4.811631548138329,,,,,
2656,32,0.1254191099430764,,,,,,0.07269976661752543,,,,,,7.973266597521439,,,,,,4.621740826276043,,,,,
