index,bin_size,m12,m23,m34,m13,m24,m14,m12_err,m23_err,m34_err,m13_err,m24_err,m14_err,corr12,corr23,corr34,corr13,corr24,corr14,corr12_err,corr23_err,corr34_err,corr13_err,corr24_err,corr14_err
1800,1,0.19316559038431033,,,,,,0.05206899746801218,,,,,,5.176905462357254,,,,,,1.395467364944894,,,,,
1800,2,0.19392726328954543,,,,,,0.051423656972997674,,,,,,5.156572536719286,,,,,,1.3673673973768092,,,,,
1800,4,0.19302525414581623,,,,,,0.05093916554605008,,,,,,5.180669257114793,,,,,,1.3671732753070058,,,,,
1800,8,0.1942931051375539,,,,,,0.0476104247662612,,,,,,5.146863030945071,,,,,,1.2612096293565183,,,,,
1800,16,0.1926555860661443,,,,,,0.052100234275863765,,,,,,5.190609939836734,,,,,,1.403706995587835,,,,,
1800,32,0.19367314027006316,,,,,,0.05163856237399817,,,,,,5.163338595148364,,,,,,1.3766874525390993,,,,,
