index,bin_size,m12,m23,m34,m13,m24,m14,m12_err,m23_err,m34_err,m13_err,m24_err,m14_err,corr12,corr23,corr34,corr13,corr24,corr14,corr12_err,corr23_err,corr34_err,corr13_err,corr24_err,corr14_err
2414,1,0.03898527076055491,,,,,,0.04241794791351305,,,,,,25.65071321786983,,,,,,27.909274348838093,,,,,
2414,2,0.038022572827293294,,,,,,0.043129010434361355,,,,,,26.300166602144866,,,,,,29.8322831798254,,,,,
2414,4,0.039310897940375795,,,,,,0.042127194947633964,,,,,,25.43823856470373,,,,,,27.26067557055274,,,,,
2414,8,0.03912791445518671,,,,,,0.042298952430697284,,,,,,25.55720165319065,,,,,,27.62843029183603,,,,,
2414,16,0.03973010227811792,,,,,,0.04038674292748448,,,,,,25.169832007977696,,,,,,25.585827283259647,,,,,
2414,32,0.03738374805767045,,,,,,0.038986463854753024,,,,,,26.74959178671274,,,,,,27.896400107160915,,,,,
