index,bin_size,m,n,a,b,corr
107,1,0.06937212297518795,16.0,52502.27869405766,-52561.43798344208,14.415012214022425
107,2,0.06916028125217032,16.0,52801.22407427174,-52861.645253968054,14.459166184617258
107,4,0.06784788925227948,16.0,54997.66361189944,-55058.94390936865,14.738852026504318
107,8,0.07274544253490291,16.0,47549.96841021292,-47610.983650134025,13.746565628770558
107,16,0.07241247136008121,16.0,47944.11840965904,-48005.1169106869,13.809775874481058
107,32,0.07050502182330706,16.0,50746.974138454825,-50807.11523336335,14.183386858685106
