index,bin_size,m12,m23,m34,m13,m24,m14,m12_err,m23_err,m34_err,m13_err,m24_err,m14_err,corr12,corr23,corr34,corr13,corr24,corr14,corr12_err,corr23_err,corr34_err,corr13_err,corr24_err,corr14_err
2196,1,0.09472690733158275,,,,,,0.04279245768187151,,,,,,10.556662601678664,,,,,,4.768925222723006,,,,,
2196,2,0.09460639156110148,,,,,,0.04188339996008702,,,,,,10.570110364627432,,,,,,4.679516391215773,,,,,
2196,4,0.0942780249913727,,,,,,0.0402200452922299,,,,,,10.606925633958806,,,,,,4.525031463569336,,,,,
2196,8,0.09592780732811107,,,,,,0.03755529420652735,,,,,,10.42450596811417,,,,,,4.081146014848006,,,,,
2196,16,0.09434172500909624,,,,,,0.0375911025015264,,,,,,10.599763783242059,,,,,,4.223548030623789,,,,,
2196,32,0.09563285295878528,,,,,,0.030847262639552005,,,,,,10.456657613581477,,,,,,3.3728917809973913,,,,,
