index,bin_size,m12,m23,m34,m13,m24,m14,m12_err,m23_err,m34_err,m13_err,m24_err,m14_err,corr12,corr23,corr34,corr13,corr24,corr14,corr12_err,corr23_err,corr34_err,corr13_err,corr24_err,corr14_err
2411,1,0.2231622263336905,,,,,,0.03090807302771111,,,,,,4.481045096335962,,,,,,0.6206268478022862,,,,,
2411,2,0.22485657344695933,,,,,,0.029638250314774878,,,,,,4.447279368667808,,,,,,0.5861940219390679,,,,,
2411,4,0.22437990964343915,,,,,,0.025040392029097885,,,,,,4.456726993023103,,,,,,0.49736267052295874,,,,,
2411,8,0.22540669131646432,,,,,,0.025088631470243476,,,,,,4.43642553004795,,,,,,0.493791220298271,,,,,
2411,16,0.22385245646396892,,,,,,0.025633730377798845,,,,,,4.4672281725037,,,,,,0.511549992878897,,,,,
2411,32,0.22345401855599087,,,,,,0.024626026964107754,,,,,,4.475193628032382,,,,,,0.4931942583342455,,,,,
