index,bin_size,m,n,a,b,corr
1863,1,0.12391887422463592,16.0,12922.679487873142,-12951.110022515684,8.069795713179527
1863,2,0.12085979603073459,16.0,13674.343622381906,-13702.93287871778,8.274050038490058
1863,4,0.1222396989562564,16.0,13331.203567881565,-13359.222990650696,8.180648418954721
1863,8,0.12251643108285179,16.0,13269.745340224486,-13298.678235603278,8.162170503675132
1863,16,0.1211282642913797,16.0,13615.780172406081,-13644.140644069963,8.255711462969975
1863,32,0.12059188248986229,16.0,13736.562371054752,-13763.664460492068,8.292432121905604
