index,bin_size,m12,m23,m34,m13,m24,m14,m12_err,m23_err,m34_err,m13_err,m24_err,m14_err,corr12,corr23,corr34,corr13,corr24,corr14,corr12_err,corr23_err,corr34_err,corr13_err,corr24_err,corr14_err
2847,1,0.13124921275421922,,,,,,0.032538880221051864,,,,,,7.619093318850047,,,,,,1.888900967043008,,,,,
2847,2,0.1324066887250183,,,,,,0.03344050837001251,,,,,,7.552488545928342,,,,,,1.9074493808923356,,,,,
2847,4,0.13174042789752582,,,,,,0.03305968325311492,,,,,,7.590684317329295,,,,,,1.9048489762041092,,,,,
2847,8,0.13063077145700386,,,,,,0.03239705298473135,,,,,,7.655164161142098,,,,,,1.8985171423944773,,,,,
2847,16,0.13156931468569216,,,,,,0.03053437052625091,,,,,,7.600556424489361,,,,,,1.7639235001371707,,,,,
2847,32,0.13249187103891932,,,,,,0.03302634459721588,,,,,,7.547632863500367,,,,,,1.8814039071877204,,,,,
