index,bin_size,m12,m23,m34,m13,m24,m14,m12_err,m23_err,m34_err,m13_err,m24_err,m14_err,corr12,corr23,corr34,corr13,corr24,corr14,corr12_err,corr23_err,corr34_err,corr13_err,corr24_err,corr14_err
148,1,0.07048544730621861,,,,,,0.06532324895971729,,,,,,14.187325727757345,,,,,,13.148277353772732,,,,,
148,2,0.06905353877851465,,,,,,0.064417302045526,,,,,,14.481517061818423,,,,,,13.509231751911981,,,,,
148,4,0.07041309244721226,,,,,,0.06295938932674708,,,,,,14.201904294285702,,,,,,12.698536459188492,,,,,
148,8,0.07224290301945666,,,,,,0.06342580856875113,,,,,,13.84219014192546,,,,,,12.1527799329654,,,,,
148,16,0.06685801161119101,,,,,,0.05943600096379041,,,,,,14.957070602330257,,,,,,13.296663201793145,,,,,
148,32,0.07009639300874142,,,,,,0.0626022020642187,,,,,,14.266069295110439,,,,,,12.740846059843289,,,,,
