index,bin_size,m12,m23,m34,m13,m24,m14,m12_err,m23_err,m34_err,m13_err,m24_err,m14_err,corr12,corr23,corr34,corr13,corr24,corr14,corr12_err,corr23_err,corr34_err,corr13_err,corr24_err,corr14_err
780,1,0.13233499777410307,,,,,,0.065941842450652,,,,,,7.556580019043853,,,,,,3.7654045978987964,,,,,
780,2,0.1317351017679926,,,,,,0.06637838094701277,,,,,,7.590991213269536,,,,,,3.8249312427544506,,,,,
780,4,0.1316144883308931,,,,,,0.0688559622910441,,,,,,7.59794770835481,,,,,,3.9749727217000053,,,,,
780,8,0.1309154523247668,,,,,,0.06415682649449761,,,,,,7.638517701632829,,,,,,3.74335531945525,,,,,
780,16,0.13531595377250563,,,,,,0.05121544608553404,,,,,,7.390111602665926,,,,,,2.797067543038816,,,,,
780,32,0.1381826042333097,,,,,,0.037952302884687504,,,,,,7.236800938500075,,,,,,1.9876109779376914,,,,,
