index,bin_size,m,n,a,b,corr
2330,1,0.0859030167553076,24.0,21442.36002050363,-21243.194753355623,11.641034713000506
2330,2,0.08713461867644783,24.0,20766.41305328913,-20567.47838568917,11.476494821343568
2330,4,0.08705986685598154,24.0,20810.23587812259,-20611.22820082408,11.486348832283953
2330,8,0.08570649121049279,24.0,21526.271187188344,-21327.510073541365,11.667727681722818
2330,16,0.0875065049552027,24.0,20561.91417285326,-20362.56096088,11.427721864927998
2330,32,0.08537754563672575,24.0,21732.342452567726,-21535.713346770313,11.712681508261149
