index,bin_size,m12,m23,m34,m13,m24,m14,m12_err,m23_err,m34_err,m13_err,m24_err,m14_err,corr12,corr23,corr34,corr13,corr24,corr14,corr12_err,corr23_err,corr34_err,corr13_err,corr24_err,corr14_err
19,1,0.09508308161941557,,,,,,0.0675687142934465,,,,,,10.517118113637201,,,,,,7.473760178021784,,,,,
19,2,0.09178686606524045,,,,,,0.06485646643041051,,,,,,10.894804920011302,,,,,,7.6982533542255025,,,,,
19,4,0.09543388350202575,,,,,,0.06640405811583568,,,,,,10.478458628153524,,,,,,7.291039096124769,,,,,
19,8,0.09692583486670982,,,,,,0.0604054306996214,,,,,,10.317166742749,,,,,,6.429791412708402,,,,,
19,16,0.09339254557435384,,,,,,0.06468950846349535,,,,,,10.707492700301833,,,,,,7.416678016421895,,,,,
19,32,0.09791363418022228,,,,,,0.061676143287880215,,,,,,10.213082257363412,,,,,,6.433256512128197,,,,,
