index,bin_size,m12,m23,m34,m13,m24,m14,m12_err,m23_err,m34_err,m13_err,m24_err,m14_err,corr12,corr23,corr34,corr13,corr24,corr14,corr12_err,corr23_err,corr34_err,corr13_err,corr24_err,corr14_err
254,1,26912060960.901344,,,,,,607877421888.6943,,,,,,3.715806089518117e-11,,,,,,8.393094193774942e-10,,,,,
254,2,6.253193900613071,,,,,,1.7483446441683477,,,,,,0.15991827790626464,,,,,,0.04471191348386488,,,,,
254,4,6.1580962472483876,,,,,,1.4559680326793834,,,,,,0.16238784842747925,,,,,,0.03839360521713821,,,,,
254,8,29892422965.386204,,,,,,673109773806.5833,,,,,,3.345329353722666e-11,,,,,,7.532925274074365e-10,,,,,
254,16,16804476227.720121,,,,,,531404197461.6164,,,,,,5.950795409799399e-11,,,,,,1.881806737770457e-9,,,,,
254,32,6.034495489591928,,,,,,1.278403464709014,,,,,,0.16571393610696414,,,,,,0.0351063764046391,,,,,
