index,bin_size,m,n,a,b,corr
1842,1,-1.1811028652241386e-6,16.0,175283497659825.7,-175283497659774.97,-846666.3060801477
1842,2,7.93317615042953e-6,16.0,3887448666176.327,-3887448666123.535,126052.91765087764
1842,4,-0.00002123266879782521,16.0,543513975577.8958,-543513975523.9726,-47097.23537450114
1842,8,-4.410235719772013e-6,16.0,12588984481969.576,-12588984481918.596,-226745.2498098435
1842,16,-3.713577612022294e-6,16.0,17745408644043.453,-17745408643990.168,-269282.1059569649
1842,32,-0.00003336492690912621,16.0,220278879508.1166,-220278879451.92358,-29971.59270642589
