index,bin_size,m12,m23,m34,m13,m24,m14,m12_err,m23_err,m34_err,m13_err,m24_err,m14_err,corr12,corr23,corr34,corr13,corr24,corr14,corr12_err,corr23_err,corr34_err,corr13_err,corr24_err,corr14_err
2580,1,0.18526321479399968,,,,,,0.026007399986575374,,,,,,5.397725614941602,,,,,,0.7577370890474068,,,,,
2580,2,0.18522964781198312,,,,,,0.024755439817751853,,,,,,5.3987037810223955,,,,,,0.7215221111937093,,,,,
2580,4,0.1841521040180497,,,,,,0.024966081700008486,,,,,,5.430293644117065,,,,,,0.736202040682496,,,,,
2580,8,0.18423353812269164,,,,,,0.02460949414068725,,,,,,5.427893369414872,,,,,,0.7250455667954084,,,,,
2580,16,0.18488679951132309,,,,,,0.02472129957042387,,,,,,5.408714968527305,,,,,,0.7232017828282562,,,,,
2580,32,0.1853312671144213,,,,,,0.026206979695067422,,,,,,5.395743608565586,,,,,,0.7629912933264826,,,,,
