index,bin_size,m,n,a,b,corr
2567,1,0.03256680464519224,54.0,68054.05248825526,-68327.93052329522,30.7061135071361
2567,2,0.03182272021015037,54.0,71509.9581007657,-71778.5867701541,31.42408924806604
2567,4,0.03231978656837261,54.0,69149.69045668049,-69423.2048703474,30.940798383197762
2567,8,0.03372387496085945,54.0,63052.838683763264,-63328.20919440508,29.65258295971677
2567,16,0.03248379765901951,54.0,68401.74230373235,-68675.2526641633,30.784577914717378
2567,32,0.0321670375402846,54.0,69753.38348267828,-70023.49425774944,31.087724467870054
