index,bin_size,m,n,a,b,corr
2801,1,0.20847665216498712,24.0,1272.5494970632892,-1254.9363602270223,4.79670020414855
2801,2,0.2094057520790969,24.0,1254.2297563061604,-1236.8667989986293,4.775418010591606
2801,4,0.20978625947744603,24.0,1246.9912447518905,-1230.1170399594841,4.766756423852008
2801,8,0.20881953860443395,24.0,1266.9827666957674,-1249.362671651259,4.788823913141079
2801,16,0.20962149502550392,24.0,1252.0692749785524,-1233.8003271169462,4.770503138899632
2801,32,0.2099086675039208,24.0,1244.9536739277512,-1226.5916345608898,4.763976694679944
