index,bin_size,m12,m23,m34,m13,m24,m14,m12_err,m23_err,m34_err,m13_err,m24_err,m14_err,corr12,corr23,corr34,corr13,corr24,corr14,corr12_err,corr23_err,corr34_err,corr13_err,corr24_err,corr14_err
1575,1,0.09439888986252465,,,,,,0.06875889466708908,,,,,,10.593344915987082,,,,,,7.716051410257751,,,,,
1575,2,0.09152272796845416,,,,,,0.07035490126076932,,,,,,10.926247744108737,,,,,,8.399171421687,,,,,
1575,4,0.09173989484194954,,,,,,0.06918354082079384,,,,,,10.900383107292749,,,,,,8.22027429794745,,,,,
1575,8,0.09033557224241184,,,,,,0.06930465624567207,,,,,,11.0698363355306,,,,,,8.492681043421875,,,,,
1575,16,0.09423347750559663,,,,,,0.071367943040881,,,,,,10.611939901513333,,,,,,8.036977330052114,,,,,
1575,32,0.08981220790368959,,,,,,0.07507426232781995,,,,,,11.134343797363865,,,,,,9.307227453842497,,,,,
