index,bin_size,m12,m23,m34,m13,m24,m14,m12_err,m23_err,m34_err,m13_err,m24_err,m14_err,corr12,corr23,corr34,corr13,corr24,corr14,corr12_err,corr23_err,corr34_err,corr13_err,corr24_err,corr14_err
2044,1,0.10760170696404678,,,,,,0.06768652427358761,,,,,,9.29353286499565,,,,,,5.84606839057021,,,,,
2044,2,0.10328352220779313,,,,,,0.06697500507429864,,,,,,9.682086538335989,,,,,,6.278424487985972,,,,,
2044,4,0.10686268891602284,,,,,,0.06541272375556356,,,,,,9.357803084908726,,,,,,5.728092698782116,,,,,
2044,8,0.10456795216271057,,,,,,0.06194189246199759,,,,,,9.563159451033075,,,,,,5.664834990658496,,,,,
2044,16,0.10362869333765375,,,,,,0.06214553411233986,,,,,,9.6498370074174,,,,,,5.786952007288093,,,,,
2044,32,0.11026753915780756,,,,,,0.05646987982921579,,,,,,9.068852063242897,,,,,,4.644313186923981,,,,,
