index,bin_size,m12,m23,m34,m13,m24,m14,m12_err,m23_err,m34_err,m13_err,m24_err,m14_err,corr12,corr23,corr34,corr13,corr24,corr14,corr12_err,corr23_err,corr34_err,corr13_err,corr24_err,corr14_err
1261,1,0.03516668648745468,,,,,,0.05321807210343238,,,,,,28.436002930123617,,,,,,43.03246638856888,,,,,
1261,2,0.03703812884718007,,,,,,0.05443912617316623,,,,,,26.999204093868144,,,,,,39.683783279269505,,,,,
1261,4,0.03713254648869552,,,,,,0.05401842594494493,,,,,,26.930552697333482,,,,,,39.17711560612259,,,,,
1261,8,0.03752293079022054,,,,,,0.055545232934531924,,,,,,26.650370291987596,,,,,,39.45057047744751,,,,,
1261,16,0.04335996969471953,,,,,,0.061453553878037685,,,,,,23.06274674637935,,,,,,32.686548439326096,,,,,
1261,32,0.045129705607694734,,,,,,0.06502978003706136,,,,,,22.158354160180856,,,,,,31.929144620304783,,,,,
