index,bin_size,m12,m23,m34,m13,m24,m14,m12_err,m23_err,m34_err,m13_err,m24_err,m14_err,corr12,corr23,corr34,corr13,corr24,corr14,corr12_err,corr23_err,corr34_err,corr13_err,corr24_err,corr14_err
229,1,2018573385951.8396,,,,,,12554391171127.729,,,,,,4.953993780753525e-13,,,,,,3.0811055082640237e-12,,,,,
229,2,4307182950289.2783,,,,,,39335420375748.06,,,,,,2.3217030981533725e-13,,,,,,2.12029923984088e-12,,,,,
229,4,3268054123401.248,,,,,,31674474768197.703,,,,,,3.059924842857999e-13,,,,,,2.965725430728648e-12,,,,,
229,8,1864338486671.7175,,,,,,10334968285066.305,,,,,,5.363832840168606e-13,,,,,,2.9734430032876835e-12,,,,,
229,16,1549151837286.1006,,,,,,9292158065679.193,,,,,,6.455145169965144e-13,,,,,,3.8719399746704135e-12,,,,,
229,32,966802994972.109,,,,,,8715693149273.823,,,,,,1.034336886832719e-12,,,,,,9.324508680146581e-12,,,,,
