index,bin_size,m,n,a,b,corr
2169,1,0.14471221104204446,24.0,4494.96794905911,-4473.129125014288,6.910266886250958
2169,2,0.14552167114748216,24.0,4430.8822893087745,-4406.612275935915,6.871828725678444
2169,4,0.1455007393641375,24.0,4427.627429377308,-4403.653146391906,6.8728173091777185
2169,8,0.14444891147733252,24.0,4515.351900202731,-4492.914616175297,6.922862829305044
2169,16,0.14393702132423658,24.0,4553.361645245221,-4529.263349554452,6.947482939412591
2169,32,0.14401733593351712,24.0,4547.242418173893,-4524.03170456913,6.943608514336296
