index,bin_size,m12,m23,m34,m13,m24,m14,m12_err,m23_err,m34_err,m13_err,m24_err,m14_err,corr12,corr23,corr34,corr13,corr24,corr14,corr12_err,corr23_err,corr34_err,corr13_err,corr24_err,corr14_err
364,1,0.07328763992413746,,,,,,0.029181726619639636,,,,,,13.644865642216534,,,,,,5.433122684057598,,,,,
364,2,0.07182743771678937,,,,,,0.030051993427777396,,,,,,13.922256338071406,,,,,,5.8249544919205265,,,,,
364,4,0.07266589656159239,,,,,,0.029043212162723438,,,,,,13.761613732411453,,,,,,5.500261969424679,,,,,
364,8,0.07459486738670208,,,,,,0.024243284419300234,,,,,,13.405748076686956,,,,,,4.356859591851036,,,,,
364,16,0.07287079786065799,,,,,,0.023349673671742874,,,,,,13.72291822455655,,,,,,4.397175161717315,,,,,
364,32,0.0736677889586872,,,,,,0.023464547734962878,,,,,,13.574453830300225,,,,,,4.323713584722273,,,,,
