index,bin_size,m12,m23,m34,m13,m24,m14,m12_err,m23_err,m34_err,m13_err,m24_err,m14_err,corr12,corr23,corr34,corr13,corr24,corr14,corr12_err,corr23_err,corr34_err,corr13_err,corr24_err,corr14_err
2247,1,0.025864862131059818,,,,,,0.035716520486296095,,,,,,38.66249102480813,,,,,,53.38863380526422,,,,,
2247,2,0.027531050253160733,,,,,,0.03654843866439282,,,,,,36.322624484156535,,,,,,48.219563034525315,,,,,
2247,4,0.02948149375095575,,,,,,0.0385276018734952,,,,,,33.9195838734454,,,,,,44.32747655971016,,,,,
2247,8,0.02898397227448649,,,,,,0.038765575357813734,,,,,,34.50182709704917,,,,,,46.14561336336415,,,,,
2247,16,0.026311187019219053,,,,,,0.03551961477583776,,,,,,38.00664710678193,,,,,,51.30826910880175,,,,,
2247,32,0.025329758307724107,,,,,,0.03487962533943913,,,,,,39.4792555006361,,,,,,54.36378917686976,,,,,
