index,bin_size,m12,m23,m34,m13,m24,m14,m12_err,m23_err,m34_err,m13_err,m24_err,m14_err,corr12,corr23,corr34,corr13,corr24,corr14,corr12_err,corr23_err,corr34_err,corr13_err,corr24_err,corr14_err
2342,1,0.1993349241705954,,,,,,0.029870002651778135,,,,,,5.016682370943574,,,,,,0.7517414038042303,,,,,
2342,2,0.20002689231429877,,,,,,0.029935336473866123,,,,,,4.9993277825299485,,,,,,0.7481821948122269,,,,,
2342,4,0.1994153524004739,,,,,,0.02995101178923686,,,,,,5.014659041856316,,,,,,0.7531722621837857,,,,,
2342,8,0.19960176993666656,,,,,,0.03271734598893662,,,,,,5.009975614531369,,,,,,0.8212006618416643,,,,,
2342,16,0.1992788008022615,,,,,,0.03296946994211965,,,,,,5.018095231274854,,,,,,0.83021344582646,,,,,
2342,32,0.1985956240757268,,,,,,0.03034830864833081,,,,,,5.035357675447513,,,,,,0.7694761130837039,,,,,
