index,bin_size,m,n,a,b,corr
1270,1,0.00004281542787537936,16.0,114273409669.9384,-114273409666.27438,23356.066951161807
1270,2,-3.2612587471563504e-7,16.0,1969670915953009.5,-1969670915953005.0,-3066300.706351339
1270,4,-1.3420812149161363e-7,16.0,1.1633558929346808e16,-1.1633558929346808e16,-7451113.903434583
1270,8,-0.000018185346590258016,16.0,633268598509.4746,-633268598507.6157,-54989.328635380814
1270,16,3.8794798829105845e-7,16.0,1389868311190989.8,-1389868311190986.5,2577665.125691408
1270,32,-6.69216199279755e-7,16.0,467589888563721.06,-467589888563719.2,-1494285.4059364547
