index,bin_size,m12,m23,m34,m13,m24,m14,m12_err,m23_err,m34_err,m13_err,m24_err,m14_err,corr12,corr23,corr34,corr13,corr24,corr14,corr12_err,corr23_err,corr34_err,corr13_err,corr24_err,corr14_err
1485,1,0.06499584361391582,,,,,,0.0642474317241788,,,,,,15.385599207545278,,,,,,15.208437642475753,,,,,
1485,2,0.06427403927658884,,,,,,0.06423683674000435,,,,,,15.55838113264868,,,,,,15.549375766721825,,,,,
1485,4,0.06468671601864842,,,,,,0.06240685012195841,,,,,,15.459124555213341,,,,,,14.91427187083911,,,,,
1485,8,0.0660222720311647,,,,,,0.06362825819414789,,,,,,15.146403921512528,,,,,,14.597184704215213,,,,,
1485,16,0.06769604494200733,,,,,,0.06703770771136798,,,,,,14.771911724778938,,,,,,14.62825636848049,,,,,
1485,32,0.0662837378308558,,,,,,0.06490094745458004,,,,,,15.08665673851738,,,,,,14.771923676820816,,,,,
