index,bin_size,m,n,a,b,corr
2299,1,0.09186157006728934,24.0,17572.98854698822,-17547.421675812246,10.885945006899968
2299,2,0.09114345501062683,24.0,17894.079432120467,-17862.88141120502,10.971714862942221
2299,4,0.09163489841756707,24.0,17683.69396592554,-17659.457362915535,10.9128729039797
2299,8,0.09149568259960625,24.0,17732.51739339966,-17706.43624513129,10.929477452789707
2299,16,0.0913051332115742,24.0,17830.761119851457,-17800.656718483307,10.952286742551252
2299,32,0.09009532506653546,24.0,18365.91978640075,-18337.3708466988,11.099355036029886
