index,bin_size,m12,m23,m34,m13,m24,m14,m12_err,m23_err,m34_err,m13_err,m24_err,m14_err,corr12,corr23,corr34,corr13,corr24,corr14,corr12_err,corr23_err,corr34_err,corr13_err,corr24_err,corr14_err
2222,1,0.17116473447167985,,,,,,0.029491459549703277,,,,,,5.842324957220995,,,,,,1.00662493757213,,,,,
2222,2,0.17138863301878346,,,,,,0.030942459438895144,,,,,,5.834692665355492,,,,,,1.0533939034124564,,,,,
2222,4,0.17110461594346876,,,,,,0.02898292025919862,,,,,,5.844377689555668,,,,,,0.989962378320613,,,,,
2222,8,0.17094399498976792,,,,,,0.028347043142333616,,,,,,5.849869134390222,,,,,,0.970063281482869,,,,,
2222,16,0.17092218163194586,,,,,,0.028400540033343944,,,,,,5.850615703895842,,,,,,0.9721420820382785,,,,,
2222,32,0.1718724847408282,,,,,,0.025773715316140616,,,,,,5.818266964068918,,,,,,0.8724977508258223,,,,,
