index,bin_size,m12,m23,m34,m13,m24,m14,m12_err,m23_err,m34_err,m13_err,m24_err,m14_err,corr12,corr23,corr34,corr13,corr24,corr14,corr12_err,corr23_err,corr34_err,corr13_err,corr24_err,corr14_err
453,1,0.13663264556433072,,,,,,0.021344422678997554,,,,,,7.318895099115754,,,,,,1.1433401577898779,,,,,
453,2,0.136001044336029,,,,,,0.02213468542620955,,,,,,7.352884714099823,,,,,,1.1967098555482791,,,,,
453,4,0.13593157367718936,,,,,,0.02045741409313011,,,,,,7.356642558812734,,,,,,1.107159132271794,,,,,
453,8,0.13622040130307725,,,,,,0.01709612015136349,,,,,,7.3410442961116855,,,,,,0.9213258375562563,,,,,
453,16,0.13674193506542692,,,,,,0.016847575796014775,,,,,,7.313045551984692,,,,,,0.901019055915948,,,,,
453,32,0.1361445045151407,,,,,,0.017919124065674807,,,,,,7.345136724845103,,,,,,0.966755262877367,,,,,
