index,bin_size,m,n,a,b,corr
1887,1,-3.962202153096766e-6,16.0,17811817591177.84,-17811817591068.152,-252384.90146658037
1887,2,0.0000281158513887644,16.0,353457983354.8859,-353457983245.50916,35567.12497063553
1887,4,7.156101276714235e-7,16.0,544990872934733.6,-544990872934626.8,1397408.9540263687
1887,8,-0.000029971552644300343,16.0,310872297563.6681,-310872297451.62146,-33364.971507079026
1887,16,8.721575896229027e-6,16.0,3669898687966.4346,-3669898687857.9126,114658.17782224115
1887,32,0.000011806768159044423,16.0,2003095324839.507,-2003095324729.3728,84697.18271159266
