index,bin_size,m,n,a,b,corr
688,1,9.375291761470287e-8,16.0,2.8301266400231864e16,-2.8301266400231716e16,10666334.717280034
688,2,0.000051538632442011976,16.0,93565661577.72308,-93565661427.21938,19402.920733784256
688,4,-0.000023481079846989458,16.0,450588023972.9271,-450588023817.8143,-42587.47921800587
688,8,0.00002753913907176988,16.0,326954656223.3139,-326954656072.96594,36311.955772978064
688,16,0.0000284932122795868,16.0,305888937666.1846,-305888937516.646,35096.07797771623
688,32,0.00002842276831620282,16.0,306983280611.2429,-306983280461.1054,35183.06130053965
