index,bin_size,m,n,a,b,corr
255,1,-0.00002867888157671224,24.0,232311537241.66803,-232311537295.7904,-34868.863254835494
255,2,0.000028399704494819337,24.0,236671207530.9414,-236671207591.51376,35211.63398662896
255,4,-1.9373022678283023e-7,24.0,5093704581353159.0,-5093704581353211.0,-5161817.113449161
255,8,-4.875727277051721e-8,24.0,8.016396839677462e16,-8.016396839677467e16,-20509760.763417535
255,16,-0.000025608507361123335,24.0,290956283202.66125,-290956283256.12634,-39049.52310957862
255,32,-0.000015648653784352888,24.0,779169300282.3341,-779169300336.6016,-63903.26054755595
