index,bin_size,m,n,a,b,corr
2198,1,0.015449296916972317,24.0,668792.5525541544,-668694.4285379276,64.72786466427596
2198,2,0.019842771928154514,24.0,403792.88221269747,-403692.1711582275,50.39618474781338
2198,4,0.021329914729701808,24.0,349061.465857303,-348960.2297740624,46.88251278414651
2198,8,0.015938316008343476,24.0,627642.5606017436,-627542.3191731488,62.7418856218257
2198,16,0.020326400244638342,24.0,385185.2230309532,-385084.7352058713,49.19710268244757
2198,32,0.017456366917171208,24.0,522718.6420891407,-522619.37615470344,57.28568863984725
