index,bin_size,m12,m23,m34,m13,m24,m14,m12_err,m23_err,m34_err,m13_err,m24_err,m14_err,corr12,corr23,corr34,corr13,corr24,corr14,corr12_err,corr23_err,corr34_err,corr13_err,corr24_err,corr14_err
1118,1,0.09261247200231897,,,,,,0.06489261316130046,,,,,,10.797681763369415,,,,,,7.565825320931021,,,,,
1118,2,0.09144857903908445,,,,,,0.06465786744097386,,,,,,10.935107035097914,,,,,,7.731565745007779,,,,,
1118,4,0.09207721983854614,,,,,,0.0652299376631914,,,,,,10.860449541737484,,,,,,7.6938296773509265,,,,,
1118,8,0.09147799548461116,,,,,,0.06827572832590188,,,,,,10.931590648684738,,,,,,8.158927284596272,,,,,
1118,16,0.09052803321449127,,,,,,0.0686014517618194,,,,,,11.046302062375139,,,,,,8.370803287894812,,,,,
1118,32,0.09025865218386724,,,,,,0.06243316721935516,,,,,,11.079270250600299,,,,,,7.6636855912168365,,,,,
