index,bin_size,m,n,a,b,corr
2414,1,0.04864231648677611,24.0,72999.77464936934,-73055.78060965402,20.558231437679574
2414,2,0.04647269874407599,24.0,80338.84519689802,-80393.39155392293,21.518010079573287
2414,4,0.04947445130114195,24.0,70577.66631032151,-70635.24782928736,20.21245256290328
2414,8,0.04578798633146816,24.0,82949.9558896319,-83006.98569914202,21.839789868914632
2414,16,0.04933708578105734,24.0,70917.90382897531,-70979.71001459348,20.26872856734363
2414,32,0.04879704293398161,24.0,72551.1504712455,-72611.0801870787,20.493045067360285
