index,bin_size,m12,m23,m34,m13,m24,m14,m12_err,m23_err,m34_err,m13_err,m24_err,m14_err,corr12,corr23,corr34,corr13,corr24,corr14,corr12_err,corr23_err,corr34_err,corr13_err,corr24_err,corr14_err
2401,1,0.08584096228769449,,,,,,0.045282349649465974,,,,,,11.64945002187321,,,,,,6.145253443763669,,,,,
2401,2,0.08529048983484053,,,,,,0.04674889266274501,,,,,,11.724636614661668,,,,,,6.426434877673876,,,,,
2401,4,0.08590523091287297,,,,,,0.04678553424040714,,,,,,11.640734672073958,,,,,,6.339753526024215,,,,,
2401,8,0.08829495864036613,,,,,,0.043274567243233586,,,,,,11.325674935452389,,,,,,5.550868238871031,,,,,
2401,16,0.0889122841957775,,,,,,0.04188492430016196,,,,,,11.247039810585482,,,,,,5.2982713843004925,,,,,
2401,32,0.08863836416128189,,,,,,0.042499024385010346,,,,,,11.281796651621983,,,,,,5.409230591525808,,,,,
