index,bin_size,m12,m23,m34,m13,m24,m14,m12_err,m23_err,m34_err,m13_err,m24_err,m14_err,corr12,corr23,corr34,corr13,corr24,corr14,corr12_err,corr23_err,corr34_err,corr13_err,corr24_err,corr14_err
2419,1,0.10526661411623318,,,,,,0.03859490736629348,,,,,,9.499688086251364,,,,,,3.4829616662004295,,,,,
2419,2,0.10482756107276993,,,,,,0.0379155702552731,,,,,,9.539475971455762,,,,,,3.4503776267687534,,,,,
2419,4,0.10569522402443282,,,,,,0.03642777543085463,,,,,,9.461165433253985,,,,,,3.26078318957033,,,,,
2419,8,0.10484198288126288,,,,,,0.0376580243627,,,,,,9.538163744313517,,,,,,3.4259977996178628,,,,,
2419,16,0.10453884568612419,,,,,,0.03348576788563555,,,,,,9.565822096433704,,,,,,3.064113595803552,,,,,
2419,32,0.10530112887072768,,,,,,0.03428387026876414,,,,,,9.496574355130079,,,,,,3.09188825115681,,,,,
