index,bin_size,m,n,a,b,corr
96,1,0.1498057185819855,16.0,8764.632106903704,-8787.421594523574,6.6753125946438505
96,2,0.15078698321249534,16.0,8638.094714686875,-8660.711903695828,6.631872186147249
96,4,0.1482272483164323,16.0,8982.68216146255,-9005.958086819668,6.746397921826234
96,8,0.14867496385567378,16.0,8929.576385587821,-8955.489766567847,6.7260820118359
96,16,0.15187843367414472,16.0,8487.592632946973,-8513.299179485557,6.5842132803759394
96,32,0.15029039927382098,16.0,8696.079431562612,-8719.303571012835,6.6537849711747326
