index,bin_size,m,n,a,b,corr
15,1,0.19957639128394505,16.0,3550.7933473005464,-3571.1469247123714,5.01061269605412
15,2,0.19808622671060214,16.0,3619.0726899225738,-3636.709480012206,5.048306571364849
15,4,0.19964979916641046,16.0,3548.303848262096,-3567.4002548262906,5.008770377807835
15,8,0.19887819582587113,16.0,3583.4489054796477,-3601.2053520626796,5.02820329723604
15,16,0.19888588223864087,16.0,3576.521058165206,-3594.198386138567,5.028008970491488
15,32,0.19889289934807722,16.0,3580.34249625942,-3598.255973253612,5.0278315780893035
