index,bin_size,m12,m23,m34,m13,m24,m14,m12_err,m23_err,m34_err,m13_err,m24_err,m14_err,corr12,corr23,corr34,corr13,corr24,corr14,corr12_err,corr23_err,corr34_err,corr13_err,corr24_err,corr14_err
1623,1,0.18655333655775902,,,,,,0.05509575408304648,,,,,,5.3603972914758815,,,,,,1.5831136360680662,,,,,
1623,2,0.18794850629806545,,,,,,0.0477914965696314,,,,,,5.320606264431339,,,,,,1.3529223564653943,,,,,
1623,4,0.18617247969842982,,,,,,0.05005599885639471,,,,,,5.37136316613413,,,,,,1.444192766497047,,,,,
1623,8,0.186949576332687,,,,,,0.048743134745994135,,,,,,5.34903592517613,,,,,,1.3946476048602667,,,,,
1623,16,0.18938945448600927,,,,,,0.044215258733474525,,,,,,5.2801250350181075,,,,,,1.2327090502584892,,,,,
1623,32,0.1886750510335258,,,,,,0.04251428942034135,,,,,,5.300117819087323,,,,,,1.1942794857521868,,,,,
