index,bin_size,m,n,a,b,corr
429,1,0.08288384783512996,36.0,12447.918128795332,-12425.71887819907,12.065076925351846
429,2,0.08360032342754734,36.0,12184.606657784432,-12165.694519885614,11.961676211296663
429,4,0.0832664859731974,36.0,12301.325316099386,-12281.838510037538,12.009633747746836
429,8,0.08293673649508573,36.0,12436.071134236421,-12416.839284611135,12.057383039893946
429,16,0.08334366718343873,36.0,12278.140117658817,-12263.033984259577,11.998512110092397
429,32,0.08355282284258927,36.0,12200.267635905739,-12183.446156126054,11.968476539493663
