index,bin_size,m12,m23,m34,m13,m24,m14,m12_err,m23_err,m34_err,m13_err,m24_err,m14_err,corr12,corr23,corr34,corr13,corr24,corr14,corr12_err,corr23_err,corr34_err,corr13_err,corr24_err,corr14_err
2027,1,0.0016312912324583028,,,,,,0.011889364265635964,,,,,,613.0113250796012,,,,,,4467.819600702634,,,,,
2027,2,0.0011919181367387867,,,,,,0.010134757193462246,,,,,,838.9837935817515,,,,,,7133.792812705845,,,,,
2027,4,0.0010995324912796275,,,,,,0.009504357762623374,,,,,,909.477444214684,,,,,,7861.522124546659,,,,,
2027,8,0.0009361852083963199,,,,,,0.008094492303496834,,,,,,1068.164708255746,,,,,,9235.620187434983,,,,,
2027,16,0.0003822498431336526,,,,,,0.004922710747987919,,,,,,2616.090020605588,,,,,,33690.67298122139,,,,,
2027,32,0.0004939071367654388,,,,,,0.00591272898036963,,,,,,2024.672100405201,,,,,,24238.03284603475,,,,,
