index,bin_size,m,n,a,b,corr
659,1,0.1147279268845176,16.0,14335.523917904198,-14370.129385744483,8.716273597504957
659,2,0.11506234795535648,16.0,14227.816626799999,-14262.988685244245,8.69094032730841
659,4,0.11630974167852126,16.0,13908.301893131606,-13943.44128138775,8.59773210367871
659,8,0.11486043442314493,16.0,14284.513155328676,-14320.597149832078,8.706218159649369
659,16,0.11428301920870086,16.0,14444.443424967296,-14478.938274128588,8.750206346699892
659,32,0.11473839690836785,16.0,14325.510352334171,-14361.198828992749,8.715478226513989
