index,bin_size,m12,m23,m34,m13,m24,m14,m12_err,m23_err,m34_err,m13_err,m24_err,m14_err,corr12,corr23,corr34,corr13,corr24,corr14,corr12_err,corr23_err,corr34_err,corr13_err,corr24_err,corr14_err
907,1,0.008460461552556288,,,,,,0.026443831889495242,,,,,,118.19686122181535,,,,,,369.43350059563903,,,,,
907,2,0.008591205512558493,,,,,,0.026709003102976143,,,,,,116.39810018957354,,,,,,361.8674020309884,,,,,
907,4,0.010124166762553339,,,,,,0.029938279251463442,,,,,,98.77356067451794,,,,,,292.0843276774804,,,,,
907,8,0.008597839686175267,,,,,,0.026440370898798353,,,,,,116.30828632545115,,,,,,357.6752232300085,,,,,
907,16,0.004207069264344342,,,,,,0.017298232422560924,,,,,,237.69515954376536,,,,,,977.3326411222157,,,,,
907,32,0.004697943890505056,,,,,,0.018947750076554998,,,,,,212.85907692960848,,,,,,858.5033549123173,,,,,
