index,bin_size,m12,m23,m34,m13,m24,m14,m12_err,m23_err,m34_err,m13_err,m24_err,m14_err,corr12,corr23,corr34,corr13,corr24,corr14,corr12_err,corr23_err,corr34_err,corr13_err,corr24_err,corr14_err
120,1,0.05259609339330156,,,,,,0.06143527322040399,,,,,,19.012818927866537,,,,,,22.208070032674872,,,,,
120,2,0.05478104743921101,,,,,,0.06038304559856077,,,,,,18.25448849092694,,,,,,20.121221890640058,,,,,
120,4,0.05376180331876789,,,,,,0.060169416138978644,,,,,,18.600566541094924,,,,,,20.817479316978247,,,,,
120,8,0.050653223977359295,,,,,,0.05840601624083772,,,,,,19.74207999962598,,,,,,22.763728634557584,,,,,
120,16,0.05473425477343498,,,,,,0.058293456643228235,,,,,,18.270094370323747,,,,,,19.458142957325173,,,,,
120,32,0.04831326887563984,,,,,,0.05179473797363496,,,,,,20.698247567848025,,,,,,22.189769689350538,,,,,
