index,bin_size,m12,m23,m34,m13,m24,m14,m12_err,m23_err,m34_err,m13_err,m24_err,m14_err,corr12,corr23,corr34,corr13,corr24,corr14,corr12_err,corr23_err,corr34_err,corr13_err,corr24_err,corr14_err
1262,1,0.11713211996442045,,,,,,0.06520704605438445,,,,,,8.537367891093883,,,,,,4.752723176417208,,,,,
1262,2,0.11633928874938672,,,,,,0.06718665523772492,,,,,,8.59554850944773,,,,,,4.963982163647612,,,,,
1262,4,0.11977063642282862,,,,,,0.0670016719791841,,,,,,8.349291862069435,,,,,,4.670731752864103,,,,,
1262,8,0.11826948360144932,,,,,,0.06919458549367813,,,,,,8.455266477444447,,,,,,4.946826868010362,,,,,
1262,16,0.11713430859722568,,,,,,0.07149548870863238,,,,,,8.53720837196016,,,,,,5.210871964588317,,,,,
1262,32,0.1196973750603919,,,,,,0.07327315183440752,,,,,,8.354402086891728,,,,,,5.114175413534792,,,,,
