index,bin_size,m,n,a,b,corr
1624,1,0.09801130787021636,16.0,21795.86457506189,-21752.705549021593,10.202904355935848
1624,2,0.0960965466097396,16.0,22708.408575967962,-22664.88286257513,10.406201214088663
1624,4,0.09694435893919219,16.0,22291.811070550808,-22251.499644762735,10.315195344447472
1624,8,0.09965911740463225,16.0,21050.168738993187,-21010.060866885207,10.034204857944278
1624,16,0.09611646187921967,16.0,22720.072529836412,-22680.5470163299,10.404045055846979
1624,32,0.097874862712327,16.0,21861.736413247134,-21819.889378188716,10.217127996789042
