index,bin_size,m12,m23,m34,m13,m24,m14,m12_err,m23_err,m34_err,m13_err,m24_err,m14_err,corr12,corr23,corr34,corr13,corr24,corr14,corr12_err,corr23_err,corr34_err,corr13_err,corr24_err,corr14_err
414,1,0.09975163024616522,,,,,,0.023595996209302354,,,,,,10.024898816512758,,,,,,2.3713644968942087,,,,,
414,2,0.10022314099549866,,,,,,0.023963218554794753,,,,,,9.977735581495228,,,,,,2.3856631916182005,,,,,
414,4,0.10062485920241063,,,,,,0.022906889907100887,,,,,,9.9379021041755,,,,,,2.2623279298207537,,,,,
414,8,0.10037035736851747,,,,,,0.02201028073380652,,,,,,9.963100921604008,,,,,,2.1848148598157144,,,,,
414,16,0.10044369857508531,,,,,,0.021690020197680467,,,,,,9.9558261412732,,,,,,2.149881706390833,,,,,
414,32,0.1009046919695374,,,,,,0.017970072711830643,,,,,,9.910341932384025,,,,,,1.7649284849688598,,,,,
