index,bin_size,m12,m23,m34,m13,m24,m14,m12_err,m23_err,m34_err,m13_err,m24_err,m14_err,corr12,corr23,corr34,corr13,corr24,corr14,corr12_err,corr23_err,corr34_err,corr13_err,corr24_err,corr14_err
237,1,0.2556238932747929,,,,,,0.03140602258571299,,,,,,3.9119973770410064,,,,,,0.48062908519481146,,,,,
237,2,0.25593429571909654,,,,,,0.034000593102015315,,,,,,3.9072528251452505,,,,,,0.5190742924124293,,,,,
237,4,0.2577547655408932,,,,,,0.03339851099025367,,,,,,3.879656688020957,,,,,,0.5027055707830232,,,,,
237,8,0.25517345363772975,,,,,,0.02814862547283857,,,,,,3.918902949127702,,,,,,0.4323009694261065,,,,,
237,16,0.2559575138165534,,,,,,0.0239904549187428,,,,,,3.906898395320042,,,,,,0.3661868269755495,,,,,
237,32,0.2568247682794038,,,,,,0.02972674135014618,,,,,,3.893705450216094,,,,,,0.45068540541348834,,,,,
