index,bin_size,m12,m23,m34,m13,m24,m14,m12_err,m23_err,m34_err,m13_err,m24_err,m14_err,corr12,corr23,corr34,corr13,corr24,corr14,corr12_err,corr23_err,corr34_err,corr13_err,corr24_err,corr14_err
770,1,0.02456569025073504,,,,,,0.047591275360014174,,,,,,40.70718102334122,,,,,,78.86229295567254,,,,,
770,2,0.024285328894118698,,,,,,0.045946372564189764,,,,,,41.177124030721906,,,,,,77.90462670223835,,,,,
770,4,0.026385855432201264,,,,,,0.04720868817682567,,,,,,37.89909342031797,,,,,,67.8077877013106,,,,,
770,8,0.024309112008764143,,,,,,0.0440057369933825,,,,,,41.136837891876546,,,,,,74.46824336309282,,,,,
770,16,0.025178657968244336,,,,,,0.04681549779616277,,,,,,39.716175550786446,,,,,,73.84557712785455,,,,,
770,32,0.025799186652689276,,,,,,0.04537911243520987,,,,,,38.76091186369867,,,,,,68.1779546476785,,,,,
