index,bin_size,m,n,a,b,corr
239,1,0.07743441205582537,24.0,26674.504116567106,-26689.61805083386,12.914155004871253
239,2,0.0779543507435448,24.0,26280.66276897715,-26294.75563921407,12.82802037938604
239,4,0.0800444736756595,24.0,24810.276996826582,-24827.855437301765,12.49305484913304
239,8,0.07878659163621057,24.0,25703.3259498926,-25720.40177914081,12.692515048974359
239,16,0.07937459655204974,24.0,25261.72143629671,-25277.310454019105,12.59848923256261
239,32,0.0771969655148365,24.0,26824.542287753287,-26839.663176385224,12.953877051136288
