index,bin_size,m12,m23,m34,m13,m24,m14,m12_err,m23_err,m34_err,m13_err,m24_err,m14_err,corr12,corr23,corr34,corr13,corr24,corr14,corr12_err,corr23_err,corr34_err,corr13_err,corr24_err,corr14_err
601,1,0.011172915504340561,,,,,,0.031011617944971814,,,,,,89.50215363317753,,,,,,248.42276777677034,,,,,
601,2,0.009470577085848763,,,,,,0.029165658509048512,,,,,,105.59018642002627,,,,,,325.17631091719903,,,,,
601,4,0.009606448283631963,,,,,,0.028920688332146626,,,,,,104.09674527721752,,,,,,313.38840721006295,,,,,
601,8,0.006132173486297337,,,,,,0.021889970032426282,,,,,,163.0743165102149,,,,,,582.125066983781,,,,,
601,16,0.005059267656611127,,,,,,0.020809535198942915,,,,,,197.65706577972094,,,,,,812.9934897372102,,,,,
601,32,0.003175348823108923,,,,,,0.014732639629742294,,,,,,314.9260304009432,,,,,,1461.15969437957,,,,,
