index,bin_size,m12,m23,m34,m13,m24,m14,m12_err,m23_err,m34_err,m13_err,m24_err,m14_err,corr12,corr23,corr34,corr13,corr24,corr14,corr12_err,corr23_err,corr34_err,corr13_err,corr24_err,corr14_err
1210,1,0.15371722057814172,,,,,,0.05963782201728362,,,,,,6.505451999710422,,,,,,2.5239266429715856,,,,,
1210,2,0.15431789205650684,,,,,,0.057652786351064196,,,,,,6.480129987997946,,,,,,2.4209606854166266,,,,,
1210,4,0.151667588526064,,,,,,0.06003410757083633,,,,,,6.593366517646917,,,,,,2.609831662922121,,,,,
1210,8,0.15186692947294458,,,,,,0.06437815092908664,,,,,,6.584712046727409,,,,,,2.791335726876027,,,,,
1210,16,0.15255746786785385,,,,,,0.06530048208269294,,,,,,6.554906908039439,,,,,,2.8057530521738805,,,,,
1210,32,0.15378917903698644,,,,,,0.06105235750120873,,,,,,6.502408077485732,,,,,,2.581373702956893,,,,,
