index,bin_size,m,n,a,b,corr
1182,1,0.10885115223005505,16.0,18463.72088273959,-18550.675471786697,9.186857277234118
1182,2,0.1117143646807619,16.0,17436.41479901608,-17521.852912397946,8.951400322220227
1182,4,0.11361210583390191,16.0,16818.392917723006,-16906.007630970085,8.801878925314309
1182,8,0.1118264878909909,16.0,17410.067334582393,-17496.40148727463,8.942425170097497
1182,16,0.11278240669110857,16.0,17069.41449545411,-17156.195215162,8.866631146991093
1182,32,0.11064335318441477,16.0,17804.940166242446,-17891.322881838223,9.038048569743275
