index,bin_size,m12,m23,m34,m13,m24,m14,m12_err,m23_err,m34_err,m13_err,m24_err,m14_err,corr12,corr23,corr34,corr13,corr24,corr14,corr12_err,corr23_err,corr34_err,corr13_err,corr24_err,corr14_err
2876,1,0.10100804438866397,,,,,,0.0418307848067904,,,,,,9.900201573571193,,,,,,4.100002173830642,,,,,
2876,2,0.09921218204525462,,,,,,0.04223434630090347,,,,,,10.079407381080081,,,,,,4.290775316747305,,,,,
2876,4,0.10008759960256379,,,,,,0.04172510416007896,,,,,,9.991247706717752,,,,,,4.165209805284105,,,,,
2876,8,0.10013083876442772,,,,,,0.039924360896436514,,,,,,9.98693321997077,,,,,,3.982009249525761,,,,,
2876,16,0.10327892852630066,,,,,,0.030602493248950376,,,,,,9.68251718205368,,,,,,2.8690185977402605,,,,,
2876,32,0.10175371695123317,,,,,,0.0325146512729903,,,,,,9.827650821633016,,,,,,3.1403534816448935,,,,,
