index,bin_size,m,n,a,b,corr
12,1,0.17617114496034922,16.0,5246.274426248464,-5297.476878002849,5.676298466613643
12,2,0.1764220837633885,16.0,5218.381918043826,-5266.70595387482,5.668224627372427
12,4,0.17744107355923605,16.0,5152.219554868486,-5206.1040447493715,5.635673747578883
12,8,0.1778069143288708,16.0,5120.901861117933,-5173.558716499512,5.624078252381147
12,16,0.1785650764509521,16.0,5072.625807950571,-5126.029591717156,5.6001992095844
12,32,0.1744678774567616,16.0,5364.186342443945,-5418.266218240797,5.731714138883992
