index,bin_size,m12,m23,m34,m13,m24,m14,m12_err,m23_err,m34_err,m13_err,m24_err,m14_err,corr12,corr23,corr34,corr13,corr24,corr14,corr12_err,corr23_err,corr34_err,corr13_err,corr24_err,corr14_err
2981,1,0.08107375247310111,,,,,,0.045385889801744905,,,,,,12.334448196804297,,,,,,6.90494629332997,,,,,
2981,2,0.08183218353421848,,,,,,0.042886624138386543,,,,,,12.220130965732396,,,,,,6.404328236335982,,,,,
2981,4,0.08190481558207295,,,,,,0.044212759059073216,,,,,,12.209294324067518,,,,,,6.590657513786751,,,,,
2981,8,0.08073767541355359,,,,,,0.04680242877150485,,,,,,12.385791328246839,,,,,,7.179858888056149,,,,,
2981,16,0.08168092572977838,,,,,,0.048674124844506825,,,,,,12.242760363762999,,,,,,7.2955300281315365,,,,,
2981,32,0.08163145948846723,,,,,,0.05069934936834192,,,,,,12.250179113130747,,,,,,7.60829359873353,,,,,
