index,bin_size,m,n,a,b,corr
1927,1,0.0886954674365532,16.0,29475.653954550882,-29567.92029329685,11.274533286780782
1927,2,0.08936905980075541,16.0,29014.185131839142,-29108.019920951185,11.189554888788786
1927,4,0.08932801251410634,16.0,28994.957063396483,-29086.863421854338,11.194696622653323
1927,8,0.09259816135349387,16.0,26964.779394749687,-27059.90805523658,10.799350498791178
1927,16,0.08892599930083617,16.0,29327.62251981737,-29422.537963127044,11.245305173541041
1927,32,0.08570143281598139,16.0,31669.146291406272,-31760.672679451054,11.668416351301918
