index,bin_size,m,n,a,b,corr
1974,1,0.15565809979745462,16.0,9407.038487915812,-9429.407506975118,6.424336422590406
1974,2,0.15619480637048297,16.0,9321.39179232801,-9343.803101937552,6.402261529926105
1974,4,0.15604555492273375,16.0,9339.179097874958,-9360.488787757502,6.408385041760093
1974,8,0.15662324816423806,16.0,9268.397658395515,-9290.86735876987,6.384748188540831
1974,16,0.1559580858265614,16.0,9356.240875511927,-9378.466758107941,6.4119791846642995
1974,32,0.1563732585059235,16.0,9309.365164240804,-9330.91614909531,6.394955311122581
