index,bin_size,m12,m23,m34,m13,m24,m14,m12_err,m23_err,m34_err,m13_err,m24_err,m14_err,corr12,corr23,corr34,corr13,corr24,corr14,corr12_err,corr23_err,corr34_err,corr13_err,corr24_err,corr14_err
567,1,0.07945227751170972,,,,,,0.015817327892046647,,,,,,12.58617161544072,,,,,,2.505650052859163,,,,,
567,2,0.07938920374307823,,,,,,0.016837931040005735,,,,,,12.596171177585186,,,,,,2.671565548669194,,,,,
567,4,0.0791446949356634,,,,,,0.016844816716353326,,,,,,12.635085659410255,,,,,,2.689197327770407,,,,,
567,8,0.07926858273338186,,,,,,0.018756557440282436,,,,,,12.6153384546243,,,,,,2.9850454264917516,,,,,
567,16,0.08006861418660857,,,,,,0.01810431165381235,,,,,,12.4892882205928,,,,,,2.8239525384181845,,,,,
567,32,0.08009458646128786,,,,,,0.018969919828866002,,,,,,12.485238318613833,,,,,,2.957053409132264,,,,,
