index,bin_size,m12,m23,m34,m13,m24,m14,m12_err,m23_err,m34_err,m13_err,m24_err,m14_err,corr12,corr23,corr34,corr13,corr24,corr14,corr12_err,corr23_err,corr34_err,corr13_err,corr24_err,corr14_err
440,1,5.081958863128083,,,,,,0.62630386649872,,,,,,0.19677451686109734,,,,,,0.0242506175389749,,,,,
440,2,5.060565840434756,,,,,,0.574970586483952,,,,,,0.19760636093494427,,,,,,0.022451608935091624,,,,,
440,4,5.034511082879577,,,,,,0.611516209396462,,,,,,0.19862901948922365,,,,,,0.02412644705207642,,,,,
440,8,5.08572764410003,,,,,,0.625255403657961,,,,,,0.19662869700859886,,,,,,0.02417415243647134,,,,,
440,16,5.06181208538751,,,,,,0.5873583087739555,,,,,,0.19755770920196938,,,,,,0.02292403589953544,,,,,
440,32,5.07156617505949,,,,,,0.6166032579140733,,,,,,0.19717774854594494,,,,,,0.023972957848699558,,,,,
