index,bin_size,m,n,a,b,corr
931,1,0.1319856536217522,16.0,10145.521010019545,-10147.173904386555,7.576581034070756
931,2,0.13413167866459946,16.0,9781.075918126375,-9783.855958572178,7.45536035898374
931,4,0.13326669089283177,16.0,9926.153659724085,-9926.650705149568,7.503750511852685
931,8,0.1344671418050223,16.0,9726.768746335249,-9729.524450387382,7.436761030066382
931,16,0.1330813948251859,16.0,9946.674479907058,-9948.90617716129,7.514198369453429
931,32,0.134870065975716,16.0,9661.876982558744,-9664.935623011328,7.414543714837767
