index,bin_size,m12,m23,m34,m13,m24,m14,m12_err,m23_err,m34_err,m13_err,m24_err,m14_err,corr12,corr23,corr34,corr13,corr24,corr14,corr12_err,corr23_err,corr34_err,corr13_err,corr24_err,corr14_err
1276,1,0.15365402685934085,,,,,,0.06361373550495691,,,,,,6.5081275150401865,,,,,,2.694405807882222,,,,,
1276,2,0.155341239850741,,,,,,0.06202582613758136,,,,,,6.43744057251536,,,,,,2.5703900014284926,,,,,
1276,4,0.15646366594694283,,,,,,0.06624614019718095,,,,,,6.391260194166115,,,,,,2.706036039082486,,,,,
1276,8,0.1526965295557501,,,,,,0.06644826112661885,,,,,,6.548937313175124,,,,,,2.849871558664584,,,,,
1276,16,0.1528763575551549,,,,,,0.06921134746325473,,,,,,6.5412338179186325,,,,,,2.9613971306650426,,,,,
1276,32,0.15271144171996193,,,,,,0.06904746804728752,,,,,,6.5482978140811,,,,,,2.960769533634655,,,,,
