index,bin_size,m,n,a,b,corr
1199,1,0.13047673210996358,16.0,11606.279383006917,-11661.271239734633,7.664201760948588
1199,2,0.13170403831904784,16.0,11355.41164140031,-11409.758373243743,7.592781609152632
1199,4,0.13040439047549854,16.0,11622.443293174116,-11678.009672591987,7.668453465053298
1199,8,0.1296804106105943,16.0,11756.047923819742,-11809.63693175511,7.711264911111444
1199,16,0.13081589581673791,16.0,11536.338244705697,-11589.39439653232,7.644330941255916
1199,32,0.1295660491569743,16.0,11791.581030140256,-11844.93730809578,7.718071257914649
