index,bin_size,m12,m23,m34,m13,m24,m14,m12_err,m23_err,m34_err,m13_err,m24_err,m14_err,corr12,corr23,corr34,corr13,corr24,corr14,corr12_err,corr23_err,corr34_err,corr13_err,corr24_err,corr14_err
194,1,0.17046168796002487,,,,,,0.031773408861704086,,,,,,5.866420847800773,,,,,,1.0934784841254808,,,,,
194,2,0.16973595052059257,,,,,,0.031408389090580746,,,,,,5.891503814795433,,,,,,1.0901794438726529,,,,,
194,4,0.1700269003826001,,,,,,0.030289902516269177,,,,,,5.881422279355603,,,,,,1.0477618958989494,,,,,
194,8,0.16957806113138954,,,,,,0.02917725091525994,,,,,,5.896989229197504,,,,,,1.0146237858656133,,,,,
194,16,0.16947993227341324,,,,,,0.03074514127952342,,,,,,5.900403585167544,,,,,,1.0703847906873438,,,,,
194,32,0.16953700310722802,,,,,,0.035096046244711146,,,,,,5.898417346492343,,,,,,1.221038028094505,,,,,
