index,bin_size,m12,m23,m34,m13,m24,m14,m12_err,m23_err,m34_err,m13_err,m24_err,m14_err,corr12,corr23,corr34,corr13,corr24,corr14,corr12_err,corr23_err,corr34_err,corr13_err,corr24_err,corr14_err
1913,1,0.1455207706845251,,,,,,0.06134648538185551,,,,,,6.8718712476303665,,,,,,2.8969414266823934,,,,,
1913,2,0.1453224156503852,,,,,,0.05972721795853628,,,,,,6.881250876023057,,,,,,2.8281801472965564,,,,,
1913,4,0.1480927723481756,,,,,,0.05872329532959958,,,,,,6.752524003324996,,,,,,2.6775814577580817,,,,,
1913,8,0.14938242954914888,,,,,,0.059336694229491255,,,,,,6.6942277148530795,,,,,,2.659036569546049,,,,,
1913,16,0.14751752018030523,,,,,,0.05608267695204804,,,,,,6.778855818466423,,,,,,2.5771608721925916,,,,,
1913,32,0.14661449279260813,,,,,,0.0620025290000315,,,,,,6.820608119652528,,,,,,2.8844007483953678,,,,,
