index,bin_size,m12,m23,m34,m13,m24,m14,m12_err,m23_err,m34_err,m13_err,m24_err,m14_err,corr12,corr23,corr34,corr13,corr24,corr14,corr12_err,corr23_err,corr34_err,corr13_err,corr24_err,corr14_err
288,1,0.234678772449546,,,,,,0.0335029012780954,,,,,,4.261143816128456,,,,,,0.6083237913399719,,,,,
288,2,0.2354471829666283,,,,,,0.03254920287078095,,,,,,4.247237055037254,,,,,,0.5871558062527348,,,,,
288,4,0.23454779248453725,,,,,,0.03388446618185973,,,,,,4.263523392853616,,,,,,0.615939347330418,,,,,
288,8,0.23429942060480227,,,,,,0.03007964557874301,,,,,,4.268042991393995,,,,,,0.5479365683644295,,,,,
288,16,0.2350949738946764,,,,,,0.029180090441099486,,,,,,4.25360008099537,,,,,,0.5279586926401902,,,,,
288,32,0.23478237170100025,,,,,,0.028885414557059143,,,,,,4.259263558652175,,,,,,0.5240197239174533,,,,,
