index,bin_size,m,n,a,b,corr
217,1,0.15743135224786983,24.0,3279.523425803849,-3339.643088380683,6.351974913011844
217,2,0.15696562744333165,24.0,3300.8948273384553,-3360.920676259115,6.370821537734584
217,4,0.1567754915973168,24.0,3318.3847269186417,-3376.938514221696,6.378548010351861
217,8,0.15676254966458764,24.0,3315.3312473815668,-3372.958483782525,6.379074607676518
217,16,0.1568439629950463,24.0,3312.417513511923,-3370.570147855057,6.375763407811773
217,32,0.15665058421719544,24.0,3325.7420167721048,-3386.947119659728,6.38363402854281
