index,bin_size,m,n,a,b,corr
1545,1,0.14698420201011322,16.0,7537.4881033668,-7519.636175967499,6.80345225081533
1545,2,0.1478167798580456,16.0,7435.42204424941,-7415.834511285624,6.765131813589366
1545,4,0.14669756415863636,16.0,7564.191991711616,-7545.45010182557,6.816745770356597
1545,8,0.14926684358072567,16.0,7271.090391204729,-7253.079460147374,6.699411443367096
1545,16,0.14814869867820268,16.0,7398.435610210513,-7380.018994113886,6.749974916567602
1545,32,0.14773384360911324,16.0,7441.997638221226,-7422.859412715121,6.768929688486851
