index,bin_size,m12,m23,m34,m13,m24,m14,m12_err,m23_err,m34_err,m13_err,m24_err,m14_err,corr12,corr23,corr34,corr13,corr24,corr14,corr12_err,corr23_err,corr34_err,corr13_err,corr24_err,corr14_err
282,1,0.13076244606434048,,,,,,0.035595420018365916,,,,,,7.647455596754125,,,,,,2.081747491204972,,,,,
282,2,0.13209392792463015,,,,,,0.03531815536309109,,,,,,7.570370687822817,,,,,,2.0241015791526253,,,,,
282,4,0.1303694989625516,,,,,,0.035496282094021975,,,,,,7.670505815836941,,,,,,2.088482662045012,,,,,
282,8,0.13064617737762607,,,,,,0.03725385788577269,,,,,,7.654261456954468,,,,,,2.1826185370408164,,,,,
282,16,0.1311698397994619,,,,,,0.037076003637487615,,,,,,7.623703753308254,,,,,,2.154889176665323,,,,,
282,32,0.1291706271421404,,,,,,0.04142917664741608,,,,,,7.741698109892987,,,,,,2.483011700429289,,,,,
