index,bin_size,m,n,a,b,corr
2693,1,0.08415493328504267,16.0,29465.55249568289,-29410.987561221536,11.882844664767093
2693,2,0.08573795048846247,16.0,28338.180434564376,-28284.44446813378,11.663446517007277
2693,4,0.08464247470314541,16.0,29084.8016900687,-29029.430761874748,11.814399372267395
2693,8,0.08537267352341311,16.0,28630.500400999466,-28578.050275359066,11.713349936566694
2693,16,0.08513606357275767,16.0,28742.78842988353,-28687.80708455407,11.745903651575286
2693,32,0.08599633040487825,16.0,28171.039830723545,-28117.593234293403,11.628403157343023
