index,bin_size,m12,m23,m34,m13,m24,m14,m12_err,m23_err,m34_err,m13_err,m24_err,m14_err,corr12,corr23,corr34,corr13,corr24,corr14,corr12_err,corr23_err,corr34_err,corr13_err,corr24_err,corr14_err
1004,1,0.03206450928012216,,,,,,0.04965800161235619,,,,,,31.187129397920735,,,,,,48.29921170466167,,,,,
1004,2,0.032106830615235823,,,,,,0.0511608457119412,,,,,,31.146020358841174,,,,,,49.62983613099143,,,,,
1004,4,0.030870095897877436,,,,,,0.05030032719591665,,,,,,32.393809313328305,,,,,,52.7830951019035,,,,,
1004,8,0.0275150557183564,,,,,,0.04693136176754386,,,,,,36.3437388692206,,,,,,61.99010368416671,,,,,
1004,16,0.025259085129002296,,,,,,0.043990218006415956,,,,,,39.58971573565851,,,,,,68.94787428480564,,,,,
1004,32,0.024004836886937383,,,,,,0.043200727748472056,,,,,,41.6582709855515,,,,,,74.97104153614146,,,,,
