index,bin_size,m12,m23,m34,m13,m24,m14,m12_err,m23_err,m34_err,m13_err,m24_err,m14_err,corr12,corr23,corr34,corr13,corr24,corr14,corr12_err,corr23_err,corr34_err,corr13_err,corr24_err,corr14_err
1796,1,0.12688627259622942,,,,,,0.06552960659886539,,,,,,7.881073181037838,,,,,,4.070130003532194,,,,,
1796,2,0.12683163518511484,,,,,,0.06815922259205777,,,,,,7.884468244381364,,,,,,4.237107132652268,,,,,
1796,4,0.12926470489276665,,,,,,0.0646797644736704,,,,,,7.736063767983411,,,,,,3.870869336541235,,,,,
1796,8,0.1275679103863631,,,,,,0.062053967346388066,,,,,,7.8389619848072645,,,,,,3.8131744069612608,,,,,
1796,16,0.12808857446005162,,,,,,0.06050564440376756,,,,,,7.807097582398974,,,,,,3.687865776767388,,,,,
1796,32,0.13279220752211846,,,,,,0.04376516709307848,,,,,,7.53056236250486,,,,,,2.481895031716958,,,,,
