index,bin_size,m12,m23,m34,m13,m24,m14,m12_err,m23_err,m34_err,m13_err,m24_err,m14_err,corr12,corr23,corr34,corr13,corr24,corr14,corr12_err,corr23_err,corr34_err,corr13_err,corr24_err,corr14_err
2219,1,0.10022897523410523,,,,,,0.044670148889546034,,,,,,9.977154786470637,,,,,,4.4466282206788135,,,,,
2219,2,0.10182371069062052,,,,,,0.041385019369751946,,,,,,9.8208952828127,,,,,,3.9915844625071992,,,,,
2219,4,0.10120740739891859,,,,,,0.03849039155445509,,,,,,9.880699700748238,,,,,,3.757748667691399,,,,,
2219,8,0.10169572709023315,,,,,,0.038381157562769906,,,,,,9.833254833929399,,,,,,3.711185454242744,,,,,
2219,16,0.10187298625130231,,,,,,0.035464704306793576,,,,,,9.816144954592575,,,,,,3.4172619362358096,,,,,
2219,32,0.10196522203062966,,,,,,0.037852273194864824,,,,,,9.807265458605158,,,,,,3.640724592569117,,,,,
