index,bin_size,m12,m23,m34,m13,m24,m14,m12_err,m23_err,m34_err,m13_err,m24_err,m14_err,corr12,corr23,corr34,corr13,corr24,corr14,corr12_err,corr23_err,corr34_err,corr13_err,corr24_err,corr14_err
1773,1,0.10944008920686149,,,,,,0.06330181617480077,,,,,,9.137419452480707,,,,,,5.2852227249164,,,,,
1773,2,0.10801499400223846,,,,,,0.06294461895179482,,,,,,9.257973943684858,,,,,,5.394988422985165,,,,,
1773,4,0.11196065929058285,,,,,,0.06012844329081155,,,,,,8.931708747843281,,,,,,4.796771886997204,,,,,
1773,8,0.11110841825789915,,,,,,0.05964854696488763,,,,,,9.00021812639661,,,,,,4.831766503600949,,,,,
1773,16,0.11159414283924814,,,,,,0.05560898134775422,,,,,,8.961043783816724,,,,,,4.465418201638928,,,,,
1773,32,0.11055383332572118,,,,,,0.06281326985555867,,,,,,9.045367039003816,,,,,,5.139297875719463,,,,,
