index,bin_size,m12,m23,m34,m13,m24,m14,m12_err,m23_err,m34_err,m13_err,m24_err,m14_err,corr12,corr23,corr34,corr13,corr24,corr14,corr12_err,corr23_err,corr34_err,corr13_err,corr24_err,corr14_err
545,1,0.024348038196299455,,,,,,0.022023955598756043,,,,,,41.07107077530318,,,,,,37.150731892893205,,,,,
545,2,0.024200185369640654,,,,,,0.02160378073963474,,,,,,41.32199752711435,,,,,,36.88861720123109,,,,,
545,4,0.023110275103035843,,,,,,0.021974696379104708,,,,,,43.27079602218308,,,,,,41.14458181178191,,,,,
545,8,0.023728368997155906,,,,,,0.02157177606681844,,,,,,42.1436467091295,,,,,,38.31335013196306,,,,,
545,16,0.024591867516538607,,,,,,0.023283132821793513,,,,,,40.66384951559602,,,,,,38.49979301817209,,,,,
545,32,0.02369709936247731,,,,,,0.021940248207090667,,,,,,42.1992575843873,,,,,,39.070696855938756,,,,,
