index,bin_size,m,n,a,b,corr
775,1,0.12555031646782572,16.0,12402.551196307064,-12431.017596531588,7.9649341246882965
775,2,0.12799240507138254,16.0,11868.799487065604,-11898.287153481271,7.812963585161876
775,4,0.12654960665438345,16.0,12158.072812291535,-12187.686559635855,7.902039575129425
775,8,0.12499168395251574,16.0,12494.024652981896,-12521.974929549426,8.000532262449552
775,16,0.12543724720274335,16.0,12396.178915484968,-12425.908411346687,7.972113724591763
775,32,0.12621375618070882,16.0,12250.39735922145,-12279.266623893187,7.9230666312492275
