index,bin_size,m,n,a,b,corr
1421,1,0.0959034084244597,16.0,22729.01004194914,-22700.193838111605,10.427158079451061
1421,2,0.09892301915768413,16.0,21274.729075347666,-21245.68033632912,10.108870599733633
1421,4,0.09984846014650657,16.0,20851.217827327684,-20822.62020935232,10.015176984529464
1421,8,0.0974609681236247,16.0,21942.429770974923,-21912.700267318614,10.260517818082276
1421,16,0.0978680717056972,16.0,21740.95683532948,-21710.890011290612,10.217836957155322
1421,32,0.09982738181422186,16.0,20856.860359471582,-20827.378581639896,10.017291667139922
