index,bin_size,m12,m23,m34,m13,m24,m14,m12_err,m23_err,m34_err,m13_err,m24_err,m14_err,corr12,corr23,corr34,corr13,corr24,corr14,corr12_err,corr23_err,corr34_err,corr13_err,corr24_err,corr14_err
819,1,0.0393662768857929,,,,,,0.05544524360407667,,,,,,25.402453041244932,,,,,,35.777962978288265,,,,,
819,2,0.03668193829756062,,,,,,0.05299174618141861,,,,,,27.261372937495533,,,,,,39.382535992020536,,,,,
819,4,0.03970496533836905,,,,,,0.05529611464653752,,,,,,25.18576685504989,,,,,,35.07558915136456,,,,,
819,8,0.04243566588392583,,,,,,0.05766938834937868,,,,,,23.565083265932422,,,,,,32.02456966424722,,,,,
819,16,0.041888397474943745,,,,,,0.056233652870517056,,,,,,23.872959107546833,,,,,,32.048580904744675,,,,,
819,32,0.040554920705203584,,,,,,0.05437158784509089,,,,,,24.65792023781939,,,,,,33.05863389632563,,,,,
