index,bin_size,m,n,a,b,corr
2526,1,0.21308210307396255,24.0,1596.2107302607164,-1758.8804804166664,4.69302670460734
2526,2,0.21230924541469853,24.0,1612.9263915404917,-1772.1147830169605,4.710110471386793
2526,4,0.2123875869713164,24.0,1610.5029903872774,-1770.8011870494868,4.708373094021983
2526,8,0.21294251262693897,24.0,1596.746025406696,-1762.1654915027261,4.69610312973029
2526,16,0.21328203055706887,24.0,1590.7638590063098,-1754.8785348210574,4.688627529417793
2526,32,0.2137774643777458,24.0,1575.5777320760917,-1738.4137713495197,4.677761535392689
