index,bin_size,m12,m23,m34,m13,m24,m14,m12_err,m23_err,m34_err,m13_err,m24_err,m14_err,corr12,corr23,corr34,corr13,corr24,corr14,corr12_err,corr23_err,corr34_err,corr13_err,corr24_err,corr14_err
551,1,0.11934500879443657,,,,,,0.01818754816763057,,,,,,8.379068467977827,,,,,,1.276925720653391,,,,,
551,2,0.1192735558363996,,,,,,0.018599238629930438,,,,,,8.384088098887906,,,,,,1.3073950395129188,,,,,
551,4,0.11998223356565976,,,,,,0.020088595103453465,,,,,,8.334567296188517,,,,,,1.3954545002197416,,,,,
551,8,0.11900585056368711,,,,,,0.02008438044767391,,,,,,8.402948218624264,,,,,,1.418148839788643,,,,,
551,16,0.11955634514097134,,,,,,0.017917214846572948,,,,,,8.364257027269272,,,,,,1.2535026059288878,,,,,
551,32,0.11934293568844094,,,,,,0.019694382592655303,,,,,,8.37921402076634,,,,,,1.3827667787687692,,,,,
