index,bin_size,m12,m23,m34,m13,m24,m14,m12_err,m23_err,m34_err,m13_err,m24_err,m14_err,corr12,corr23,corr34,corr13,corr24,corr14,corr12_err,corr23_err,corr34_err,corr13_err,corr24_err,corr14_err
872,1,0.08865882635294826,,,,,,0.0702960354439564,,,,,,11.279192846733933,,,,,,8.943075074970938,,,,,
872,2,0.08767548012176235,,,,,,0.06910611621186513,,,,,,11.405697449403362,,,,,,8.990010118235995,,,,,
872,4,0.08475918631686044,,,,,,0.06916147691526107,,,,,,11.79813119325661,,,,,,9.626994000570335,,,,,
872,8,0.09175907777477431,,,,,,0.06612237129023356,,,,,,10.898104299331921,,,,,,7.85326657934459,,,,,
872,16,0.08576988470261383,,,,,,0.06916273115508306,,,,,,11.659103932193172,,,,,,9.401615422095512,,,,,
872,32,0.08707284842251088,,,,,,0.07400502758314466,,,,,,11.484636348952503,,,,,,9.761031655499238,,,,,
