index,bin_size,m12,m23,m34,m13,m24,m14,m12_err,m23_err,m34_err,m13_err,m24_err,m14_err,corr12,corr23,corr34,corr13,corr24,corr14,corr12_err,corr23_err,corr34_err,corr13_err,corr24_err,corr14_err
713,1,0.052013201836827415,,,,,,0.06187991872931231,,,,,,19.225888133884506,,,,,,22.87296980785503,,,,,
713,2,0.05240272757342359,,,,,,0.06083664541391061,,,,,,19.082976140867082,,,,,,22.154271479426352,,,,,
713,4,0.050586172901814615,,,,,,0.05947583727018078,,,,,,19.76824777673838,,,,,,23.242183000638285,,,,,
713,8,0.0496654656532372,,,,,,0.060267155522678736,,,,,,20.13471507509806,,,,,,24.43271172182527,,,,,
713,16,0.05010152950726095,,,,,,0.06068691731856109,,,,,,19.959470495907222,,,,,,24.176482187671276,,,,,
713,32,0.052379014560416055,,,,,,0.06190846373405816,,,,,,19.09161538055589,,,,,,22.565002192785485,,,,,
