index,bin_size,m,n,a,b,corr
2464,1,0.24413984829306853,24.0,778.4859267521673,-780.0953839114559,4.096013031021415
2464,2,0.24333606708719202,24.0,787.4554642241296,-787.3782168758023,4.1095428720054095
2464,4,0.24309701921580648,24.0,790.7543056655381,-791.8516561053585,4.113583964237184
2464,8,0.2442650342077714,24.0,776.4476223291749,-779.702803901405,4.093913822923185
2464,16,0.24324869118465756,24.0,788.0602927641794,-788.2622818950327,4.111019036237565
2464,32,0.24277108961631602,24.0,793.5273094094532,-793.686824275237,4.119106610183425
