index,bin_size,m,n,a,b,corr
945,1,-8.358746661154448e-7,16.0,316247144918965.5,-316247144919010.7,-1196351.6069308498
945,2,7.276860374731476e-7,16.0,416213768214503.1,-416213768214549.8,1374219.0292292107
945,4,-0.00003256610832063991,16.0,208207849922.09802,-208207849966.73682,-30706.770061506395
945,8,0.000023507546598194726,16.0,399454283723.90814,-399454283769.3762,42539.5306916799
945,16,0.000039296536739159206,16.0,142889961429.95294,-142889961476.4541,25447.535151449993
945,32,0.000052842043465348725,16.0,79123076871.15443,-79123076917.05115,18924.324920472693
