index,bin_size,m,n,a,b,corr
2819,1,0.19967876029283518,24.0,1444.3812104383728,-1449.0432420178547,5.008043912800082
2819,2,0.19882945121995746,24.0,1464.4099314649698,-1465.457462658815,5.029436000875635
2819,4,0.1993990494703883,24.0,1453.2915024676809,-1458.0226022465968,5.0150690419840975
2819,8,0.19938435551738184,24.0,1452.491922372525,-1456.4975102410585,5.015438635619645
2819,16,0.1993189788612553,24.0,1453.436590080274,-1455.6989658317962,5.017083700273689
2819,32,0.19982145099848983,24.0,1442.8457620640038,-1445.183372490537,5.004467713566736
