index,bin_size,m,n,a,b,corr
288,1,0.22073660438984916,24.0,1068.9336989542421,-1105.6355409151006,4.530286233061155
288,2,0.2215469626904373,24.0,1055.0360284831518,-1090.6082120783183,4.513715682923976
288,4,0.22101088887236742,24.0,1061.9203853774177,-1097.9453738185211,4.524663943492371
288,8,0.22095178797848145,24.0,1065.462737221295,-1101.0703115784163,4.525874215135975
288,16,0.2214012182247335,24.0,1058.5821555394837,-1095.5021972993554,4.516686981301743
288,32,0.22098717581628827,24.0,1064.7436706649255,-1099.8792774277354,4.525149463113294
