index,bin_size,m12,m23,m34,m13,m24,m14,m12_err,m23_err,m34_err,m13_err,m24_err,m14_err,corr12,corr23,corr34,corr13,corr24,corr14,corr12_err,corr23_err,corr34_err,corr13_err,corr24_err,corr14_err
2152,1,0.1268681154379847,,,,,,0.036941040701409564,,,,,,7.882201107407614,,,,,,2.2951134011900125,,,,,
2152,2,0.12663327797156648,,,,,,0.0365363387762078,,,,,,7.896818403646901,,,,,,2.278396619525387,,,,,
2152,4,0.12754826400292277,,,,,,0.03976629615376129,,,,,,7.840169427763321,,,,,,2.4443648982392823,,,,,
2152,8,0.12711696799423552,,,,,,0.0376180731525074,,,,,,7.866770390915458,,,,,,2.3280349485118057,,,,,
2152,16,0.12730414089941122,,,,,,0.041672399024782626,,,,,,7.855204025061097,,,,,,2.571363305550877,,,,,
2152,32,0.1258242981920744,,,,,,0.044936514191035434,,,,,,7.947590523997767,,,,,,2.8383787511453824,,,,,
