index,bin_size,m12,m23,m34,m13,m24,m14,m12_err,m23_err,m34_err,m13_err,m24_err,m14_err,corr12,corr23,corr34,corr13,corr24,corr14,corr12_err,corr23_err,corr34_err,corr13_err,corr24_err,corr14_err
1879,1,0.047664968139523776,,,,,,0.05912707212432025,,,,,,20.9797685602731,,,,,,26.024821524767052,,,,,
1879,2,0.044330100288273715,,,,,,0.056407087828148364,,,,,,22.55803604090925,,,,,,28.703592184894983,,,,,
1879,4,0.04887913941870067,,,,,,0.058155600050314546,,,,,,20.458625333681915,,,,,,24.34133756515441,,,,,
1879,8,0.04868003687976584,,,,,,0.059000920345660485,,,,,,20.542301610614764,,,,,,24.897571545353458,,,,,
1879,16,0.05219355499860502,,,,,,0.06271913826245469,,,,,,19.159453691681417,,,,,,23.023233906059506,,,,,
1879,32,0.05270590931455229,,,,,,0.06465556443662994,,,,,,18.97320458000136,,,,,,23.274871209800715,,,,,
