index,bin_size,m12,m23,m34,m13,m24,m14,m12_err,m23_err,m34_err,m13_err,m24_err,m14_err,corr12,corr23,corr34,corr13,corr24,corr14,corr12_err,corr23_err,corr34_err,corr13_err,corr24_err,corr14_err
2956,1,0.047726938853522596,,,,,,0.044631990674359336,,,,,,20.952527524739683,,,,,,19.593819246578764,,,,,
2956,2,0.048044525447218614,,,,,,0.04350895803856955,,,,,,20.814025962200276,,,,,,18.849110773254512,,,,,
2956,4,0.047520254370383826,,,,,,0.0438907766066542,,,,,,21.043658398917003,,,,,,19.4363965852262,,,,,
2956,8,0.048004951760380166,,,,,,0.045892636166076854,,,,,,20.8311843534718,,,,,,19.914569838842464,,,,,
2956,16,0.05016084759012884,,,,,,0.047392062685259286,,,,,,19.935867275831082,,,,,,18.835444714596957,,,,,
2956,32,0.04896956700713004,,,,,,0.04578657444289246,,,,,,20.420846274879224,,,,,,19.09350348177437,,,,,
