index,bin_size,m,n,a,b,corr
2156,1,0.21810444586153904,24.0,1193.4001384396215,-1155.706238370043,4.5849592659603
2156,2,0.2189104971786986,24.0,1180.502759162522,-1148.609277661651,4.568076967015844
2156,4,0.21841367186804325,24.0,1189.8752578421675,-1155.8250121995627,4.5784679660720125
2156,8,0.21842858572288998,24.0,1188.7895883242315,-1152.4136019006678,4.578155357690466
2156,16,0.2187565104520265,24.0,1183.6491781466086,-1148.321282344693,4.571292520317017
2156,32,0.21763287326456712,24.0,1201.4785701652377,-1162.222865640216,4.594894075511938
