index,bin_size,m12,m23,m34,m13,m24,m14,m12_err,m23_err,m34_err,m13_err,m24_err,m14_err,corr12,corr23,corr34,corr13,corr24,corr14,corr12_err,corr23_err,corr34_err,corr13_err,corr24_err,corr14_err
2602,1,0.05529492011320405,,,,,,0.018750561523063147,,,,,,18.084843923324648,,,,,,6.13258827257657,,,,,
2602,2,0.05419538297288263,,,,,,0.0190045933751146,,,,,,18.451756314746646,,,,,,6.470442804951199,,,,,
2602,4,0.05380023194052938,,,,,,0.01974884919080828,,,,,,18.587280462013567,,,,,,6.822970561118203,,,,,
2602,8,0.05494068375223069,,,,,,0.018862763402528775,,,,,,18.20144802911009,,,,,,6.249096012435183,,,,,
2602,16,0.054341714828061834,,,,,,0.019275748326645782,,,,,,18.40206926049386,,,,,,6.527465260842517,,,,,
2602,32,0.053680957537987184,,,,,,0.02023569655389384,,,,,,18.628579776960066,,,,,,7.022272047398018,,,,,
