index,bin_size,m12,m23,m34,m13,m24,m14,m12_err,m23_err,m34_err,m13_err,m24_err,m14_err,corr12,corr23,corr34,corr13,corr24,corr14,corr12_err,corr23_err,corr34_err,corr13_err,corr24_err,corr14_err
1784,1,0.15727749393611581,,,,,,0.05980304908867389,,,,,,6.35818879722351,,,,,,2.417631838092883,,,,,
1784,2,0.15741060024642445,,,,,,0.059523351435567876,,,,,,6.35281231654356,,,,,,2.4022567700640973,,,,,
1784,4,0.15653850102920802,,,,,,0.06227236784871813,,,,,,6.388204776621779,,,,,,2.541283039809509,,,,,
1784,8,0.15365342678806554,,,,,,0.05722438594490294,,,,,,6.508152931592615,,,,,,2.4237992144463782,,,,,
1784,16,0.1590695458820022,,,,,,0.04968269260977406,,,,,,6.286558463816827,,,,,,1.9635006185462651,,,,,
1784,32,0.1610078670385058,,,,,,0.039563114992681954,,,,,,6.210876638474101,,,,,,1.5261467105489155,,,,,
