index,bin_size,m12,m23,m34,m13,m24,m14,m12_err,m23_err,m34_err,m13_err,m24_err,m14_err,corr12,corr23,corr34,corr13,corr24,corr14,corr12_err,corr23_err,corr34_err,corr13_err,corr24_err,corr14_err
1706,1,0.018644872044015534,,,,,,0.040101212160610376,,,,,,53.63405002937369,,,,,,115.35560094932629,,,,,
1706,2,0.01759490485537689,,,,,,0.039644786458289824,,,,,,56.834635266266105,,,,,,128.05962845984615,,,,,
1706,4,0.01842929068845134,,,,,,0.03981108210352504,,,,,,54.26144808853914,,,,,,117.21595808691004,,,,,
1706,8,0.019677636367905336,,,,,,0.04174081976480652,,,,,,50.81911167090283,,,,,,107.7990944238865,,,,,
1706,16,0.018231760396266755,,,,,,0.03828853404764238,,,,,,54.84933864119704,,,,,,115.18913831733819,,,,,
1706,32,0.020700191310405375,,,,,,0.04152841325925124,,,,,,48.308732272311396,,,,,,96.91625394914225,,,,,
