index,bin_size,m12,m23,m34,m13,m24,m14,m12_err,m23_err,m34_err,m13_err,m24_err,m14_err,corr12,corr23,corr34,corr13,corr24,corr14,corr12_err,corr23_err,corr34_err,corr13_err,corr24_err,corr14_err
2050,1,0.12678505926750616,,,,,,0.06529523037265031,,,,,,7.887364692475959,,,,,,4.062050352019021,,,,,
2050,2,0.12578403705970553,,,,,,0.06376682942090692,,,,,,7.950134400006044,,,,,,4.030359304796639,,,,,
2050,4,0.12929270886293492,,,,,,0.061789434124683615,,,,,,7.734388186267444,,,,,,3.696290947362978,,,,,
2050,8,0.1261731476643388,,,,,,0.06408193303881901,,,,,,7.925616650702272,,,,,,4.02533221135768,,,,,
2050,16,0.1285671617455038,,,,,,0.06217017422152604,,,,,,7.778035902974047,,,,,,3.7611614087459,,,,,
2050,32,0.12827121859189983,,,,,,0.05528656197817235,,,,,,7.795981132615113,,,,,,3.360169169673778,,,,,
