index,bin_size,m,n,a,b,corr
1514,1,-0.0000303535322741554,16.0,319094759424.71515,-319094759302.1324,-32945.094856437936
1514,2,-4.456357743640971e-7,16.0,1479735268511773.0,-1479735268511655.0,-2243985.015401774
1514,4,-1.193179381424967e-6,16.0,206314771207078.9,-206314771206963.03,-838096.9496855867
1514,8,0.0000456485413120519,16.0,140931677603.2636,-140931677482.09485,21906.505032965535
1514,16,-1.7260038622102995e-6,16.0,98533299021998.36,-98533299021878.72,-579372.9793393464
1514,32,0.000016881554472143878,16.0,1027606391084.4003,-1027606390967.3701,59236.25111953358
