index,bin_size,m12,m23,m34,m13,m24,m14,m12_err,m23_err,m34_err,m13_err,m24_err,m14_err,corr12,corr23,corr34,corr13,corr24,corr14,corr12_err,corr23_err,corr34_err,corr13_err,corr24_err,corr14_err
517,1,0.12139758687327774,,,,,,0.016392552274609888,,,,,,8.23739602866951,,,,,,1.1123116075411241,,,,,
517,2,0.12169339010107784,,,,,,0.01564109708183266,,,,,,8.217373180001031,,,,,,1.0561685524520998,,,,,
517,4,0.12205829514190628,,,,,,0.016558208266840995,,,,,,8.192806550651795,,,,,,1.1114213663062715,,,,,
517,8,0.12149014042136992,,,,,,0.017978717362398946,,,,,,8.231120620419512,,,,,,1.218082312663999,,,,,
517,16,0.12147835200697238,,,,,,0.017594271578287735,,,,,,8.231919378875045,,,,,,1.1922669576072638,,,,,
517,32,0.12263006984261662,,,,,,0.022349857045020977,,,,,,8.154606788395371,,,,,,1.486212119204525,,,,,
