index,bin_size,m,n,a,b,corr
1860,1,0.08251032709934293,16.0,34804.56511127226,-34828.48721185105,12.119695014613068
1860,2,0.08375670048511093,16.0,33764.81776068168,-33790.34930797812,11.939343290842334
1860,4,0.08159333185162539,16.0,35662.16014507954,-35685.076163504855,12.255903482633421
1860,8,0.08399262832353474,16.0,33534.76269732642,-33559.67776676167,11.905806735182258
1860,16,0.08170550277636848,16.0,35521.07561749118,-35545.02300960394,12.239077736747346
1860,32,0.08324967819119801,16.0,34175.2070779904,-34199.56353065662,12.012058445479132
