index,bin_size,m12,m23,m34,m13,m24,m14,m12_err,m23_err,m34_err,m13_err,m24_err,m14_err,corr12,corr23,corr34,corr13,corr24,corr14,corr12_err,corr23_err,corr34_err,corr13_err,corr24_err,corr14_err
294,1,NaN,,,,,,NaN,,,,,,NaN,,,,,,NaN,,,,,
294,2,6474781636579.784,,,,,,169745846405828.1,,,,,,1.5444536296798365e-13,,,,,,4.049010504438295e-12,,,,,
294,4,9178056000081.4,,,,,,85296916985565.69,,,,,,1.089555348094554e-13,,,,,,1.0125860212312504e-12,,,,,
294,8,5826219673526.078,,,,,,76621670310818.11,,,,,,1.7163788117086072e-13,,,,,,2.2572408664367883e-12,,,,,
294,16,7283289832526.828,,,,,,77768520130473.8,,,,,,1.373005912155311e-13,,,,,,1.4660495514245558e-12,,,,,
294,32,NaN,,,,,,NaN,,,,,,NaN,,,,,,NaN,,,,,
