index,bin_size,m,n,a,b,corr
2851,1,0.16745129192150587,24.0,2505.017842263654,-2452.161740064539,5.9718858452806565
2851,2,0.16797058555946404,24.0,2482.7062422380077,-2429.060776862615,5.953423313190663
2851,4,0.1664717450652913,24.0,2545.673012942416,-2490.519059201023,6.007025394055871
2851,8,0.16766753191882175,24.0,2496.997270390955,-2442.212663771233,5.964183933262416
2851,16,0.1679908339884003,24.0,2485.1152355878694,-2429.884099596017,5.952705729581946
2851,32,0.1659707381118265,24.0,2569.295741702812,-2516.3217969082007,6.025158478997832
