index,bin_size,m,n,a,b,corr
408,1,0.017309872115720434,36.0,397184.21567182266,-397211.0220684739,57.77050190288943
408,2,0.018292123491567457,36.0,355405.0726165754,-355424.1994461017,54.66833855899743
408,4,0.017545338515953125,36.0,386428.05118412984,-386449.42457798973,56.99519556665997
408,8,0.017758567044819457,36.0,377282.7141642011,-377304.71576293214,56.310849714178985
408,16,0.017766664190403885,36.0,376684.4038092155,-376703.73891194665,56.28518608125205
408,32,0.016841632332658504,36.0,419721.82268034277,-419741.1575996737,59.37666731156735
