index,bin_size,m12,m23,m34,m13,m24,m14,m12_err,m23_err,m34_err,m13_err,m24_err,m14_err,corr12,corr23,corr34,corr13,corr24,corr14,corr12_err,corr23_err,corr34_err,corr13_err,corr24_err,corr14_err
2047,1,0.06428339340137723,,,,,,0.06481924707959034,,,,,,15.556117172535195,,,,,,15.685789894595299,,,,,
2047,2,0.06620925722128555,,,,,,0.06514076897501703,,,,,,15.10362813251001,,,,,,14.859885039581767,,,,,
2047,4,0.06569655671301532,,,,,,0.062403592864073244,,,,,,15.221497899324264,,,,,,14.458537938908371,,,,,
2047,8,0.06201158233889366,,,,,,0.05983411528910822,,,,,,16.12601972539572,,,,,,15.559772658769655,,,,,
2047,16,0.06146003951088244,,,,,,0.058380550221155104,,,,,,16.270734740138504,,,,,,15.455480572275837,,,,,
2047,32,0.06281732520834828,,,,,,0.059906795144154014,,,,,,15.919175111058411,,,,,,15.18158818572796,,,,,
