index,bin_size,m12,m23,m34,m13,m24,m14,m12_err,m23_err,m34_err,m13_err,m24_err,m14_err,corr12,corr23,corr34,corr13,corr24,corr14,corr12_err,corr23_err,corr34_err,corr13_err,corr24_err,corr14_err
2072,1,0.16223670756046982,,,,,,0.059142424593191564,,,,,,6.163833173372765,,,,,,2.246988638655259,,,,,
2072,2,0.16174578317149033,,,,,,0.06100514251172139,,,,,,6.182541395467194,,,,,,2.3318494709392414,,,,,
2072,4,0.1624401430386181,,,,,,0.05601581881114739,,,,,,6.156113761622721,,,,,,2.122872749317193,,,,,
2072,8,0.16332177556119795,,,,,,0.054063845435557485,,,,,,6.122882246190693,,,,,,2.0268366434342027,,,,,
2072,16,0.16495206629379633,,,,,,0.04865369541724392,,,,,,6.062367222602103,,,,,,1.7881350320924028,,,,,
2072,32,0.16338451751242766,,,,,,0.055591698929879634,,,,,,6.120530973345967,,,,,,2.0825150408475595,,,,,
