index,bin_size,m,n,a,b,corr
37,1,-1.353189091650021e-7,16.0,1.469961195143981e16,-1.469961195143969e16,-7389950.20112557
37,2,6.166798603456013e-7,16.0,708512835761437.9,-708512835761315.8,1621586.9275179142
37,4,0.00004202687565065168,16.0,152420108372.95355,-152420108250.45392,23794.297922893387
37,8,-5.685524916422846e-6,16.0,8325485401660.102,-8325485401538.701,-175885.25504680554
37,16,3.713730064441867e-8,16.0,1.941431021690726e17,-1.9414310216907248e17,26927105.16509468
37,32,0.000025044487420457802,16.0,428523171747.7279,-428523171626.3171,39928.94656662614
