index,bin_size,m,n,a,b,corr
1911,1,0.13723669038463357,16.0,11202.351031758406,-11244.169354706177,7.286681114192552
1911,2,0.1373359019783017,16.0,11176.733126694808,-11218.158379185797,7.281417208429551
1911,4,0.13695623398641288,16.0,11253.331848851678,-11295.598526236618,7.301602642631132
1911,8,0.13836647645321837,16.0,11000.105925500695,-11043.042863678278,7.22718411014896
1911,16,0.13827776438816725,16.0,11009.007163898597,-11050.306752716908,7.231820708301619
1911,32,0.13923094195313174,16.0,10845.47958563537,-10887.960193177732,7.182311531991377
