index,bin_size,m12,m23,m34,m13,m24,m14,m12_err,m23_err,m34_err,m13_err,m24_err,m14_err,corr12,corr23,corr34,corr13,corr24,corr14,corr12_err,corr23_err,corr34_err,corr13_err,corr24_err,corr14_err
2398,1,0.04183272338192186,,,,,,0.041858892716725465,,,,,,23.90473101333281,,,,,,23.919685117648868,,,,,
2398,2,0.04218894725454732,,,,,,0.04250041783263149,,,,,,23.70289056909841,,,,,,23.87788315621558,,,,,
2398,4,0.04312463241425516,,,,,,0.04314794285896383,,,,,,23.188603450436432,,,,,,23.201137740663192,,,,,
2398,8,0.0428704071658857,,,,,,0.04377109080690788,,,,,,23.326113888550935,,,,,,23.816182693046837,,,,,
2398,16,0.039074957742892116,,,,,,0.039148619785722344,,,,,,25.59183829653415,,,,,,25.640082675993433,,,,,
2398,32,0.04149545495657154,,,,,,0.037588993399543504,,,,,,24.099024846132753,,,,,,21.830296518613306,,,,,
