index,bin_size,m,n,a,b,corr
1658,1,-0.00006028042550603298,16.0,65746385002.12894,-65746385124.171486,-16589.13306608823
1658,2,-0.000031203106781512736,16.0,245252821826.9811,-245252821948.40796,-32048.0908199975
1658,4,-0.00006294137461647081,16.0,60389590369.97756,-60389590491.76567,-15887.800450712035
1658,8,-0.00009422093795205148,16.0,26920352304.30581,-26920352425.015022,-10613.352209557652
1658,16,-0.00007136258373437381,16.0,46890818049.48659,-46890818170.19423,-14012.945547518366
1658,32,-0.00004564127909705479,16.0,114626415330.78401,-114626415451.16019,-21909.99068789309
