index,bin_size,m12,m23,m34,m13,m24,m14,m12_err,m23_err,m34_err,m13_err,m24_err,m14_err,corr12,corr23,corr34,corr13,corr24,corr14,corr12_err,corr23_err,corr34_err,corr13_err,corr24_err,corr14_err
2254,1,0.12012400796176753,,,,,,0.0390568679454864,,,,,,8.324730559425515,,,,,,2.7066854299826617,,,,,
2254,2,0.11907900472760466,,,,,,0.042217486900926825,,,,,,8.39778601011587,,,,,,2.977295801974956,,,,,
2254,4,0.11961853218433778,,,,,,0.040665231921269286,,,,,,8.35990863404805,,,,,,2.842014671441502,,,,,
2254,8,0.11858206216221914,,,,,,0.04039579749330828,,,,,,8.432978662759377,,,,,,2.872752354906782,,,,,
2254,16,0.11946198868592084,,,,,,0.03839197853850837,,,,,,8.370863493902766,,,,,,2.6901779816475937,,,,,
2254,32,0.12085081209132083,,,,,,0.028708592377164846,,,,,,8.274665123841705,,,,,,1.965679700343315,,,,,
