index,bin_size,m12,m23,m34,m13,m24,m14,m12_err,m23_err,m34_err,m13_err,m24_err,m14_err,corr12,corr23,corr34,corr13,corr24,corr14,corr12_err,corr23_err,corr34_err,corr13_err,corr24_err,corr14_err
639,1,0.04660469331940649,,,,,,0.05656470819458987,,,,,,21.457066419179583,,,,,,26.042714032996944,,,,,
639,2,0.04331748750077858,,,,,,0.05589768854158989,,,,,,23.085364772876687,,,,,,29.78978247341927,,,,,
639,4,0.043844086969116416,,,,,,0.05544282411515791,,,,,,22.8080927014034,,,,,,28.841861228330874,,,,,
639,8,0.0433740057789931,,,,,,0.056658884687905,,,,,,23.055283505410515,,,,,,30.116809045400032,,,,,
639,16,0.04731316434337194,,,,,,0.05856640588359136,,,,,,21.13576662813273,,,,,,26.162821789312332,,,,,
639,32,0.04535337422693435,,,,,,0.06006454782781941,,,,,,22.04907610614168,,,,,,29.201086113457574,,,,,
