index,bin_size,m,n,a,b,corr
2329,1,0.04257037826729799,24.0,102923.90769678567,-102890.33204966591,23.490512433810977
2329,2,0.03817346311426473,24.0,128581.64972729093,-128545.0983354355,26.196208528597403
2329,4,0.039784482355991614,24.0,118281.7254248439,-118247.50903084094,25.135428206706283
2329,8,0.03723589138115632,24.0,135595.0399669709,-135562.082691469,26.85580935242663
2329,16,0.037048221868183115,24.0,136970.18874816358,-136936.95873225897,26.991848719703242
2329,32,0.04037385682295353,24.0,114731.70781999998,-114696.86241220911,24.768503152551812
