index,bin_size,m12,m23,m34,m13,m24,m14,m12_err,m23_err,m34_err,m13_err,m24_err,m14_err,corr12,corr23,corr34,corr13,corr24,corr14,corr12_err,corr23_err,corr34_err,corr13_err,corr24_err,corr14_err
1883,1,0.074616360752163,,,,,,0.06816853704479996,,,,,,13.401886528900588,,,,,,12.243789285704098,,,,,
1883,2,0.07439157544865306,,,,,,0.06839733875140468,,,,,,13.442382339250567,,,,,,12.359237896745844,,,,,
1883,4,0.07797767655126656,,,,,,0.06903354974261401,,,,,,12.824183076839283,,,,,,11.353234919244256,,,,,
1883,8,0.07727200203873154,,,,,,0.07318841335799481,,,,,,12.94129792960151,,,,,,12.257389963649318,,,,,
1883,16,0.07990931124221143,,,,,,0.06956604695413485,,,,,,12.514186200015178,,,,,,10.894380783039146,,,,,
1883,32,0.08191574276013999,,,,,,0.07169782635005038,,,,,,12.207665661143192,,,,,,10.684919201367707,,,,,
