index,bin_size,m,n,a,b,corr
694,1,0.16232941407219617,16.0,6146.83555346046,-6128.782574631714,6.160313001285454
694,2,0.16116443355711457,16.0,6255.777038655214,-6237.772133902223,6.2048429540480035
694,4,0.16170947774105077,16.0,6201.627494676053,-6182.945645381897,6.183929439196655
694,8,0.16187564291671264,16.0,6196.446391224619,-6177.789445444717,6.177581642190076
694,16,0.16264794225988408,16.0,6125.292894579776,-6107.390181834895,6.148248702723629
694,32,0.1616975468181519,16.0,6204.930000935397,-6186.255643674065,6.184385723084709
