index,bin_size,m12,m23,m34,m13,m24,m14,m12_err,m23_err,m34_err,m13_err,m24_err,m14_err,corr12,corr23,corr34,corr13,corr24,corr14,corr12_err,corr23_err,corr34_err,corr13_err,corr24_err,corr14_err
1641,1,0.10756929721260713,,,,,,0.0693096478797175,,,,,,9.296332930608752,,,,,,5.989864939989586,,,,,
1641,2,0.10648841738143566,,,,,,0.07053817323654886,,,,,,9.390692664893825,,,,,,6.220416476233098,,,,,
1641,4,0.11214690743160538,,,,,,0.06963123487844236,,,,,,8.9168753994386,,,,,,5.536425921497439,,,,,
1641,8,0.11247941581816978,,,,,,0.06846687968992878,,,,,,8.890515591017689,,,,,,5.411708950690643,,,,,
1641,16,0.10663418046476669,,,,,,0.07175407158111757,,,,,,9.37785610243812,,,,,,6.310353351232438,,,,,
1641,32,0.10820927586350688,,,,,,0.07109782796741014,,,,,,9.241351926810609,,,,,,6.071938327241489,,,,,
