index,bin_size,m,n,a,b,corr
2191,1,0.23078513570586418,24.0,926.4271258114544,-828.3810146335104,4.333034694550262
2191,2,0.23065152741759207,24.0,929.7353290159753,-833.8608728521253,4.335544668600919
2191,4,0.23018075759997725,24.0,936.4877987447924,-840.7954054037948,4.344411802388207
2191,8,0.23076284498726063,24.0,927.9737026717133,-832.1192049931035,4.333453247446336
2191,16,0.23136685792710493,24.0,919.3005804468385,-823.8278952528835,4.322140210397215
2191,32,0.23066233250298587,24.0,928.8877643220732,-833.4063812350973,4.335341575491331
