index,bin_size,m12,m23,m34,m13,m24,m14,m12_err,m23_err,m34_err,m13_err,m24_err,m14_err,corr12,corr23,corr34,corr13,corr24,corr14,corr12_err,corr23_err,corr34_err,corr13_err,corr24_err,corr14_err
715,1,0.12212376630393758,,,,,,0.0654005790397818,,,,,,8.188414346076039,,,,,,4.3851172941901195,,,,,
715,2,0.12633168619262639,,,,,,0.06384616255183377,,,,,,7.91567048725395,,,,,,4.000462590718327,,,,,
715,4,0.12652089460259608,,,,,,0.06472308092913788,,,,,,7.903832826514657,,,,,,4.043287974588729,,,,,
715,8,0.12366436997649403,,,,,,0.07164818533249807,,,,,,8.086403546875133,,,,,,4.685069273469847,,,,,
715,16,0.12206416166829608,,,,,,0.07477644543464536,,,,,,8.192412796128117,,,,,,5.018668051745412,,,,,
715,32,0.12408035087251293,,,,,,0.07693451900954214,,,,,,8.059293779943093,,,,,,4.9970675143687995,,,,,
