index,bin_size,m,n,a,b,corr
2140,1,0.19234652513983602,24.0,1560.2818066782281,-1506.58213914132,5.1989501722113225
2140,2,0.19189695480235314,24.0,1572.7355373862683,-1516.5007948007328,5.211130114232211
2140,4,0.19267232753559638,24.0,1554.5760088802344,-1499.862317305189,5.190158923134663
2140,8,0.19328317484422547,24.0,1536.8530623704414,-1484.7418071168013,5.173756074764084
2140,16,0.19257477587725236,24.0,1555.8521527645344,-1500.6228964381885,5.192788076447782
2140,32,0.19237260054983257,24.0,1561.7086106757738,-1507.520150772741,5.198245473325387
