index,bin_size,m12,m23,m34,m13,m24,m14,m12_err,m23_err,m34_err,m13_err,m24_err,m14_err,corr12,corr23,corr34,corr13,corr24,corr14,corr12_err,corr23_err,corr34_err,corr13_err,corr24_err,corr14_err
940,1,0.04653262386568458,,,,,,0.058923158901363286,,,,,,21.490298997247148,,,,,,27.21265635713303,,,,,
940,2,0.04773938135271861,,,,,,0.05852289406010596,,,,,,20.947066586631692,,,,,,25.67865196371301,,,,,
940,4,0.04610607889681706,,,,,,0.05630034621749101,,,,,,21.68911397210651,,,,,,26.484677400413624,,,,,
940,8,0.044398149387404585,,,,,,0.05509131145119801,,,,,,22.523461310837707,,,,,,27.948169893459287,,,,,
940,16,0.042416757626916754,,,,,,0.05422826586440492,,,,,,23.57558795030155,,,,,,30.140522821747425,,,,,
940,32,0.04368576694333764,,,,,,0.05549802602158668,,,,,,22.89075069454644,,,,,,29.08021460049781,,,,,
