index,bin_size,m12,m23,m34,m13,m24,m14,m12_err,m23_err,m34_err,m13_err,m24_err,m14_err,corr12,corr23,corr34,corr13,corr24,corr14,corr12_err,corr23_err,corr34_err,corr13_err,corr24_err,corr14_err
1324,1,0.25856116063599816,,,,,,0.03944877561885602,,,,,,3.8675568965587908,,,,,,0.5900746416446325,,,,,
1324,2,0.2578624415263706,,,,,,0.04035805525773362,,,,,,3.878036654274577,,,,,,0.6069515849547407,,,,,
1324,4,0.25883919657369775,,,,,,0.0421836434367353,,,,,,3.863402503319376,,,,,,0.6296279536094642,,,,,
1324,8,0.2590375847707022,,,,,,0.03928858140500412,,,,,,3.8604436529362762,,,,,,0.5855187186526485,,,,,
1324,16,0.25722954485926625,,,,,,0.042360247901858335,,,,,,3.8875783127755152,,,,,,0.6402016578506057,,,,,
1324,32,0.25907798774643437,,,,,,0.0453575365335525,,,,,,3.8598416202719745,,,,,,0.6757536941986768,,,,,
