index,bin_size,m12,m23,m34,m13,m24,m14,m12_err,m23_err,m34_err,m13_err,m24_err,m14_err,corr12,corr23,corr34,corr13,corr24,corr14,corr12_err,corr23_err,corr34_err,corr13_err,corr24_err,corr14_err
522,1,0.18077604449513845,,,,,,0.02572232656246788,,,,,,5.531706387274629,,,,,,0.787097419564316,,,,,
522,2,0.18020594079598368,,,,,,0.02526275213430857,,,,,,5.549206622062082,,,,,,0.777933462215484,,,,,
522,4,0.1800979962926508,,,,,,0.026898806158786533,,,,,,5.552532624377713,,,,,,0.8293068319914958,,,,,
522,8,0.1816544256594468,,,,,,0.027989552085993914,,,,,,5.504958089348899,,,,,,0.8482111603595366,,,,,
522,16,0.17927191782388888,,,,,,0.02576267523728686,,,,,,5.578118492503487,,,,,,0.8016160975008088,,,,,
522,32,0.18085062522023393,,,,,,0.029070163778111443,,,,,,5.529425174959904,,,,,,0.8888069656333866,,,,,
