index,bin_size,m,n,a,b,corr
2284,1,0.051588163480213355,24.0,55231.769572235105,-55123.856798485715,19.3842915222898
2284,2,0.05240506967728121,24.0,53516.92153284987,-53406.66583179884,19.082123278494997
2284,4,0.05267167109379877,24.0,52872.70169962629,-52763.91779729607,18.98553775176755
2284,8,0.05350092283809377,24.0,51139.014119892556,-51029.7165592377,18.691266373595695
2284,16,0.05279500764000736,24.0,52693.70140944584,-52581.36748725883,18.941184871469044
2284,32,0.0521962881608005,24.0,53900.76185223529,-53789.857426226336,19.158450442286462
