index,bin_size,m,n,a,b,corr
2353,1,0.10374000438002744,24.0,11631.848283789828,-11531.29347177772,9.639482916703301
2353,2,0.10441941630358854,24.0,11459.82956509248,-11357.803120227216,9.576762975696058
2353,4,0.1033387539617545,24.0,11730.250833679102,-11625.502085528264,9.676911726360649
2353,8,0.10387339173099605,24.0,11596.971169100983,-11495.180822324592,9.627104529230442
2353,16,0.1046851936104719,24.0,11388.31451726493,-11285.694628634683,9.552449257733118
2353,32,0.10299756115964301,24.0,11822.209978510253,-11720.284852125877,9.708967753615362
