index,bin_size,m12,m23,m34,m13,m24,m14,m12_err,m23_err,m34_err,m13_err,m24_err,m14_err,corr12,corr23,corr34,corr13,corr24,corr14,corr12_err,corr23_err,corr34_err,corr13_err,corr24_err,corr14_err
99,1,0.17845903517080797,,,,,,0.05205272301012428,,,,,,5.603526876870498,,,,,,1.634430176776161,,,,,
99,2,0.1801233513360341,,,,,,0.046549707428936826,,,,,,5.551751022744532,,,,,,1.434752262325683,,,,,
99,4,0.17894328810813045,,,,,,0.04835024989368353,,,,,,5.588362718559904,,,,,,1.5099685313463245,,,,,
99,8,0.1803550844824325,,,,,,0.052304945683398905,,,,,,5.544617734896213,,,,,,1.6079997427918655,,,,,
99,16,0.1783930414990251,,,,,,0.05611520960044162,,,,,,5.605599812621979,,,,,,1.763294160905921,,,,,
99,32,0.1793902408037371,,,,,,0.05445558398738732,,,,,,5.574439253326247,,,,,,1.6921731281592232,,,,,
