index,bin_size,m12,m23,m34,m13,m24,m14,m12_err,m23_err,m34_err,m13_err,m24_err,m14_err,corr12,corr23,corr34,corr13,corr24,corr14,corr12_err,corr23_err,corr34_err,corr13_err,corr24_err,corr14_err
2528,1,0.16467078038731403,,,,,,0.03565642356750728,,,,,,6.072722784503415,,,,,,1.3149362339998192,,,,,
2528,2,0.16327417268388625,,,,,,0.0365078650139716,,,,,,6.124667383469715,,,,,,1.3694666242412648,,,,,
2528,4,0.1625771306459574,,,,,,0.04023514595510777,,,,,,6.150926615734718,,,,,,1.5222524174214003,,,,,
2528,8,0.16323838441890626,,,,,,0.041974361658154165,,,,,,6.126010151103775,,,,,,1.5752138598975995,,,,,
2528,16,0.1614183910811578,,,,,,0.04199271428894867,,,,,,6.1950809526853785,,,,,,1.6116395579251432,,,,,
2528,32,0.16025773961012935,,,,,,0.048793320060745014,,,,,,6.239948238585997,,,,,,1.899863259699716,,,,,
