index,bin_size,m,n,a,b,corr
2196,1,0.10773373162830105,24.0,12268.315727422818,-12214.238224216799,9.282143901319255
2196,2,0.10770368862402724,24.0,12283.299243740707,-12226.057977802711,9.284733074377858
2196,4,0.10707518223926597,24.0,12438.052817435544,-12381.034317603766,9.339232295355234
2196,8,0.10785256594798268,24.0,12226.002824554045,-12174.274896688494,9.271916631842586
2196,16,0.10701666872861493,24.0,12448.08031173289,-12389.952915540243,9.34433870798122
2196,32,0.10673812972067692,24.0,12535.337425026752,-12477.856748100907,9.368723272713328
