index,bin_size,m,n,a,b,corr
1620,1,0.07554840891319416,16.0,42175.553315806195,-42174.15071965113,13.236546134929322
1620,2,0.07750685680133931,16.0,40054.42490870476,-40054.15527016416,12.902084296401503
1620,4,0.07635826197417278,16.0,41296.09864862166,-41295.13621890178,13.096159788684522
1620,8,0.07491364859934796,16.0,42909.92426559589,-42909.59245070868,13.348702388641954
1620,16,0.07875333117065746,16.0,38682.737554104315,-38684.13173886573,12.69787557091411
1620,32,0.07526913438233085,16.0,42529.80437782315,-42527.538275773106,13.285658300791438
