index,bin_size,m,n,a,b,corr
1623,1,0.17359748698772892,16.0,6232.386463446413,-6255.603441287792,5.76045205119062
1623,2,0.17576031335360975,16.0,6041.648911732193,-6064.081048747503,5.689566551853567
1623,4,0.17429777336233948,16.0,6174.27097111379,-6201.938667524754,5.737307945530358
1623,8,0.17354074668440894,16.0,6232.07768776491,-6255.931147787466,5.762335469366981
1623,16,0.17401405352799312,16.0,6200.65798600446,-6224.546116950727,5.7466622937964775
1623,32,0.17470220541103013,16.0,6135.637281005885,-6157.683293167403,5.724026194444728
