index,bin_size,m,n,a,b,corr
2450,1,0.06890741393036207,24.0,34439.2635655591,-34323.13404494899,14.512226521961795
2450,2,0.06967570695115394,24.0,33631.51697427072,-33517.70146137807,14.352204573985144
2450,4,0.07071339768356778,24.0,32571.594967463545,-32455.69457339873,14.141591731666681
2450,8,0.06908236285119183,24.0,34255.75554813484,-34139.89398756001,14.475474762698388
2450,16,0.06880235310326409,24.0,34534.25431202227,-34419.01539554616,14.534386614642669
2450,32,0.06931403851429685,24.0,33975.97787161263,-33856.49653259732,14.427091847977348
