index,bin_size,m12,m23,m34,m13,m24,m14,m12_err,m23_err,m34_err,m13_err,m24_err,m14_err,corr12,corr23,corr34,corr13,corr24,corr14,corr12_err,corr23_err,corr34_err,corr13_err,corr24_err,corr14_err
2350,1,0.03336881124660056,,,,,,0.041223065239290306,,,,,,29.968103826349967,,,,,,37.02190917146634,,,,,
2350,2,0.03457737362170535,,,,,,0.041058735995065786,,,,,,28.920646517012134,,,,,,34.3416826026145,,,,,
2350,4,0.034268992819499064,,,,,,0.04141701003083967,,,,,,29.18089846606171,,,,,,35.26761264457432,,,,,
2350,8,0.034473607611869586,,,,,,0.04127034938730993,,,,,,29.007698041318154,,,,,,34.72679292998025,,,,,
2350,16,0.033845083851017095,,,,,,0.04165240096249002,,,,,,29.54638860999449,,,,,,36.36209119157065,,,,,
2350,32,0.03302402102742179,,,,,,0.03993925358907341,,,,,,30.280988471078103,,,,,,36.62182980291711,,,,,
