index,bin_size,m12,m23,m34,m13,m24,m14,m12_err,m23_err,m34_err,m13_err,m24_err,m14_err,corr12,corr23,corr34,corr13,corr24,corr14,corr12_err,corr23_err,corr34_err,corr13_err,corr24_err,corr14_err
1163,1,0.05945447848776166,,,,,,0.06262286947319858,,,,,,16.819590810233812,,,,,,17.715924295235315,,,,,
1163,2,0.06264964007509483,,,,,,0.06224405652670841,,,,,,15.961783639959506,,,,,,15.858449656882968,,,,,
1163,4,0.06368706605446355,,,,,,0.0646591574639735,,,,,,15.701775288954678,,,,,,15.941440291883142,,,,,
1163,8,0.06182515994916127,,,,,,0.06305269898748656,,,,,,16.174644769577604,,,,,,16.49579246902597,,,,,
1163,16,0.06354242578849256,,,,,,0.06454155439251634,,,,,,15.73751690451041,,,,,,15.984970524678179,,,,,
1163,32,0.06292861531870945,,,,,,0.06652016605920973,,,,,,15.891021833793436,,,,,,16.79797665784942,,,,,
