index,bin_size,m12,m23,m34,m13,m24,m14,m12_err,m23_err,m34_err,m13_err,m24_err,m14_err,corr12,corr23,corr34,corr13,corr24,corr14,corr12_err,corr23_err,corr34_err,corr13_err,corr24_err,corr14_err
1663,1,0.20842643296363667,,,,,,0.049476767595626844,,,,,,4.797855942650355,,,,,,1.1389265749859276,,,,,
1663,2,0.20957747255979808,,,,,,0.04909818629465979,,,,,,4.771505199418192,,,,,,1.1178312646180426,,,,,
1663,4,0.21104098741983845,,,,,,0.04947682767394712,,,,,,4.738416040532594,,,,,,1.1108827567154371,,,,,
1663,8,0.2076362709877892,,,,,,0.053706755292177735,,,,,,4.816114233041724,,,,,,1.2457258423233648,,,,,
1663,16,0.2107830438385508,,,,,,0.04726142941522782,,,,,,4.744214628411713,,,,,,1.063740046201778,,,,,
1663,32,0.20766592931067504,,,,,,0.04948772522740088,,,,,,4.815426407785782,,,,,,1.1475377771996556,,,,,
