index,bin_size,m,n,a,b,corr
170,1,0.000011260725641368535,24.0,1461231640513.6497,-1461231640398.655,88804.22379942366
170,2,4.815004981739749e-6,24.0,7987248851885.61,-7987248851771.829,207684.10495780664
170,4,7.370104685364445e-6,24.0,3406222631084.8184,-3406222630972.5776,135683.28303203077
170,8,2.213786866351362e-7,24.0,3781090410580038.5,-3781090410579927.0,4517146.682906034
170,16,0.000013701697954965327,24.0,986656703503.5175,-986656703387.4305,72983.65525840629
170,32,4.446846955479266e-6,24.0,9365082031837.715,-9365082031727.707,224878.43859070327
