index,bin_size,m,n,a,b,corr
2942,1,0.0964552475159447,24.0,16121.763232413537,-16122.411097028718,10.36750229514152
2942,2,0.09629874752591143,24.0,16175.338209394384,-16175.700663459813,10.38435105016217
2942,4,0.09686075504380302,24.0,15946.525520194707,-15946.184153727467,10.324098749258905
2942,8,0.0961412349298593,24.0,16238.362869896115,-16234.37082854597,10.401364208911597
2942,16,0.09777740584637834,24.0,15610.110514529144,-15607.031622519225,10.227311630369256
2942,32,0.09575666936392178,24.0,16397.35548992933,-16396.65695578645,10.443136824230123
