index,bin_size,m12,m23,m34,m13,m24,m14,m12_err,m23_err,m34_err,m13_err,m24_err,m14_err,corr12,corr23,corr34,corr13,corr24,corr14,corr12_err,corr23_err,corr34_err,corr13_err,corr24_err,corr14_err
1088,1,0.023127137974388166,,,,,,0.04393459230978387,,,,,,43.239245647578024,,,,,,82.1415356890564,,,,,
1088,2,0.025447370185124194,,,,,,0.04519810446478501,,,,,,39.29679148474727,,,,,,69.79662235183588,,,,,
1088,4,0.02702582516233586,,,,,,0.04745267212010459,,,,,,37.001645425932644,,,,,,64.96848617033649,,,,,
1088,8,0.027476517462411504,,,,,,0.0479772527126805,,,,,,36.39471419069111,,,,,,63.54948011593158,,,,,
1088,16,0.024483150711528356,,,,,,0.04490209154722172,,,,,,40.84441630011006,,,,,,74.90864805389624,,,,,
1088,32,0.021759483873748393,,,,,,0.04082790629635686,,,,,,45.956972408083836,,,,,,86.23030647363784,,,,,
