index,bin_size,m12,m23,m34,m13,m24,m14,m12_err,m23_err,m34_err,m13_err,m24_err,m14_err,corr12,corr23,corr34,corr13,corr24,corr14,corr12_err,corr23_err,corr34_err,corr13_err,corr24_err,corr14_err
1003,1,0.04272457291735621,,,,,,0.05591575986709264,,,,,,23.40573425822977,,,,,,30.632241048441237,,,,,
1003,2,0.04150296419285404,,,,,,0.055308107173240244,,,,,,24.094664548615047,,,,,,32.10927978458765,,,,,
1003,4,0.039512462613332994,,,,,,0.05300972084832018,,,,,,25.308470640920323,,,,,,33.9537167526579,,,,,
1003,8,0.04402250737050666,,,,,,0.057349896624816356,,,,,,22.715652963237627,,,,,,29.592597673790518,,,,,
1003,16,0.043374210781539795,,,,,,0.05646563333213609,,,,,,23.055174537621863,,,,,,30.013803326741275,,,,,
1003,32,0.042299505206730995,,,,,,0.05493143194187237,,,,,,23.640938472274918,,,,,,30.700846177394872,,,,,
