index,bin_size,m,n,a,b,corr
2986,1,0.2122054413226896,24.0,1435.4582166300606,-1495.8480669468088,4.712414506277211
2986,2,0.2126614419696016,24.0,1427.611168434504,-1490.7843285210622,4.702309881557855
2986,4,0.21266730597510355,24.0,1426.3965452546968,-1490.9237877589837,4.702180221895826
2986,8,0.21164691803086194,24.0,1448.412305577252,-1507.1584014740654,4.724850280381507
2986,16,0.21140152096593742,24.0,1452.8910242604697,-1512.6143992880375,4.7303349352965505
2986,32,0.21260485888794878,24.0,1427.5402774767776,-1488.4077160010324,4.703561363698841
