index,bin_size,m,n,a,b,corr
1148,1,0.05099490669732597,16.0,85659.79097673562,-85660.82259198466,19.609801542247695
1148,2,0.051774802809326094,16.0,83175.12295209081,-83175.81644670035,19.314414459148303
1148,4,0.0485946606478168,16.0,94688.60547218597,-94688.25118081243,20.578392495574032
1148,8,0.05392042436613087,16.0,76500.95475535237,-76500.39913017332,18.54584810404667
1148,16,0.049995465096367916,16.0,89063.47955678338,-89061.7074537518,20.001814125990563
1148,32,0.0531277561105593,16.0,78808.24731155697,-78806.69269922785,18.822552902836545
