index,bin_size,m,n,a,b,corr
1236,1,-0.00003729710638318425,16.0,156573274061.96793,-156573273998.6841,-26811.731444422705
1236,2,-3.561918740302818e-6,16.0,17188620170863.465,-17188620170801.72,-280747.5613312236
1236,4,-3.6385200699977873e-6,16.0,16441504192206.984,-16441504192145.72,-274837.0163588539
1236,8,5.728701493425614e-8,16.0,6.6433115448652e16,-6.6433115448651944e16,17455962.771801297
1236,16,4.88016397762329e-7,16.0,914010051929599.6,-914010051929535.9,2049111.4736825181
1236,32,0.00001485784627194693,16.0,985763926117.6815,-985763926056.5793,67304.50576057567
