index,bin_size,m,n,a,b,corr
650,1,0.1586651424493386,16.0,8486.939344596492,-8585.384063038726,6.302581553596736
650,2,0.160265738910876,16.0,8292.522365820867,-8390.912840079673,6.239636785726869
650,4,0.15956144484180226,16.0,8380.400620510263,-8480.326831997509,6.267178145644478
650,8,0.1585990900365828,16.0,8495.424748640822,-8592.91630922705,6.305206415555966
650,16,0.1587721999672235,16.0,8471.318335777054,-8570.460076163112,6.29833182513335
650,32,0.1588770681922447,16.0,8460.263939526025,-8558.72886006911,6.294174555071587
