index,bin_size,m12,m23,m34,m13,m24,m14,m12_err,m23_err,m34_err,m13_err,m24_err,m14_err,corr12,corr23,corr34,corr13,corr24,corr14,corr12_err,corr23_err,corr34_err,corr13_err,corr24_err,corr14_err
2263,1,0.08731375336528073,,,,,,0.04332296522342239,,,,,,11.452949408971783,,,,,,5.682675521629779,,,,,
2263,2,0.0882760239706349,,,,,,0.04381442309364496,,,,,,11.328104223777126,,,,,,5.622527261474572,,,,,
2263,4,0.08803983843890942,,,,,,0.04537285557510105,,,,,,11.358494265001372,,,,,,5.853796746732249,,,,,
2263,8,0.08711340272564158,,,,,,0.04066036070473266,,,,,,11.479289853358614,,,,,,5.357982256091482,,,,,
2263,16,0.08745058715487433,,,,,,0.03704136538518121,,,,,,11.435028997907212,,,,,,4.843524795911158,,,,,
2263,32,0.0886829894836192,,,,,,0.032530518518123296,,,,,,11.276119646200153,,,,,,4.136283870212151,,,,,
