index,bin_size,m12,m23,m34,m13,m24,m14,m12_err,m23_err,m34_err,m13_err,m24_err,m14_err,corr12,corr23,corr34,corr13,corr24,corr14,corr12_err,corr23_err,corr34_err,corr13_err,corr24_err,corr14_err
540,1,0.1761125942879291,,,,,,0.02624108924609083,,,,,,5.678185617804738,,,,,,0.8460597389706174,,,,,
540,2,0.17731633317224213,,,,,,0.027477424054010838,,,,,,5.639638391510254,,,,,,0.8739337929139254,,,,,
540,4,0.17563107975294878,,,,,,0.0243612770730988,,,,,,5.693753072671697,,,,,,0.7897639551284146,,,,,
540,8,0.17543876630343394,,,,,,0.024020876651575228,,,,,,5.699994482806772,,,,,,0.7804367715932851,,,,,
540,16,0.17583902176307703,,,,,,0.02615047216735944,,,,,,5.6870198092172375,,,,,,0.8457636521462113,,,,,
540,32,0.17746785184574868,,,,,,0.028384058894363233,,,,,,5.634823375611595,,,,,,0.9012289092883702,,,,,
