index,bin_size,m,n,a,b,corr
1247,1,-1.0019761623580207e-6,16.0,248046953079608.8,-248046953079661.8,-998027.735157521
1247,2,0.000031158350115206096,16.0,256317587261.4214,-256317587316.7552,32094.12553304527
1247,4,7.944506610677248e-7,16.0,394769656475090.44,-394769656475144.2,1258731.4090166674
1247,8,0.000015308698331937276,16.0,1062819504465.2594,-1062819504519.9438,65322.34017008372
1247,16,-9.016589734496234e-6,16.0,3061647391500.1987,-3061647391553.915,-110906.67640938984
1247,32,-0.000044164978374754414,16.0,127513073266.96,-127513073326.19344,-22642.374949550976
