index,bin_size,m,n,a,b,corr
338,1,0.189441237690677,24.0,1741.7840962202051,-1727.9898759505618,5.278681728382802
338,2,0.189139819632784,24.0,1751.5995386482664,-1737.9185665943182,5.287093970701175
338,4,0.1891019086696218,24.0,1750.7911325631349,-1737.742597870731,5.288153922058454
338,8,0.18858901692761798,24.0,1767.500081158784,-1754.6209371233467,5.302535727113994
338,16,0.18831070996956828,24.0,1774.3967434006588,-1761.7348050829958,5.310372416744665
338,32,0.1886776711237949,24.0,1763.89315332198,-1750.6984592865424,5.300044218501518
