index,bin_size,m12,m23,m34,m13,m24,m14,m12_err,m23_err,m34_err,m13_err,m24_err,m14_err,corr12,corr23,corr34,corr13,corr24,corr14,corr12_err,corr23_err,corr34_err,corr13_err,corr24_err,corr14_err
2065,1,0.01360780988856095,,,,,,0.03376599078250144,,,,,,73.48721125510608,,,,,,182.348851004859,,,,,
2065,2,0.012906183344161676,,,,,,0.03338909513346977,,,,,,77.48224035980137,,,,,,200.45135153748444,,,,,
2065,4,0.013508321523933754,,,,,,0.033633926266382966,,,,,,74.02844226266168,,,,,,184.32098793814305,,,,,
2065,8,0.015081752759917005,,,,,,0.03572900046714086,,,,,,66.3052906329107,,,,,,157.0786763123024,,,,,
2065,16,0.010480357637959247,,,,,,0.02901070986358076,,,,,,95.41659116460472,,,,,,264.1229563027833,,,,,
2065,32,0.006646673964554697,,,,,,0.02162538489279296,,,,,,150.4511888702211,,,,,,489.5027022910092,,,,,
