index,bin_size,m12,m23,m34,m13,m24,m14,m12_err,m23_err,m34_err,m13_err,m24_err,m14_err,corr12,corr23,corr34,corr13,corr24,corr14,corr12_err,corr23_err,corr34_err,corr13_err,corr24_err,corr14_err
2058,1,0.043193297274480784,,,,,,0.056263137024655914,,,,,,23.151740272230022,,,,,,30.157214602491365,,,,,
2058,2,0.03939828919820507,,,,,,0.056753807137643074,,,,,,25.381812772864222,,,,,,36.56286951110886,,,,,
2058,4,0.041168449614158734,,,,,,0.05644845218585023,,,,,,24.29044594518998,,,,,,33.3060411397777,,,,,
2058,8,0.04361802480455813,,,,,,0.05835264525328474,,,,,,22.926301786492154,,,,,,30.671043934504855,,,,,
2058,16,0.04019001705544296,,,,,,0.05591996113774772,,,,,,24.881800836771962,,,,,,34.62027234051721,,,,,
2058,32,0.03818804000368491,,,,,,0.05269571861394443,,,,,,26.186209082830803,,,,,,36.13437885949674,,,,,
