index,bin_size,m,n,a,b,corr
1853,1,0.00003833028088864345,16.0,198630433012.7997,-198630433046.3792,26089.033965213686
1853,2,0.00002534922815028775,16.0,453571829162.571,-453571829197.7942,39448.932885502814
1853,4,0.000013979528647236619,16.0,1491696829050.0288,-1491696829084.1082,71533.17005417586
1853,8,0.00002243549859615352,16.0,579195825900.1641,-579195825933.1807,44572.22092543315
1853,16,0.000025478218646857817,16.0,449549051218.15674,-449549051248.38043,39249.21180167862
1853,32,-1.4158915313745863e-6,16.0,145456014305019.78,-145456014305052.78,-706268.7909639325
