index,bin_size,m12,m23,m34,m13,m24,m14,m12_err,m23_err,m34_err,m13_err,m24_err,m14_err,corr12,corr23,corr34,corr13,corr24,corr14,corr12_err,corr23_err,corr34_err,corr13_err,corr24_err,corr14_err
2037,1,0.1555093032008222,,,,,,0.058300822716094367,,,,,,6.430483446438031,,,,,,2.4108041620212277,,,,,
2037,2,0.1547110384526355,,,,,,0.057935232430000365,,,,,,6.463662903446596,,,,,,2.4204724912049116,,,,,
2037,4,0.1581749927246865,,,,,,0.05422777406502006,,,,,,6.322111876057189,,,,,,2.1674352470199483,,,,,
2037,8,0.15171646115276585,,,,,,0.05848905152526608,,,,,,6.591242587665443,,,,,,2.541026361914085,,,,,
2037,16,0.15275183316442464,,,,,,0.06280224629059097,,,,,,6.546566278674923,,,,,,2.6915491570465346,,,,,
2037,32,0.1538356557818889,,,,,,0.06580258708885536,,,,,,6.500443573483503,,,,,,2.7805387651274076,,,,,
