index,bin_size,m,n,a,b,corr
1104,1,0.22628674853941091,16.0,2460.218127423169,-2552.100459761129,4.419171721077765
1104,2,0.2250107866955161,16.0,2495.92183583285,-2585.6429668630635,4.444231384130028
1104,4,0.22588296818516884,16.0,2470.93147271595,-2560.324718283843,4.427071275158047
1104,8,0.22598691840108145,16.0,2470.0798693235665,-2562.043958166112,4.425034896158018
1104,16,0.22608736495253579,16.0,2469.278647213316,-2560.853009786163,4.423068932710757
1104,32,0.22520629227178787,16.0,2491.9616718456637,-2582.7508681694303,4.440373268048658
