index,bin_size,m,n,a,b,corr
369,1,0.12440218789269232,36.0,2534.8960272763106,-2526.071713568196,8.038443832375254
369,2,0.12439957972091943,36.0,2535.5597350887556,-2527.019754427693,8.038612367046742
369,4,0.12431954177194932,36.0,2536.462481584506,-2529.5051640992588,8.043787692158578
369,8,0.12458108140071672,36.0,2522.4677466591693,-2515.109443114301,8.02690094480306
369,16,0.1249062102755067,36.0,2502.9988109911856,-2494.1256657070603,8.00600704956376
369,32,0.1256395776860838,36.0,2461.6127751224917,-2453.1244454777616,7.959275400451802
