index,bin_size,m,n,a,b,corr
2896,1,0.08363573108887447,24.0,17497.49947079773,-17497.211289659383,11.956612167798982
2896,2,0.08276611090195908,24.0,17876.709529590917,-17874.11882868731,12.082239809292886
2896,4,0.08261925491953992,24.0,17963.143336644796,-17961.376220456143,12.10371602810829
2896,8,0.08469517727497591,24.0,17011.728429446797,-17012.898952155458,11.807047723075733
2896,16,0.08357851107417383,24.0,17495.36146626019,-17495.61823300411,11.964797974356413
2896,32,0.08265283634858032,24.0,17947.827268419296,-17945.10486767418,12.098798349552059
