index,bin_size,m12,m23,m34,m13,m24,m14,m12_err,m23_err,m34_err,m13_err,m24_err,m14_err,corr12,corr23,corr34,corr13,corr24,corr14,corr12_err,corr23_err,corr34_err,corr13_err,corr24_err,corr14_err
2682,1,0.18459408118884144,,,,,,0.05355027308013478,,,,,,5.417291787253952,,,,,,1.571542558103194,,,,,
2682,2,0.18335666407738643,,,,,,0.054907459119087475,,,,,,5.4538514050296305,,,,,,1.6331946513645945,,,,,
2682,4,0.1874357082133079,,,,,,0.046914348979955084,,,,,,5.335162704760438,,,,,,1.3353682037529777,,,,,
2682,8,0.18334589139807103,,,,,,0.053988902512044176,,,,,,5.454171851764336,,,,,,1.6060613638159675,,,,,
2682,16,0.18407444998466818,,,,,,0.05779742223179693,,,,,,5.432584479178351,,,,,,1.7057738267267963,,,,,
2682,32,0.18406702448982715,,,,,,0.061332705762229725,,,,,,5.432803636456171,,,,,,1.8102566052897404,,,,,
