index,bin_size,m12,m23,m34,m13,m24,m14,m12_err,m23_err,m34_err,m13_err,m24_err,m14_err,corr12,corr23,corr34,corr13,corr24,corr14,corr12_err,corr23_err,corr34_err,corr13_err,corr24_err,corr14_err
1120,1,0.10089425109502285,,,,,,0.06823876878787644,,,,,,9.91136748770942,,,,,,6.703449473335184,,,,,
1120,2,0.09899175567198795,,,,,,0.07020361802438357,,,,,,10.101851343191942,,,,,,7.164096729291915,,,,,
1120,4,0.10055988704410185,,,,,,0.07357155028098962,,,,,,9.944323023766296,,,,,,7.275458265307753,,,,,
1120,8,0.10151604191656843,,,,,,0.07215521087108182,,,,,,9.850659867352354,,,,,,7.001616951656446,,,,,
1120,16,0.1014729280988004,,,,,,0.07523087049853348,,,,,,9.854845215724309,,,,,,7.306269742067415,,,,,
1120,32,0.10338911439141209,,,,,,0.07826080526125945,,,,,,9.672198140842804,,,,,,7.321409218025858,,,,,
