index,bin_size,m,n,a,b,corr
642,1,0.23289313740167253,16.0,2436.841623332095,-2436.947766043582,4.293814799168137
642,2,0.23415026191181643,16.0,2402.0330357958437,-2401.835951696943,4.270761825483719
642,4,0.23300276076176984,16.0,2434.7677500494483,-2434.202905620031,4.291794641104853
642,8,0.2323769269702393,16.0,2453.3112908776934,-2452.0046075905234,4.3033532332066295
642,16,0.2322227398564135,16.0,2456.8666109234464,-2457.010178636026,4.306210496949238
642,32,0.2319956806003756,16.0,2463.565472724074,-2460.6665727425043,4.310425079519265
