index,bin_size,m12,m23,m34,m13,m24,m14,m12_err,m23_err,m34_err,m13_err,m24_err,m14_err,corr12,corr23,corr34,corr13,corr24,corr14,corr12_err,corr23_err,corr34_err,corr13_err,corr24_err,corr14_err
1070,1,0.18808739340245123,,,,,,0.05657288024662899,,,,,,5.316677433347682,,,,,,1.5991489397864835,,,,,
1070,2,0.19014353028686595,,,,,,0.05086282864517523,,,,,,5.259184987736995,,,,,,1.4068163373267397,,,,,
1070,4,0.1897330114014698,,,,,,0.04937706202445037,,,,,,5.270564108024552,,,,,,1.3716378027390244,,,,,
1070,8,0.19035449957799586,,,,,,0.053771074296414006,,,,,,5.253356249612897,,,,,,1.4839607670409867,,,,,
1070,16,0.18991033716389558,,,,,,0.05537074701839968,,,,,,5.265642802460955,,,,,,1.5352643771713155,,,,,
1070,32,0.189741567038817,,,,,,0.06184544704936282,,,,,,5.270326453008695,,,,,,1.7178402216722706,,,,,
