index,bin_size,m,n,a,b,corr
395,1,0.07800374482400023,36.0,14083.421983610853,-14108.417780867403,12.819897330010232
395,2,0.07771138417931672,36.0,14209.955530762662,-14233.90760031021,12.86812750230429
395,4,0.07960059974734636,36.0,13437.940674378518,-13476.551086628977,12.562719416361395
395,8,0.07727932244679271,36.0,14444.746740816872,-14473.799785412984,12.94007204434933
395,16,0.07710162422538484,36.0,14490.824730884564,-14519.094051081553,12.969895382187827
395,32,0.07715896904262534,36.0,14474.61487345718,-14501.29066655611,12.960256110311228
