index,bin_size,m,n,a,b,corr
202,1,0.18269018383115415,24.0,1947.7590760267362,-1843.435380214581,5.473747844734885
202,2,0.18298796432367936,24.0,1941.0420199247246,-1838.6920163125642,5.464840289884552
202,4,0.18344128478077773,24.0,1927.028938506051,-1823.5220801606065,5.451335566009877
202,8,0.18447146686366228,24.0,1895.2180735641548,-1791.7406707065193,5.4208925477839465
202,16,0.18345584584330615,24.0,1924.3904194418244,-1819.8518070242278,5.450902888393771
202,32,0.18415169407460555,24.0,1903.9978413660394,-1798.3124251788981,5.430305732592767
