index,bin_size,m,n,a,b,corr
416,1,0.09276296768985977,36.0,7767.842694065595,-7526.916696632674,10.780163948003072
416,2,0.09326920356150581,36.0,7665.7575631481695,-7427.121508755627,10.721652612167489
416,4,0.09323294528480554,36.0,7678.885723205852,-7439.936809579342,10.72582226106047
416,8,0.09349649683086195,36.0,7633.291501130675,-7395.551535415185,10.695587897897724
416,16,0.09307714229554605,36.0,7703.091462274405,-7462.443465553112,10.743776348705673
416,32,0.09348079559951218,36.0,7618.3379883012785,-7379.366169555042,10.69738435137172
