index,bin_size,m12,m23,m34,m13,m24,m14,m12_err,m23_err,m34_err,m13_err,m24_err,m14_err,corr12,corr23,corr34,corr13,corr24,corr14,corr12_err,corr23_err,corr34_err,corr13_err,corr24_err,corr14_err
221,1,0.014635052456308284,,,,,,0.028152670351111738,,,,,,68.3291025423664,,,,,,131.4410525691956,,,,,
221,2,0.014043956077817605,,,,,,0.028207920206287613,,,,,,71.20500765304284,,,,,,143.0184744979104,,,,,
221,4,0.01446143112062238,,,,,,0.028820540342283738,,,,,,69.14944943270336,,,,,,137.8096317300142,,,,,
221,8,0.013579230093325354,,,,,,0.027368305497744855,,,,,,73.64187756797298,,,,,,148.42177272616297,,,,,
221,16,0.013878062342135185,,,,,,0.027252195776059335,,,,,,72.05616860243522,,,,,,141.495892237373,,,,,
221,32,0.012416783026569485,,,,,,0.025789874719904505,,,,,,80.53615802581037,,,,,,167.2750036352951,,,,,
