index,bin_size,m12,m23,m34,m13,m24,m14,m12_err,m23_err,m34_err,m13_err,m24_err,m14_err,corr12,corr23,corr34,corr13,corr24,corr14,corr12_err,corr23_err,corr34_err,corr13_err,corr24_err,corr14_err
1335,1,0.07876552572970846,,,,,,0.0654222708830378,,,,,,12.695909672863696,,,,,,10.54516216364678,,,,,
1335,2,0.07633949684554284,,,,,,0.06554737957414775,,,,,,13.09937897577833,,,,,,11.2475193234272,,,,,
1335,4,0.07655665435449173,,,,,,0.06606696895186003,,,,,,13.062221807258588,,,,,,11.272454496071239,,,,,
1335,8,0.07793035637979208,,,,,,0.06380125259283187,,,,,,12.831970062173454,,,,,,10.505479523415588,,,,,
1335,16,0.07635438229558841,,,,,,0.06808592407524415,,,,,,13.096825223845439,,,,,,11.6785627885173,,,,,
1335,32,0.0796700169604759,,,,,,0.0699524445943781,,,,,,12.551773404241867,,,,,,11.020798879169375,,,,,
