index,bin_size,m,n,a,b,corr
1836,1,2.5147875037307067e-6,16.0,46554549279593.79,-46554549279459.38,397647.9120070751
1836,2,-2.1706916709467794e-6,16.0,62444490737606.59,-62444490737475.6,-460682.6540057783
1836,4,-0.00004213483189292814,16.0,165922288563.3208,-165922288430.03134,-23733.333089857155
1836,8,-0.000041129372716527094,16.0,174111851997.57556,-174111851863.6514,-24313.524227374568
1836,16,-0.00001514490777826293,16.0,1282881251904.0186,-1282881251774.0317,-66028.79427468502
1836,32,0.0000360917593537872,16.0,226232833764.19354,-226232833629.4095,27707.155813535246
