index,bin_size,m,n,a,b,corr
1170,1,0.17681592067865493,16.0,5117.312874431911,-5186.128029563677,5.655599315727903
1170,2,0.1769746853691786,16.0,5102.397924490995,-5171.70940233617,5.6505256552028715
1170,4,0.17857256620373343,16.0,4999.819099089927,-5069.934525989591,5.5999643240782015
1170,8,0.17805056491405408,16.0,5033.411207129977,-5103.602941735989,5.616382068109164
1170,16,0.17714801703035948,16.0,5091.676859817287,-5160.72900631296,5.644996860611885
1170,32,0.17780236157837492,16.0,5043.8825255617985,-5112.8274837715735,5.624222260733033
