index,bin_size,m,n,a,b,corr
2334,1,0.031289740311516726,24.0,158580.397540316,-158555.7995762893,31.959357605532215
2334,2,0.03472311581113915,24.0,128161.88998691278,-128137.77119645917,28.799258840682747
2334,4,0.031521357319665086,24.0,156053.45924462407,-156027.8528907753,31.724522198037917
2334,8,0.0327628810415138,24.0,144247.44441191963,-144222.3203925779,30.52234627146805
2334,16,0.03345561193971217,24.0,138259.05602449807,-138236.0323761816,29.89035148428982
2334,32,0.034325791180791466,24.0,131270.6209146081,-131247.2413367944,29.132613279999056
