index,bin_size,m,n,a,b,corr
388,1,0.16610873546965513,36.0,938.3352871283886,-882.8771985728923,6.0201529869732875
388,2,0.1660258157992259,36.0,939.2586217675428,-879.7853824515464,6.02315968264414
388,4,0.1663044395578565,36.0,934.6480397517055,-877.9398058825254,6.0130685786779905
388,8,0.1665850978563508,36.0,929.9117059794895,-874.1032802315115,6.002937915024771
388,16,0.16733007118544377,36.0,915.6442315551144,-861.9663379993801,5.976212123233657
388,32,0.16660949367943637,36.0,928.644039273204,-872.9938212585,6.002058933832677
