index,bin_size,m12,m23,m34,m13,m24,m14,m12_err,m23_err,m34_err,m13_err,m24_err,m14_err,corr12,corr23,corr34,corr13,corr24,corr14,corr12_err,corr23_err,corr34_err,corr13_err,corr24_err,corr14_err
2092,1,0.0021228194509077614,,,,,,0.013405922253699005,,,,,,471.0716210803417,,,,,,2974.8877255795496,,,,,
2092,2,0.00208411885100919,,,,,,0.012763293457448855,,,,,,479.8190849412313,,,,,,2938.4465212356117,,,,,
2092,4,0.0022440439642298113,,,,,,0.013369578806889736,,,,,,445.6240679505647,,,,,,2654.941787986167,,,,,
2092,8,0.001830141526066921,,,,,,0.012619393969236193,,,,,,546.4058302360131,,,,,,3767.637825067145,,,,,
2092,16,0.002904655751105306,,,,,,0.015892798099994495,,,,,,344.2748765045465,,,,,,1883.6969238455315,,,,,
2092,32,0.0025819161923488,,,,,,0.01483508334021454,,,,,,387.30924069626286,,,,,,2225.38782675873,,,,,
