index,bin_size,m12,m23,m34,m13,m24,m14,m12_err,m23_err,m34_err,m13_err,m24_err,m14_err,corr12,corr23,corr34,corr13,corr24,corr14,corr12_err,corr23_err,corr34_err,corr13_err,corr24_err,corr14_err
101,1,0.1409554153158199,,,,,,0.06447843089802492,,,,,,7.094441868440699,,,,,,3.2452707031467174,,,,,
101,2,0.1423030075269598,,,,,,0.06491723011171324,,,,,,7.027258364940366,,,,,,3.2057660358644826,,,,,
101,4,0.13944376362874952,,,,,,0.06590509405031665,,,,,,7.171349754029639,,,,,,3.3893841338458777,,,,,
101,8,0.1393469953340874,,,,,,0.06029236593791443,,,,,,7.176329834758752,,,,,,3.1050393548213444,,,,,
101,16,0.13585772069611762,,,,,,0.06247810225576058,,,,,,7.360641668917509,,,,,,3.385003962250209,,,,,
101,32,0.14219465651751115,,,,,,0.05313516694983853,,,,,,7.032613070638494,,,,,,2.6279403091070073,,,,,
