index,bin_size,m,n,a,b,corr
605,1,0.17983265196227735,16.0,5690.46159916735,-5755.019400051348,5.560725424934318
605,2,0.18106910180048041,16.0,5588.047551178329,-5653.530118766149,5.522753413235006
605,4,0.18049460992239688,16.0,5638.710608472129,-5705.6008108439855,5.540331649958672
605,8,0.17966330170848338,16.0,5710.929696043562,-5776.75490218859,5.565966953131986
605,16,0.1808489218654312,16.0,5614.233568623658,-5678.5711705572585,5.529477254744682
605,32,0.18119011081614014,16.0,5584.9149387699035,-5652.3685948925295,5.519065005786847
