index,bin_size,m12,m23,m34,m13,m24,m14,m12_err,m23_err,m34_err,m13_err,m24_err,m14_err,corr12,corr23,corr34,corr13,corr24,corr14,corr12_err,corr23_err,corr34_err,corr13_err,corr24_err,corr14_err
2574,1,0.11184846650500738,,,,,,0.015016985518204858,,,,,,8.940667952342741,,,,,,1.2003908981389424,,,,,
2574,2,0.11278262942784206,,,,,,0.014746519911068911,,,,,,8.866613636098958,,,,,,1.1593247576493406,,,,,
2574,4,0.11219986478413664,,,,,,0.014115956937359281,,,,,,8.912666712423569,,,,,,1.1213099031060005,,,,,
2574,8,0.11200558181342414,,,,,,0.014656377668846395,,,,,,8.928126471998269,,,,,,1.1682810028772033,,,,,
2574,16,0.11253390147458993,,,,,,0.015349552783119636,,,,,,8.88621106081352,,,,,,1.212073552348112,,,,,
2574,32,0.11203383461556908,,,,,,0.014538926574968757,,,,,,8.925874968319905,,,,,,1.1583343659266347,,,,,
