index,bin_size,m12,m23,m34,m13,m24,m14,m12_err,m23_err,m34_err,m13_err,m24_err,m14_err,corr12,corr23,corr34,corr13,corr24,corr14,corr12_err,corr23_err,corr34_err,corr13_err,corr24_err,corr14_err
382,1,1624581010602.8213,,,,,,36156836897040.62,,,,,,6.155433268476635e-13,,,,,,1.3699593634690048e-11,,,,,
382,2,567690658737.9834,,,,,,5938026378051.2,,,,,,1.7615227318044494e-12,,,,,,1.8425472193333042e-11,,,,,
382,4,2255508585926.9243,,,,,,21158590879243.984,,,,,,4.433589861902653e-13,,,,,,4.159084766942285e-12,,,,,
382,8,2098699149541.8596,,,,,,36332024673142.89,,,,,,4.764856364564198e-13,,,,,,8.248770627229699e-12,,,,,
382,16,1915407996467.034,,,,,,19652303494258.92,,,,,,5.220819803637126e-13,,,,,,5.356620388928189e-12,,,,,
382,32,179087709172.43347,,,,,,2580316737887.0684,,,,,,5.583856115090267e-12,,,,,,8.045285442703225e-11,,,,,
