index,bin_size,m,n,a,b,corr
2469,1,-4.768843943747786e-7,24.0,734335066261639.8,-734335066261527.5,-2096944.273697726
2469,2,0.00001777278628177311,24.0,528680959186.1663,-528680959078.85114,56265.797840913125
2469,4,9.616576232681848e-8,24.0,1.8082505679642708e16,-1.8082505679642596e16,10398711.306436786
2469,8,-0.000024849037589332585,24.0,270492228283.9677,-270492228174.92337,-40243.00725551193
2469,16,1.1399613281349932e-7,24.0,1.2850555897258326e16,-1.2850555897258214e16,8772227.402099915
2469,32,4.962082139842519e-8,24.0,6.8118004685401736e16,-6.811800468540164e16,20152830.44129005
