index,bin_size,m12,m23,m34,m13,m24,m14,m12_err,m23_err,m34_err,m13_err,m24_err,m14_err,corr12,corr23,corr34,corr13,corr24,corr14,corr12_err,corr23_err,corr34_err,corr13_err,corr24_err,corr14_err
1009,1,0.08693645482619906,,,,,,0.06778484937392984,,,,,,11.502654461803994,,,,,,8.96868525007733,,,,,
1009,2,0.09049152428145436,,,,,,0.0682824723583612,,,,,,11.050758708514135,,,,,,8.338605543941316,,,,,
1009,4,0.08874606366927698,,,,,,0.06781676308485185,,,,,,11.268105408332497,,,,,,8.610707937872963,,,,,
1009,8,0.09084549582418486,,,,,,0.0699586348769648,,,,,,11.007700392051582,,,,,,8.47685056453341,,,,,
1009,16,0.09165487977202111,,,,,,0.07447179135547308,,,,,,10.910493827359353,,,,,,8.8650383036596,,,,,
1009,32,0.09233790686744778,,,,,,0.07620952975660615,,,,,,10.829788479345893,,,,,,8.93818276127092,,,,,
