index,bin_size,m12,m23,m34,m13,m24,m14,m12_err,m23_err,m34_err,m13_err,m24_err,m14_err,corr12,corr23,corr34,corr13,corr24,corr14,corr12_err,corr23_err,corr34_err,corr13_err,corr24_err,corr14_err
1479,1,0.06863108646607255,,,,,,0.06533499219629259,,,,,,14.57065670225613,,,,,,13.870882583322738,,,,,
1479,2,0.0690214951877418,,,,,,0.06240373145010256,,,,,,14.488240181988985,,,,,,13.09911132817646,,,,,
1479,4,0.0712297543327704,,,,,,0.06502555411790495,,,,,,14.039076919010709,,,,,,12.816255854227583,,,,,
1479,8,0.06925252009644096,,,,,,0.06239304644561445,,,,,,14.439907726208395,,,,,,13.009632460696677,,,,,
1479,16,0.06695028143297876,,,,,,0.0551416386867264,,,,,,14.936457003561065,,,,,,12.301975402070294,,,,,
1479,32,0.06416488765447133,,,,,,0.043557732452703175,,,,,,15.584847672219293,,,,,,10.579627737809293,,,,,
