index,bin_size,m12,m23,m34,m13,m24,m14,m12_err,m23_err,m34_err,m13_err,m24_err,m14_err,corr12,corr23,corr34,corr13,corr24,corr14,corr12_err,corr23_err,corr34_err,corr13_err,corr24_err,corr14_err
1711,1,0.12067266294962074,,,,,,0.06681053328663847,,,,,,8.286881018093442,,,,,,4.588039466178736,,,,,
1711,2,0.1210276918678176,,,,,,0.0657932159733906,,,,,,8.262571850846884,,,,,,4.491709012117257,,,,,
1711,4,0.11769760460427917,,,,,,0.06781276023375307,,,,,,8.496349635680204,,,,,,4.895264628737986,,,,,
1711,8,0.11902746959911092,,,,,,0.0630833334238441,,,,,,8.401421985765456,,,,,,4.452667154460078,,,,,
1711,16,0.12015930170690305,,,,,,0.0600508097825522,,,,,,8.322285381112122,,,,,,4.159145145469568,,,,,
1711,32,0.11828232596713079,,,,,,0.06386247421609803,,,,,,8.454348456741439,,,,,,4.564634706985676,,,,,
