index,bin_size,m12,m23,m34,m13,m24,m14,m12_err,m23_err,m34_err,m13_err,m24_err,m14_err,corr12,corr23,corr34,corr13,corr24,corr14,corr12_err,corr23_err,corr34_err,corr13_err,corr24_err,corr14_err
2897,1,0.05859326528259567,,,,,,0.04672850015898445,,,,,,17.066807852011557,,,,,,13.610887353345156,,,,,
2897,2,0.05797667965987425,,,,,,0.047384087387784955,,,,,,17.248314423430177,,,,,,14.096972139945757,,,,,
2897,4,0.05844358327309112,,,,,,0.046406979368329236,,,,,,17.110518280976535,,,,,,13.586563731664576,,,,,
2897,8,0.0584415194934667,,,,,,0.048112364790042564,,,,,,17.1111225147353,,,,,,14.086844002885462,,,,,
2897,16,0.058440645767278615,,,,,,0.04662739515695244,,,,,,17.111378337299413,,,,,,13.652467198781421,,,,,
2897,32,0.05902880906606476,,,,,,0.04758805230032153,,,,,,16.940880492452504,,,,,,13.6574584451814,,,,,
