index,bin_size,m,n,a,b,corr
773,1,0.09432680603718524,16.0,25336.43151642037,-25380.797813239755,10.601440269331105
773,2,0.09610622263857063,16.0,24344.246335176886,-24389.161279667263,10.405153511867052
773,4,0.09503211033276236,16.0,24926.374398245487,-24970.804667988985,10.52275906005267
773,8,0.09421660819029297,16.0,25436.765071584443,-25480.864794087665,10.613839950386039
773,16,0.0960441919713109,16.0,24379.541150505134,-24424.488879451485,10.411873737234494
773,32,0.09347295093356142,16.0,25870.95454281853,-25915.634023165625,10.698282123464558
