index,bin_size,m,n,a,b,corr
163,1,0.022051804191468363,16.0,442760.67656205123,-442816.43899812025,45.347763444538955
163,2,0.02024681160728916,16.0,525374.7200653199,-525429.9680028855,49.39049265613677
163,4,0.026546874960735146,16.0,305188.2351483906,-305243.63366521534,37.669217242295986
163,8,0.030183797653051566,16.0,235703.61772187665,-235761.5189299525,33.130357269636036
163,16,0.01933697285397426,16.0,576974.0054465343,-577030.1698688513,51.71440263952553
163,32,0.032988350829031884,16.0,197027.66381199405,-197082.47674568693,30.3137312071974
