index,bin_size,m12,m23,m34,m13,m24,m14,m12_err,m23_err,m34_err,m13_err,m24_err,m14_err,corr12,corr23,corr34,corr13,corr24,corr14,corr12_err,corr23_err,corr34_err,corr13_err,corr24_err,corr14_err
174,1,0.028035889129705362,,,,,,0.03809117717061376,,,,,,35.66856736283967,,,,,,48.461374367482954,,,,,
174,2,0.02664191463774969,,,,,,0.036097455473134386,,,,,,37.53483987907804,,,,,,50.8564128985848,,,,,
174,4,0.025072185466426405,,,,,,0.035265438935747954,,,,,,39.88483578103222,,,,,,56.10026467703881,,,,,
174,8,0.025056910080546654,,,,,,0.03543069295457301,,,,,,39.90915068080827,,,,,,56.43189281136844,,,,,
174,16,0.025974037306788,,,,,,0.03529600059045661,,,,,,38.499983202020815,,,,,,52.31745122180006,,,,,
174,32,0.02453372016891445,,,,,,0.03533132301559617,,,,,,40.76022686796004,,,,,,58.699322065537324,,,,,
