index,bin_size,m,n,a,b,corr
2490,1,0.09965198941336731,24.0,12590.992179307148,-12676.677057939445,10.03492259298398
2490,2,0.09981553398628966,24.0,12539.814664935147,-12627.073972975168,10.018480691966811
2490,4,0.0989989515023741,24.0,12775.733762623731,-12859.72770751579,10.101117080780586
2490,8,0.09931614037285046,24.0,12685.457284662814,-12774.235164911523,10.068856846891373
2490,16,0.1005058448863844,24.0,12338.408838368932,-12426.14478999113,9.949670102574013
2490,32,0.09986109569848835,24.0,12524.72421866262,-12610.127305009422,10.01390975139418
