index,bin_size,m12,m23,m34,m13,m24,m14,m12_err,m23_err,m34_err,m13_err,m24_err,m14_err,corr12,corr23,corr34,corr13,corr24,corr14,corr12_err,corr23_err,corr34_err,corr13_err,corr24_err,corr14_err
548,1,0.08898484456156822,,,,,,0.014029739186312272,,,,,,11.237868705924463,,,,,,1.7718114554333297,,,,,
548,2,0.08867944751841951,,,,,,0.01358284312671812,,,,,,11.276570028160032,,,,,,1.727208344054407,,,,,
548,4,0.08887124605401574,,,,,,0.012747811754502942,,,,,,11.25223336457106,,,,,,1.614035575264758,,,,,
548,8,0.08905016955463325,,,,,,0.013934232862055052,,,,,,11.229624884503886,,,,,,1.7571691202474955,,,,,
548,16,0.08863729909043884,,,,,,0.014576606531942921,,,,,,11.28193221433423,,,,,,1.8553395522646379,,,,,
548,32,0.08918494452311716,,,,,,0.014565038920038041,,,,,,11.212654841544419,,,,,,1.8311695436634599,,,,,
