index,bin_size,m12,m23,m34,m13,m24,m14,m12_err,m23_err,m34_err,m13_err,m24_err,m14_err,corr12,corr23,corr34,corr13,corr24,corr14,corr12_err,corr23_err,corr34_err,corr13_err,corr24_err,corr14_err
496,1,0.13503919476945753,,,,,,0.021769968959911883,,,,,,7.405257426980562,,,,,,1.1938180215066412,,,,,
496,2,0.1351155366306735,,,,,,0.021721830365336616,,,,,,7.401073369773992,,,,,,1.1898325260630656,,,,,
496,4,0.13460265599324203,,,,,,0.020817661076304304,,,,,,7.4292739071226555,,,,,,1.1490122917728718,,,,,
496,8,0.13520250745548792,,,,,,0.019636838479174995,,,,,,7.396312530144644,,,,,,1.0742418704310293,,,,,
496,16,0.13446378528129144,,,,,,0.019584476898261795,,,,,,7.436946668636842,,,,,,1.083181690302958,,,,,
496,32,0.1356428496066171,,,,,,0.019792463610723416,,,,,,7.372301620764658,,,,,,1.0757368484917431,,,,,
