index,bin_size,m12,m23,m34,m13,m24,m14,m12_err,m23_err,m34_err,m13_err,m24_err,m14_err,corr12,corr23,corr34,corr13,corr24,corr14,corr12_err,corr23_err,corr34_err,corr13_err,corr24_err,corr14_err
1753,1,0.1261639740896706,,,,,,0.06330281998335141,,,,,,7.926192934357423,,,,,,3.976970193728382,,,,,
1753,2,0.12574752808986872,,,,,,0.06448589357333914,,,,,,7.952442606150669,,,,,,4.078174540193104,,,,,
1753,4,0.12465725923711966,,,,,,0.06465585035211507,,,,,,8.021995719461689,,,,,,4.160760134925032,,,,,
1753,8,0.1287122870971655,,,,,,0.06283305597755515,,,,,,7.769266031650074,,,,,,3.7926971735236705,,,,,
1753,16,0.12840772809675347,,,,,,0.054725589926601835,,,,,,7.7876932706613555,,,,,,3.319006688470063,,,,,
1753,32,0.13084059830391265,,,,,,0.03660307988774374,,,,,,7.642887704298246,,,,,,2.138122515793459,,,,,
