index,bin_size,m12,m23,m34,m13,m24,m14,m12_err,m23_err,m34_err,m13_err,m24_err,m14_err,corr12,corr23,corr34,corr13,corr24,corr14,corr12_err,corr23_err,corr34_err,corr13_err,corr24_err,corr14_err
507,1,5.013843672783435,,,,,,0.6256377490810658,,,,,,0.19944778203362892,,,,,,0.024887505385954304,,,,,
507,2,5.000558346497346,,,,,,0.5902010598527098,,,,,,0.19997766863383418,,,,,,0.023602770690044093,,,,,
507,4,4.9843719656698715,,,,,,0.5962538921837304,,,,,,0.20062708138308166,,,,,,0.023999950039051227,,,,,
507,8,4.968322907048452,,,,,,0.5529439929334147,,,,,,0.20127516240567248,,,,,,0.022400696182815295,,,,,
507,16,4.975460464447128,,,,,,0.5255017804085292,,,,,,0.20098642269306422,,,,,,0.021227929297772605,,,,,
507,32,4.962591373449586,,,,,,0.46845507831271715,,,,,,0.2015076246958617,,,,,,0.019021769677137913,,,,,
