index,bin_size,m12,m23,m34,m13,m24,m14,m12_err,m23_err,m34_err,m13_err,m24_err,m14_err,corr12,corr23,corr34,corr13,corr24,corr14,corr12_err,corr23_err,corr34_err,corr13_err,corr24_err,corr14_err
76,1,0.12293094051632149,,,,,,0.06788026827511438,,,,,,8.13464857423124,,,,,,4.49180755653033,,,,,
76,2,0.12354808370049372,,,,,,0.06729360843256026,,,,,,8.094014654441814,,,,,,4.408611096905547,,,,,
76,4,0.12330028461891608,,,,,,0.07142739797050661,,,,,,8.11028135977705,,,,,,4.698255937753968,,,,,
76,8,0.12052097961057932,,,,,,0.07707525152181702,,,,,,8.297310586348901,,,,,,5.306273666741254,,,,,
76,16,0.121397148764283,,,,,,0.07147308243582971,,,,,,8.23742575652828,,,,,,4.849819094998331,,,,,
76,32,0.11968016940097945,,,,,,0.0801804230793607,,,,,,8.355603146328903,,,,,,5.597884751576948,,,,,
