index,bin_size,m,n,a,b,corr
1458,1,0.16373950623929134,16.0,5929.4454709238635,-5873.010248623612,6.107261606973366
1458,2,0.16359610585887388,16.0,5946.284185524198,-5890.21357253421,6.112614935117402
1458,4,0.1643089447495803,16.0,5886.651932225394,-5830.422500044354,6.086095930590257
1458,8,0.16322134058940507,16.0,5975.932997375452,-5919.481217815342,6.126649838733841
1458,16,0.1636864857729862,16.0,5935.567366441652,-5879.900736481839,6.109239839059663
1458,32,0.16522216827640487,16.0,5795.045705995943,-5737.0429977582335,6.052456582745431
