index,bin_size,m,n,a,b,corr
953,1,-3.34045913334791e-6,16.0,26511476292143.555,-26511476292019.945,-299360.0460538398
953,2,0.000037954608149759924,16.0,204973101062.97748,-204973100941.4299,26347.26186749804
953,4,7.846740279668355e-6,16.0,4795350965967.198,-4795350965847.054,127441.45522327207
953,8,-0.000026352517537785178,16.0,425502064619.72974,-425502064498.60266,-37947.03859189789
953,16,-6.373971198317983e-7,16.0,727070333925947.6,-727070333925829.4,-1568880.6379669372
953,32,0.00001827822082855185,16.0,885602444449.9365,-885602444330.5044,54709.920039806646
