index,bin_size,m,n,a,b,corr
164,1,0.19169151859222822,16.0,4398.857301129673,-4468.76420942628,5.216714893511951
164,2,0.19289504040936495,16.0,4329.121772762437,-4399.122539242006,5.184166466269864
164,4,0.19109666952961238,16.0,4431.1876835361145,-4497.815548070004,5.2329535750754665
164,8,0.1930150490563322,16.0,4324.163721449984,-4394.568829672291,5.180943169400983
164,16,0.19192355162787728,16.0,4383.431755351519,-4452.9410991933055,5.210407954198926
164,32,0.1905407444708094,16.0,4473.252970298897,-4541.734711520897,5.2482213333285195
