index,bin_size,m,n,a,b,corr
2373,1,0.10175666953691871,24.0,11271.527309224231,-11176.033433426217,9.827365661148985
2373,2,0.1014187543377867,24.0,11382.806535511832,-11288.31177428741,9.860109271993089
2373,4,0.10096235620135736,24.0,11500.014035249462,-11404.89747932191,9.904681681612297
2373,8,0.10076695112569153,24.0,11546.109028160397,-11450.090853221871,9.92388862448216
2373,16,0.10126016054015682,24.0,11427.233852171925,-11334.187061738738,9.875552188201688
2373,32,0.10106227740889055,24.0,11458.232743125658,-11362.185965486373,9.894888831310158
