index,bin_size,m12,m23,m34,m13,m24,m14,m12_err,m23_err,m34_err,m13_err,m24_err,m14_err,corr12,corr23,corr34,corr13,corr24,corr14,corr12_err,corr23_err,corr34_err,corr13_err,corr24_err,corr14_err
91,1,0.06001984769552966,,,,,,0.06255350365325432,,,,,,16.66115524106005,,,,,,17.364483171067963,,,,,
91,2,0.059306063281687325,,,,,,0.06267513096573044,,,,,,16.861682341825283,,,,,,17.819563305979337,,,,,
91,4,0.061587203896645897,,,,,,0.06384017865169589,,,,,,16.237139157643444,,,,,,16.831123984066075,,,,,
91,8,0.05524679343397489,,,,,,0.05713787315064817,,,,,,18.100598022853468,,,,,,18.72017558841087,,,,,
91,16,0.055264946168546145,,,,,,0.05687843677679217,,,,,,18.094652566026504,,,,,,18.622935935483127,,,,,
91,32,0.058019549770174914,,,,,,0.060682348920269684,,,,,,17.235569802957215,,,,,,18.02659387681699,,,,,
