index,bin_size,m,n,a,b,corr
2873,1,0.08144203375731587,24.0,23165.69133244711,-23108.795026114945,12.278671760332493
2873,2,0.07880424004787455,24.0,24909.70022578771,-24848.014411601605,12.689672527677288
2873,4,0.08117114241876253,24.0,23344.12063062794,-23288.124846504266,12.319649202927225
2873,8,0.08077592352152708,24.0,23605.05170718225,-23551.58024170532,12.379926547463073
2873,16,0.07987735380679206,24.0,24188.821762634452,-24129.220984475298,12.51919289187781
2873,32,0.0792754905446894,24.0,24599.57951396478,-24542.524569092377,12.61423919460047
