index,bin_size,m,n,a,b,corr
596,1,0.13430970427481229,16.0,13522.573724601398,-13562.371405490467,7.4454783844501
596,2,0.1341847796143771,16.0,13557.854190117218,-13600.11494351252,7.452410048843244
596,4,0.133433742453786,16.0,13725.32848505727,-13765.154692114258,7.494356237114043
596,8,0.1337377074883961,16.0,13661.822615257417,-13700.289854078366,7.477322729543319
596,16,0.13508168286527739,16.0,13354.939314691183,-13393.868452857547,7.402928204539337
596,32,0.1349325177236967,16.0,13379.019638358315,-13419.39156819145,7.411111990422611
