index,bin_size,m12,m23,m34,m13,m24,m14,m12_err,m23_err,m34_err,m13_err,m24_err,m14_err,corr12,corr23,corr34,corr13,corr24,corr14,corr12_err,corr23_err,corr34_err,corr13_err,corr24_err,corr14_err
629,1,0.08739138411757637,,,,,,0.06913237062201402,,,,,,11.442775624821321,,,,,,9.051993093225246,,,,,
629,2,0.08833938920704688,,,,,,0.07126734407335153,,,,,,11.319978652515173,,,,,,9.132334067207232,,,,,
629,4,0.08830855313222445,,,,,,0.07148388766246616,,,,,,11.323931426015998,,,,,,9.166480632320688,,,,,
629,8,0.08724563172453133,,,,,,0.07116169639518168,,,,,,11.461891904885189,,,,,,9.34886544721402,,,,,
629,16,0.08816233796092149,,,,,,0.06397994042334945,,,,,,11.342711900894193,,,,,,8.23147444184274,,,,,
629,32,0.088436299559111,,,,,,0.06006046991938333,,,,,,11.307573982464044,,,,,,7.679405520366057,,,,,
