index,bin_size,m12,m23,m34,m13,m24,m14,m12_err,m23_err,m34_err,m13_err,m24_err,m14_err,corr12,corr23,corr34,corr13,corr24,corr14,corr12_err,corr23_err,corr34_err,corr13_err,corr24_err,corr14_err
368,1,6.408334174607639,,,,,,0.956811768934201,,,,,,0.15604679355867496,,,,,,0.023298942363680252,,,,,
368,2,6.440921772990576,,,,,,0.9696072503027761,,,,,,0.15525728075031275,,,,,,0.02337221136717835,,,,,
368,4,6.463268001751911,,,,,,1.0185114133317854,,,,,,0.15472049120181053,,,,,,0.024381564577336073,,,,,
368,8,6.382252056669888,,,,,,0.9049825954341228,,,,,,0.1566845043286769,,,,,,0.022217353393852224,,,,,
368,16,6.405628719479789,,,,,,0.8491596113173312,,,,,,0.15611270084370604,,,,,,0.020695017800049145,,,,,
368,32,6.358562717416054,,,,,,0.8008913048412172,,,,,,0.1572682451115891,,,,,,0.019808685647232798,,,,,
