index,bin_size,m,n,a,b,corr
1968,1,0.12134676811587718,16.0,12562.040959743481,-12606.190177178556,8.240845763976788
1968,2,0.12323861592761212,16.0,12165.89146295797,-12210.194375056064,8.114339750353736
1968,4,0.1225263421269998,16.0,12312.925889903554,-12356.815465859878,8.161510273141834
1968,8,0.12240635025924591,16.0,12321.077654011347,-12365.03410505578,8.169510796474919
1968,16,0.12063011749408582,16.0,12721.653722519075,-12766.244671239658,8.289803746970795
1968,32,0.12316682843629974,16.0,12164.542110672106,-12208.586242874719,8.119069173865972
