index,bin_size,m12,m23,m34,m13,m24,m14,m12_err,m23_err,m34_err,m13_err,m24_err,m14_err,corr12,corr23,corr34,corr13,corr24,corr14,corr12_err,corr23_err,corr34_err,corr13_err,corr24_err,corr14_err
830,1,0.20656664011404505,,,,,,0.04987515620776004,,,,,,4.841052744276142,,,,,,1.1688637705365923,,,,,
830,2,0.20492474860714238,,,,,,0.053104906301777124,,,,,,4.879840072011421,,,,,,1.2645785906934217,,,,,
830,4,0.2078706610627982,,,,,,0.04916553062371406,,,,,,4.810683695752032,,,,,,1.137822025269094,,,,,
830,8,0.2073259653737424,,,,,,0.05397220992264159,,,,,,4.823322530766081,,,,,,1.2556332521391154,,,,,
830,16,0.20640879448059327,,,,,,0.05627741675591072,,,,,,4.844754810551548,,,,,,1.3209237825341185,,,,,
830,32,0.20361571897382583,,,,,,0.06488027657115462,,,,,,4.911212184598316,,,,,,1.5649126032225613,,,,,
