index,bin_size,m,n,a,b,corr
844,1,0.12413521612998431,16.0,12643.591205669974,-12661.249029984769,8.055731734924288
844,2,0.12370484354308285,16.0,12747.232805295142,-12765.246471344606,8.083757849398424
844,4,0.12318377378317624,16.0,12860.551336321509,-12878.140851729333,8.117952302388177
844,8,0.12484956732073606,16.0,12487.589393620983,-12508.235341563011,8.009639291989053
844,16,0.12364610393136946,16.0,12757.293988884823,-12774.123730024474,8.087598138596071
844,32,0.12393280274699363,16.0,12698.775069892707,-12716.606327910486,8.06888876741923
