index,bin_size,m,n,a,b,corr
2988,1,0.1855998916812718,24.0,1850.3472310452023,-1842.757882237407,5.3879341789557
2988,2,0.18401372051171141,24.0,1898.3977605116456,-1890.9472046847109,5.434377378051849
2988,4,0.18419592362740944,24.0,1893.4845365449655,-1886.9748304944842,5.429001794973459
2988,8,0.18409928963937316,24.0,1897.84849747634,-1891.3867887783179,5.431851486004489
2988,16,0.18383547069298553,24.0,1904.586134895862,-1900.192524293745,5.439646637454696
2988,32,0.184809860892176,24.0,1876.1131630381847,-1870.0909370502293,5.4109666831221315
