index,bin_size,m12,m23,m34,m13,m24,m14,m12_err,m23_err,m34_err,m13_err,m24_err,m14_err,corr12,corr23,corr34,corr13,corr24,corr14,corr12_err,corr23_err,corr34_err,corr13_err,corr24_err,corr14_err
2560,1,0.12882072015139115,,,,,,0.01803544323079853,,,,,,7.762726359740824,,,,,,1.0868143759233366,,,,,
2560,2,0.1287607978660959,,,,,,0.01768473776799333,,,,,,7.766338952325728,,,,,,1.0666730096847057,,,,,
2560,4,0.12825292205555502,,,,,,0.01710517083314346,,,,,,7.797093305732498,,,,,,1.0399031137765564,,,,,
2560,8,0.12866071285846709,,,,,,0.0176956044509101,,,,,,7.772380377684116,,,,,,1.0689896375501247,,,,,
2560,16,0.1292785005186174,,,,,,0.019326429491009434,,,,,,7.735238233645741,,,,,,1.1563758530536643,,,,,
2560,32,0.12984804474848202,,,,,,0.022162706699951882,,,,,,7.701309649575531,,,,,,1.314473909096325,,,,,
