index,bin_size,m12,m23,m34,m13,m24,m14,m12_err,m23_err,m34_err,m13_err,m24_err,m14_err,corr12,corr23,corr34,corr13,corr24,corr14,corr12_err,corr23_err,corr34_err,corr13_err,corr24_err,corr14_err
1864,1,0.07051288193456616,,,,,,0.06534046826851214,,,,,,14.181805828443801,,,,,,13.141511285604981,,,,,
1864,2,0.07235613591472081,,,,,,0.06793980116709263,,,,,,13.820527967090495,,,,,,12.976977145587725,,,,,
1864,4,0.07109516846122493,,,,,,0.06627616776155551,,,,,,14.065653428269133,,,,,,13.11224976977573,,,,,
1864,8,0.07519337226819826,,,,,,0.06817053074630677,,,,,,13.299044448135925,,,,,,12.056952509251703,,,,,
1864,16,0.07523347012419954,,,,,,0.07063947857646626,,,,,,13.291956337374113,,,,,,12.480307812243874,,,,,
1864,32,0.07097505369712104,,,,,,0.07064755645854204,,,,,,14.089457463003836,,,,,,14.024445065381695,,,,,
