index,bin_size,m,n,a,b,corr
496,1,0.11307771404954135,36.0,5856.063087730668,-6054.651070677618,8.84347555489035
496,2,0.11264772819232668,36.0,5935.262710783152,-6144.467313488985,8.877231845214592
496,4,0.11418270821861266,36.0,5714.275670313464,-5919.657621486555,8.757893516463225
496,8,0.11367371048796028,36.0,5774.871432462354,-5984.554081600689,8.797108810008579
496,16,0.11405264706063308,36.0,5719.300434152712,-5927.80515871982,8.76788067416249
496,32,0.1126130921596773,36.0,5929.8137042046965,-6140.320868997799,8.87996218576497
