index,bin_size,m,n,a,b,corr
554,1,0.12874810121160554,54.0,886.0913587209764,-592.8822080956712,7.767104839522546
554,2,0.12822142084521043,54.0,899.0619853739818,-600.0210446729769,7.799008881731276
554,4,0.12807271029026795,54.0,902.9332011123192,-603.8815799829556,7.8080646355774705
554,8,0.12844765223743163,54.0,893.387098308062,-602.6199623388026,7.785272697328325
554,16,0.12844652846246063,54.0,894.4643208115469,-595.6096163349185,7.785340810454498
554,32,0.1288308871329709,54.0,883.2771674498185,-588.2269460741086,7.762113746588307
