index,bin_size,m12,m23,m34,m13,m24,m14,m12_err,m23_err,m34_err,m13_err,m24_err,m14_err,corr12,corr23,corr34,corr13,corr24,corr14,corr12_err,corr23_err,corr34_err,corr13_err,corr24_err,corr14_err
1126,1,0.034018230387028774,,,,,,0.050715914471856714,,,,,,29.396002926163444,,,,,,43.82488898617776,,,,,
1126,2,0.03252954404559139,,,,,,0.04840597661169703,,,,,,30.741285478777755,,,,,,45.74493708899338,,,,,
1126,4,0.031961752271253335,,,,,,0.04855469876065146,,,,,,31.287395994850016,,,,,,47.53025036432347,,,,,
1126,8,0.03272680701836218,,,,,,0.04919112069433122,,,,,,30.555990367130082,,,,,,45.92820219952946,,,,,
1126,16,0.030542636005856643,,,,,,0.046132746034832806,,,,,,32.741116379354,,,,,,49.453413468831286,,,,,
1126,32,0.028177787741692512,,,,,,0.0428340049339559,,,,,,35.48894644132679,,,,,,53.947943710267324,,,,,
