index,bin_size,m,n,a,b,corr
2572,1,0.09709107103314518,54.0,3013.5803816428925,-2758.843350773606,10.29960828899104
2572,2,0.09705938592725429,54.0,3017.2810225419266,-2755.028122802416,10.30297060347669
2572,4,0.09756631644940521,54.0,2967.4752855381835,-2702.3117194367974,10.249438908750523
2572,8,0.09691656192770488,54.0,3028.1175454632375,-2770.4252715592283,10.318153885255981
2572,16,0.09734198470455152,54.0,2982.1858764918247,-2720.8799296272446,10.27305949262448
2572,32,0.09703165614487404,54.0,3015.627208908506,-2745.55493637108,10.305914994452332
