index,bin_size,m12,m23,m34,m13,m24,m14,m12_err,m23_err,m34_err,m13_err,m24_err,m14_err,corr12,corr23,corr34,corr13,corr24,corr14,corr12_err,corr23_err,corr34_err,corr13_err,corr24_err,corr14_err
495,1,0.12787829929184147,,,,,,0.02249592987067444,,,,,,7.8199350909243694,,,,,,1.375657264546402,,,,,
495,2,0.12627308085229652,,,,,,0.02219830285122817,,,,,,7.919344275520724,,,,,,1.3921890669380304,,,,,
495,4,0.12720268505151533,,,,,,0.02185791716051699,,,,,,7.861469273191944,,,,,,1.3508782779529243,,,,,
495,8,0.12715688870136096,,,,,,0.022606417849797694,,,,,,7.864300630605921,,,,,,1.398144197829859,,,,,
495,16,0.1281221929557404,,,,,,0.022715683473838774,,,,,,7.805049046775592,,,,,,1.3838119653914163,,,,,
495,32,0.12722715277551624,,,,,,0.024854590392189915,,,,,,7.859957392620683,,,,,,1.5354900053319962,,,,,
