index,bin_size,m,n,a,b,corr
2086,1,0.18524831892150645,16.0,4820.774747844975,-4795.825144785142,5.3981596476657945
2086,2,0.1878313811039477,16.0,4658.564053319629,-4634.626354280777,5.32392401164633
2086,4,0.18599048900518228,16.0,4771.201603994898,-4745.611804131366,5.376619016105371
2086,8,0.18719544085756093,16.0,4692.198904044883,-4666.357364427139,5.342010443304071
2086,16,0.18788474225606366,16.0,4657.370574427137,-4633.113400700831,5.32241196380451
2086,32,0.1883595836054891,16.0,4624.517600580002,-4601.235549623846,5.3089945351252
