index,bin_size,m,n,a,b,corr
2009,1,0.11599894452145537,16.0,17706.884393811346,-17728.591135606097,8.620768095135885
2009,2,0.1149377468980012,16.0,18058.940994124227,-18079.863104680386,8.700361952348226
2009,4,0.11505831348652888,16.0,18031.039796044144,-18051.742489566295,8.691245071283621
2009,8,0.11582642739026826,16.0,17773.540707649252,-17797.157939622608,8.633608257902807
2009,16,0.11421633850385444,16.0,18330.92906815026,-18353.55249764175,8.755314809590514
2009,32,0.11460796618015887,16.0,18186.934203253026,-18211.433293522212,8.725396962616388
