index,bin_size,m,n,a,b,corr
1952,1,0.15717659929634406,16.0,6628.6071901247105,-6617.471715905884,6.3622702391885895
1952,2,0.15583417802524152,16.0,6770.074878820613,-6759.0587192237035,6.417077515806726
1952,4,0.15637262759765608,16.0,6697.868145715638,-6686.862521883116,6.394981112506351
1952,8,0.15559044332060387,16.0,6784.501458444627,-6772.934157235333,6.427129961571208
1952,16,0.15572171114578626,16.0,6769.801521462289,-6757.79532503713,6.421712121207059
1952,32,0.15622842800458134,16.0,6721.47327500384,-6709.562368565995,6.400883710938162
