index,bin_size,m12,m23,m34,m13,m24,m14,m12_err,m23_err,m34_err,m13_err,m24_err,m14_err,corr12,corr23,corr34,corr13,corr24,corr14,corr12_err,corr23_err,corr34_err,corr13_err,corr24_err,corr14_err
2185,1,0.09836592576751636,,,,,,0.04423767875445209,,,,,,10.16612197971335,,,,,,4.57196569653643,,,,,
2185,2,0.10019151735570203,,,,,,0.04350432007270111,,,,,,9.980884873215155,,,,,,4.3338160913521815,,,,,
2185,4,0.09915551121309413,,,,,,0.043399894563684586,,,,,,10.085168113862172,,,,,,4.414230005410446,,,,,
2185,8,0.09881255891695644,,,,,,0.044363193373580925,,,,,,10.120171068946965,,,,,,4.543583437432571,,,,,
2185,16,0.09790903633674879,,,,,,0.044414540932020005,,,,,,10.213561867370396,,,,,,4.633184827392457,,,,,
2185,32,0.09749453519535761,,,,,,0.04570848359264236,,,,,,10.256985153026474,,,,,,4.808795043103207,,,,,
