index,bin_size,m,n,a,b,corr
464,1,0.06863400478317702,36.0,17765.914389191315,-17737.230464967295,14.57003715809851
464,2,0.06949911515295042,36.0,17274.16991206644,-17244.51830998408,14.388672399630506
464,4,0.06868158423177423,36.0,17755.90791384412,-17725.627232615447,14.559943705220606
464,8,0.06902740020942788,36.0,17523.027827187634,-17488.192313795684,14.487000770216149
464,16,0.06944051202045468,36.0,17289.99073945338,-17259.576143323127,14.400815473616266
464,32,0.06942452528009455,36.0,17298.09167153567,-17262.369759285917,14.404131623017678
