index,bin_size,m12,m23,m34,m13,m24,m14,m12_err,m23_err,m34_err,m13_err,m24_err,m14_err,corr12,corr23,corr34,corr13,corr24,corr14,corr12_err,corr23_err,corr34_err,corr13_err,corr24_err,corr14_err
2733,1,0.07234233584878308,,,,,,0.065691546680454,,,,,,13.823164379020001,,,,,,12.552332426396994,,,,,
2733,2,0.07058083245613085,,,,,,0.067137613933433,,,,,,14.168152530951584,,,,,,13.476972737098876,,,,,
2733,4,0.07216125223319331,,,,,,0.06760267940298977,,,,,,13.857852643250169,,,,,,12.982423952789803,,,,,
2733,8,0.07412230223456798,,,,,,0.06673777865314745,,,,,,13.491216136749136,,,,,,12.147137489696494,,,,,
2733,16,0.07033126364656632,,,,,,0.06461824855938834,,,,,,14.218427881877274,,,,,,13.063463662645836,,,,,
2733,32,0.07654624804209931,,,,,,0.07054670632904785,,,,,,13.063997590711628,,,,,,12.04006760734299,,,,,
