index,bin_size,m12,m23,m34,m13,m24,m14,m12_err,m23_err,m34_err,m13_err,m24_err,m14_err,corr12,corr23,corr34,corr13,corr24,corr14,corr12_err,corr23_err,corr34_err,corr13_err,corr24_err,corr14_err
2866,1,0.17654110329773764,,,,,,0.0313062356503577,,,,,,5.664403254088052,,,,,,1.0044751039765707,,,,,
2866,2,0.176299352260754,,,,,,0.029866216671211268,,,,,,5.672170584727724,,,,,,0.9609012937778153,,,,,
2866,4,0.1770462240788226,,,,,,0.030812428396361436,,,,,,5.6482424587309525,,,,,,0.9829978991670192,,,,,
2866,8,0.17650588608529585,,,,,,0.03365994045620136,,,,,,5.665533440152548,,,,,,1.080425828722769,,,,,
2866,16,0.17585942880149066,,,,,,0.038476064113615135,,,,,,5.686359877404103,,,,,,1.2441115537970768,,,,,
2866,32,0.17736910836909484,,,,,,0.04181630272876279,,,,,,5.637960348309684,,,,,,1.3291979582322677,,,,,
