index,bin_size,m,n,a,b,corr
2557,1,0.11270481561396034,54.0,1731.5409881254084,-1752.377018503658,8.872735335686345
2557,2,0.11273277540897333,54.0,1727.1142945495274,-1749.9858901629066,8.870534734660685
2557,4,0.11303425025432245,54.0,1712.1682198768904,-1730.3470861598596,8.846876037573043
2557,8,0.11272876607211163,54.0,1731.1764811576352,-1756.2718606996518,8.870850226110951
2557,16,0.1127606691925925,54.0,1729.4516458222886,-1744.3878066008135,8.868340416568689
2557,32,0.11270333715685939,54.0,1734.0051644376636,-1757.9886055531035,8.872851729387657
