index,bin_size,m,n,a,b,corr
2146,1,0.08182911743354973,24.0,22395.091235469565,-22381.042497833336,12.22058884860956
2146,2,0.08175635314791518,24.0,22458.791945279187,-22447.0583253038,12.23146534179161
2146,4,0.0812336609933029,24.0,22743.662886965747,-22729.67828520253,12.310167826640763
2146,8,0.08076864737659241,24.0,23058.769181018088,-23043.40629917914,12.381041808678479
2146,16,0.08101020809855194,24.0,22898.229127684244,-22883.4600754802,12.344123332993574
2146,32,0.07952182732138548,24.0,23873.4957167944,-23860.974114731674,12.575163746659454
