index,bin_size,m,n,a,b,corr
2730,1,0.17614542076276526,16.0,5348.704666690106,-5297.0800316691775,5.677127430674521
2730,2,0.17583423666617573,16.0,5372.925183609763,-5322.053526326085,5.687174573962618
2730,4,0.1768022906472661,16.0,5296.2459732448615,-5245.611057618143,5.656035316844822
2730,8,0.17735955360101016,16.0,5252.605744748389,-5200.523907299697,5.63826407823291
2730,16,0.1765854686586907,16.0,5314.115021684334,-5262.660158700158,5.66298012852251
2730,32,0.17515087375076713,16.0,5420.6001578588375,-5370.086177055227,5.709363468108992
