index,bin_size,m,n,a,b,corr
1609,1,0.08962156985930765,16.0,25486.923947081985,-25479.67727719663,11.15802815739391
1609,2,0.08937490797378198,16.0,25684.65892890304,-25680.074262143342,11.188822709538888
1609,4,0.08991182147820742,16.0,25326.826775548332,-25320.58902475932,11.122008024744302
1609,8,0.09280219019317908,16.0,23690.90448341304,-23685.418307381093,10.775607751480628
1609,16,0.09027044105662162,16.0,25151.216774914214,-25145.231989430336,11.077823352749055
1609,32,0.09174748988196413,16.0,24270.182538352652,-24263.59843245824,10.899480751860674
