index,bin_size,m12,m23,m34,m13,m24,m14,m12_err,m23_err,m34_err,m13_err,m24_err,m14_err,corr12,corr23,corr34,corr13,corr24,corr14,corr12_err,corr23_err,corr34_err,corr13_err,corr24_err,corr14_err
2412,1,0.18945589157733786,,,,,,0.030334691958097525,,,,,,5.278273437022093,,,,,,0.8451296892887248,,,,,
2412,2,0.19032824048985073,,,,,,0.030774228869555338,,,,,,5.254081041396088,,,,,,0.8495339002292569,,,,,
2412,4,0.19229488711997528,,,,,,0.02956923948228552,,,,,,5.200346275333295,,,,,,0.7996587257684208,,,,,
2412,8,0.19019440674178065,,,,,,0.02863527555107939,,,,,,5.257778170930442,,,,,,0.7916001805218693,,,,,
2412,16,0.19239122266710953,,,,,,0.029452132836987863,,,,,,5.197742319722552,,,,,,0.7956942896390918,,,,,
2412,32,0.19123979373490568,,,,,,0.028623932853845242,,,,,,5.229037223216148,,,,,,0.7826593380197583,,,,,
