index,bin_size,m12,m23,m34,m13,m24,m14,m12_err,m23_err,m34_err,m13_err,m24_err,m14_err,corr12,corr23,corr34,corr13,corr24,corr14,corr12_err,corr23_err,corr34_err,corr13_err,corr24_err,corr14_err
982,1,0.15768244505120568,,,,,,0.058840668246305385,,,,,,6.341860057251527,,,,,,2.3665239562467013,,,,,
982,2,0.15903537357941186,,,,,,0.05711367184960041,,,,,,6.287909271333685,,,,,,2.2581491064545354,,,,,
982,4,0.1582479568076321,,,,,,0.061419573038406276,,,,,,6.319196912068891,,,,,,2.452621721724296,,,,,
982,8,0.15655824120803705,,,,,,0.06399191111901667,,,,,,6.387399298074538,,,,,,2.610797649552748,,,,,
982,16,0.15584718353085025,,,,,,0.056518771857603976,,,,,,6.416542008293964,,,,,,2.3269915160815877,,,,,
982,32,0.15654301294263204,,,,,,0.06954155739821456,,,,,,6.388020654530699,,,,,,2.837768972613449,,,,,
