index,bin_size,m,n,a,b,corr
371,1,0.23189772667955505,36.0,260.52765605927243,-221.0800276170387,4.3122458090408
371,2,0.23223776217555622,36.0,258.17206331470715,-209.10792075162743,4.305931949361736
371,4,0.23191103172409705,36.0,259.9346608159888,-218.74199161096521,4.3119984097595365
371,8,0.23156016943388352,36.0,261.8416116908652,-225.79667219836392,4.318531992979588
371,16,0.23201128296907766,36.0,259.29150381666335,-217.4166689852081,4.31013521067973
371,32,0.23115407509928793,36.0,264.047712895211,-227.71708189973688,4.326118843331958
