index,bin_size,m12,m23,m34,m13,m24,m14,m12_err,m23_err,m34_err,m13_err,m24_err,m14_err,corr12,corr23,corr34,corr13,corr24,corr14,corr12_err,corr23_err,corr34_err,corr13_err,corr24_err,corr14_err
1290,1,0.13289877095668695,,,,,,0.0663617458685033,,,,,,7.524524062949461,,,,,,3.7573000115225312,,,,,
1290,2,0.1341975334065668,,,,,,0.06471648148312056,,,,,,7.4517017907503975,,,,,,3.5935676961946026,,,,,
1290,4,0.13488179697618538,,,,,,0.06364149667235935,,,,,,7.413898853798331,,,,,,3.4981119010189454,,,,,
1290,8,0.1346065952149259,,,,,,0.06691498599062078,,,,,,7.4290564916474064,,,,,,3.693096985837687,,,,,
1290,16,0.13329424135033308,,,,,,0.06764086834958215,,,,,,7.5021995689351,,,,,,3.8070308832089914,,,,,
1290,32,0.13369331232616066,,,,,,0.07472603244063422,,,,,,7.479805703073477,,,,,,4.180734203472484,,,,,
