index,bin_size,m12,m23,m34,m13,m24,m14,m12_err,m23_err,m34_err,m13_err,m24_err,m14_err,corr12,corr23,corr34,corr13,corr24,corr14,corr12_err,corr23_err,corr34_err,corr13_err,corr24_err,corr14_err
1965,1,0.12883096287521703,,,,,,0.06287741007843885,,,,,,7.76210918308962,,,,,,3.7883852707944747,,,,,
1965,2,0.12807414752069687,,,,,,0.06159128013295948,,,,,,7.807977014552444,,,,,,3.7548819093040917,,,,,
1965,4,0.12944121834891062,,,,,,0.05998250335538991,,,,,,7.725514428522188,,,,,,3.5799701288491876,,,,,
1965,8,0.12942979589815579,,,,,,0.06451013868930246,,,,,,7.726196221362107,,,,,,3.850875189303578,,,,,
1965,16,0.1288897369721497,,,,,,0.061781364019186547,,,,,,7.758569638605737,,,,,,3.7189540949601256,,,,,
1965,32,0.12996106174147665,,,,,,0.0583957621263358,,,,,,7.694612421597763,,,,,,3.457441410564966,,,,,
