index,bin_size,m,n,a,b,corr
2189,1,0.20984345732445886,24.0,1468.6180282558532,-1467.2125870247173,4.765457130520897
2189,2,0.20976824281831802,24.0,1469.3986249838722,-1467.536431374068,4.767165832943112
2189,4,0.20964689444131185,24.0,1471.615814371994,-1468.9431505763448,4.769925176639991
2189,8,0.21030930866101455,24.0,1457.6812037773384,-1452.6339604708448,4.75490127549153
2189,16,0.20982037243114532,24.0,1467.6753090677241,-1464.2843938004562,4.765981436469712
2189,32,0.21006664127046756,24.0,1461.8009594052055,-1459.284342654953,4.760394101376942
