index,bin_size,m12,m23,m34,m13,m24,m14,m12_err,m23_err,m34_err,m13_err,m24_err,m14_err,corr12,corr23,corr34,corr13,corr24,corr14,corr12_err,corr23_err,corr34_err,corr13_err,corr24_err,corr14_err
2432,1,0.010314637471533893,,,,,,0.023659888711842953,,,,,,96.9496022288498,,,,,,222.38462628691045,,,,,
2432,2,0.011430008325911855,,,,,,0.024911050568645454,,,,,,87.48900013773374,,,,,,190.67728075844985,,,,,
2432,4,0.010825451135900903,,,,,,0.024942305005708022,,,,,,92.3749031283932,,,,,,212.8357497324171,,,,,
2432,8,0.009899839096309503,,,,,,0.02341403604013588,,,,,,101.01174274365566,,,,,,238.9021237687141,,,,,
2432,16,0.008101905594356699,,,,,,0.02031406251046442,,,,,,123.42775268778001,,,,,,309.47275976310493,,,,,
2432,32,0.0077279210596848035,,,,,,0.019775160338684063,,,,,,129.40090773142379,,,,,,331.12704938325777,,,,,
