index,bin_size,m,n,a,b,corr
2492,1,0.16225636407177083,24.0,3577.414982513358,-3615.699812444761,6.163086457167684
2492,2,0.16310598813040056,24.0,3530.860104918681,-3569.95826577212,6.130982752150807
2492,4,0.16227135470189477,24.0,3573.4657023138143,-3611.7158204072125,6.162517111150509
2492,8,0.16285118361880963,24.0,3542.3904572864376,-3579.4437762956472,6.140575571994173
2492,16,0.16219925406405908,24.0,3582.124088407242,-3621.3496325597393,6.165256466623819
2492,32,0.1624661190889731,24.0,3567.459427483397,-3607.2105946145352,6.155129485504354
