index,bin_size,m,n,a,b,corr
1353,1,0.07988029033678108,16.0,33380.27433218225,-33338.18226677686,12.51873266589202
1353,2,0.08298507952667325,16.0,30797.512598986934,-30757.33310960374,12.050359000723471
1353,4,0.08028234243196361,16.0,33048.14608961845,-33007.35802981951,12.456039145188917
1353,8,0.08366856959299229,16.0,30244.287638922604,-30203.53807682884,11.95191939893945
1353,16,0.07436790705468008,16.0,38742.78029752784,-38700.298475254596,13.446660523399368
1353,32,0.08040535406774547,16.0,32921.909258885855,-32880.257017984004,12.436982730745154
