index,bin_size,m12,m23,m34,m13,m24,m14,m12_err,m23_err,m34_err,m13_err,m24_err,m14_err,corr12,corr23,corr34,corr13,corr24,corr14,corr12_err,corr23_err,corr34_err,corr13_err,corr24_err,corr14_err
611,1,0.224737010250971,,,,,,0.04648142017844762,,,,,,4.449645382766586,,,,,,0.920301629226508,,,,,
611,2,0.22550225353981063,,,,,,0.04428731794824346,,,,,,4.434545483703816,,,,,,0.8709186835601453,,,,,
611,4,0.22496164773365396,,,,,,0.0433239800395184,,,,,,4.445202149230175,,,,,,0.8560741403036145,,,,,
611,8,0.22572824176828613,,,,,,0.03995242547276884,,,,,,4.4301058306497465,,,,,,0.7840998168815735,,,,,
611,16,0.22422698049583045,,,,,,0.03742883990308773,,,,,,4.459766606983298,,,,,,0.7444415920367737,,,,,
611,32,0.22597567294193496,,,,,,0.03960145492966284,,,,,,4.4252551037073475,,,,,,0.7755106479393338,,,,,
