index,bin_size,m12,m23,m34,m13,m24,m14,m12_err,m23_err,m34_err,m13_err,m24_err,m14_err,corr12,corr23,corr34,corr13,corr24,corr14,corr12_err,corr23_err,corr34_err,corr13_err,corr24_err,corr14_err
1095,1,0.07382216225273332,,,,,,0.06542683855294058,,,,,,13.546067596563447,,,,,,12.005559721122385,,,,,
1095,2,0.07398731595208222,,,,,,0.06580625124456073,,,,,,13.515830208621821,,,,,,12.021332400589134,,,,,
1095,4,0.07609210544155486,,,,,,0.06781174737512245,,,,,,13.14196780595175,,,,,,11.711856252337421,,,,,
1095,8,0.07321964522335438,,,,,,0.06791257644399636,,,,,,13.657536812006251,,,,,,12.667618232138393,,,,,
1095,16,0.07530098441431081,,,,,,0.07092057999961945,,,,,,13.28003887038098,,,,,,12.507513234128686,,,,,
1095,32,0.07831290927980883,,,,,,0.07368878377033684,,,,,,12.769286816137054,,,,,,12.015301484123759,,,,,
