index,bin_size,m12,m23,m34,m13,m24,m14,m12_err,m23_err,m34_err,m13_err,m24_err,m14_err,corr12,corr23,corr34,corr13,corr24,corr14,corr12_err,corr23_err,corr34_err,corr13_err,corr24_err,corr14_err
1386,1,0.0036765067006343257,,,,,,0.017677345806426496,,,,,,271.99732828651315,,,,,,1307.8150597998974,,,,,
1386,2,0.004282444193283707,,,,,,0.019824640882046295,,,,,,233.51150764984442,,,,,,1080.9905680133838,,,,,
1386,4,0.004770935123167894,,,,,,0.01972572730121687,,,,,,209.60251484954202,,,,,,866.6146033916265,,,,,
1386,8,0.004897607823112775,,,,,,0.021528924714534322,,,,,,204.18131384077003,,,,,,897.5410634244698,,,,,
1386,16,0.0033722117093357012,,,,,,0.016704115603801008,,,,,,296.5412869042531,,,,,,1468.9053845686212,,,,,
1386,32,0.002551060905941152,,,,,,0.013991616217572486,,,,,,391.993777048249,,,,,,2149.9394527832155,,,,,
