index,bin_size,m,n,a,b,corr
1797,1,0.17344916729621696,16.0,5444.074769215996,-5446.908484948365,5.765377923620684
1797,2,0.17527733475149213,16.0,5312.322678541284,-5314.490660519372,5.705244214363472
1797,4,0.17385162361146003,16.0,5415.67917830242,-5417.950020138176,5.752031411768084
1797,8,0.17502965238657817,16.0,5324.366101487356,-5326.3870638636845,5.713317637124458
1797,16,0.17523789899821587,16.0,5314.7621926682505,-5316.42618651413,5.706528129569627
1797,32,0.1760581780607929,16.0,5252.663462701633,-5254.080311382211,5.679940636751903
