index,bin_size,m,n,a,b,corr
1100,1,0.16845281629775624,16.0,6131.66155832246,-6161.9599060649925,5.936380417840006
1100,2,0.168559355482654,16.0,6114.93903973767,-6146.893673366838,5.932628284775967
1100,4,0.1699543932047663,16.0,5992.876357241857,-6025.818478088019,5.883931454453014
1100,8,0.16675121310950597,16.0,6274.557104884112,-6304.0997473210045,5.996957871264764
1100,16,0.16764388736086558,16.0,6202.825875482455,-6235.41442106451,5.965025124044206
1100,32,0.1692152259662014,16.0,6061.8484347624635,-6093.605444350873,5.9096336886359
