index,bin_size,m12,m23,m34,m13,m24,m14,m12_err,m23_err,m34_err,m13_err,m24_err,m14_err,corr12,corr23,corr34,corr13,corr24,corr14,corr12_err,corr23_err,corr34_err,corr13_err,corr24_err,corr14_err
1437,1,0.11957901429671582,,,,,,0.06728852446598992,,,,,,8.362671375753802,,,,,,4.705774008741749,,,,,
1437,2,0.1147062253737409,,,,,,0.06931336231262757,,,,,,8.717922647543809,,,,,,5.2679663123235985,,,,,
1437,4,0.11732597082663995,,,,,,0.07048699891956015,,,,,,8.523262095803094,,,,,,5.120598294692211,,,,,
1437,8,0.11404258692387269,,,,,,0.07308532723520787,,,,,,8.768654122757967,,,,,,5.619479295062962,,,,,
1437,16,0.11398436823507352,,,,,,0.07239317224271487,,,,,,8.773132803067073,,,,,,5.571947486788971,,,,,
1437,32,0.11331699035643762,,,,,,0.07272054891303699,,,,,,8.824801972365385,,,,,,5.66326763057032,,,,,
