index,bin_size,m12,m23,m34,m13,m24,m14,m12_err,m23_err,m34_err,m13_err,m24_err,m14_err,corr12,corr23,corr34,corr13,corr24,corr14,corr12_err,corr23_err,corr34_err,corr13_err,corr24_err,corr14_err
199,1,0.18200792279736888,,,,,,0.03189325718084324,,,,,,5.494266318908047,,,,,,0.9627605547922463,,,,,
199,2,0.18128190927205928,,,,,,0.02997868845515499,,,,,,5.516270233557875,,,,,,0.9122286246340021,,,,,
199,4,0.18105127255386094,,,,,,0.03016409243687714,,,,,,5.523297273166142,,,,,,0.9202103202813531,,,,,
199,8,0.18070305547557564,,,,,,0.02836249392427948,,,,,,5.533940737018489,,,,,,0.8685871974767149,,,,,
199,16,0.1803544200522715,,,,,,0.027774804013709666,,,,,,5.5446381614056,,,,,,0.8538811425599793,,,,,
199,32,0.18081153132932623,,,,,,0.02741877784928793,,,,,,5.530620711234515,,,,,,0.8386791458217945,,,,,
