index,bin_size,m12,m23,m34,m13,m24,m14,m12_err,m23_err,m34_err,m13_err,m24_err,m14_err,corr12,corr23,corr34,corr13,corr24,corr14,corr12_err,corr23_err,corr34_err,corr13_err,corr24_err,corr14_err
1590,1,0.02132757890228699,,,,,,0.04234897865015069,,,,,,46.887647425032775,,,,,,93.10217483455575,,,,,
1590,2,0.021826230129832976,,,,,,0.04329948760000421,,,,,,45.816432524147146,,,,,,90.8919240819404,,,,,
1590,4,0.021178745772756604,,,,,,0.0434827527948838,,,,,,47.217149246220025,,,,,,96.94302251805564,,,,,
1590,8,0.021064743383172792,,,,,,0.04223547017228867,,,,,,47.472688454340854,,,,,,95.1842270631861,,,,,
1590,16,0.01998542183350503,,,,,,0.04060089902247343,,,,,,50.03647200098256,,,,,,101.65038116668185,,,,,
1590,32,0.014501536991999846,,,,,,0.03312671660076943,,,,,,68.95820770940875,,,,,,157.52530268666032,,,,,
