index,bin_size,m,n,a,b,corr
2136,1,0.11356656718940397,24.0,7912.165389718638,-7849.989442632672,8.805408358713711
2136,2,0.11286305704598101,24.0,8025.9433184681975,-7963.840851872143,8.860295176947004
2136,4,0.11365440403199016,24.0,7902.888208597952,-7839.7201747309955,8.798603173516543
2136,8,0.11201257413300321,24.0,8178.271530578487,-8115.131105714017,8.927569138912965
2136,16,0.11341295848748406,24.0,7944.6004774896055,-7882.787212702353,8.817334573900188
2136,32,0.11246161736808964,24.0,8094.174580496702,-8031.3454877387085,8.891922625716607
