index,bin_size,m,n,a,b,corr
288,1,0.22101226735184984,24.0,1063.6811060672267,-1099.0995604023035,4.524635722631666
288,2,0.22094748527988387,24.0,1065.0821375521944,-1102.0489814689936,4.525962351339985
288,4,0.2199777275457534,24.0,1079.5197408680287,-1113.7546508842047,4.54591476672114
288,8,0.2205364111909835,24.0,1070.4471130287995,-1106.7837543140329,4.534398626510725
288,16,0.22085849361433085,24.0,1066.7389051542025,-1102.0897900147347,4.5277860209724485
288,32,0.22147725706825194,24.0,1056.8610650607484,-1094.4229687529303,4.515136286394558
