index,bin_size,m,n,a,b,corr
1228,1,-4.7290166606218584e-8,16.0,1.198122503170758e17,-1.198122503170757e17,-21146045.18793346
1228,2,-4.843329465835224e-6,16.0,11422571124387.514,-11422571124259.334,-206469.5385796043
1228,4,-6.280026319298383e-7,16.0,678720221233102.8,-678720221232976.9,-1592350.0144052294
1228,8,1.5676064455342413e-6,16.0,109043237094610.66,-109043237094480.97,637915.2132531577
1228,16,-0.000040086557018651204,16.0,166880200989.52747,-166880200860.33438,-24946.01867490707
1228,32,4.053261661146093e-6,16.0,16321985477911.46,-16321985477780.398,246714.88879828245
