index,bin_size,m,n,a,b,corr
582,1,0.026421973172705133,16.0,357857.6277573223,-357826.39349526766,37.847286932871334
582,2,-4.181719905788852e-6,16.0,14376464216337.61,-14376464216305.611,-239136.0546687206
582,4,0.005041253193532816,16.0,9879761.989861341,-9879726.627063496,198.3633754564941
582,8,0.01633063363665846,16.0,939461.7560578662,-939431.1122566602,61.234611114858
582,16,0.01140718504916344,16.0,1930622.5484419006,-1930590.3863718729,87.66404644880696
582,32,0.01844096557033218,16.0,736942.7142896545,-736912.2725990714,54.2270954406422
