index,bin_size,m,n,a,b,corr
58,1,0.00004136103013257229,16.0,135836737914.8566,-135836737971.39375,24177.347536914665
58,2,0.0000670430453748843,16.0,51685852433.80066,-51685852491.92054,14915.790212218202
58,4,-6.654362717425919e-7,16.0,525806982981014.3,-525806982981067.7,-1502773.5073432038
58,8,-2.816756077775808e-7,16.0,2930388634245819.0,-2930388634245877.5,-3550183.162432825
58,16,1.0259857846827544e-6,16.0,220257732908132.6,-220257732908190.8,974672.3735643282
58,32,0.000016359050304741967,16.0,867744838289.1575,-867744838347.0425,61128.24286078098
