index,bin_size,m,n,a,b,corr
1437,1,0.11476771010043776,16.0,15254.437063643247,-15282.969955774593,8.71325217802865
1437,2,0.11745156607253261,16.0,14510.4406273024,-14540.502416522198,8.51414786059512
1437,4,0.11701956219057573,16.0,14622.071157864906,-14652.529622840924,8.54557974137196
1437,8,0.11661543085548869,16.0,14724.647132343835,-14751.647309492268,8.575194488962723
1437,16,0.11821042562982005,16.0,14278.430641985904,-14307.330031379648,8.459490731651147
1437,32,0.11724078305601267,16.0,14556.16719343828,-14585.62423817669,8.529455142944947
