index,bin_size,m12,m23,m34,m13,m24,m14,m12_err,m23_err,m34_err,m13_err,m24_err,m14_err,corr12,corr23,corr34,corr13,corr24,corr14,corr12_err,corr23_err,corr34_err,corr13_err,corr24_err,corr14_err
1666,1,0.06542710834150757,,,,,,0.062109900730423794,,,,,,15.28418457346969,,,,,,14.509263983495245,,,,,
1666,2,0.06669325466625999,,,,,,0.06294812138070546,,,,,,14.994020085001166,,,,,,14.152036829188951,,,,,
1666,4,0.06838229840285107,,,,,,0.0646295647052139,,,,,,14.623667577080255,,,,,,13.82113927105208,,,,,
1666,8,0.06973852511396313,,,,,,0.0636679374629329,,,,,,14.339276581571681,,,,,,13.091073594792896,,,,,
1666,16,0.06926259791188948,,,,,,0.06507438733772249,,,,,,14.437806697232505,,,,,,13.564773104786962,,,,,
1666,32,0.0695820102373033,,,,,,0.06637463191285109,,,,,,14.371530753273559,,,,,,13.70907595971348,,,,,
