index,bin_size,m12,m23,m34,m13,m24,m14,m12_err,m23_err,m34_err,m13_err,m24_err,m14_err,corr12,corr23,corr34,corr13,corr24,corr14,corr12_err,corr23_err,corr34_err,corr13_err,corr24_err,corr14_err
2274,1,0.17459957163533346,,,,,,0.032414135089704456,,,,,,5.7273909130120195,,,,,,1.0632810895645286,,,,,
2274,2,0.1742754066895266,,,,,,0.031221375600248347,,,,,,5.738044277133779,,,,,,1.0279685412320174,,,,,
2274,4,0.17423452227430827,,,,,,0.02953858045119873,,,,,,5.739390718595008,,,,,,0.9730187351458102,,,,,
2274,8,0.17285513125137594,,,,,,0.028846096115617902,,,,,,5.785191291462109,,,,,,0.9654337874301506,,,,,
2274,16,0.17382848200453535,,,,,,0.02734626915114199,,,,,,5.752797173790594,,,,,,0.9050158988462085,,,,,
2274,32,0.17521343198192443,,,,,,0.02150147941770888,,,,,,5.707324996083424,,,,,,0.700379700034201,,,,,
