index,bin_size,m12,m23,m34,m13,m24,m14,m12_err,m23_err,m34_err,m13_err,m24_err,m14_err,corr12,corr23,corr34,corr13,corr24,corr14,corr12_err,corr23_err,corr34_err,corr13_err,corr24_err,corr14_err
1667,1,0.07721697297419053,,,,,,0.0647323840539616,,,,,,12.950520610724356,,,,,,10.856655494024078,,,,,
1667,2,0.07416866796259403,,,,,,0.06474349682407214,,,,,,13.482782251183702,,,,,,11.769423583276634,,,,,
1667,4,0.07741136643535682,,,,,,0.06497864484775896,,,,,,12.917999591636981,,,,,,10.843292739308763,,,,,
1667,8,0.07458094591119178,,,,,,0.060066453556303835,,,,,,13.408250428879821,,,,,,10.798817872551853,,,,,
1667,16,0.07591354623270205,,,,,,0.06310476803611702,,,,,,13.172879540295007,,,,,,10.950239436975913,,,,,
1667,32,0.07550905253775557,,,,,,0.06324517557549904,,,,,,13.243445208109137,,,,,,11.092498041775324,,,,,
