index,bin_size,m,n,a,b,corr
2347,1,-4.521832061245142e-6,24.0,8988639685992.502,-8988639685914.822,-221149.30109205286
2347,2,0.00001811194125900524,24.0,560273130340.0748,-560273130260.5924,55212.193198937246
2347,4,-0.00001605061926961299,24.0,713993744242.9491,-713993744163.8617,-62302.89206929222
2347,8,3.538322014464563e-6,24.0,14697639263011.896,-14697639262928.678,282619.83954881085
2347,16,0.000032299333451079774,24.0,176066728159.82355,-176066728078.31778,30960.39122648117
2347,32,-2.352411555790821e-6,24.0,33199803010963.414,-33199803010882.016,-425095.68427274004
