index,bin_size,m,n,a,b,corr
1608,1,0.1879306064831618,16.0,4952.466706932063,-5074.214808356517,5.321113035888585
1608,2,0.18691524991756972,16.0,5019.913337577968,-5141.6956400645,5.350018259296679
1608,4,0.1876203009929971,16.0,4977.252700712163,-5100.7292116132885,5.329913632519569
1608,8,0.18838649118960307,16.0,4924.812871762956,-5045.928224304207,5.308236241809621
1608,16,0.18721141324125293,16.0,4996.67385024139,-5117.813165936597,5.341554677071607
1608,32,0.18859212526321,16.0,4904.715489391277,-5026.065427681673,5.3024483318396385
