index,bin_size,m,n,a,b,corr
641,1,0.14954625102768426,16.0,7479.939884738289,-7461.823543264154,6.686894476645077
641,2,0.15143267303653982,16.0,7270.213903803995,-7253.774660331215,6.60359471934241
641,4,0.1508646188424434,16.0,7328.673799677626,-7310.023124247008,6.628459394076735
641,8,0.14778067687435176,16.0,7696.003151314669,-7680.112124041154,6.766784542814312
641,16,0.15049781771245868,16.0,7373.220220941119,-7356.416795383865,6.644614620994712
641,32,0.1496042033600482,16.0,7475.66042933051,-7458.325593125575,6.684304167532836
