index,bin_size,m12,m23,m34,m13,m24,m14,m12_err,m23_err,m34_err,m13_err,m24_err,m14_err,corr12,corr23,corr34,corr13,corr24,corr14,corr12_err,corr23_err,corr34_err,corr13_err,corr24_err,corr14_err
52,1,0.16979984031755274,,,,,,0.05486843399866438,,,,,,5.889287046029259,,,,,,1.903040409107157,,,,,
52,2,0.17069468209358155,,,,,,0.05412985956914949,,,,,,5.858413324509786,,,,,,1.8577912719032095,,,,,
52,4,0.17103704634190595,,,,,,0.053643062163627894,,,,,,5.846686559360848,,,,,,1.8337206895404499,,,,,
52,8,0.17116095834914247,,,,,,0.053785862286663114,,,,,,5.8424538495522516,,,,,,1.8359409832655718,,,,,
52,16,0.1714673921936351,,,,,,0.050567288498169646,,,,,,5.832012648041662,,,,,,1.719913403508589,,,,,
52,32,0.17381902806863117,,,,,,0.03626899285187925,,,,,,5.753110065746987,,,,,,1.2004411149293985,,,,,
