index,bin_size,m,n,a,b,corr
1701,1,0.1093732473121293,16.0,21846.669162438277,-21863.47551279699,9.143003655603282
1701,2,0.11180101486685665,16.0,20817.36504389399,-20837.72232225941,8.94446263471665
1701,4,0.11121224266152331,16.0,21050.485118023567,-21066.89978183264,8.991815793549996
1701,8,0.10933938655312031,16.0,21844.346270259583,-21862.178128226817,9.145835105944832
1701,16,0.11202016101646405,16.0,20717.849595620002,-20734.90211472705,8.926964493945212
1701,32,0.11184244797218158,16.0,20807.350112741573,-20825.154760613725,8.941149072923803
