index,bin_size,m12,m23,m34,m13,m24,m14,m12_err,m23_err,m34_err,m13_err,m24_err,m14_err,corr12,corr23,corr34,corr13,corr24,corr14,corr12_err,corr23_err,corr34_err,corr13_err,corr24_err,corr14_err
2482,1,0.018728554898576895,,,,,,0.031836488113199876,,,,,,53.394402580200456,,,,,,90.7646250477728,,,,,
2482,2,0.019167116929938673,,,,,,0.032890891957568925,,,,,,52.17268740287273,,,,,,89.52865633242604,,,,,
2482,4,0.018572515779301173,,,,,,0.03219962633580562,,,,,,53.84300177117022,,,,,,93.34893336109128,,,,,
2482,8,0.021094472763603447,,,,,,0.03487676956938258,,,,,,47.405783079129954,,,,,,78.37885266133179,,,,,
2482,16,0.02008674488545348,,,,,,0.03314227514255218,,,,,,49.78407430883363,,,,,,82.14160621194037,,,,,
2482,32,0.019273629502456455,,,,,,0.03256078864707045,,,,,,51.88436354826414,,,,,,87.65322563492667,,,,,
