index,bin_size,m,n,a,b,corr
789,1,-0.00007532124850464935,16.0,43919230227.93818,-43919230201.47884,-13276.466068380068
789,2,-4.482719781670801e-6,16.0,12406619125616.193,-12406619125588.59,-223078.85585194433
789,4,0.000015744476899944177,16.0,1004760040384.1807,-1004760040360.1222,63514.33625613472
789,8,0.000010980273974568996,16.0,2065561603362.2598,-2065561603335.7937,91072.40878652598
789,16,-0.000026393884672175878,16.0,356992948664.99854,-356992948638.56995,-37887.56419983104
789,32,-0.00003033432999655359,16.0,270732966955.49753,-270732966927.81848,-32965.94980385636
