index,bin_size,m12,m23,m34,m13,m24,m14,m12_err,m23_err,m34_err,m13_err,m24_err,m14_err,corr12,corr23,corr34,corr13,corr24,corr14,corr12_err,corr23_err,corr34_err,corr13_err,corr24_err,corr14_err
358,1,0.0168626108932593,,,,,,0.025355162289336475,,,,,,59.302797551934404,,,,,,89.16958741792637,,,,,
358,2,0.017243849819727597,,,,,,0.025396757080504293,,,,,,57.991690397115576,,,,,,85.41021228440644,,,,,
358,4,0.017340091921727925,,,,,,0.02535740785514897,,,,,,57.66982115861534,,,,,,84.33387681296595,,,,,
358,8,0.016593707972888307,,,,,,0.025040522447810014,,,,,,60.263806114573896,,,,,,90.94032462593678,,,,,
358,16,0.01930537962808646,,,,,,0.027797839082884922,,,,,,51.79903318477864,,,,,,74.58548947800283,,,,,
358,32,0.018085047635813728,,,,,,0.02616589571581704,,,,,,55.29429726354191,,,,,,80.00116145738455,,,,,
