index,bin_size,m,n,a,b,corr
2231,1,0.07065284403052612,24.0,30691.818904989384,-30696.030131750562,14.153711909572134
2231,2,0.07043051891707745,24.0,30859.591843419457,-30860.186721221176,14.198390348044526
2231,4,0.06886633078097193,24.0,32427.83927310042,-32428.1326102162,14.520883988730011
2231,8,0.06921902148237413,24.0,32061.606490840626,-32057.389632208946,14.446895933867529
2231,16,0.07062020544412476,24.0,30713.89180126821,-30720.347987494883,14.16025333983498
2231,32,0.06963590357891736,24.0,31664.724519424584,-31668.031880581948,14.360408188955494
