index,bin_size,m12,m23,m34,m13,m24,m14,m12_err,m23_err,m34_err,m13_err,m24_err,m14_err,corr12,corr23,corr34,corr13,corr24,corr14,corr12_err,corr23_err,corr34_err,corr13_err,corr24_err,corr14_err
967,1,0.07637903375215933,,,,,,0.06495678046934844,,,,,,13.092598202340165,,,,,,11.134639775130077,,,,,
967,2,0.07809134860255541,,,,,,0.06535719718054114,,,,,,12.805515820830331,,,,,,10.717353938399777,,,,,
967,4,0.07710341006771872,,,,,,0.06587430994233283,,,,,,12.969594977987558,,,,,,11.080743622832012,,,,,
967,8,0.07704413423968251,,,,,,0.06688331216389817,,,,,,12.979573459661747,,,,,,11.26778660080874,,,,,
967,16,0.0796916649115478,,,,,,0.06818651374137852,,,,,,12.548363760625787,,,,,,10.736746169695602,,,,,
967,32,0.07994442182139813,,,,,,0.06805068547570735,,,,,,12.508690127674893,,,,,,10.647708973281341,,,,,
