index,bin_size,m12,m23,m34,m13,m24,m14,m12_err,m23_err,m34_err,m13_err,m24_err,m14_err,corr12,corr23,corr34,corr13,corr24,corr14,corr12_err,corr23_err,corr34_err,corr13_err,corr24_err,corr14_err
2789,1,0.10018472442088873,,,,,,0.041508639038204176,,,,,,9.981561618105303,,,,,,4.13557097290512,,,,,
2789,2,0.10017012097724434,,,,,,0.04041393037404323,,,,,,9.98301679427112,,,,,,4.027677532087933,,,,,
2789,4,0.1007969385114308,,,,,,0.04240179205647386,,,,,,9.920936238421524,,,,,,4.173395359020554,,,,,
2789,8,0.10175468503556251,,,,,,0.044402517215028296,,,,,,9.8275573223042,,,,,,4.288434316638906,,,,,
2789,16,0.09972866552902473,,,,,,0.04503173469483066,,,,,,10.027207269799103,,,,,,4.5277106146803385,,,,,
2789,32,0.10244674951128548,,,,,,0.04973868991797895,,,,,,9.761168653670564,,,,,,4.739122941607172,,,,,
