index,bin_size,m12,m23,m34,m13,m24,m14,m12_err,m23_err,m34_err,m13_err,m24_err,m14_err,corr12,corr23,corr34,corr13,corr24,corr14,corr12_err,corr23_err,corr34_err,corr13_err,corr24_err,corr14_err
630,1,0.00318045332918789,,,,,,0.016474581174354085,,,,,,314.4205861544097,,,,,,1628.6821196057242,,,,,
630,2,0.003856807956264789,,,,,,0.018954913948060547,,,,,,259.28177169818747,,,,,,1274.2827038760672,,,,,
630,4,0.003299947316249455,,,,,,0.01616553114258753,,,,,,303.03514091750617,,,,,,1484.4855200197487,,,,,
630,8,0.0032921089588761865,,,,,,0.016681024152053445,,,,,,303.7566534071721,,,,,,1539.1264794472831,,,,,
630,16,0.0007875871999970161,,,,,,0.007947776605243595,,,,,,1269.700675688722,,,,,,12812.927033272052,,,,,
630,32,0.0014557117360064864,,,,,,0.010548228129354726,,,,,,686.9491914266906,,,,,,4977.700327073694,,,,,
