index,bin_size,m12,m23,m34,m13,m24,m14,m12_err,m23_err,m34_err,m13_err,m24_err,m14_err,corr12,corr23,corr34,corr13,corr24,corr14,corr12_err,corr23_err,corr34_err,corr13_err,corr24_err,corr14_err
2679,1,0.13952602964508773,,,,,,0.063317892692011,,,,,,7.167121450697762,,,,,,3.2524900771579306,,,,,
2679,2,0.13664567376774134,,,,,,0.06501412535661968,,,,,,7.318197293971521,,,,,,3.4818972539404376,,,,,
2679,4,0.13678081245989315,,,,,,0.05991116828627861,,,,,,7.310966955202287,,,,,,3.202266192979216,,,,,
2679,8,0.1364417860064878,,,,,,0.06548740113659757,,,,,,7.329133026391564,,,,,,3.5177337422127217,,,,,
2679,16,0.13360019906826848,,,,,,0.0694407413440502,,,,,,7.485018787202623,,,,,,3.890452687812976,,,,,
2679,32,0.13928525604443456,,,,,,0.07971457516271166,,,,,,7.179510799628222,,,,,,4.10891769539402,,,,,
