index,bin_size,m12,m23,m34,m13,m24,m14,m12_err,m23_err,m34_err,m13_err,m24_err,m14_err,corr12,corr23,corr34,corr13,corr24,corr14,corr12_err,corr23_err,corr34_err,corr13_err,corr24_err,corr14_err
2319,1,0.14962132493912028,,,,,,0.03199310748647016,,,,,,6.683539264251884,,,,,,1.4291224206058781,,,,,
2319,2,0.14995821736703455,,,,,,0.03134711302244086,,,,,,6.668524189991011,,,,,,1.3939815046273172,,,,,
2319,4,0.15023319996051068,,,,,,0.03187283872380871,,,,,,6.656318312216298,,,,,,1.4121762707269134,,,,,
2319,8,0.1500335656444938,,,,,,0.038051288359559655,,,,,,6.665175193992997,,,,,,1.690411756756907,,,,,
2319,16,0.15015974461652087,,,,,,0.03646784902282399,,,,,,6.6595744588791606,,,,,,1.6173466233768488,,,,,
2319,32,0.15027198619475332,,,,,,0.029664893549067217,,,,,,6.654600270631909,,,,,,1.3136713877199149,,,,,
