index,bin_size,m,n,a,b,corr
1783,1,0.2076575023106422,16.0,3324.5805365476444,-3369.6820084994574,4.815621823785902
1783,2,0.2072691265275476,16.0,3340.987365119094,-3384.154562193852,4.824645217323733
1783,4,0.20770525649299962,16.0,3320.7714265429663,-3364.9842309541123,4.814514648711856
1783,8,0.20797995823529342,16.0,3307.6448347910505,-3352.1335237858502,4.808155595784247
1783,16,0.20864085704944427,16.0,3285.651146427185,-3331.7381645568203,4.7929250969431045
1783,32,0.20697347478482356,16.0,3351.8414765427638,-3396.056805049854,4.83153699303562
