index,bin_size,m12,m23,m34,m13,m24,m14,m12_err,m23_err,m34_err,m13_err,m24_err,m14_err,corr12,corr23,corr34,corr13,corr24,corr14,corr12_err,corr23_err,corr34_err,corr13_err,corr24_err,corr14_err
285,1,4.606155542764471,,,,,,0.626942353586968,,,,,,0.21710078843751576,,,,,,0.029549518683191008,,,,,
285,2,4.5460136944749046,,,,,,0.6249000317279358,,,,,,0.21997294051607708,,,,,,0.030237721825354422,,,,,
285,4,4.534840432140775,,,,,,0.6046907979008534,,,,,,0.22051492548943497,,,,,,0.029404198061343013,,,,,
285,8,4.5397102834216065,,,,,,0.5697460051909823,,,,,,0.22027837407419182,,,,,,0.02764553590942889,,,,,
285,16,4.509416263734624,,,,,,0.546483138433998,,,,,,0.22175819252752163,,,,,,0.02687423514225001,,,,,
285,32,4.515851041990381,,,,,,0.5738046125328445,,,,,,0.22144220230064227,,,,,,0.028137455356263382,,,,,
