index,bin_size,m,n,a,b,corr
3004,1,0.14870954671654416,24.0,3522.0659335853716,-3419.589203643982,6.724517840849209
3004,2,0.14995395228730574,24.0,3445.970433364667,-3345.128575129903,6.668713860132478
3004,4,0.14966454815256205,24.0,3463.2890543863105,-3362.2769562414755,6.681609054006831
3004,8,0.14797287759193917,24.0,3572.720412860145,-3471.4501746913347,6.757995223676552
3004,16,0.1495576407337366,24.0,3467.9257982308563,-3366.4774671525647,6.686385229761278
3004,32,0.14944427687024842,24.0,3472.9047272888774,-3368.616062812498,6.691457317353325
