index,bin_size,m,n,a,b,corr
1934,1,0.17144294988305234,16.0,5491.571028898111,-5449.375198265555,5.832844107512951
1934,2,0.171041601011718,16.0,5516.212106605705,-5471.4549043720235,5.84653086784127
1934,4,0.1710805356100043,16.0,5514.077418233779,-5469.846301160717,5.845200311270962
1934,8,0.17146893035080693,16.0,5485.2648433182985,-5440.629088940299,5.831960332137769
1934,16,0.16929357657412747,16.0,5651.886831007438,-5607.8486627362145,5.906898656383082
1934,32,0.16986529065259467,16.0,5608.4974801654425,-5562.672627968471,5.8870178607893555
