index,bin_size,m,n,a,b,corr
2457,1,0.12053286687013226,24.0,7503.635224940235,-7473.508515535515,8.2964922843613
2457,2,0.12083498708176538,24.0,7473.067847488019,-7446.037982579826,8.275748805462529
2457,4,0.12144985487062304,24.0,7372.33422842948,-7343.603741092802,8.2338509260902
2457,8,0.12153914185364577,24.0,7358.20627382403,-7329.7714936312,8.227802045897063
2457,16,0.121710375330951,24.0,7339.892467626518,-7312.6053621452675,8.216226408642909
2457,32,0.12002299496306437,24.0,7583.781804186486,-7554.047949232873,8.331736766839871
