index,bin_size,m12,m23,m34,m13,m24,m14,m12_err,m23_err,m34_err,m13_err,m24_err,m14_err,corr12,corr23,corr34,corr13,corr24,corr14,corr12_err,corr23_err,corr34_err,corr13_err,corr24_err,corr14_err
2599,1,0.27578385119336,,,,,,0.04930750055320805,,,,,,3.6260281219253523,,,,,,0.6482989589641605,,,,,
2599,2,0.2741116304767228,,,,,,0.050914227664082025,,,,,,3.6481487423968266,,,,,,0.6776169084828364,,,,,
2599,4,0.27589724973680574,,,,,,0.05201403590552704,,,,,,3.6245377616266836,,,,,,0.6833226407803468,,,,,
2599,8,0.27487564155385513,,,,,,0.05520139932234529,,,,,,3.638008789527735,,,,,,0.7305964791702946,,,,,
2599,16,0.2739573087054942,,,,,,0.04341759446329553,,,,,,3.6502037661459372,,,,,,0.5784954874019755,,,,,
2599,32,0.2750604541134026,,,,,,0.0444856170146702,,,,,,3.635564418823062,,,,,,0.5879810199878687,,,,,
