index,bin_size,m,n,a,b,corr
380,1,0.07340566638025002,36.0,15042.633002652647,-14993.46006927501,13.622926530220186
380,2,0.07442022966683215,36.0,14570.351782726875,-14513.99676031049,13.437206583167578
380,4,0.07415175702593316,36.0,14661.569915049156,-14607.358991197167,13.485857113949022
380,8,0.07371918525809107,36.0,14870.34219073911,-14819.464810431413,13.564989853034827
380,16,0.07318841025253543,36.0,15132.086374774291,-15078.985567373169,13.663365504859527
380,32,0.0738564931305908,36.0,14818.32205021222,-14769.029006755176,13.539770947854652
