index,bin_size,m12,m23,m34,m13,m24,m14,m12_err,m23_err,m34_err,m13_err,m24_err,m14_err,corr12,corr23,corr34,corr13,corr24,corr14,corr12_err,corr23_err,corr34_err,corr13_err,corr24_err,corr14_err
2014,1,0.1731438766388835,,,,,,0.0574623412804517,,,,,,5.7755435503251675,,,,,,1.9167657615814628,,,,,
2014,2,0.1730131826036276,,,,,,0.06081299866963223,,,,,,5.779906391820994,,,,,,2.031599178900019,,,,,
2014,4,0.172352086598566,,,,,,0.0632634779673769,,,,,,5.802076550016774,,,,,,2.129707561022788,,,,,
2014,8,0.17513544368678652,,,,,,0.052877068267785,,,,,,5.709866483613718,,,,,,1.7239285977653827,,,,,
2014,16,0.17358457766809426,,,,,,0.04822242182937029,,,,,,5.760880450520606,,,,,,1.6003933697655857,,,,,
2014,32,0.17373749128364835,,,,,,0.047284690002197094,,,,,,5.755810059254131,,,,,,1.5665110181602715,,,,,
