index,bin_size,m,n,a,b,corr
2631,1,0.16290194668890323,54.0,258.5568697599457,85.19823550841735,6.138662062214136
2631,2,0.16373180260227724,54.0,252.4608012009875,88.73462259545136,6.107548955709669
2631,4,0.1636118206790643,54.0,253.14869434494776,86.14652402075885,6.112027822009071
2631,8,0.16278154201231373,54.0,259.53512567817074,87.50659590235475,6.143202648395813
2631,16,0.16303663929770126,54.0,257.73940925109997,89.07010048404156,6.1335906107216935
2631,32,0.16313950779058228,54.0,256.71365187379865,90.16674574436651,6.129723042217784
