index,bin_size,m,n,a,b,corr
682,1,7.438393293704979e-6,16.0,5010112937018.517,-5010112936874.255,134437.63464971498
682,2,7.654769173388956e-6,16.0,4724804624472.444,-4724804624329.025,130637.51203320417
682,4,-0.00003630861912438623,16.0,210491672798.31027,-210491672653.76266,-27541.669832559466
682,8,2.3630735573535257e-6,16.0,49575583459564.06,-49575583459420.02,423177.6860640466
682,16,0.000018397304963163768,16.0,819452730803.6133,-819452730658.1498,54355.787546179316
682,32,3.5484853252346993e-6,16.0,21969494629080.973,-21969494628937.04,281810.38058368163
