index,bin_size,m12,m23,m34,m13,m24,m14,m12_err,m23_err,m34_err,m13_err,m24_err,m14_err,corr12,corr23,corr34,corr13,corr24,corr14,corr12_err,corr23_err,corr34_err,corr13_err,corr24_err,corr14_err
1651,1,0.02215766416359357,,,,,,0.04406927583481307,,,,,,45.13111096083235,,,,,,89.76105797886206,,,,,
1651,2,0.02073763577217443,,,,,,0.042065901452938856,,,,,,48.22150465878038,,,,,,97.81640902433463,,,,,
1651,4,0.021474781904392882,,,,,,0.042301542129907735,,,,,,46.566247073058285,,,,,,91.72731397983235,,,,,
1651,8,0.022235166197263248,,,,,,0.04380840537875303,,,,,,44.97380370932789,,,,,,88.60876536039578,,,,,
1651,16,0.02551727960960666,,,,,,0.04784189199125465,,,,,,39.189130475472915,,,,,,73.47500110211247,,,,,
1651,32,0.026197037458686775,,,,,,0.049825302175334485,,,,,,38.17225522454663,,,,,,72.60149756538037,,,,,
