index,bin_size,m12,m23,m34,m13,m24,m14,m12_err,m23_err,m34_err,m13_err,m24_err,m14_err,corr12,corr23,corr34,corr13,corr24,corr14,corr12_err,corr23_err,corr34_err,corr13_err,corr24_err,corr14_err
1715,1,0.15143590730734174,,,,,,0.06029634336280401,,,,,,6.603453684009586,,,,,,2.6292582637176944,,,,,
1715,2,0.14984921027149617,,,,,,0.06351564757577134,,,,,,6.67337517620683,,,,,,2.8286017995350083,,,,,
1715,4,0.15092159211792874,,,,,,0.06146444511197482,,,,,,6.625957134209194,,,,,,2.698492461381332,,,,,
1715,8,0.14976061059980897,,,,,,0.05954817506759967,,,,,,6.677323202642415,,,,,,2.6550533512207983,,,,,
1715,16,0.15127858875665198,,,,,,0.05940694451058201,,,,,,6.6103207877527765,,,,,,2.595866100171484,,,,,
1715,32,0.14714138600275803,,,,,,0.06451945315074295,,,,,,6.796184453375041,,,,,,2.980032446038802,,,,,
