index,bin_size,m12,m23,m34,m13,m24,m14,m12_err,m23_err,m34_err,m13_err,m24_err,m14_err,corr12,corr23,corr34,corr13,corr24,corr14,corr12_err,corr23_err,corr34_err,corr13_err,corr24_err,corr14_err
1788,1,0.062070829067773135,,,,,,0.0646993574540757,,,,,,16.110627407733386,,,,,,16.79286803667897,,,,,
1788,2,0.06109427987553642,,,,,,0.06237953602205841,,,,,,16.36814448156583,,,,,,16.712485364950503,,,,,
1788,4,0.05670303583851006,,,,,,0.059878132628504714,,,,,,17.635740048345816,,,,,,18.62325651529755,,,,,
1788,8,0.056857769826305964,,,,,,0.06004941358258605,,,,,,17.587745756734506,,,,,,18.57501309245671,,,,,
1788,16,0.055858345969472506,,,,,,0.05779019027304114,,,,,,17.902427697134396,,,,,,18.521577841423657,,,,,
1788,32,0.05545060673832428,,,,,,0.06018198989478932,,,,,,18.03406777348853,,,,,,19.57284416431673,,,,,
