index,bin_size,m,n,a,b,corr
35,1,0.061488874909600984,16.0,70423.12509298294,-70534.07579599044,16.263104528586165
35,2,0.06054443498405534,16.0,72914.2377698774,-73025.69815217589,16.516794652776174
35,4,0.0554852824186065,16.0,87179.6506247602,-87292.9209655908,18.022797333093482
35,8,0.06457443941494076,16.0,63845.72574538613,-63959.52461182846,15.48600358067727
35,16,0.06060817288894772,16.0,72757.96820195149,-72872.63814406507,16.499424951025972
35,32,0.05873481508046964,16.0,77423.36410182902,-77536.48754362811,17.025677166599568
