index,bin_size,m12,m23,m34,m13,m24,m14,m12_err,m23_err,m34_err,m13_err,m24_err,m14_err,corr12,corr23,corr34,corr13,corr24,corr14,corr12_err,corr23_err,corr34_err,corr13_err,corr24_err,corr14_err
2239,1,0.1585173363509143,,,,,,0.03438222470185078,,,,,,6.3084582609076385,,,,,,1.3682972124173103,,,,,
2239,2,0.15875065929683876,,,,,,0.0362076256093225,,,,,,6.29918643758296,,,,,,1.4367095241403356,,,,,
2239,4,0.15980236965513575,,,,,,0.03526510324788382,,,,,,6.257729482723361,,,,,,1.3809524651092913,,,,,
2239,8,0.15629787533468578,,,,,,0.03798035035454775,,,,,,6.3980396269537705,,,,,,1.5547222640975813,,,,,
2239,16,0.15856380383070054,,,,,,0.03633634868741154,,,,,,6.30660955300811,,,,,,1.4452173712869416,,,,,
2239,32,0.15873524296568986,,,,,,0.03269906579039126,,,,,,6.29979821315514,,,,,,1.2977427847114895,,,,,
