index,bin_size,m12,m23,m34,m13,m24,m14,m12_err,m23_err,m34_err,m13_err,m24_err,m14_err,corr12,corr23,corr34,corr13,corr24,corr14,corr12_err,corr23_err,corr34_err,corr13_err,corr24_err,corr14_err
1254,1,0.0752817293313356,,,,,,0.06485622396481157,,,,,,13.28343555444542,,,,,,11.443858675848096,,,,,
1254,2,0.07541637724634365,,,,,,0.06341162434363426,,,,,,13.259719394019053,,,,,,11.14904183701429,,,,,
1254,4,0.07552244972751872,,,,,,0.06504729321776212,,,,,,13.241095907348752,,,,,,11.404522113852808,,,,,
1254,8,0.07850147768333122,,,,,,0.06739301119398798,,,,,,12.738613711628732,,,,,,10.936017534940925,,,,,
1254,16,0.07922295129876489,,,,,,0.0704114739941716,,,,,,12.622604732671583,,,,,,11.218670729918498,,,,,
1254,32,0.07798234306558928,,,,,,0.06861177836251918,,,,,,12.82341566935122,,,,,,11.282520108634964,,,,,
