index,bin_size,m12,m23,m34,m13,m24,m14,m12_err,m23_err,m34_err,m13_err,m24_err,m14_err,corr12,corr23,corr34,corr13,corr24,corr14,corr12_err,corr23_err,corr34_err,corr13_err,corr24_err,corr14_err
1460,1,0.26151154923715303,,,,,,0.04156703420875019,,,,,,3.8239228933370937,,,,,,0.6078092313040531,,,,,
1460,2,0.26113471491002754,,,,,,0.041901453136519336,,,,,,3.829441062037823,,,,,,0.6144688394085249,,,,,
1460,4,0.26207957756690275,,,,,,0.04103247256456048,,,,,,3.815634965852017,,,,,,0.5973946482447042,,,,,
1460,8,0.26165767849794963,,,,,,0.04368885430800937,,,,,,3.8217873281629533,,,,,,0.638121956652673,,,,,
1460,16,0.2615835682701,,,,,,0.04410995138944923,,,,,,3.822870093152957,,,,,,0.6446376394829189,,,,,
1460,32,0.2607444934272431,,,,,,0.04866773265575116,,,,,,3.835172075375142,,,,,,0.7158315284048038,,,,,
