index,bin_size,m,n,a,b,corr
874,1,0.13920459609663421,16.0,11017.14933098985,-11031.301189993825,7.183670855995384
874,2,0.13877474029946832,16.0,11108.015010909603,-11122.59780687452,7.205922330260209
874,4,0.1399960304449808,16.0,10876.046922159981,-10890.760530265012,7.143059676917093
874,8,0.13975351707730083,16.0,10917.427212259423,-10932.70940576104,7.155454981836897
874,16,0.14021853619885996,16.0,10841.401152448301,-10857.253177729144,7.131724714211718
874,32,0.14029603415766906,16.0,10832.659148159411,-10849.633986711038,7.1277852293113915
