index,bin_size,m,n,a,b,corr
821,1,0.08559299280346809,16.0,30405.649006703265,-30421.49728675843,11.683199374697898
821,2,0.08581811775855924,16.0,30222.218595444865,-30238.63263714604,11.652551071015106
821,4,0.08830633738829385,16.0,28450.060933719073,-28466.251524540487,11.324215561142307
821,8,0.0857906267472814,16.0,30244.37540529617,-30260.03440213353,11.656285050181065
821,16,0.08666498943938951,16.0,29587.46169170054,-29601.420029047247,11.538684842272616
821,32,0.08308891219060485,16.0,32363.328874974773,-32378.841421857822,12.035300181882432
