index,bin_size,m12,m23,m34,m13,m24,m14,m12_err,m23_err,m34_err,m13_err,m24_err,m14_err,corr12,corr23,corr34,corr13,corr24,corr14,corr12_err,corr23_err,corr34_err,corr13_err,corr24_err,corr14_err
1117,1,0.12604333730012074,,,,,,0.06832174462989644,,,,,,7.933779138352298,,,,,,4.300502064221258,,,,,
1117,2,0.1273663994945458,,,,,,0.06904437183586358,,,,,,7.8513642842107885,,,,,,4.256165811463348,,,,,
1117,4,0.1263692824869396,,,,,,0.07110606125559471,,,,,,7.913315485536218,,,,,,4.452701515556509,,,,,
1117,8,0.12837915803290315,,,,,,0.06472860166807227,,,,,,7.789426378257625,,,,,,3.927418476539535,,,,,
1117,16,0.1256651208083934,,,,,,0.0683171357109136,,,,,,7.957657570908157,,,,,,4.326135754420098,,,,,
1117,32,0.12539047064865808,,,,,,0.06771975746846343,,,,,,7.975087698665576,,,,,,4.307113626334719,,,,,
