index,bin_size,m,n,a,b,corr
361,1,0.05132286216130443,36.0,35053.31666632602,-34936.85305928743,19.48449400302471
361,2,0.05067721959441681,36.0,36086.49296469564,-35970.16485563136,19.732732142829942
361,4,0.05016676242726713,36.0,36829.34362887769,-36707.5411376415,19.93351676719864
361,8,0.04977521945082451,36.0,37505.95588435265,-37389.272569828165,20.090318255411233
361,16,0.051858385440142735,36.0,34293.98044195357,-34180.19679756055,19.283284497051007
361,32,0.05177116901890566,36.0,34427.16864684448,-34309.475329056964,19.315770127478146
