index,bin_size,m,n,a,b,corr
596,1,0.13566777974639432,16.0,13230.396792837584,-13271.341969909157,7.370946895934422
596,2,0.1344089654709483,16.0,13510.539113206416,-13549.619875460716,7.439979888961679
596,4,0.13534707472533924,16.0,13292.165940215886,-13332.880266667908,7.3884123615475765
596,8,0.1337130235764407,16.0,13660.034757035755,-13700.2710305458,7.478703070597478
596,16,0.13471669801900743,16.0,13439.235680282267,-13478.967528065581,7.422984787371408
596,32,0.1347437681285892,16.0,13427.539220194449,-13466.770756810653,7.421493504958804
