index,bin_size,m12,m23,m34,m13,m24,m14,m12_err,m23_err,m34_err,m13_err,m24_err,m14_err,corr12,corr23,corr34,corr13,corr24,corr14,corr12_err,corr23_err,corr34_err,corr13_err,corr24_err,corr14_err
196,1,0.15105607058770812,,,,,,0.03133925482417308,,,,,,6.620058340650184,,,,,,1.3734482466102937,,,,,
196,2,0.15104104658176884,,,,,,0.031196675834662423,,,,,,6.620716835794909,,,,,,1.3674717011946094,,,,,
196,4,0.15094122901704712,,,,,,0.02934920429966191,,,,,,6.625095121539399,,,,,,1.288191910805187,,,,,
196,8,0.15183984092511596,,,,,,0.027441151945254184,,,,,,6.585886773242721,,,,,,1.1902299063124184,,,,,
196,16,0.1514906991695407,,,,,,0.032021483298533125,,,,,,6.601065316101359,,,,,,1.3953061404482976,,,,,
196,32,0.15079307800156957,,,,,,0.03128018007921792,,,,,,6.631604137622227,,,,,,1.3756451846997297,,,,,
