index,bin_size,m12,m23,m34,m13,m24,m14,m12_err,m23_err,m34_err,m13_err,m24_err,m14_err,corr12,corr23,corr34,corr13,corr24,corr14,corr12_err,corr23_err,corr34_err,corr13_err,corr24_err,corr14_err
966,1,0.13438048087936943,,,,,,0.06552750325571455,,,,,,7.4415569393421,,,,,,3.6287014555935166,,,,,
966,2,0.13452462019801467,,,,,,0.06549330034891619,,,,,,7.433583521945956,,,,,,3.6190395301242093,,,,,
966,4,0.13281786931101777,,,,,,0.06685184181904301,,,,,,7.5291073798083135,,,,,,3.789660971106853,,,,,
966,8,0.13480084225235067,,,,,,0.06388407780779241,,,,,,7.418351275045998,,,,,,3.5156644583376884,,,,,
966,16,0.1360933730769165,,,,,,0.06204882792793683,,,,,,7.347896355209196,,,,,,3.350114309526376,,,,,
966,32,0.13600363251062048,,,,,,0.06578204380392087,,,,,,7.352744787326988,,,,,,3.55636515547645,,,,,
