index,bin_size,m12,m23,m34,m13,m24,m14,m12_err,m23_err,m34_err,m13_err,m24_err,m14_err,corr12,corr23,corr34,corr13,corr24,corr14,corr12_err,corr23_err,corr34_err,corr13_err,corr24_err,corr14_err
1177,1,0.11510494023695134,,,,,,0.06477580971211466,,,,,,8.687724418616892,,,,,,4.889055001576401,,,,,
1177,2,0.11409603647563481,,,,,,0.06360770980438098,,,,,,8.76454634963196,,,,,,4.886170790809976,,,,,
1177,4,0.11595913525144008,,,,,,0.06207403503723346,,,,,,8.623727641911517,,,,,,4.616363951273311,,,,,
1177,8,0.11521817635379036,,,,,,0.06672766772576759,,,,,,8.679186146197868,,,,,,5.026479915072223,,,,,
1177,16,0.11956450315124328,,,,,,0.06515699574821629,,,,,,8.363686325322229,,,,,,4.557813230312148,,,,,
1177,32,0.11551872970379096,,,,,,0.06223169929429724,,,,,,8.656604886187415,,,,,,4.663444911211489,,,,,
