index,bin_size,m12,m23,m34,m13,m24,m14,m12_err,m23_err,m34_err,m13_err,m24_err,m14_err,corr12,corr23,corr34,corr13,corr24,corr14,corr12_err,corr23_err,corr34_err,corr13_err,corr24_err,corr14_err
1985,1,0.13739673673168837,,,,,,0.0634471254663932,,,,,,7.278193236516409,,,,,,3.360927271130805,,,,,
1985,2,0.13759334001941925,,,,,,0.06323137471643898,,,,,,7.2677936291019964,,,,,,3.339933330048077,,,,,
1985,4,0.1362366397783069,,,,,,0.06687053940978124,,,,,,7.340169293864446,,,,,,3.6028566238756112,,,,,
1985,8,0.14006498527187827,,,,,,0.06668129259910874,,,,,,7.139543106072609,,,,,,3.3989505796604087,,,,,
1985,16,0.13637283360974295,,,,,,0.06642438321621738,,,,,,7.332838759233324,,,,,,3.5716739097752948,,,,,
1985,32,0.13681987905501597,,,,,,0.06914663418209838,,,,,,7.308879432629047,,,,,,3.6937937374279204,,,,,
