index,bin_size,m,n,a,b,corr
2354,1,0.14705274557751424,24.0,4643.2323385644895,-4742.541250081455,6.800281056111811
2354,2,0.1465505879220179,24.0,4686.593791412491,-4785.118794943591,6.823582315016828
2354,4,0.14709296882283082,24.0,4643.585144868159,-4745.256634087442,6.7984214881438065
2354,8,0.14686363785809853,24.0,4660.7568434788645,-4757.889108738945,6.809037380418238
2354,16,0.14707735116886664,24.0,4643.328079809926,-4742.2342349160745,6.799143389874159
2354,32,0.14677758273095126,24.0,4672.687143624718,-4771.399201499695,6.813029492610169
