index,bin_size,m,n,a,b,corr
200,1,0.1678081794482548,24.0,2767.9437698368947,-2761.454312181242,5.95918508435019
200,2,0.16849690250651242,24.0,2741.416731215726,-2736.1825117769913,5.934827199338872
200,4,0.16839112559227415,24.0,2744.2412187059267,-2741.055017201105,5.938555232544157
200,8,0.1682576273029946,24.0,2748.4283457316587,-2740.851398105129,5.943266977129198
200,16,0.1682416601201333,24.0,2751.1349912000223,-2745.869031709824,5.943831030233225
200,32,0.16821778687036998,24.0,2754.048505746555,-2749.4936023115615,5.944674571010784
