index,bin_size,m12,m23,m34,m13,m24,m14,m12_err,m23_err,m34_err,m13_err,m24_err,m14_err,corr12,corr23,corr34,corr13,corr24,corr14,corr12_err,corr23_err,corr34_err,corr13_err,corr24_err,corr14_err
2177,1,0.023743337368919204,,,,,,0.03498135389255845,,,,,,42.11707833916525,,,,,,62.05161470819858,,,,,
2177,2,0.023644433991973145,,,,,,0.03487356944156382,,,,,,42.29325177923404,,,,,,62.37902135163684,,,,,
2177,4,0.02253313760443586,,,,,,0.03333653598182548,,,,,,44.37908371016829,,,,,,65.65640999117795,,,,,
2177,8,0.021012294125975956,,,,,,0.03157432909554912,,,,,,47.591186093467705,,,,,,71.51336083312493,,,,,
2177,16,0.0225216422229093,,,,,,0.03260796601251406,,,,,,44.40173545527632,,,,,,64.28706513903853,,,,,
2177,32,0.023134625575429675,,,,,,0.034335896894995124,,,,,,43.225251117185074,,,,,,64.15395662146454,,,,,
