index,bin_size,m,n,a,b,corr
2150,1,0.10533288083095581,24.0,10592.35226961506,-10506.215854603048,9.49371167019401
2150,2,0.10428827566516924,24.0,10836.772233266085,-10749.22047858397,9.588805583578992
2150,4,0.10372129255874632,24.0,10987.196500303064,-10897.374272252433,9.641221925899291
2150,8,0.10503227546756282,24.0,10661.88644169995,-10572.470252744235,9.520882943346596
2150,16,0.10561902939751783,24.0,10529.991129625067,-10441.944362830713,9.467990812870518
2150,32,0.10390661118174012,24.0,10941.011051188387,-10851.695350400083,9.6240266969243
