index,bin_size,m,n,a,b,corr
672,1,1.512474305779154e-7,16.0,1.0328868907623868e16,-1.032886890762389e16,6611682.566632748
672,2,8.383998309468698e-7,16.0,335679366039355.7,-335679366039376.3,1192748.3321062012
672,4,0.000028352321052210982,16.0,293423331181.1283,-293423331205.56134,35270.48096550873
672,8,-0.00006759304951358108,16.0,51617889066.3254,-51617889087.52764,-14794.420538743054
672,16,0.000017998786240338375,16.0,728931559056.1337,-728931559077.9575,55559.30197997618
672,32,-0.00004951457368188849,16.0,96271572956.91106,-96271572980.26549,-20196.074117988042
