index,bin_size,m,n,a,b,corr
1095,1,0.09653901116702474,16.0,24757.28103170086,-24684.673747131943,10.358506762306412
1095,2,0.09492234994079343,16.0,25699.606784857177,-25626.084283035525,10.534926712452197
1095,4,0.09665553287728652,16.0,24696.63713528208,-24624.405464958127,10.34601921102226
1095,8,0.09354886938649422,16.0,26482.777732042185,-26408.115227500886,10.689600062065223
1095,16,0.09492807269686628,16.0,25683.431831840935,-25611.44104333963,10.534291612485372
1095,32,0.09748216107502285,16.0,24231.73486306679,-24158.273748376247,10.258287146818525
