index,bin_size,m,n,a,b,corr
1699,1,0.23786291279654392,16.0,2112.8494750882346,-2156.436895058199,4.204102221077862
1699,2,0.23879538186828142,16.0,2091.586332104893,-2135.8321968841215,4.187685675393824
1699,4,0.23816684884967204,16.0,2105.142755887076,-2149.6774057714883,4.198737166108233
1699,8,0.2377631899118623,16.0,2115.7991772733876,-2160.3864312379187,4.20586551000891
1699,16,0.2384035309137288,16.0,2099.4398770944117,-2144.7058605513434,4.194568747229967
1699,32,0.23845765642435887,16.0,2097.5530281094375,-2140.645455771917,4.193616657124238
