index,bin_size,m,n,a,b,corr
864,1,0.18503582523955234,16.0,4502.87133395922,-4544.486826095603,5.404358851618994
864,2,0.18443699992776147,16.0,4534.650141535884,-4576.753802484869,5.421905585059779
864,4,0.1848231545214669,16.0,4510.886230625943,-4553.104581575268,5.410577492788392
864,8,0.18680469233034833,16.0,4390.673597261875,-4432.29555905666,5.3531845882735345
864,16,0.18749379497276522,16.0,4355.847141986357,-4397.520658580313,5.333509837726933
864,32,0.1853850380913415,16.0,4475.98911989884,-4516.701797515057,5.394178571774965
