index,bin_size,m12,m23,m34,m13,m24,m14,m12_err,m23_err,m34_err,m13_err,m24_err,m14_err,corr12,corr23,corr34,corr13,corr24,corr14,corr12_err,corr23_err,corr34_err,corr13_err,corr24_err,corr14_err
2424,1,0.1631055398952879,,,,,,0.029835006740428376,,,,,,6.1309996008841265,,,,,,1.121472725790757,,,,,
2424,2,0.1621201603101854,,,,,,0.02723661070156862,,,,,,6.168264317569724,,,,,,1.0362845287136597,,,,,
2424,4,0.1624983518929955,,,,,,0.027450681939765083,,,,,,6.153908567998868,,,,,,1.0395735391690075,,,,,
2424,8,0.16312344939122664,,,,,,0.024896645519490782,,,,,,6.130326471957155,,,,,,0.9356384116487212,,,,,
2424,16,0.16352883719233186,,,,,,0.025529406258239955,,,,,,6.1151293996169365,,,,,,0.9546672345068706,,,,,
2424,32,0.16285808106797298,,,,,,0.03005207254832332,,,,,,6.140315503181107,,,,,,1.133067550354932,,,,,
