index,bin_size,m12,m23,m34,m13,m24,m14,m12_err,m23_err,m34_err,m13_err,m24_err,m14_err,corr12,corr23,corr34,corr13,corr24,corr14,corr12_err,corr23_err,corr34_err,corr13_err,corr24_err,corr14_err
2482,1,0.019925059155777202,,,,,,0.03361688449355528,,,,,,50.18805676720179,,,,,,84.67558836882198,,,,,
2482,2,0.018530776420085604,,,,,,0.03131712225893438,,,,,,53.96427960331413,,,,,,91.19995318277658,,,,,
2482,4,0.019744205538654015,,,,,,0.0324581581609182,,,,,,50.64777096461341,,,,,,83.26156032203926,,,,,
2482,8,0.021960023558624628,,,,,,0.03533495998240839,,,,,,45.537291767032634,,,,,,73.27216102477304,,,,,
2482,16,0.01988403307563858,,,,,,0.03315632668588929,,,,,,50.29160815595177,,,,,,83.86050170176149,,,,,
2482,32,0.02046141979255496,,,,,,0.03335496444963654,,,,,,48.87246389245469,,,,,,79.66892386871949,,,,,
