index,bin_size,m12,m23,m34,m13,m24,m14,m12_err,m23_err,m34_err,m13_err,m24_err,m14_err,corr12,corr23,corr34,corr13,corr24,corr14,corr12_err,corr23_err,corr34_err,corr13_err,corr24_err,corr14_err
1493,1,0.03759707957083681,,,,,,0.05476091358551061,,,,,,26.597810559086007,,,,,,38.740253823323016,,,,,
1493,2,0.03619182240729027,,,,,,0.0542785750623965,,,,,,27.63055114346952,,,,,,41.43883464553295,,,,,
1493,4,0.03481140394478139,,,,,,0.052650906164738366,,,,,,28.72621861463048,,,,,,43.447297993087815,,,,,
1493,8,0.031659601474274636,,,,,,0.04946410103927321,,,,,,31.585994561951804,,,,,,49.349099599622,,,,,
1493,16,0.0340787714615907,,,,,,0.05170436393571998,,,,,,29.343780808738195,,,,,,44.52042890968044,,,,,
1493,32,0.03515383007353479,,,,,,0.05389490352009302,,,,,,28.4464025088646,,,,,,43.61163820562416,,,,,
