index,bin_size,m12,m23,m34,m13,m24,m14,m12_err,m23_err,m34_err,m13_err,m24_err,m14_err,corr12,corr23,corr34,corr13,corr24,corr14,corr12_err,corr23_err,corr34_err,corr13_err,corr24_err,corr14_err
2973,1,0.008752162395700102,,,,,,0.022259591936298433,,,,,,114.2574777281664,,,,,,290.59388010775655,,,,,
2973,2,0.007911096457144044,,,,,,0.02135172814666515,,,,,,126.4047285249517,,,,,,341.1612302464733,,,,,
2973,4,0.007992459901512448,,,,,,0.02113862791193553,,,,,,125.11792518480644,,,,,,330.9145492359017,,,,,
2973,8,0.008030274395897858,,,,,,0.021319702117757862,,,,,,124.52874593062904,,,,,,330.61333118270346,,,,,
2973,16,0.00928937989939701,,,,,,0.023224609451180937,,,,,,107.64981202511825,,,,,,269.1379692565593,,,,,
2973,32,0.007969878539442954,,,,,,0.02103859017293602,,,,,,125.47242659357943,,,,,,331.217464361837,,,,,
