index,bin_size,m,n,a,b,corr
2003,1,0.19601707128946258,16.0,4023.6042290032074,-4076.765382678357,5.1015964753563665
2003,2,0.19638973706344068,16.0,4003.2914951725907,-4055.947767582221,5.091915773974306
2003,4,0.19740226604391045,16.0,3948.7002799491,-4001.859206804871,5.065797977098999
2003,8,0.1945480670024174,16.0,4097.686547086502,-4149.272444510243,5.1401178917268515
2003,16,0.19560981685551898,16.0,4041.088394236113,-4095.3071141653218,5.112217863475729
2003,32,0.1960921786212666,16.0,4015.8836851478945,-4068.983773684852,5.099642459128392
