index,bin_size,m12,m23,m34,m13,m24,m14,m12_err,m23_err,m34_err,m13_err,m24_err,m14_err,corr12,corr23,corr34,corr13,corr24,corr14,corr12_err,corr23_err,corr34_err,corr13_err,corr24_err,corr14_err
429,1,676606170755.7201,,,,,,8848624071037.125,,,,,,1.47796464652853e-12,,,,,,1.93287529920206e-11,,,,,
429,2,NaN,,,,,,NaN,,,,,,NaN,,,,,,NaN,,,,,
429,4,810607656223.2012,,,,,,14651029523361.123,,,,,,1.2336424314806244e-12,,,,,,2.2297015758653173e-11,,,,,
429,8,148572381678.4478,,,,,,3315833976278.6567,,,,,,6.730726052196428e-12,,,,,,1.5021614297870757e-10,,,,,
429,16,40210710970.37741,,,,,,1271574329640.3833,,,,,,2.4868995744359857e-11,,,,,,7.864266965028279e-10,,,,,
429,32,11.737138538802707,,,,,,2.8236979135342994,,,,,,0.08519964186279502,,,,,,0.02049716378199835,,,,,
