index,bin_size,m,n,a,b,corr
468,1,0.12765953089990373,36.0,2943.9836898841686,-3033.113719811089,7.833336006726264
468,2,0.1276210461766849,36.0,2949.452203320064,-3038.4143136608095,7.83569818582705
468,4,0.1269120621539247,36.0,2994.2716386290385,-3082.012733299327,7.879471683212858
468,8,0.1279471122184135,36.0,2925.415665927423,-3013.5604044494808,7.815729348333702
468,16,0.1280239759110284,36.0,2922.325001048691,-3011.292375848636,7.811036900579938
468,32,0.12764557967670925,36.0,2947.806925759476,-3042.5849431143397,7.834192163431917
