index,bin_size,m,n,a,b,corr
167,1,0.11788279665828573,16.0,12971.471791354044,-12984.411946922904,8.483002001545339
167,2,0.11901129421239526,16.0,12704.959155319944,-12719.271783168348,8.402563862681262
167,4,0.11605839386392025,16.0,13430.757045684932,-13446.280544729576,8.616352223282627
167,8,0.1177457868978088,16.0,13000.475648858926,-13017.25437714713,8.492872877633378
167,16,0.11725367028464968,16.0,13127.042299755261,-13139.867611976211,8.528517679424107
167,32,0.11801691716945127,16.0,12938.391145312544,-12953.09442843,8.473361480576367
