index,bin_size,m12,m23,m34,m13,m24,m14,m12_err,m23_err,m34_err,m13_err,m24_err,m14_err,corr12,corr23,corr34,corr13,corr24,corr14,corr12_err,corr23_err,corr34_err,corr13_err,corr24_err,corr14_err
443,1,0.07442221774574415,,,,,,0.02929666445480192,,,,,,13.43684762816928,,,,,,5.289479784621006,,,,,
443,2,0.07466135562933199,,,,,,0.028996884165818575,,,,,,13.393809844073242,,,,,,5.201871159636581,,,,,
443,4,0.07389351534113643,,,,,,0.029123481615953902,,,,,,13.532987236882763,,,,,,5.3337252014979395,,,,,
443,8,0.07362248079213869,,,,,,0.031244388890583445,,,,,,13.582807713629485,,,,,,5.7643605847627395,,,,,
443,16,0.07354695660550661,,,,,,0.03217478996514506,,,,,,13.596755680372068,,,,,,5.948210210381565,,,,,
443,32,0.07348414162032775,,,,,,0.029006302112985476,,,,,,13.60837832422026,,,,,,5.371617933289473,,,,,
