index,bin_size,m12,m23,m34,m13,m24,m14,m12_err,m23_err,m34_err,m13_err,m24_err,m14_err,corr12,corr23,corr34,corr13,corr24,corr14,corr12_err,corr23_err,corr34_err,corr13_err,corr24_err,corr14_err
1690,1,0.09966253122740748,,,,,,0.07123271302803011,,,,,,10.033861148059996,,,,,,7.1715934054693475,,,,,
1690,2,0.10290704071728098,,,,,,0.07126775242788169,,,,,,9.717508083313021,,,,,,6.729811249748568,,,,,
1690,4,0.10093328491671766,,,,,,0.07597466962555915,,,,,,9.907534475125056,,,,,,7.4576157822719376,,,,,
1690,8,0.10095394963574501,,,,,,0.07458092766334481,,,,,,9.905506457232532,,,,,,7.317810380091154,,,,,
1690,16,0.10142162892583614,,,,,,0.06739452468993022,,,,,,9.85982980741951,,,,,,6.551842545149359,,,,,
1690,32,0.10006596711033908,,,,,,0.07349421944058425,,,,,,9.993407637756967,,,,,,7.339735127714916,,,,,
