index,bin_size,m,n,a,b,corr
269,1,0.20750285712755798,24.0,1321.1647349374819,-1304.980153439461,4.819210751326047
269,2,0.2085814983060801,24.0,1300.0958225955894,-1285.0583010920532,4.794289081827207
269,4,0.20708557440611852,24.0,1329.572625214196,-1312.1715362084055,4.8289215840736714
269,8,0.20778002895345732,24.0,1316.615187792856,-1301.1144510432391,4.81278208034132
269,16,0.20768975513337412,24.0,1317.9613246964493,-1302.8683565242618,4.81487399009075
269,32,0.2081268464302263,24.0,1309.2387784022994,-1293.1885581489296,4.804762178219262
