index,bin_size,m12,m23,m34,m13,m24,m14,m12_err,m23_err,m34_err,m13_err,m24_err,m14_err,corr12,corr23,corr34,corr13,corr24,corr14,corr12_err,corr23_err,corr34_err,corr13_err,corr24_err,corr14_err
131,1,0.18660897324141762,,,,,,0.05549693979067425,,,,,,5.358799111478372,,,,,,1.5936905202049898,,,,,
131,2,0.18970768029111648,,,,,,0.05026790642685234,,,,,,5.271267870997352,,,,,,1.3967573673535463,,,,,
131,4,0.18715015587632344,,,,,,0.05574029718358961,,,,,,5.343303056935958,,,,,,1.5914349573527276,,,,,
131,8,0.18600060759178508,,,,,,0.059328180334726546,,,,,,5.376326523592314,,,,,,1.71487434186288,,,,,
131,16,0.18787779338108004,,,,,,0.054896169383291234,,,,,,5.322608819295956,,,,,,1.5552175169122207,,,,,
131,32,0.18643106909058904,,,,,,0.0640459252105584,,,,,,5.363912811732514,,,,,,1.8427012217005954,,,,,
