index,bin_size,m,n,a,b,corr
443,1,0.0836389323631245,36.0,13224.507149280993,-13206.531098245254,11.956154529309716
443,2,0.0838871684240924,36.0,13140.62442565636,-13120.646898699451,11.920774282718547
443,4,0.08383595350141103,36.0,13165.042430818865,-13148.595316639143,11.928056618133045
443,8,0.08420249903941096,36.0,13023.877457261522,-13009.755456469144,11.876132079309787
443,16,0.08355983478707332,36.0,13265.01414793251,-13245.276753120648,11.967472201784435
443,32,0.08367553469781538,36.0,13210.24870338144,-13199.619437538058,11.950924527837026
