index,bin_size,m12,m23,m34,m13,m24,m14,m12_err,m23_err,m34_err,m13_err,m24_err,m14_err,corr12,corr23,corr34,corr13,corr24,corr14,corr12_err,corr23_err,corr34_err,corr13_err,corr24_err,corr14_err
193,1,0.06474383970102728,,,,,,0.045875284274698835,,,,,,15.445484923627927,,,,,,10.944145650057322,,,,,
193,2,0.06713615700479453,,,,,,0.04620924430315305,,,,,,14.89510339307305,,,,,,10.252172634219772,,,,,
193,4,0.06884248184887903,,,,,,0.04572515675455928,,,,,,14.525914422945561,,,,,,9.648108205199962,,,,,
193,8,0.06439564321861879,,,,,,0.04502881758927265,,,,,,15.529000876737399,,,,,,10.858693428192788,,,,,
193,16,0.06687936920785412,,,,,,0.04178176501829083,,,,,,14.952294135611599,,,,,,9.341195161648221,,,,,
193,32,0.06581869039029885,,,,,,0.042414325461964365,,,,,,15.193252768629867,,,,,,9.790707835924056,,,,,
