index,bin_size,m12,m23,m34,m13,m24,m14,m12_err,m23_err,m34_err,m13_err,m24_err,m14_err,corr12,corr23,corr34,corr13,corr24,corr14,corr12_err,corr23_err,corr34_err,corr13_err,corr24_err,corr14_err
610,1,0.1042033847697054,,,,,,0.0666576874493217,,,,,,9.596617252021602,,,,,,6.1388439038690255,,,,,
610,2,0.10485561752837523,,,,,,0.0685760109581533,,,,,,9.536923472215378,,,,,,6.237187705854,,,,,
610,4,0.10484382698710508,,,,,,0.0674497434481902,,,,,,9.537995976844604,,,,,,6.136130281920782,,,,,
610,8,0.10589363502185273,,,,,,0.06725092235053082,,,,,,9.44343821792155,,,,,,5.997338085376134,,,,,
610,16,0.10394157434371894,,,,,,0.06243776356044203,,,,,,9.620789432081839,,,,,,5.779213751743841,,,,,
610,32,0.10628621928782928,,,,,,0.05519757556194701,,,,,,9.408557447056628,,,,,,4.8861420049804645,,,,,
