index,bin_size,m,n,a,b,corr
927,1,0.058720425442466806,16.0,64873.865105443016,-64891.05897504697,17.02984936612528
927,2,0.06292087739501206,16.0,56225.54925436192,-56244.00159383226,15.892976089988109
927,4,0.06292082558059627,16.0,56324.37725625285,-56343.303738636074,15.892989177630614
927,8,0.06114017350010991,16.0,59727.77182049,-59746.216390502595,16.355858067661558
927,16,0.060719629052687685,16.0,60594.005465217575,-60612.1944363294,16.469138820533296
927,32,0.05434067478503129,16.0,75938.4472253328,-75953.36897033575,18.40242146340554
