index,bin_size,m12,m23,m34,m13,m24,m14,m12_err,m23_err,m34_err,m13_err,m24_err,m14_err,corr12,corr23,corr34,corr13,corr24,corr14,corr12_err,corr23_err,corr34_err,corr13_err,corr24_err,corr14_err
1805,1,0.049566936017498106,,,,,,0.0584248407400824,,,,,,20.174739056837815,,,,,,23.780084287484765,,,,,
1805,2,0.051079971965124066,,,,,,0.059608455217514185,,,,,,19.577144652365337,,,,,,22.845810312779452,,,,,
1805,4,0.04646678762786445,,,,,,0.058042025356314114,,,,,,21.520747420902758,,,,,,26.881732765658725,,,,,
1805,8,0.051533573772435726,,,,,,0.06174010564259332,,,,,,19.404825374926354,,,,,,23.24806686053752,,,,,
1805,16,0.04740434848999191,,,,,,0.060227163095849294,,,,,,21.09511114177894,,,,,,26.80131126639612,,,,,
1805,32,0.048275268961340934,,,,,,0.0601933862530234,,,,,,20.71454020900028,,,,,,25.828511092349252,,,,,
