index,bin_size,m,n,a,b,corr
2379,1,0.22881309193839602,24.0,911.5789026902269,-882.2099793341766,4.370379297480202
2379,2,0.22859625331264785,24.0,912.4933088758123,-878.735937368186,4.374524890538403
2379,4,0.22916989085089717,24.0,906.481013402387,-872.4574252523664,4.363574971768963
2379,8,0.2291499897671441,24.0,906.1320889408764,-872.3689020008163,4.363953936965794
2379,16,0.2285947938348678,24.0,913.6147864916347,-878.8842694095013,4.37455281996658
2379,32,0.22862203167817902,24.0,912.8643045225672,-880.8921477301501,4.374031639293868
