index,bin_size,m12,m23,m34,m13,m24,m14,m12_err,m23_err,m34_err,m13_err,m24_err,m14_err,corr12,corr23,corr34,corr13,corr24,corr14,corr12_err,corr23_err,corr34_err,corr13_err,corr24_err,corr14_err
2609,1,0.09141322558613778,,,,,,0.017232997217492167,,,,,,10.939336114528745,,,,,,2.062256830060626,,,,,
2609,2,0.09113635526916919,,,,,,0.017244196646793504,,,,,,10.972569585941004,,,,,,2.0761544292807788,,,,,
2609,4,0.09050023849613847,,,,,,0.017203843060846054,,,,,,11.049694637464063,,,,,,2.1005161485990467,,,,,
2609,8,0.09081113817306727,,,,,,0.016764660403742807,,,,,,11.011865065430703,,,,,,2.0329023724155504,,,,,
2609,16,0.0911939029514739,,,,,,0.015863306757218375,,,,,,10.965645373596082,,,,,,1.9074893246403781,,,,,
2609,32,0.09092541727733691,,,,,,0.016411589047280142,,,,,,10.99802486415698,,,,,,1.985089206154258,,,,,
