index,bin_size,m12,m23,m34,m13,m24,m14,m12_err,m23_err,m34_err,m13_err,m24_err,m14_err,corr12,corr23,corr34,corr13,corr24,corr14,corr12_err,corr23_err,corr34_err,corr13_err,corr24_err,corr14_err
99,1,706761845758.384,,,,,,7099891989507.68,,,,,,1.4149037699211954e-12,,,,,,1.4213647782879831e-11,,,,,
99,2,232808383602.97366,,,,,,3702024687578.5776,,,,,,4.2953779607240354e-12,,,,,,6.830336179043939e-11,,,,,
99,4,368053272778.51764,,,,,,3706305070981.3374,,,,,,2.716997983609202e-12,,,,,,2.7360233284915423e-11,,,,,
99,8,250875167955.56927,,,,,,3233407441040.2607,,,,,,3.986046160523559e-12,,,,,,5.137420104507685e-11,,,,,
99,16,2509249636619.327,,,,,,33786884225704.848,,,,,,3.985255135265395e-13,,,,,,5.366120289510874e-12,,,,,
99,32,1011381039297.71,,,,,,7956619969405.276,,,,,,9.887470311826166e-13,,,,,,7.77855631786472e-12,,,,,
