index,bin_size,m12,m23,m34,m13,m24,m14,m12_err,m23_err,m34_err,m13_err,m24_err,m14_err,corr12,corr23,corr34,corr13,corr24,corr14,corr12_err,corr23_err,corr34_err,corr13_err,corr24_err,corr14_err
1681,1,0.129837483080679,,,,,,0.06366261283571731,,,,,,7.701936114847633,,,,,,3.7764547288728094,,,,,
1681,2,0.12960166945789828,,,,,,0.061346527264801574,,,,,,7.715949988783553,,,,,,3.652319745113504,,,,,
1681,4,0.1324618318988837,,,,,,0.058838530608641866,,,,,,7.5493444841028765,,,,,,3.3533609654602103,,,,,
1681,8,0.13265729089392433,,,,,,0.05566288656690667,,,,,,7.538221180768887,,,,,,3.1630312037422237,,,,,
1681,16,0.13171269755811615,,,,,,0.06083955277548961,,,,,,7.592282433960217,,,,,,3.50695928631736,,,,,
1681,32,0.13184228184777214,,,,,,0.05362877336253835,,,,,,7.5848201804836854,,,,,,3.085236365405339,,,,,
