index,bin_size,m,n,a,b,corr
401,1,0.1410334246598353,36.0,2082.1719428253873,-2089.2832191344173,7.090517743662142
401,2,0.13988341745202182,36.0,2134.7980303012073,-2139.688970881973,7.148810189334893
401,4,0.1405230037094835,36.0,2105.3821067146564,-2110.2138550654267,7.116272593115036
401,8,0.13960972605765243,36.0,2152.400404593221,-2157.428974619322,7.162824741788016
401,16,0.13968525094935844,36.0,2148.0985891376017,-2153.645745275545,7.158951952361388
401,32,0.13979849468955752,36.0,2144.9229399513215,-2149.41997877132,7.153152844890372
