index,bin_size,m12,m23,m34,m13,m24,m14,m12_err,m23_err,m34_err,m13_err,m24_err,m14_err,corr12,corr23,corr34,corr13,corr24,corr14,corr12_err,corr23_err,corr34_err,corr13_err,corr24_err,corr14_err
2625,1,0.1306725700267112,,,,,,0.017927870794533608,,,,,,7.652715484172284,,,,,,1.0499287983661953,,,,,
2625,2,0.13081237712602314,,,,,,0.017166811457851996,,,,,,7.644536564277947,,,,,,1.003210252460954,,,,,
2625,4,0.13065338994863113,,,,,,0.016678599187108702,,,,,,7.653838912202501,,,,,,0.9770531901966852,,,,,
2625,8,0.13016733697367125,,,,,,0.0183422103894,,,,,,7.682418825256205,,,,,,1.082549168389599,,,,,
2625,16,0.13081501534052953,,,,,,0.018844032558505138,,,,,,7.64438239292991,,,,,,1.1011808570067438,,,,,
2625,32,0.13104370419709496,,,,,,0.020675331664091873,,,,,,7.631041919388665,,,,,,1.2039824697617676,,,,,
