index,bin_size,m12,m23,m34,m13,m24,m14,m12_err,m23_err,m34_err,m13_err,m24_err,m14_err,corr12,corr23,corr34,corr13,corr24,corr14,corr12_err,corr23_err,corr34_err,corr13_err,corr24_err,corr14_err
111,1,0.07116231042753085,,,,,,0.06551214799827289,,,,,,14.052382419741194,,,,,,12.936647942985509,,,,,
111,2,0.07176041498179628,,,,,,0.06552000486066874,,,,,,13.935259435911478,,,,,,12.723425111284733,,,,,
111,4,0.0727824748512354,,,,,,0.06392675305331946,,,,,,13.73957126415338,,,,,,12.067825133142046,,,,,
111,8,0.06963098605896934,,,,,,0.0638856037737767,,,,,,14.361422358044972,,,,,,13.176434663971486,,,,,
111,16,0.07153345450923113,,,,,,0.06471080706252498,,,,,,13.979473057196667,,,,,,12.646152629512414,,,,,
111,32,0.07130446228018766,,,,,,0.06525479276269441,,,,,,14.024367732702972,,,,,,12.834501246630007,,,,,
