index,bin_size,m,n,a,b,corr
877,1,0.12238281808094927,16.0,13392.90696100592,-13422.610358917056,8.171081657382304
877,2,0.11951007007265162,16.0,14114.840443963209,-14143.948788866806,8.367495721424044
877,4,0.12216461198887202,16.0,13447.23285456231,-13476.0483256054,8.18567655329753
877,8,0.12168343542200702,16.0,13564.747125982078,-13593.473807656557,8.218045426905702
877,16,0.12118400763884764,16.0,13700.973160840524,-13731.557060940968,8.251913923990681
877,32,0.12217794359772818,16.0,13445.244484904884,-13475.408132277946,8.18478336231053
