index,bin_size,m12,m23,m34,m13,m24,m14,m12_err,m23_err,m34_err,m13_err,m24_err,m14_err,corr12,corr23,corr34,corr13,corr24,corr14,corr12_err,corr23_err,corr34_err,corr13_err,corr24_err,corr14_err
2240,1,0.11154551745556822,,,,,,0.03975910669059636,,,,,,8.964950119114636,,,,,,3.1954525506032367,,,,,
2240,2,0.11412261375133244,,,,,,0.0397501807586697,,,,,,8.76250523125023,,,,,,3.0520784215470074,,,,,
2240,4,0.11328976894833055,,,,,,0.036783931392574395,,,,,,8.826922406877555,,,,,,2.8660037992508083,,,,,
2240,8,0.11346997208559646,,,,,,0.03767457873659789,,,,,,8.812904256693097,,,,,,2.92608210977985,,,,,
2240,16,0.11399579996959268,,,,,,0.04051001505926373,,,,,,8.772253015170214,,,,,,3.1173438130440516,,,,,
2240,32,0.11227632746821328,,,,,,0.03953691681087152,,,,,,8.906596987536055,,,,,,3.1363635781894144,,,,,
