index,bin_size,m,n,a,b,corr
380,1,0.0734610745147035,36.0,14994.30484581471,-14947.279904543831,13.61265141581677
380,2,0.07340142843216389,36.0,15027.624607223042,-14972.089580540869,13.623713071526662
380,4,0.07311972617021073,36.0,15166.822046515264,-15114.828533658714,13.676200013005573
380,8,0.07315763669185146,36.0,15154.69471082977,-15100.394022815493,13.669112962357124
380,16,0.0743400281978994,36.0,14581.28251682888,-14531.814709712253,13.451703264598125
380,32,0.07343388909680448,36.0,15026.004827266657,-14974.555163593157,13.617690854991304
