index,bin_size,m,n,a,b,corr
1781,1,0.10682562709530373,16.0,16358.427121926163,-16309.270677560513,9.361049658129852
1781,2,0.10714550440250402,16.0,16267.692170910459,-16217.236395171221,9.333102733301704
1781,4,0.10729399332841802,16.0,16207.730993983456,-16158.739291409482,9.320186237631056
1781,8,0.10778439080301257,16.0,16039.704690881721,-15990.058077155438,9.277781249676554
1781,16,0.10526126285544654,16.0,16904.224161465772,-16853.69597143914,9.500171030374988
1781,32,0.10656033669317021,16.0,16456.676985486713,-16406.548101272663,9.38435473303167
