index,bin_size,m12,m23,m34,m13,m24,m14,m12_err,m23_err,m34_err,m13_err,m24_err,m14_err,corr12,corr23,corr34,corr13,corr24,corr14,corr12_err,corr23_err,corr34_err,corr13_err,corr24_err,corr14_err
224,1,0.023106358247849124,,,,,,0.03478485495536398,,,,,,43.27813103534331,,,,,,65.15191596424707,,,,,
224,2,0.022940355204918172,,,,,,0.03536321652946814,,,,,,43.59130410437631,,,,,,67.19724747393907,,,,,
224,4,0.02148286609948069,,,,,,0.033239999490062615,,,,,,46.548723776860164,,,,,,72.02388859293315,,,,,
224,8,0.020235984846136926,,,,,,0.032492834616206744,,,,,,49.41691781267079,,,,,,79.34853430354896,,,,,
224,16,0.019858961244780326,,,,,,0.03162102614676835,,,,,,50.355101038471346,,,,,,80.17941859769604,,,,,
224,32,0.02490339322153282,,,,,,0.0355361818474161,,,,,,40.155170466301996,,,,,,57.299879864189435,,,,,
