index,bin_size,m,n,a,b,corr
101,1,0.18678746753998343,16.0,3942.9798213895365,-3896.0092236727137,5.353678237464949
101,2,0.186337022257666,16.0,3960.042515149864,-3912.5217863600938,5.366620051581615
101,4,0.18619756089940487,16.0,3968.085298385194,-3919.649466945656,5.370639632278857
101,8,0.18589009587676208,16.0,3984.4758143514937,-3937.015842452469,5.379522751244161
101,16,0.18353966104546826,16.0,4113.435330196185,-4064.1483431277243,5.448413679658426
101,32,0.18626666086211927,16.0,3969.8415749856117,-3924.9300683320344,5.368647268231394
