index,bin_size,m,n,a,b,corr
2173,1,0.1728846790224177,24.0,2514.826544387638,-2503.1113250424232,5.784202542726944
2173,2,0.1728986361608926,24.0,2513.0130635522974,-2501.978626292261,5.78373561645356
2173,4,0.17267496420140654,24.0,2523.4489308934817,-2512.624107468134,5.791227492791653
2173,8,0.1730651980261906,24.0,2507.735467228039,-2496.0088047537097,5.778169218335083
2173,16,0.17274569914449944,24.0,2517.1609600224892,-2506.8790043341323,5.788856133335705
2173,32,0.17284024015095092,24.0,2516.28691614981,-2504.79108526767,5.7856897162758205
