index,bin_size,m,n,a,b,corr
731,1,-0.000021913203194993788,16.0,597824261405.7561,-597824261361.3943,-45634.58801990466
731,2,-0.000038694017410645577,16.0,191782154640.85144,-191782154596.4328,-25843.788443762835
731,4,0.000026629512967101097,16.0,405330567977.79407,-405330567932.02924,37552.320285971065
731,8,-0.00002818714597478309,16.0,361529724360.3145,-361529724315.4332,-35477.16398441419
731,16,0.00004131596595393617,16.0,168305603929.19354,-168305603882.93567,24203.71826995201
731,32,3.376079480544138e-7,16.0,2521369902011250.0,-2521369902011207.5,2962015.5738715767
