index,bin_size,m12,m23,m34,m13,m24,m14,m12_err,m23_err,m34_err,m13_err,m24_err,m14_err,corr12,corr23,corr34,corr13,corr24,corr14,corr12_err,corr23_err,corr34_err,corr13_err,corr24_err,corr14_err
240,1,0.08177177544665293,,,,,,0.0449910587416863,,,,,,12.22915846620439,,,,,,6.728517069723389,,,,,
240,2,0.08124381369851075,,,,,,0.04373722840681016,,,,,,12.308629475604377,,,,,,6.626293304583913,,,,,
240,4,0.08143463185727873,,,,,,0.041630946202784354,,,,,,12.279787814999729,,,,,,6.277663129905426,,,,,
240,8,0.08118747480779598,,,,,,0.0402650843169373,,,,,,12.3171708735542,,,,,,6.108724590140358,,,,,
240,16,0.08354340398057668,,,,,,0.04049916038620455,,,,,,11.969825891131917,,,,,,5.802587343371846,,,,,
240,32,0.0839776723851067,,,,,,0.032665080644295165,,,,,,11.90792709059829,,,,,,4.63186687214927,,,,,
