index,bin_size,m,n,a,b,corr
1305,1,0.09858893797335606,16.0,20213.89696900235,-20226.747546876508,10.143125796428123
1305,2,0.0958295894515113,16.0,21494.09453317679,-21508.672879452162,10.435190276026267
1305,4,0.09672262873716636,16.0,21076.89182209091,-21091.334833004556,10.338842244635385
1305,8,0.09471785404284322,16.0,22045.163388241555,-22059.101511374305,10.557671624904797
1305,16,0.09813389766705828,16.0,20441.6263843883,-20455.31923039211,10.190158790927972
1305,32,0.09506070266944087,16.0,21865.2136804095,-21879.24498848389,10.519594026959256
