index,bin_size,m,n,a,b,corr
1996,1,0.056236760457989685,16.0,80354.60970744831,-80343.83245307308,17.781963111958163
1996,2,0.05455951072572878,16.0,85495.78825759485,-85484.15164932814,18.32861011212161
1996,4,0.05139624775474156,16.0,96552.90538301381,-96540.39218862155,19.456673272568715
1996,8,0.05477694109798358,16.0,84726.7433193986,-84715.21325408308,18.255856934603663
1996,16,0.04792396802822905,16.0,111307.01745437572,-111292.43107835525,20.866385675972445
1996,32,0.05060673692330439,16.0,99760.31621783863,-99748.59306984926,19.760214959433597
