index,bin_size,m12,m23,m34,m13,m24,m14,m12_err,m23_err,m34_err,m13_err,m24_err,m14_err,corr12,corr23,corr34,corr13,corr24,corr14,corr12_err,corr23_err,corr34_err,corr13_err,corr24_err,corr14_err
821,1,0.08116055933411495,,,,,,0.06569127930561292,,,,,,12.321255646887353,,,,,,9.97281256728988,,,,,
821,2,0.0802205567555079,,,,,,0.06591388249161068,,,,,,12.465632756049658,,,,,,10.242490028709698,,,,,
821,4,0.08468548374376739,,,,,,0.06590939964951009,,,,,,11.808399217812784,,,,,,9.190294119623124,,,,,
821,8,0.08106063635056787,,,,,,0.06567493828475303,,,,,,12.336443988364946,,,,,,9.994927674701193,,,,,
821,16,0.08085322222936057,,,,,,0.06473952213222549,,,,,,12.36809087414287,,,,,,9.903183457655512,,,,,
821,32,0.08014275137880479,,,,,,0.06347352417391496,,,,,,12.477734826863808,,,,,,9.882438393275587,,,,,
