index,bin_size,m,n,a,b,corr
2312,1,0.028757989251992855,24.0,217444.98122793343,-217369.72830860197,34.772945745179406
2312,2,0.030529708211533856,24.0,192568.60754774872,-192494.82535713474,32.75498059369623
2312,4,0.027095222551563505,24.0,245511.57272871878,-245436.02196935925,36.90687530235089
2312,8,0.02874808619524697,24.0,217539.90925524096,-217465.43348469766,34.78492422794161
2312,16,0.02629285548779387,24.0,260790.69635057647,-260712.08100781898,38.03314556169973
2312,32,0.03480361362763136,24.0,147599.69295828804,-147525.1059025141,28.732648589285507
