index,bin_size,m,n,a,b,corr
2124,1,0.21508274000934502,24.0,1175.5012124371763,-1162.1207724681992,4.649373538558006
2124,2,0.21523087957784204,24.0,1173.0641550239072,-1163.4923194225767,4.646173457830118
2124,4,0.214482203284321,24.0,1186.2499186486132,-1172.8805873310478,4.662391493033966
2124,8,0.21444806872165167,24.0,1186.480507195332,-1173.8217134857632,4.663133624663113
2124,16,0.21450773429574432,24.0,1186.0472532774518,-1172.948767204399,4.661836568658584
2124,32,0.21460303422297444,24.0,1185.1726405090938,-1172.474772115885,4.659766361742077
