index,bin_size,m12,m23,m34,m13,m24,m14,m12_err,m23_err,m34_err,m13_err,m24_err,m14_err,corr12,corr23,corr34,corr13,corr24,corr14,corr12_err,corr23_err,corr34_err,corr13_err,corr24_err,corr14_err
892,1,0.035882587167948725,,,,,,0.05324897533858531,,,,,,27.868670542608655,,,,,,41.356498167112534,,,,,
892,2,0.037085711882259904,,,,,,0.052249424796554145,,,,,,26.9645626103878,,,,,,37.98991079789351,,,,,
892,4,0.03704448725313018,,,,,,0.053746240246398624,,,,,,26.99456988476746,,,,,,39.16525091739028,,,,,
892,8,0.038218297773560714,,,,,,0.05402418620536999,,,,,,26.165477225722924,,,,,,36.986697371245164,,,,,
892,16,0.04362582466536195,,,,,,0.05849526264292769,,,,,,22.922202793199702,,,,,,30.735012645096614,,,,,
892,32,0.03948757905453353,,,,,,0.055630422650663466,,,,,,25.324419069069034,,,,,,35.677247628912006,,,,,
