index,bin_size,m,n,a,b,corr
494,1,0.039687182181295,36.0,73060.65905413018,-73237.8813542031,25.19705217245962
494,2,0.04137103346529857,36.0,66886.78575322843,-67069.57470808446,24.171501561322746
494,4,0.039956888543705445,36.0,72105.01183660487,-72288.22555620437,25.026973732105915
494,8,0.0413464128197994,36.0,66886.09075603863,-67065.63304284446,24.185895022098116
494,16,0.04174506861647075,36.0,65431.17603301047,-65611.24865037117,23.95492529159347
494,32,0.041021213337204994,36.0,68073.30136565359,-68249.7752920562,24.3776309535201
