index,bin_size,m,n,a,b,corr
513,1,0.05245417982530122,54.0,19413.56857082608,-19420.654634874158,19.064257668893166
513,2,0.051679659054718295,54.0,20107.556662024326,-20121.857657741268,19.349972857622813
513,4,0.05246464487543174,54.0,19385.172832495635,-19403.807406057567,19.060454947790607
513,8,0.051851164908849126,54.0,19916.159312883065,-19928.68565175496,19.285969789838532
513,16,0.052089964926064256,54.0,19717.458716809764,-19727.096204340454,19.19755564088756
513,32,0.05242887262192867,54.0,19404.673467682165,-19417.925546122748,19.073459908457853
