index,bin_size,m,n,a,b,corr
2880,1,-2.3781780091459223e-6,24.0,24012808245331.05,-24012808245341.98,-420489.970117557
2880,2,-4.405421726817783e-8,24.0,6.993561351820464e16,-6.993561351820466e16,-22699302.405319117
2880,4,0.000015353129005888305,24.0,575743631751.5604,-575743631766.266,65133.30276951853
2880,8,1.6634049163979163e-6,24.0,49038039938218.45,-49038039938230.37,601176.5326301237
2880,16,-9.210315317495914e-8,24.0,1.6020441785476342e16,-1.6020441785476352e16,-10857391.582461895
2880,32,2.7312020067753634e-6,24.0,18173855505148.227,-18173855505162.535,366139.1568691273
