index,bin_size,m,n,a,b,corr
2058,1,-4.029222531508686e-6,16.0,17341650963665.35,-17341650963673.209,-248186.83807607024
2058,2,-7.100549835337968e-8,16.0,5.591865975272525e16,-5.591865975272525e16,-14083416.399997741
2058,4,0.00002110067122384518,16.0,632632586571.3265,-632632586576.5206,47391.85732015636
2058,8,0.00004448985794954186,16.0,142380128228.37817,-142380128236.4808,22477.032880935454
2058,16,7.702125882040892e-6,16.0,4744164954687.7,-4744164954696.755,129834.28410741869
2058,32,4.7096166794621054e-7,16.0,1268090080718783.8,-1268090080718791.8,2123315.0552588324
