index,bin_size,m12,m23,m34,m13,m24,m14,m12_err,m23_err,m34_err,m13_err,m24_err,m14_err,corr12,corr23,corr34,corr13,corr24,corr14,corr12_err,corr23_err,corr34_err,corr13_err,corr24_err,corr14_err
1211,1,0.04788974818394454,,,,,,0.058792087588153,,,,,,20.88129584977143,,,,,,25.63502672510355,,,,,
1211,2,0.0465230442451306,,,,,,0.05742882587333875,,,,,,21.494724092666537,,,,,,26.533447824459763,,,,,
1211,4,0.04690290727524459,,,,,,0.05821531520126176,,,,,,21.320639979343053,,,,,,26.462917733570414,,,,,
1211,8,0.04801843186474132,,,,,,0.05794137846819184,,,,,,20.825336462815102,,,,,,25.12886520572564,,,,,
1211,16,0.04746728687498819,,,,,,0.05810087890614462,,,,,,21.067140463149734,,,,,,25.786588143784797,,,,,
1211,32,0.03664486558496148,,,,,,0.045536555662195465,,,,,,27.28895260050798,,,,,,33.91047802249297,,,,,
