index,bin_size,m,n,a,b,corr
2580,1,0.17222294212157677,54.0,195.56758009875435,-75.84129419148962,5.806427341684091
2580,2,0.17290739346556067,54.0,192.07351713009385,-78.80109807395723,5.7834426854579695
2580,4,0.1733230753984109,54.0,189.80878924887796,-84.33778897077701,5.769572214786401
2580,8,0.17280828562836115,54.0,192.69436179147885,-86.57473543954893,5.786759566324179
2580,16,0.17246230190875694,54.0,194.73155606721704,-83.35869397844922,5.798368622779145
2580,32,0.17328065465125925,54.0,190.1546295133972,-85.7317948362874,5.7709846607665325
