index,bin_size,m,n,a,b,corr
304,1,0.20878030150789093,24.0,1370.55353906454,-1336.8667789770234,4.789723900088364
304,2,0.20971497304060568,24.0,1349.8016624684801,-1315.6455080665867,4.768376742496001
304,4,0.20829103095656817,24.0,1379.6802341537496,-1343.5562343340841,4.8009748447042595
304,8,0.20833659089399867,24.0,1378.349406817215,-1341.9301819741545,4.799924946975821
304,16,0.2092937266685804,24.0,1357.6323701653646,-1320.118615813297,4.777974074605276
304,32,0.20911496009574834,24.0,1361.8199650713511,-1325.639010841208,4.782058631970308
