index,bin_size,m12,m23,m34,m13,m24,m14,m12_err,m23_err,m34_err,m13_err,m24_err,m14_err,corr12,corr23,corr34,corr13,corr24,corr14,corr12_err,corr23_err,corr34_err,corr13_err,corr24_err,corr14_err
936,1,0.09800761946920444,,,,,,0.0667500762540867,,,,,,10.203288330191674,,,,,,6.949156379588736,,,,,
936,2,0.09742501747923747,,,,,,0.06705668356787711,,,,,,10.264304034773337,,,,,,7.0648197507479376,,,,,
936,4,0.09690621443208736,,,,,,0.06661266147526522,,,,,,10.319255641760806,,,,,,7.093384947185858,,,,,
936,8,0.09752274260252314,,,,,,0.06940179337533792,,,,,,10.254018430098249,,,,,,7.297244205416487,,,,,
936,16,0.09903176144858962,,,,,,0.07231276454916573,,,,,,10.097770506880565,,,,,,7.37336881071869,,,,,
936,32,0.1002343154089311,,,,,,0.07907329212986167,,,,,,9.976623234470635,,,,,,7.870402868223416,,,,,
