index,bin_size,m,n,a,b,corr
2897,1,0.05912431014992044,24.0,39422.31701734658,-39441.34829787435,16.913516579970544
2897,2,0.05762013190375805,24.0,41684.55900341072,-41702.88077944647,17.35504531073069
2897,4,0.05864070879430877,24.0,40114.22610317914,-40128.702871340414,17.052999879446418
2897,8,0.05835056249447327,24.0,40588.448458323335,-40606.24405708651,17.13779537420425
2897,16,0.05822710284774564,24.0,40750.64359958691,-40768.563749763365,17.174132853816143
2897,32,0.057772765258610435,24.0,41432.280331567374,-41450.07272146067,17.309193969228613
