index,bin_size,m12,m23,m34,m13,m24,m14,m12_err,m23_err,m34_err,m13_err,m24_err,m14_err,corr12,corr23,corr34,corr13,corr24,corr14,corr12_err,corr23_err,corr34_err,corr13_err,corr24_err,corr14_err
2393,1,0.20999098614214204,,,,,,0.03012645770179282,,,,,,4.762109166548244,,,,,,0.6831982791881569,,,,,
2393,2,0.21191532270976982,,,,,,0.028172335090628508,,,,,,4.718865947081879,,,,,,0.6273329885211638,,,,,
2393,4,0.20993276680035677,,,,,,0.029570402888428975,,,,,,4.763429812512244,,,,,,0.670960235667705,,,,,
2393,8,0.21165691715652685,,,,,,0.02676757587303928,,,,,,4.72462706834414,,,,,,0.5975085304213837,,,,,
2393,16,0.20965978330414556,,,,,,0.029426953213031824,,,,,,4.769631944860582,,,,,,0.6694452024744563,,,,,
2393,32,0.2099788684527155,,,,,,0.026869536849041017,,,,,,4.762383983534929,,,,,,0.6094091890188947,,,,,
