index,bin_size,m,n,a,b,corr
2116,1,0.1559463982082773,24.0,4059.738729166342,-4139.324351541246,6.412459739303695
2116,2,0.15621152851362202,24.0,4041.459455056065,-4121.965596027176,6.401576180165202
2116,4,0.15674079664926122,24.0,4005.5670335915556,-4084.7410808161867,6.379959917121638
2116,8,0.15719335171577198,24.0,3973.973558978105,-4054.252456314789,6.361592198938176
2116,16,0.15609892320837748,24.0,4055.403053883638,-4137.460796184593,6.406194094401878
2116,32,0.15584227589357666,24.0,4069.3085829963347,-4149.040156582419,6.416744071954463
