index,bin_size,m,n,a,b,corr
1349,1,0.00008586328187733956,16.0,33492758860.290314,-33492758899.910347,11646.421824739418
1349,2,-0.000025051531750855623,16.0,393281448459.1489,-393281448498.03357,-39917.718802398
1349,4,0.00012291636964368246,16.0,16341827303.00205,-16341827341.997417,8135.612879707248
1349,8,-0.0002342615489371876,16.0,4496193686.680074,-4496193725.88258,-4268.732980452244
1349,16,2.8687996231060803e-6,16.0,30017725966871.77,-30017725966909.523,348577.84836059384
1349,32,0.007247193520845845,16.0,4691844.913972019,-4691884.57787811,137.98444834177502
