index,bin_size,m,n,a,b,corr
2335,1,0.08940925344631045,24.0,16925.827801480635,-16851.722130655602,11.184524659972606
2335,2,0.08834322150283176,24.0,17380.56837937018,-17304.88203610416,11.31948759609073
2335,4,0.09028948049636015,24.0,16549.288189406376,-16475.062950242544,11.075487360239192
2335,8,0.08934658662714381,24.0,16945.37930723418,-16871.256452517526,11.192369375823434
2335,16,0.09092400520530379,24.0,16297.05460395892,-16221.880566047374,10.998195666172302
2335,32,0.09059735933165936,24.0,16434.8924296695,-16360.533357429393,11.03784930793837
