index,bin_size,m,n,a,b,corr
1530,1,0.11378816973307208,16.0,19885.598332011243,-19893.4148643563,8.788259819503486
1530,2,0.11431638934263537,16.0,19662.491825525965,-19669.316521065535,8.747652071154425
1530,4,0.11842279522728393,16.0,18198.92438139394,-18206.216663194453,8.444320184139732
1530,8,0.11468685248312999,16.0,19551.233577850948,-19557.853184727297,8.719395278086443
1530,16,0.11655373865244399,16.0,18863.96474763191,-18874.81465445938,8.579733362152696
1530,32,0.11568064959213731,16.0,19174.758926347546,-19184.807770251962,8.6444881103777
