index,bin_size,m12,m23,m34,m13,m24,m14,m12_err,m23_err,m34_err,m13_err,m24_err,m14_err,corr12,corr23,corr34,corr13,corr24,corr14,corr12_err,corr23_err,corr34_err,corr13_err,corr24_err,corr14_err
1770,1,0.10234666143838095,,,,,,0.06601522216289962,,,,,,9.770714412624608,,,,,,6.302265980879097,,,,,
1770,2,0.10124085188362023,,,,,,0.06723017936880762,,,,,,9.877435653638452,,,,,,6.559227410110397,,,,,
1770,4,0.1000275285725524,,,,,,0.06580984422035596,,,,,,9.997247900358508,,,,,,6.577362615509096,,,,,
1770,8,0.10022808678423092,,,,,,0.06383722672892209,,,,,,9.977243226769165,,,,,,6.35470114647617,,,,,
1770,16,0.09789574149767617,,,,,,0.06053569626926922,,,,,,10.214948931396957,,,,,,6.3166082248002695,,,,,
1770,32,0.10103441519818611,,,,,,0.05689101432237262,,,,,,9.897617539908849,,,,,,5.573204933346612,,,,,
