index,bin_size,m12,m23,m34,m13,m24,m14,m12_err,m23_err,m34_err,m13_err,m24_err,m14_err,corr12,corr23,corr34,corr13,corr24,corr14,corr12_err,corr23_err,corr34_err,corr13_err,corr24_err,corr14_err
1613,1,0.15408587625782552,,,,,,0.06258491122138207,,,,,,6.489887485383419,,,,,,2.63599131843761,,,,,
1613,2,0.15507802093257783,,,,,,0.05891118187438119,,,,,,6.448367047673138,,,,,,2.4496116319629646,,,,,
1613,4,0.15592916845913693,,,,,,0.06378188851063107,,,,,,6.413168298669288,,,,,,2.6232679200930447,,,,,
1613,8,0.14836978443643364,,,,,,0.06662944914551258,,,,,,6.7399167815629735,,,,,,3.0267412205787485,,,,,
1613,16,0.15086308536288565,,,,,,0.06022193310459057,,,,,,6.628526770446214,,,,,,2.645993185089691,,,,,
1613,32,0.1560198995587055,,,,,,0.04662920557502675,,,,,,6.409438814077244,,,,,,1.9155700069509978,,,,,
