index,bin_size,m,n,a,b,corr
2524,1,0.0716811310058326,24.0,27172.338160547148,-27116.86404527409,13.950672735878447
2524,2,0.06980807614700374,24.0,28738.677036860794,-28683.481970459736,14.324990104213342
2524,4,0.07181506304519994,24.0,27029.744304328757,-26973.799450803876,13.924655324337825
2524,8,0.07230637722241275,24.0,26671.854822139598,-26617.135868061006,13.83003876579272
2524,16,0.07138462297793301,24.0,27367.4406459099,-27310.990729970694,14.008619199531642
2524,32,0.07158245746634666,24.0,27225.058428147524,-27172.054444543675,13.969903177327126
