index,bin_size,m,n,a,b,corr
186,1,0.23482106462806293,24.0,907.8058288108564,-913.2157443272249,4.25856173330922
186,2,0.23453761309165597,24.0,911.0081128809245,-915.4599697903619,4.263708438139539
186,4,0.2335039424670159,24.0,924.8169399689921,-926.9846299201648,4.282582938149994
186,8,0.2339472024251704,24.0,918.5314110820984,-920.2772794027031,4.274468724710896
186,16,0.2336712388756331,24.0,922.7776065603126,-925.9121497926739,4.279516832331386
186,32,0.23398800068035916,24.0,918.3905971877214,-919.6397862511534,4.273723426382264
