index,bin_size,m,n,a,b,corr
3,1,-2.5430792270736224e-6,16.0,40747019030297.695,-40747019030200.68,-393224.08415514533
3,2,-6.505463663479816e-7,16.0,625224562169599.5,-625224562169497.5,-1537169.449756166
3,4,1.7170308146999446e-6,16.0,89384109884252.2,-89384109884153.89,582400.7300502365
3,8,1.1179647060348243e-6,16.0,211315223542597.62,-211315223542501.84,894482.6206068533
3,16,4.435301470807405e-6,16.0,13377892800921.309,-13377892800825.402,225463.81719075333
3,32,-0.000039179583079597164,16.0,171904556475.47272,-171904556377.79858,-25523.497735246492
