index,bin_size,m,n,a,b,corr
439,1,0.18572677984280483,36.0,652.7720017427018,-591.1326414041426,5.384253153187594
439,2,0.1864247798490117,36.0,642.7520281343546,-582.7861922117921,5.364093769132598
439,4,0.18533403245966035,36.0,656.96382925446,-592.07169284931,5.395663099369832
439,8,0.18549841322127672,36.0,654.8083465558279,-590.3973218613851,5.390881693457525
439,16,0.1859154251070402,36.0,650.1268793682143,-591.1282497146348,5.37878984180174
439,32,0.1851558602081935,36.0,659.3928994866604,-595.7968725053269,5.400855251762364
