index,bin_size,m12,m23,m34,m13,m24,m14,m12_err,m23_err,m34_err,m13_err,m24_err,m14_err,corr12,corr23,corr34,corr13,corr24,corr14,corr12_err,corr23_err,corr34_err,corr13_err,corr24_err,corr14_err
2448,1,0.08058959826113304,,,,,,0.04331442498770051,,,,,,12.40854926165183,,,,,,6.669212749497186,,,,,
2448,2,0.07973457735810487,,,,,,0.04358635851157314,,,,,,12.54161034188202,,,,,,6.855785065726669,,,,,
2448,4,0.07933375538778915,,,,,,0.04370815386383427,,,,,,12.604974958161597,,,,,,6.944587234375448,,,,,
2448,8,0.07853132512337059,,,,,,0.04478236704091562,,,,,,12.73377214034052,,,,,,7.261413925058185,,,,,
2448,16,0.08061146536745455,,,,,,0.04102015349191962,,,,,,12.405183250814993,,,,,,6.312532823020305,,,,,
2448,32,0.07966195579253775,,,,,,0.04639158579664702,,,,,,12.5530435457081,,,,,,7.310335163956833,,,,,
