index,bin_size,m12,m23,m34,m13,m24,m14,m12_err,m23_err,m34_err,m13_err,m24_err,m14_err,corr12,corr23,corr34,corr13,corr24,corr14,corr12_err,corr23_err,corr34_err,corr13_err,corr24_err,corr14_err
2633,1,0.21852144997233297,,,,,,0.03692321737740319,,,,,,4.576209796002224,,,,,,0.7732347972420334,,,,,
2633,2,0.21692924911533742,,,,,,0.035096902538856674,,,,,,4.609797913735081,,,,,,0.7458174900894268,,,,,
2633,4,0.2178540402607787,,,,,,0.0341408282539615,,,,,,4.590229305836908,,,,,,0.7193542529176257,,,,,
2633,8,0.21824152114774492,,,,,,0.036905633758189886,,,,,,4.582079499542258,,,,,,0.7748504820333263,,,,,
2633,16,0.21569496325661403,,,,,,0.032584554037693045,,,,,,4.6361768717347935,,,,,,0.7003768355296204,,,,,
2633,32,0.2162057100449532,,,,,,0.033267324295201274,,,,,,4.625224744490242,,,,,,0.7116780194248992,,,,,
