index,bin_size,m12,m23,m34,m13,m24,m14,m12_err,m23_err,m34_err,m13_err,m24_err,m14_err,corr12,corr23,corr34,corr13,corr24,corr14,corr12_err,corr23_err,corr34_err,corr13_err,corr24_err,corr14_err
1767,1,0.24365967855567164,,,,,,0.04765681887765542,,,,,,4.104084869222705,,,,,,0.8027082298985487,,,,,
1767,2,0.2431011605729641,,,,,,0.04953116609718407,,,,,,4.113513887153415,,,,,,0.838116688161662,,,,,
1767,4,0.24254660030047592,,,,,,0.04961261866017915,,,,,,4.122919054569976,,,,,,0.8433381897242169,,,,,
1767,8,0.2414348346814706,,,,,,0.054638645402033136,,,,,,4.141904383099143,,,,,,0.9373462830078072,,,,,
1767,16,0.240995335053835,,,,,,0.0536008453729916,,,,,,4.1494579128538485,,,,,,0.922899407654224,,,,,
1767,32,0.24255389770136185,,,,,,0.04231532767223205,,,,,,4.12279501371371,,,,,,0.7192521892414041,,,,,
