index,bin_size,m,n,a,b,corr
172,1,-0.000026467286970964023,24.0,264706330587.27728,-264706330484.5488,-37782.48979946647
172,2,-2.8931428317095276e-7,24.0,2214824345466531.2,-2214824345466430.0,-3456448.7761881794
172,4,-0.000023944750849133733,24.0,323533727884.9087,-323533727779.7856,-41762.80665021736
172,8,-0.000023418939262638395,24.0,338154345530.2488,-338154345424.9521,-42700.48223727018
172,16,-9.183647283927769e-7,24.0,220113841036189.8,-220113841036083.6,-1088891.993652775
172,32,-0.000025506329614317444,24.0,285498455861.5132,-285498455757.45013,-39205.95456582945
