index,bin_size,m12,m23,m34,m13,m24,m14,m12_err,m23_err,m34_err,m13_err,m24_err,m14_err,corr12,corr23,corr34,corr13,corr24,corr14,corr12_err,corr23_err,corr34_err,corr13_err,corr24_err,corr14_err
2926,1,0.016692765861300616,,,,,,0.030869717524206728,,,,,,59.906189801555456,,,,,,110.78374743234095,,,,,
2926,2,0.01579523255495721,,,,,,0.03116342578021416,,,,,,63.310242284856876,,,,,,124.90883117465175,,,,,
2926,4,0.01440098309484636,,,,,,0.028350626510156296,,,,,,69.43970376285402,,,,,,136.7031051554451,,,,,
2926,8,0.014127967468954231,,,,,,0.028251427028691566,,,,,,70.78158993482035,,,,,,141.54059509356762,,,,,
2926,16,0.013942497646393059,,,,,,0.027148332853774024,,,,,,71.7231607536761,,,,,,139.65677390444273,,,,,
2926,32,0.01664327215614305,,,,,,0.0309495083197483,,,,,,60.08433862153115,,,,,,111.73167875929249,,,,,
