index,bin_size,m,n,a,b,corr
304,1,0.20728704553149754,24.0,1399.7027212020898,-1359.9512813019799,4.8242281491153225
304,2,0.20859685077744436,24.0,1374.0517934905881,-1335.9445836598234,4.793936228054169
304,4,0.207949886112743,24.0,1387.8551698968763,-1349.7924190401995,4.8088509144834815
304,8,0.20918553400092527,24.0,1361.4610217492466,-1324.538348340114,4.780445286410564
304,16,0.2089701799744248,24.0,1365.3847673302214,-1326.0800758602265,4.785371769897441
304,32,0.20926802578216636,24.0,1358.873855739234,-1320.1220888448029,4.778560873130859
