index,bin_size,m12,m23,m34,m13,m24,m14,m12_err,m23_err,m34_err,m13_err,m24_err,m14_err,corr12,corr23,corr34,corr13,corr24,corr14,corr12_err,corr23_err,corr34_err,corr13_err,corr24_err,corr14_err
492,1,0.18992646115957268,,,,,,0.025744805979174057,,,,,,5.265195770482022,,,,,,0.713704887280239,,,,,
492,2,0.18899008067690756,,,,,,0.027621743875948353,,,,,,5.291282994421138,,,,,,0.7733446280544404,,,,,
492,4,0.18801969526832812,,,,,,0.02807525732354169,,,,,,5.318591749512583,,,,,,0.7941765449270176,,,,,
492,8,0.18902190018351808,,,,,,0.02917964082677398,,,,,,5.290392272160619,,,,,,0.8166870938473834,,,,,
492,16,0.1884956866221858,,,,,,0.02723496419254961,,,,,,5.305161183896824,,,,,,0.7665208550301554,,,,,
492,32,0.18785373070950517,,,,,,0.03322539260827751,,,,,,5.323290606064078,,,,,,0.9415220005821541,,,,,
