index,bin_size,m12,m23,m34,m13,m24,m14,m12_err,m23_err,m34_err,m13_err,m24_err,m14_err,corr12,corr23,corr34,corr13,corr24,corr14,corr12_err,corr23_err,corr34_err,corr13_err,corr24_err,corr14_err
1631,1,0.23413234156045235,,,,,,0.045631088535953386,,,,,,4.271088707075535,,,,,,0.832411385964605,,,,,
1631,2,0.2321485100314973,,,,,,0.04584239958252387,,,,,,4.307587414040791,,,,,,0.8506199046649766,,,,,
1631,4,0.23407650081861012,,,,,,0.04416575277452269,,,,,,4.2721076079948626,,,,,,0.8060648881071177,,,,,
1631,8,0.23503843572911523,,,,,,0.04849915090859232,,,,,,4.2546232785199125,,,,,,0.8779228631438092,,,,,
1631,16,0.23523007905942694,,,,,,0.05225847533127138,,,,,,4.251157011886081,,,,,,0.9444327218836897,,,,,
1631,32,0.23320673801398825,,,,,,0.05789004780225766,,,,,,4.288040768101725,,,,,,1.0644413071313097,,,,,
