index,bin_size,m12,m23,m34,m13,m24,m14,m12_err,m23_err,m34_err,m13_err,m24_err,m14_err,corr12,corr23,corr34,corr13,corr24,corr14,corr12_err,corr23_err,corr34_err,corr13_err,corr24_err,corr14_err
1111,1,0.10752839557270202,,,,,,0.06772294464701635,,,,,,9.29986906876036,,,,,,5.857192556568257,,,,,
1111,2,0.10791712189237225,,,,,,0.0672179752499676,,,,,,9.266370178008625,,,,,,5.771712869655828,,,,,
1111,4,0.10656621745279955,,,,,,0.0720443539920363,,,,,,9.383836865964781,,,,,,6.343966044159589,,,,,
1111,8,0.10951472970854205,,,,,,0.07608115573184836,,,,,,9.131191782706841,,,,,,6.343545072762083,,,,,
1111,16,0.10718359412917264,,,,,,0.0769718008288708,,,,,,9.329786037915905,,,,,,6.70000328428048,,,,,
1111,32,0.10775331503516912,,,,,,0.07150574168855049,,,,,,9.280456936973257,,,,,,6.1585665022958676,,,,,
