index,bin_size,m12,m23,m34,m13,m24,m14,m12_err,m23_err,m34_err,m13_err,m24_err,m14_err,corr12,corr23,corr34,corr13,corr24,corr14,corr12_err,corr23_err,corr34_err,corr13_err,corr24_err,corr14_err
2581,1,0.1597979965120686,,,,,,0.024248086022382903,,,,,,6.257900736098877,,,,,,0.9495870954614796,,,,,
2581,2,0.16067567730020993,,,,,,0.025180854190178913,,,,,,6.22371734666211,,,,,,0.9753717654126922,,,,,
2581,4,0.15934331384986727,,,,,,0.02612890484045147,,,,,,6.275757519027103,,,,,,1.0290903775912876,,,,,
2581,8,0.1593815405464961,,,,,,0.027912253878560982,,,,,,6.274252316618008,,,,,,1.0988005446496565,,,,,
2581,16,0.15985563793634838,,,,,,0.030824825028217113,,,,,,6.255644235695846,,,,,,1.2062704918851876,,,,,
2581,32,0.16077511091148597,,,,,,0.029734645230820783,,,,,,6.219868201804853,,,,,,1.1503370970457703,,,,,
