index,bin_size,m,n,a,b,corr
57,1,0.10813975730153677,16.0,19407.3443077537,-19415.59892175514,9.247292808431235
57,2,0.10714897134333719,16.0,19805.97444252195,-19812.043070958967,9.332800748928353
57,4,0.10937657301543324,16.0,18941.18998284365,-18947.540949919,9.142725653498927
57,8,0.11044775902850419,16.0,18544.566096489183,-18550.846670019975,9.05405423157496
57,16,0.10689275867038749,16.0,19892.653172808517,-19899.50980440119,9.355170662996745
57,32,0.10699839267716997,16.0,19831.954574886862,-19837.666138809553,9.34593478443315
