index,bin_size,m,n,a,b,corr
1899,1,0.18789824619092427,16.0,4589.429486858038,-4545.169406548756,5.322029450897032
1899,2,0.1873701744145034,16.0,4619.737761868591,-4574.927413938719,5.337028708676886
1899,4,0.18882143214055833,16.0,4530.559517833609,-4487.930102117371,5.296008978766785
1899,8,0.1875508037593595,16.0,4605.624660929833,-4560.333088126533,5.331888640067191
1899,16,0.18847465976673797,16.0,4555.583776380008,-4512.571740869147,5.305753045197857
1899,32,0.1883408629641766,16.0,4562.0310528242535,-4518.498274122391,5.309522236766034
