index,bin_size,m,n,a,b,corr
2092,1,-0.00003712539961940496,16.0,221686801329.9933,-221686801168.7731,-26935.736995469622
2092,2,-0.000011174219874453964,16.0,2446060106982.2266,-2446060106821.376,-89491.706019331
2092,4,-4.728217382898858e-8,16.0,1.3632341255060346e17,-1.363234125506033e17,-21149619.80421684
2092,8,8.928664908837695e-6,16.0,3831593427406.516,-3831593427245.258,111998.82739581687
2092,16,-0.00003795258754808755,16.0,212210645693.07724,-212210645532.25565,-26348.66459982359
2092,32,-1.6970195889731772e-6,16.0,106060125086337.77,-106060125086176.75,-589268.3894150415
