index,bin_size,m12,m23,m34,m13,m24,m14,m12_err,m23_err,m34_err,m13_err,m24_err,m14_err,corr12,corr23,corr34,corr13,corr24,corr14,corr12_err,corr23_err,corr34_err,corr13_err,corr24_err,corr14_err
2797,1,0.16919491391684208,,,,,,0.031150104896117633,,,,,,5.910343147143843,,,,,,1.0881403272918015,,,,,
2797,2,0.16903139379744167,,,,,,0.02955347374011589,,,,,,5.916060783349792,,,,,,1.0343649370552832,,,,,
2797,4,0.17001803489546102,,,,,,0.030243786682110002,,,,,,5.881728962547237,,,,,,1.0462758034736928,,,,,
2797,8,0.17120286477728913,,,,,,0.02893101872834202,,,,,,5.84102375448483,,,,,,0.9870557239419988,,,,,
2797,16,0.17078752497173746,,,,,,0.028980422726200283,,,,,,5.855228595680414,,,,,,0.993556173903421,,,,,
2797,32,0.16868987858587853,,,,,,0.03024897548162237,,,,,,5.928037937918776,,,,,,1.0629984190008386,,,,,
