index,bin_size,m12,m23,m34,m13,m24,m14,m12_err,m23_err,m34_err,m13_err,m24_err,m14_err,corr12,corr23,corr34,corr13,corr24,corr14,corr12_err,corr23_err,corr34_err,corr13_err,corr24_err,corr14_err
348,1,0.13670914265289968,,,,,,0.021409983292664848,,,,,,7.314799731711941,,,,,,1.145568884465681,,,,,
348,2,0.13652805839389107,,,,,,0.022203776857572636,,,,,,7.324501730735408,,,,,,1.1911954504835358,,,,,
348,4,0.13697973379372771,,,,,,0.02194482968219644,,,,,,7.3003500029125465,,,,,,1.1695521154653747,,,,,
348,8,0.13565022301985766,,,,,,0.022309578876283865,,,,,,7.371900891409602,,,,,,1.2124123406783798,,,,,
348,16,0.1373638472967912,,,,,,0.017624195822768595,,,,,,7.2799358759905655,,,,,,0.9340377252134032,,,,,
348,32,0.1371696427368149,,,,,,0.01682093748381723,,,,,,7.290242797516673,,,,,,0.8939931306386972,,,,,
