index,bin_size,m,n,a,b,corr
29,1,0.15153386613902736,16.0,7976.343300656177,-7953.781559669623,6.599184891663311
29,2,0.15256783032101687,16.0,7866.354150022688,-7844.657978585435,6.5544616967804235
29,4,0.15335098083950113,16.0,7770.113054492648,-7748.896819294361,6.520988613999224
29,8,0.15309265721634896,16.0,7795.762977478007,-7775.077196750336,6.53199192033626
29,16,0.15173459221478516,16.0,7970.601244665343,-7950.162177390617,6.590454987248181
29,32,0.15120086619745096,16.0,8037.074377872228,-8015.582624326368,6.613718724958328
