index,bin_size,m12,m23,m34,m13,m24,m14,m12_err,m23_err,m34_err,m13_err,m24_err,m14_err,corr12,corr23,corr34,corr13,corr24,corr14,corr12_err,corr23_err,corr34_err,corr13_err,corr24_err,corr14_err
1614,1,0.23040760898809712,,,,,,0.04528074641775661,,,,,,4.340134444308478,,,,,,0.8529428696161492,,,,,
1614,2,0.22898480523812784,,,,,,0.04629464527275089,,,,,,4.367101995960263,,,,,,0.8829120236281913,,,,,
1614,4,0.23032182852796923,,,,,,0.0439113215332946,,,,,,4.341750872642819,,,,,,0.827763568067233,,,,,
1614,8,0.2310218176575423,,,,,,0.041700820869976,,,,,,4.328595498639704,,,,,,0.7813373963446766,,,,,
1614,16,0.23110052645798268,,,,,,0.04447234050950269,,,,,,4.3271212546623685,,,,,,0.8326991409871979,,,,,
1614,32,0.23065646371601103,,,,,,0.046383169817907514,,,,,,4.3354518832440805,,,,,,0.8718246941714398,,,,,
