index,bin_size,m12,m23,m34,m13,m24,m14,m12_err,m23_err,m34_err,m13_err,m24_err,m14_err,corr12,corr23,corr34,corr13,corr24,corr14,corr12_err,corr23_err,corr34_err,corr13_err,corr24_err,corr14_err
2594,1,0.1479727201227233,,,,,,0.019680187496843964,,,,,,6.758002415381941,,,,,,0.8988059050920774,,,,,
2594,2,0.1482305489478039,,,,,,0.020506543231740247,,,,,,6.746247700614856,,,,,,0.9332908844141224,,,,,
2594,4,0.14763317808546597,,,,,,0.019625642339623176,,,,,,6.773545167611934,,,,,,0.900442411081048,,,,,
2594,8,0.1467253719697493,,,,,,0.01930353125157891,,,,,,6.815453841249571,,,,,,0.8966569615879326,,,,,
2594,16,0.14712884607994184,,,,,,0.02103301445539918,,,,,,6.796763698239394,,,,,,0.9716410678387756,,,,,
2594,32,0.14738543386046898,,,,,,0.017703363114266162,,,,,,6.784931005778415,,,,,,0.8149794328675202,,,,,
