index,bin_size,m,n,a,b,corr
2714,1,0.18837501858025194,16.0,4724.984579790292,-4796.061910873031,5.308559529479106
2714,2,0.1890977560171305,16.0,4678.13745083892,-4750.16012377965,5.288270051757829
2714,4,0.1897789206589504,16.0,4635.826366118058,-4708.999478849194,5.269289110338492
2714,8,0.18926560023298858,16.0,4667.139220452598,-4738.642546191101,5.283580316597344
2714,16,0.18915787938718118,16.0,4676.905048042869,-4751.196571324963,5.286589188035525
2714,32,0.1902124739411896,16.0,4609.9362473330175,-4682.852437638818,5.257278764531409
