index,bin_size,m,n,a,b,corr
2562,1,0.16907598044277508,54.0,225.16903195253175,84.73706837667164,5.914500672308429
2562,2,0.16883417489082908,54.0,226.90573086811037,71.92451199151304,5.922971463843835
2562,4,0.1689986228638409,54.0,225.9340727574862,79.53272432419418,5.91720798107143
2562,8,0.1687426215876551,54.0,227.540011698719,78.13600977008281,5.926185041996279
2562,16,0.16869536716795389,54.0,227.58677559837557,83.66446777130436,5.9278450664528055
2562,32,0.16891997364360709,54.0,226.07951868662053,78.52717422724311,5.919963035927491
