index,bin_size,m,n,a,b,corr
25,1,0.000028532221755049603,16.0,291312391896.25415,-291312391834.7982,35048.094346982325
25,2,0.000011270832470464814,16.0,1870325929470.6333,-1870325929410.2983,88724.59089605823
25,4,-2.522649969528029e-6,16.0,37279197845359.42,-37279197845295.76,-396408.54342827963
25,8,0.000031242432690682624,16.0,242955523347.66617,-242955523288.82327,32007.750801627823
25,16,0.000026939040253490676,16.0,327442880008.46155,-327442879945.68567,37120.847312681195
25,32,-0.000060100815942914624,16.0,65652170488.01729,-65652170426.07099,-16638.709214028426
