index,bin_size,m,n,a,b,corr
86,1,0.08359469483649913,16.0,37923.58549606668,-37898.00152904587,11.96248161388562
86,2,0.08760652294832891,16.0,34393.41016575105,-34368.42925118491,11.414675144564391
86,4,0.08034322846598949,16.0,41246.516563799196,-41218.00594598496,12.446599658654684
86,8,0.08031429937328383,16.0,41231.29467751424,-41207.07366143176,12.451082905575907
86,16,0.08136751273824504,16.0,40101.781713594944,-40076.30734135415,12.289917269770145
86,32,0.08520980449380242,16.0,36455.828697299374,-36431.395588052765,11.735738697449227
