index,bin_size,m,n,a,b,corr
228,1,0.10736732137089676,24.0,11275.74344552287,-11269.899882984828,9.3138208835958
228,2,0.10574954146950531,24.0,11699.113191979495,-11689.039373798143,9.456305777820956
228,4,0.10752042905511658,24.0,11228.227348441045,-11218.03345251204,9.3005581245159
228,8,0.10655607171825952,24.0,11474.915488557579,-11465.850247240114,9.384730347830937
228,16,0.1060203511373832,24.0,11611.52420556659,-11603.103323705349,9.432151367846169
228,32,0.10546424314624998,24.0,11749.879368176988,-11740.160157304537,9.48188665814701
