index,bin_size,m,n,a,b,corr
2981,1,0.09726943271252171,24.0,12898.000586896418,-12870.478707338621,10.280722032742643
2981,2,0.09733958078021046,24.0,12893.2091916535,-12864.38813239425,10.273313198851419
2981,4,0.09822568943402073,24.0,12619.015289067771,-12589.107472793941,10.18063610204244
2981,8,0.09782917637160417,24.0,12725.8574129765,-12696.548810025966,10.221899407611279
2981,16,0.09772143393625723,24.0,12772.62839077141,-12745.24958930485,10.233169528112844
2981,32,0.09668883901922805,24.0,13098.67425185583,-13069.0763213541,10.34245534586608
