index,bin_size,m12,m23,m34,m13,m24,m14,m12_err,m23_err,m34_err,m13_err,m24_err,m14_err,corr12,corr23,corr34,corr13,corr24,corr14,corr12_err,corr23_err,corr34_err,corr13_err,corr24_err,corr14_err
1967,1,0.12342220644027334,,,,,,0.0668609948975409,,,,,,8.102269671251758,,,,,,4.3892086097992165,,,,,
1967,2,0.1252333632358733,,,,,,0.06577409525382917,,,,,,7.985092583647456,,,,,,4.193868364121557,,,,,
1967,4,0.12401953226446852,,,,,,0.0686078974538391,,,,,,8.063246020534292,,,,,,4.460606696550047,,,,,
1967,8,0.12715174372244564,,,,,,0.06838891993732421,,,,,,7.864618846147004,,,,,,4.230007177729119,,,,,
1967,16,0.12213409100875201,,,,,,0.06610625530655853,,,,,,8.187722131802994,,,,,,4.431683612279411,,,,,
1967,32,0.12328663065435083,,,,,,0.06714310488116217,,,,,,8.111179571478617,,,,,,4.417427727460645,,,,,
