index,bin_size,m,n,a,b,corr
858,1,0.17180517777463433,16.0,6522.575101627449,-6588.754650743287,5.8205463476295884
858,2,0.17033310199736867,16.0,6657.081993443317,-6722.197825894192,5.8708494606964186
858,4,0.17065914406861166,16.0,6626.473926133012,-6691.935811104395,5.85963327929244
858,8,0.1708937163302082,16.0,6602.379415501309,-6668.513136932961,5.851590225048164
858,16,0.1711994461315552,16.0,6585.037411984989,-6650.854511876999,5.841140392659726
858,32,0.17114819506801573,16.0,6588.032106360472,-6655.75449828535,5.842889547287318
