index,bin_size,m,n,a,b,corr
335,1,0.17402966223928476,24.0,2564.6763116771863,-2558.9785123278975,5.746146875956322
335,2,0.1736281952091723,24.0,2580.1968415035017,-2577.0216206086993,5.759433246399216
335,4,0.17387784951917756,24.0,2568.3037845774434,-2562.607659120341,5.75116383579213
335,8,0.1743666843348045,24.0,2549.738872965655,-2547.161795032417,5.735040520010592
335,16,0.1733876157732747,24.0,2594.58251972765,-2591.678720314624,5.767424596850222
335,32,0.17344933364872067,24.0,2589.0016040724813,-2587.4780070731404,5.765372394138199
