index,bin_size,m12,m23,m34,m13,m24,m14,m12_err,m23_err,m34_err,m13_err,m24_err,m14_err,corr12,corr23,corr34,corr13,corr24,corr14,corr12_err,corr23_err,corr34_err,corr13_err,corr24_err,corr14_err
962,1,0.0968947469451104,,,,,,0.06911098546763896,,,,,,10.320476924992507,,,,,,7.36116614439699,,,,,
962,2,0.095292026541592,,,,,,0.06589884398250707,,,,,,10.494057438935158,,,,,,7.257126110231451,,,,,
962,4,0.09437575100781657,,,,,,0.06371085518421873,,,,,,10.59594217075079,,,,,,7.153071948801205,,,,,
962,8,0.09174288645165109,,,,,,0.06105023346855441,,,,,,10.900027660749528,,,,,,7.253415052001382,,,,,
962,16,0.09167268948932594,,,,,,0.05727367985193936,,,,,,10.908374190509996,,,,,,6.815145651041173,,,,,
962,32,0.09568480421775644,,,,,,0.05488687151158239,,,,,,10.450980259354786,,,,,,5.994908129402243,,,,,
