index,bin_size,m,n,a,b,corr
1735,1,0.07364936243824712,16.0,49984.07970262667,-50017.1899554894,13.577850057269286
1735,2,0.0752846327844156,16.0,47762.05172938828,-47795.68144346563,13.282923260894304
1735,4,0.07681119592232266,16.0,45808.526139132635,-45841.963300375464,13.018935429820365
1735,8,0.07869196792087256,16.0,43542.28550585075,-43577.15619390138,12.707777253779367
1735,16,0.07784398573676539,16.0,44543.585743333424,-44579.92929290295,12.846207584765335
1735,32,0.07674250777413785,16.0,45902.276531846655,-45938.385693503864,13.030587988382091
