index,bin_size,m12,m23,m34,m13,m24,m14,m12_err,m23_err,m34_err,m13_err,m24_err,m14_err,corr12,corr23,corr34,corr13,corr24,corr14,corr12_err,corr23_err,corr34_err,corr13_err,corr24_err,corr14_err
766,1,0.023103621236256613,,,,,,0.04302656133312882,,,,,,43.283258056130855,,,,,,80.6076994773094,,,,,
766,2,0.02068366459374769,,,,,,0.041490189181745164,,,,,,48.34733204396877,,,,,,96.98184496490408,,,,,
766,4,0.021753851519489397,,,,,,0.04186855564609178,,,,,,45.96887126420324,,,,,,88.4739993186502,,,,,
766,8,0.021144177599636004,,,,,,0.041056028057412035,,,,,,47.29434357462146,,,,,,91.8322733341953,,,,,
766,16,0.02450113804170791,,,,,,0.04502167987817078,,,,,,40.81443067247388,,,,,,74.99791352621693,,,,,
766,32,0.019878198356742195,,,,,,0.03999749387738307,,,,,,50.30636992616711,,,,,,101.22289188410137,,,,,
