index,bin_size,m,n,a,b,corr
1083,1,0.16152177118981786,16.0,6620.504689598178,-6536.550102001808,6.191115864033064
1083,2,0.1633827328502548,16.0,6446.681316683577,-6363.635685061724,6.12059782912635
1083,4,0.16449637783366874,16.0,6341.845308582451,-6260.289339611629,6.07916121418281
1083,8,0.16405919409489192,16.0,6391.394479291404,-6309.612273035537,6.095360918459709
1083,16,0.16252437174371281,16.0,6521.162272174963,-6437.980271612694,6.152923338641883
1083,32,0.16279512506555158,16.0,6505.446579989256,-6421.983395981128,6.142690081151613
