index,bin_size,m,n,a,b,corr
1920,1,0.14870935824394,16.0,6766.189836738069,-6697.714072282955,6.72452636342912
1920,2,0.1483382407561265,16.0,6810.372628695838,-6742.291645614609,6.7413500045752635
1920,4,0.15003228996411216,16.0,6634.218905375375,-6567.05884371501,6.665231866014981
1920,8,0.1495844314633047,16.0,6681.470239193053,-6614.7339922063,6.685187691108851
1920,16,0.14991485414958725,16.0,6643.018395872621,-6575.0686891438545,6.670453075998629
1920,32,0.14960073416947467,16.0,6677.951921709275,-6610.162929590122,6.684459174292243
