index,bin_size,m12,m23,m34,m13,m24,m14,m12_err,m23_err,m34_err,m13_err,m24_err,m14_err,corr12,corr23,corr34,corr13,corr24,corr14,corr12_err,corr23_err,corr34_err,corr13_err,corr24_err,corr14_err
2,1,0.0002928607329904491,,,,,,0.0037857761799593953,,,,,,3414.5922868826956,,,,,,44140.03206218556,,,,,
2,2,0.00046838986592532216,,,,,,0.006119791728413774,,,,,,2134.9736037189055,,,,,,27894.697880811582,,,,,
2,4,0.0006501069499404954,,,,,,0.007481850143208751,,,,,,1538.2084441514285,,,,,,17702.69502458429,,,,,
2,8,0.0003200399002206248,,,,,,0.004778986991291181,,,,,,3124.6103979867303,,,,,,46658.158668771604,,,,,
2,16,0.0003008437528637756,,,,,,0.005457652239610494,,,,,,3323.9845949296077,,,,,,60300.909679061246,,,,,
2,32,0.0001588310525325739,,,,,,0.002970572360411013,,,,,,6295.998068733536,,,,,,117752.27542703155,,,,,
