index,bin_size,m,n,a,b,corr
1108,1,0.0781469707325555,16.0,42017.43555469038,-41978.26725607541,12.796401327216216
1108,2,0.08152474364557645,16.0,38433.235313462916,-38391.894683657665,12.266214590596388
1108,4,0.08173621355411047,16.0,38235.05511319099,-38196.823838897035,12.23447914354372
1108,8,0.07820041112280199,16.0,41933.488745023795,-41893.36933578903,12.787656556301863
1108,16,0.07965517192494982,16.0,40319.58007415114,-40280.64298448509,12.554112631157063
1108,32,0.08151224535988083,16.0,38484.220097848585,-38444.50638907352,12.268095371253088
