index,bin_size,m12,m23,m34,m13,m24,m14,m12_err,m23_err,m34_err,m13_err,m24_err,m14_err,corr12,corr23,corr34,corr13,corr24,corr14,corr12_err,corr23_err,corr34_err,corr13_err,corr24_err,corr14_err
1806,1,0.06611747477217524,,,,,,0.06483848423481256,,,,,,15.124594571189496,,,,,,14.832021187153675,,,,,
1806,2,0.06515576665798868,,,,,,0.06340538328588431,,,,,,15.34783567583716,,,,,,14.935522265332892,,,,,
1806,4,0.0651904352380052,,,,,,0.06344415811946685,,,,,,15.339673624651805,,,,,,14.92876486236517,,,,,
1806,8,0.0666650663828676,,,,,,0.0594426482802065,,,,,,15.000360072498065,,,,,,13.375237980639065,,,,,
1806,16,0.061465011461220645,,,,,,0.055017325862464606,,,,,,16.26941858834465,,,,,,14.562755017666117,,,,,
1806,32,0.0637596386629029,,,,,,0.05549298907022484,,,,,,15.683903186575415,,,,,,13.650432881412884,,,,,
