index,bin_size,m12,m23,m34,m13,m24,m14,m12_err,m23_err,m34_err,m13_err,m24_err,m14_err,corr12,corr23,corr34,corr13,corr24,corr14,corr12_err,corr23_err,corr34_err,corr13_err,corr24_err,corr14_err
1589,1,0.07106183640467706,,,,,,0.06265684371892535,,,,,,14.072251022409311,,,,,,12.407825039356226,,,,,
1589,2,0.07383512241647834,,,,,,0.06313968560354492,,,,,,13.543689876470259,,,,,,11.581809479351488,,,,,
1589,4,0.07207862161455415,,,,,,0.06451076907412724,,,,,,13.873739225308375,,,,,,12.417074124206193,,,,,
1589,8,0.07520001734745523,,,,,,0.06543338646359827,,,,,,13.297869272816598,,,,,,11.57080343811998,,,,,
1589,16,0.07534215753397172,,,,,,0.0667650869292741,,,,,,13.27278157051848,,,,,,11.761787083803187,,,,,
1589,32,0.07140799175126752,,,,,,0.061739996775333116,,,,,,14.00403477923393,,,,,,12.108015376251055,,,,,
