index,bin_size,m,n,a,b,corr
1106,1,0.03879571138098112,16.0,182770.57430182927,-182730.94903447884,25.77604493908653
1106,2,0.04804430033651779,16.0,118483.56370192391,-118446.33539379283,20.814123485942705
1106,4,0.04296349198063332,16.0,148800.29924989998,-148761.68309000166,23.275575468836905
1106,8,0.0409332907761022,16.0,164130.18648900665,-164089.19696081002,24.42999282588399
1106,16,0.04069566120297533,16.0,166096.55853425627,-166058.68228887417,24.57264412076657
1106,32,0.044931750445444625,16.0,135791.25879816277,-135752.11298401002,22.255976900214097
