index,bin_size,m12,m23,m34,m13,m24,m14,m12_err,m23_err,m34_err,m13_err,m24_err,m14_err,corr12,corr23,corr34,corr13,corr24,corr14,corr12_err,corr23_err,corr34_err,corr13_err,corr24_err,corr14_err
2534,1,0.0790211819539908,,,,,,0.011953192847204233,,,,,,12.654834757878449,,,,,,1.9142421888664858,,,,,
2534,2,0.07891262510186604,,,,,,0.012150650428227808,,,,,,12.672243493473049,,,,,,1.9512213746762597,,,,,
2534,4,0.07875358738206496,,,,,,0.011236218990807238,,,,,,12.697834260534728,,,,,,1.811671711768085,,,,,
2534,8,0.07858859792257927,,,,,,0.010933672921325131,,,,,,12.724492183778866,,,,,,1.7703005182056337,,,,,
2534,16,0.07870007953866127,,,,,,0.012220748395167139,,,,,,12.706467463082445,,,,,,1.9730925656997078,,,,,
2534,32,0.07901150732818786,,,,,,0.010989163645885812,,,,,,12.656384289016641,,,,,,1.7602888847508826,,,,,
