index,bin_size,m12,m23,m34,m13,m24,m14,m12_err,m23_err,m34_err,m13_err,m24_err,m14_err,corr12,corr23,corr34,corr13,corr24,corr14,corr12_err,corr23_err,corr34_err,corr13_err,corr24_err,corr14_err
1119,1,0.14953708620994596,,,,,,0.060462537312199256,,,,,,6.687304302532867,,,,,,2.703887016644513,,,,,
1119,2,0.1464060458158598,,,,,,0.06373755034145606,,,,,,6.830319024241227,,,,,,2.9735643786413917,,,,,
1119,4,0.14866991181507047,,,,,,0.0651122801588497,,,,,,6.726310574824941,,,,,,2.9458914264253906,,,,,
1119,8,0.14535942125501042,,,,,,0.07082270022700442,,,,,,6.879499047025346,,,,,,3.3518618505275897,,,,,
1119,16,0.14421138815362314,,,,,,0.06598328912874533,,,,,,6.9342651284566825,,,,,,3.1727426434514796,,,,,
1119,32,0.14605233678806664,,,,,,0.06829778171910747,,,,,,6.846860666468337,,,,,,3.201765925444645,,,,,
