index,bin_size,m12,m23,m34,m13,m24,m14,m12_err,m23_err,m34_err,m13_err,m24_err,m14_err,corr12,corr23,corr34,corr13,corr24,corr14,corr12_err,corr23_err,corr34_err,corr13_err,corr24_err,corr14_err
2575,1,0.12007485140825372,,,,,,0.017012318880689426,,,,,,8.328138559172615,,,,,,1.1799385732279244,,,,,
2575,2,0.12067550211937719,,,,,,0.01711936175206061,,,,,,8.286686050087935,,,,,,1.1755722887058973,,,,,
2575,4,0.1210154486049293,,,,,,0.017853554926823306,,,,,,8.26340778411383,,,,,,1.2191105057838556,,,,,
2575,8,0.12087723681626764,,,,,,0.015957508185392745,,,,,,8.272856216261722,,,,,,1.0921342534346155,,,,,
2575,16,0.1204757953229536,,,,,,0.01752306794079133,,,,,,8.300422481705546,,,,,,1.2072870462842793,,,,,
2575,32,0.11971879451260183,,,,,,0.014854481841538468,,,,,,8.3529073615483,,,,,,1.036412964491649,,,,,
