index,bin_size,m,n,a,b,corr
113,1,0.12181819233162312,16.0,13193.44164070119,-13237.115416519542,8.208954515411959
113,2,0.12065383103519853,16.0,13472.821004655016,-13515.89533565796,8.288174452647661
113,4,0.12138403065694311,16.0,13312.420610676652,-13357.009765073732,8.238315984301188
113,8,0.12024814323661233,16.0,13558.591366070854,-13600.663028753443,8.316136724309327
113,16,0.12002349030893657,16.0,13630.220164060891,-13674.365814746969,8.331702381142495
113,32,0.119248186097647,16.0,13816.008567098268,-13858.315909126042,8.385871791635848
