index,bin_size,m,n,a,b,corr
1211,1,5.8773304277760575e-6,16.0,7496821982904.185,-7496821982918.67,170145.27467675376
1211,2,2.500227938599628e-6,16.0,41426500696252.59,-41426500696267.34,399963.5331489407
1211,4,0.00006015811218888134,16.0,71526424759.04593,-71526424772.21777,16622.86204826793
1211,8,0.003953066456260842,16.0,16587088.456986852,-16587104.821792481,252.96817320543806
1211,16,0.00007559827226257065,16.0,45324016002.71361,-45324016017.60871,13227.815531640246
1211,32,0.0000930790682517509,16.0,29902797640.65664,-29902797656.081997,10743.554042626432
