index,bin_size,m12,m23,m34,m13,m24,m14,m12_err,m23_err,m34_err,m13_err,m24_err,m14_err,corr12,corr23,corr34,corr13,corr24,corr14,corr12_err,corr23_err,corr34_err,corr13_err,corr24_err,corr14_err
2433,1,0.01607659727271338,,,,,,0.030295743966144033,,,,,,62.20221748648815,,,,,,117.21774347706827,,,,,
2433,2,0.01759643079879255,,,,,,0.031163088933479178,,,,,,56.82970662826799,,,,,,100.64479677559214,,,,,
2433,4,0.016419428273910623,,,,,,0.030585215762725586,,,,,,60.9034604200521,,,,,,113.44764547031698,,,,,
2433,8,0.016538639407893924,,,,,,0.030563493091698788,,,,,,60.46446599003169,,,,,,111.73865292071929,,,,,
2433,16,0.01291396829264345,,,,,,0.025940890132745694,,,,,,77.4355316149923,,,,,,155.54836224428163,,,,,
2433,32,0.012336500026193253,,,,,,0.024903052687472126,,,,,,81.06026813737834,,,,,,163.63215855385988,,,,,
