index,bin_size,m12,m23,m34,m13,m24,m14,m12_err,m23_err,m34_err,m13_err,m24_err,m14_err,corr12,corr23,corr34,corr13,corr24,corr14,corr12_err,corr23_err,corr34_err,corr13_err,corr24_err,corr14_err
1578,1,0.1646357094885163,,,,,,0.055034287212331036,,,,,,6.07401640328675,,,,,,2.030417120984373,,,,,
1578,2,0.1643039248803592,,,,,,0.057096442550372696,,,,,,6.0862818750566525,,,,,,2.1150136472855943,,,,,
1578,4,0.16355035392262415,,,,,,0.055008147985723004,,,,,,6.114324891483274,,,,,,2.0564779005163354,,,,,
1578,8,0.16418111336906,,,,,,0.05820080508002121,,,,,,6.0908345636085235,,,,,,2.1591489297211686,,,,,
1578,16,0.16325820986150125,,,,,,0.06288423193076637,,,,,,6.125266232236294,,,,,,2.359346355153625,,,,,
1578,32,0.1650582130261213,,,,,,0.049335989226387884,,,,,,6.0584685952085575,,,,,,1.810879542809034,,,,,
