index,bin_size,m,n,a,b,corr
734,1,-6.068576199570967e-6,16.0,7556004339920.857,-7556004339809.777,-164783.29794568577
734,2,3.931916204322853e-6,16.0,17982925232428.23,-17982925232316.785,254328.91954832952
734,4,-0.00004350459773383871,16.0,147200292795.38657,-147200292682.89566,-22986.076233091582
734,8,-0.000012166563932992528,16.0,1878125475008.773,-1878125474899.5068,-82192.47484396663
734,16,-5.369746574315975e-7,16.0,966225946099084.5,-966225946098972.9,-1862285.2795010814
734,32,0.00005235627598521291,16.0,101595869674.23029,-101595869563.99269,19099.906958287713
