index,bin_size,m12,m23,m34,m13,m24,m14,m12_err,m23_err,m34_err,m13_err,m24_err,m14_err,corr12,corr23,corr34,corr13,corr24,corr14,corr12_err,corr23_err,corr34_err,corr13_err,corr24_err,corr14_err
2822,1,0.040104553471344964,,,,,,0.04208171824157099,,,,,,24.934824438688945,,,,,,26.164117677601883,,,,,
2822,2,0.0387991143215201,,,,,,0.04104696531512705,,,,,,25.773784208402553,,,,,,27.2670045422939,,,,,
2822,4,0.03954835013423574,,,,,,0.04258493780230906,,,,,,25.28550487203086,,,,,,27.226967714723493,,,,,
2822,8,0.038416787116330675,,,,,,0.04175350132942113,,,,,,26.030287149518234,,,,,,28.29116411561157,,,,,
2822,16,0.036365262372362525,,,,,,0.03749319267407295,,,,,,27.49877038588333,,,,,,28.351691397711026,,,,,
2822,32,0.03716819217742655,,,,,,0.03836598765612094,,,,,,26.904725288396794,,,,,,27.771766605663995,,,,,
