index,bin_size,m,n,a,b,corr
1595,1,0.20798135323017888,16.0,3383.995014967982,-3405.5285111007897,4.808123346006272
1595,2,0.20681346317983068,16.0,3436.601880811253,-3456.8334819669867,4.835275153873659
1595,4,0.20754542071866652,16.0,3401.9255209578564,-3422.594436405944,4.818222423493156
1595,8,0.20656205162635832,16.0,3443.5962961300643,-3462.966245930463,4.841160281506398
1595,16,0.20854273342774932,16.0,3361.337615297833,-3382.0401614520424,4.795180266237639
1595,32,0.2065481891400252,16.0,3447.6177090451315,-3468.270972660315,4.841485196086953
