index,bin_size,m,n,a,b,corr
2345,1,0.22246045065018671,24.0,1036.4199354736893,-945.0240325361746,4.495181040392991
2345,2,0.22227427885368237,24.0,1040.837219792963,-949.1493892325542,4.498946100094088
2345,4,0.22249395016624302,24.0,1036.6873528624612,-945.4669256303428,4.494504229228795
2345,8,0.2224863235150212,24.0,1036.326708182411,-944.5028364754112,4.4946582971985904
2345,16,0.2227705546674138,24.0,1032.108651263145,-940.1068103547412,4.488923598960168
2345,32,0.222532862362296,24.0,1036.0338608584848,-944.3898749746634,4.493718318204813
