index,bin_size,m,n,a,b,corr
2765,1,0.17343103797628337,24.0,2514.044066768184,-2592.3802422510544,5.765980597641061
2765,2,0.17405581954694618,24.0,2489.362016329678,-2569.4515196918533,5.74528333843087
2765,4,0.17291869194754042,24.0,2532.508910065367,-2610.620106800981,5.783064796160829
2765,8,0.17405900565609547,24.0,2485.4343918866134,-2564.6315560249895,5.745178172370999
2765,16,0.1733727097469528,24.0,2516.655849945293,-2595.906470365862,5.767920461412619
2765,32,0.1737289252478974,24.0,2500.907689982999,-2580.3047062433293,5.756093860438492
