index,bin_size,m12,m23,m34,m13,m24,m14,m12_err,m23_err,m34_err,m13_err,m24_err,m14_err,corr12,corr23,corr34,corr13,corr24,corr14,corr12_err,corr23_err,corr34_err,corr13_err,corr24_err,corr14_err
1410,1,0.23688494135172197,,,,,,0.04938703457149633,,,,,,4.221458714487133,,,,,,0.8801122025100181,,,,,
1410,2,0.23681169723885745,,,,,,0.05003709972441872,,,,,,4.22276438055913,,,,,,0.892248503289262,,,,,
1410,4,0.23798975954762847,,,,,,0.04554962501776132,,,,,,4.201861466227801,,,,,,0.804207771490075,,,,,
1410,8,0.2360442971380612,,,,,,0.04771967278115327,,,,,,4.2364929469789505,,,,,,0.8564666023312331,,,,,
1410,16,0.23874879259998144,,,,,,0.041657202550760004,,,,,,4.188502857375614,,,,,,0.7308154735109916,,,,,
1410,32,0.23846090816050317,,,,,,0.04401748575725093,,,,,,4.1935594715043205,,,,,,0.7740889093019911,,,,,
