index,bin_size,m,n,a,b,corr
1071,1,0.0951631517008652,16.0,29671.829964824545,-29693.968459609412,10.508269031939893
1071,2,0.09664745972737407,16.0,28682.55877752621,-28703.568571517728,10.346883434089511
1071,4,0.0950665515455579,16.0,29740.02668961206,-29760.48163417554,10.518946819279321
1071,8,0.09830908818224163,16.0,27668.467746145496,-27691.401905311704,10.171999542364164
1071,16,0.09439094483319557,16.0,30180.384542964723,-30201.484231492977,10.594236573933713
1071,32,0.09729880759419687,16.0,28281.253951134135,-28303.283878447863,10.277618243490604
