index,bin_size,m12,m23,m34,m13,m24,m14,m12_err,m23_err,m34_err,m13_err,m24_err,m14_err,corr12,corr23,corr34,corr13,corr24,corr14,corr12_err,corr23_err,corr34_err,corr13_err,corr24_err,corr14_err
2644,1,0.08290955798222766,,,,,,0.01873672133627956,,,,,,12.061335560543673,,,,,,2.7257398162671285,,,,,
2644,2,0.08287821616743254,,,,,,0.01882893767502133,,,,,,12.065896760854217,,,,,,2.741227171738291,,,,,
2644,4,0.08292389963513172,,,,,,0.01784072122239351,,,,,,12.059249557727478,,,,,,2.5944958022637308,,,,,
2644,8,0.08145552261380538,,,,,,0.019592171437461912,,,,,,12.276638439129188,,,,,,2.9528507982881522,,,,,
2644,16,0.08308080242613615,,,,,,0.02122778679014106,,,,,,12.036474983364062,,,,,,3.0754123358266883,,,,,
2644,32,0.08295492088414852,,,,,,0.023204219779681748,,,,,,12.054739964089164,,,,,,3.3719619346546614,,,,,
