index,bin_size,m,n,a,b,corr
2180,1,0.00003647962966753812,24.0,124369938856.00206,-124369938844.08717,27412.5589846616
2180,2,0.004519880037213958,24.0,8104338.866029137,-8104330.380195598,221.24480998756712
2180,4,0.00003108657534425283,24.0,171434373959.28024,-171434373947.3584,32168.226603477447
2180,8,0.014137990995240442,24.0,825160.4497991614,-825154.3901260144,70.73140733620853
2180,16,0.0037759396163711727,24.0,11608225.245998587,-11608217.119845238,264.8347435600783
2180,32,-0.000050248667999570044,24.0,65537083553.98248,-65537083544.18192,-19901.025038286716
