index,bin_size,m,n,a,b,corr
2784,1,0.18171094630043655,24.0,2000.6711853116562,-2050.9894498661665,5.503245788762906
2784,2,0.18091613155032987,24.0,2024.9411151710706,-2075.9770594161428,5.527423074054651
2784,4,0.1802661512954557,24.0,2047.2582716368183,-2099.1801465235676,5.547353137644809
2784,8,0.18105894832719105,24.0,2020.5426707815354,-2074.012513559833,5.523063119713383
2784,16,0.1810127021074951,24.0,2022.371578669664,-2074.3692949290544,5.524474185276491
2784,32,0.18111453239488814,24.0,2016.7733106524256,-2068.217791420582,5.521368091102028
