index,bin_size,m12,m23,m34,m13,m24,m14,m12_err,m23_err,m34_err,m13_err,m24_err,m14_err,corr12,corr23,corr34,corr13,corr24,corr14,corr12_err,corr23_err,corr34_err,corr13_err,corr24_err,corr14_err
1116,1,0.1709580420661186,,,,,,0.055333368684438916,,,,,,5.849388469325396,,,,,,1.893250325284545,,,,,
1116,2,0.17077190614725793,,,,,,0.053883187905764816,,,,,,5.855764115777289,,,,,,1.847653078898006,,,,,
1116,4,0.17114950703588316,,,,,,0.057763756283294054,,,,,,5.842844757889605,,,,,,1.9719873369258158,,,,,
1116,8,0.16986567650360668,,,,,,0.056633762159197285,,,,,,5.887004488389198,,,,,,1.9627462056378513,,,,,
1116,16,0.17130406069193443,,,,,,0.0538744349880583,,,,,,5.83757323650579,,,,,,1.8358931980236928,,,,,
1116,32,0.17139814884989488,,,,,,0.057876646776547254,,,,,,5.8343687298266484,,,,,,1.9701128653147453,,,,,
