index,bin_size,m12,m23,m34,m13,m24,m14,m12_err,m23_err,m34_err,m13_err,m24_err,m14_err,corr12,corr23,corr34,corr13,corr24,corr14,corr12_err,corr23_err,corr34_err,corr13_err,corr24_err,corr14_err
1299,1,0.10758116086165384,,,,,,0.06544313679542767,,,,,,9.29530776569673,,,,,,5.654466756018425,,,,,
1299,2,0.10748939444104023,,,,,,0.0672861160500327,,,,,,9.303243405548415,,,,,,5.823636077611287,,,,,
1299,4,0.10782435848803779,,,,,,0.06791275244332198,,,,,,9.274342217495704,,,,,,5.841408341523421,,,,,
1299,8,0.10944855382756828,,,,,,0.06149135248086465,,,,,,9.136712775350682,,,,,,5.133268610114724,,,,,
1299,16,0.10767852029855995,,,,,,0.06308976815893398,,,,,,9.286903248923764,,,,,,5.441276229135615,,,,,
1299,32,0.10606100204131494,,,,,,0.060517027002807644,,,,,,9.42853622682596,,,,,,5.379800025022493,,,,,
