index,bin_size,m12,m23,m34,m13,m24,m14,m12_err,m23_err,m34_err,m13_err,m24_err,m14_err,corr12,corr23,corr34,corr13,corr24,corr14,corr12_err,corr23_err,corr34_err,corr13_err,corr24_err,corr14_err
924,1,0.028312045822812496,,,,,,0.04805706035226637,,,,,,35.320654899274274,,,,,,59.953521366806605,,,,,
924,2,0.025907115934855725,,,,,,0.044699942506910326,,,,,,38.599433550015064,,,,,,66.59917162618694,,,,,
924,4,0.029598725742494253,,,,,,0.04864549547788659,,,,,,33.78523821261405,,,,,,55.52602726851517,,,,,
924,8,0.029848476104000432,,,,,,0.04925189991512328,,,,,,33.50254788605356,,,,,,55.28135271081346,,,,,
924,16,0.028575913951885842,,,,,,0.04778380212782709,,,,,,34.994506271391046,,,,,,58.5167832618981,,,,,
924,32,0.03637191044844179,,,,,,0.05575584960201852,,,,,,27.49374414680604,,,,,,42.14617942103086,,,,,
