index,bin_size,m12,m23,m34,m13,m24,m14,m12_err,m23_err,m34_err,m13_err,m24_err,m14_err,corr12,corr23,corr34,corr13,corr24,corr14,corr12_err,corr23_err,corr34_err,corr13_err,corr24_err,corr14_err
2494,1,0.14459223679337915,,,,,,0.03414596095147667,,,,,,6.916000624770677,,,,,,1.6332376655274292,,,,,
2494,2,0.14409128129054236,,,,,,0.03395422140515343,,,,,,6.940045164728759,,,,,,1.6353788235793254,,,,,
2494,4,0.14388290559534161,,,,,,0.0349373940934467,,,,,,6.950095953805761,,,,,,1.6876100765457624,,,,,
2494,8,0.14602687622422408,,,,,,0.030598910526524182,,,,,,6.848054453102875,,,,,,1.4349619118709855,,,,,
2494,16,0.14553393859090744,,,,,,0.02883330752400221,,,,,,6.871249480926762,,,,,,1.3613377833098783,,,,,
2494,32,0.1457992999697387,,,,,,0.026322838480786256,,,,,,6.858743493333332,,,,,,1.2382885047707992,,,,,
