index,bin_size,m12,m23,m34,m13,m24,m14,m12_err,m23_err,m34_err,m13_err,m24_err,m14_err,corr12,corr23,corr34,corr13,corr24,corr14,corr12_err,corr23_err,corr34_err,corr13_err,corr24_err,corr14_err
2371,1,0.11289115482640429,,,,,,0.039236135606488844,,,,,,8.858089914464303,,,,,,3.0786930794785516,,,,,
2371,2,0.11226136310846181,,,,,,0.041642937396954634,,,,,,8.907784230571346,,,,,,3.3043096109644674,,,,,
2371,4,0.11279586967459711,,,,,,0.04111901700246041,,,,,,8.865572851957106,,,,,,3.2318882055508014,,,,,
2371,8,0.11233589903806564,,,,,,0.04579484042381049,,,,,,8.901873831633683,,,,,,3.6289369211744256,,,,,
2371,16,0.11220195677555676,,,,,,0.04466009067184115,,,,,,8.912500536869874,,,,,,3.5474700578141176,,,,,
2371,32,0.11100616827479332,,,,,,0.04967964074013189,,,,,,9.008508405807884,,,,,,4.031662998195919,,,,,
