index,bin_size,m,n,a,b,corr
519,1,0.13073173487725034,54.0,886.5954200677229,-769.2212944746049,7.649252118767819
519,2,0.13017047751949526,54.0,900.8651537061448,-783.255449455773,7.682233476098548
519,4,0.13073908080981125,54.0,884.635720898446,-764.9816866576357,7.648822324632372
519,8,0.13032771832075418,54.0,896.2285397497571,-781.2351803589357,7.672964837294738
519,16,0.13058203686735137,54.0,889.3287465615842,-770.3226961084655,7.658021148925912
519,32,0.1309306680769493,54.0,881.5745255436219,-765.3202073793675,7.637630012032702
