index,bin_size,m,n,a,b,corr
2908,1,0.06600461605425537,24.0,39209.310805042114,-39306.13427926101,15.150455525383354
2908,2,0.06867937746448859,24.0,36036.99655781425,-36135.53382015425,14.560411537175927
2908,4,0.06815215613684047,24.0,36599.1056927843,-36700.08215120183,14.673050079180662
2908,8,0.06831881132704545,24.0,36413.60916033984,-36512.776682514064,14.637257009829279
2908,16,0.06879865256486742,24.0,35866.61678295573,-35965.12765447577,14.53516838948468
2908,32,0.06952680349209152,24.0,35037.814477947904,-35133.99848674287,14.382942257855234
