index,bin_size,m,n,a,b,corr
1011,1,0.10447150611074775,16.0,19890.49876839917,-19781.606737203787,9.571987972872947
1011,2,0.1046203264898297,16.0,19827.066073930186,-19718.104711119857,9.558372006201028
1011,4,0.10189939517514865,16.0,20994.09556043316,-20883.592950966544,9.813600937288793
1011,8,0.10233004301165777,16.0,20782.087398761225,-20671.640145883477,9.772301179293716
1011,16,0.10278433057267027,16.0,20584.055787920915,-20474.913548396737,9.72910943164613
1011,32,0.10194717158391314,16.0,20947.154954677135,-20837.838383114464,9.80900190229305
