index,bin_size,m12,m23,m34,m13,m24,m14,m12_err,m23_err,m34_err,m13_err,m24_err,m14_err,corr12,corr23,corr34,corr13,corr24,corr14,corr12_err,corr23_err,corr34_err,corr13_err,corr24_err,corr14_err
2092,1,0.0015651032124633212,,,,,,0.010994544198580638,,,,,,638.9354976954502,,,,,,4488.39700379784,,,,,
2092,2,0.0024879289074937493,,,,,,0.014658301367842675,,,,,,401.9407455687165,,,,,,2368.1418559892772,,,,,
2092,4,0.0019847336833510487,,,,,,0.01289725485228972,,,,,,503.84593579909813,,,,,,3274.106493380856,,,,,
2092,8,0.0016685045965648573,,,,,,0.011556319637227032,,,,,,599.3390740779589,,,,,,4151.114672014842,,,,,
2092,16,0.002785914434158616,,,,,,0.01621107267218154,,,,,,358.94856918030706,,,,,,2088.700668337267,,,,,
2092,32,0.0031852596782263867,,,,,,0.016848814579971262,,,,,,313.94614600364986,,,,,,1660.6559390653651,,,,,
