index,bin_size,m,n,a,b,corr
1004,1,0.000043310901687597204,16.0,151268985145.66595,-151268985157.37308,23088.875110775323
1004,2,0.00003635193037008438,16.0,214899687505.4584,-214899687513.53952,27508.855508343087
1004,4,-1.44203558013345e-7,16.0,1.3647744286008212e16,-1.3647744286008218e16,-6934641.653623118
1004,8,0.00003562098353094999,16.0,223433364503.84335,-223433364514.79053,28073.34051096962
1004,16,0.00002647182372443392,16.0,405965890842.6695,-405965890847.01154,37776.014618780646
1004,32,0.00002129776242673456,16.0,625918433087.0017,-625918433095.1908,46953.28926876959
