index,bin_size,m12,m23,m34,m13,m24,m14,m12_err,m23_err,m34_err,m13_err,m24_err,m14_err,corr12,corr23,corr34,corr13,corr24,corr14,corr12_err,corr23_err,corr34_err,corr13_err,corr24_err,corr14_err
615,1,0.11076318875744302,,,,,,0.06751896317813,,,,,,9.028270233261972,,,,,,5.503447962090744,,,,,
615,2,0.11275711787653024,,,,,,0.06965373594652653,,,,,,8.86861972735953,,,,,,5.478434606461632,,,,,
615,4,0.11062740003588399,,,,,,0.06787916378611752,,,,,,9.039351911693052,,,,,,5.546398529976663,,,,,
615,8,0.11387513114729077,,,,,,0.06391324949845908,,,,,,8.78154861316084,,,,,,4.928708330266096,,,,,
615,16,0.11054050528597498,,,,,,0.06015567689354996,,,,,,9.04645765290234,,,,,,4.923044111217948,,,,,
615,32,0.1138274086138306,,,,,,0.05291144613015237,,,,,,8.785230307689663,,,,,,4.0837197809124435,,,,,
