index,bin_size,m,n,a,b,corr
21,1,-1.0670534461320628e-6,16.0,231806526418541.2,-231806526418545.88,-937160.1803310572
21,2,-0.000024485875170111633,16.0,440303346896.1207,-440303346904.7395,-40839.87168327302
21,4,-0.00003685523275118446,16.0,194234949739.91852,-194234949746.5048,-27133.18911187345
21,8,-8.170571327158336e-6,16.0,3954388748473.8037,-3954388748481.394,-122390.46205692847
21,16,0.00003808759560758211,16.0,181802899670.9292,-181802899678.226,26255.267208333036
21,32,-5.16244790646233e-6,16.0,9896701186759.146,-9896701186768.71,-193706.55513021338
