index,bin_size,m12,m23,m34,m13,m24,m14,m12_err,m23_err,m34_err,m13_err,m24_err,m14_err,corr12,corr23,corr34,corr13,corr24,corr14,corr12_err,corr23_err,corr34_err,corr13_err,corr24_err,corr14_err
824,1,0.07438494184690576,,,,,,0.06770330047926212,,,,,,13.443581122347783,,,,,,12.236008923915143,,,,,
824,2,0.07513345679099989,,,,,,0.06659552158062726,,,,,,13.309649824601019,,,,,,11.797182107438786,,,,,
824,4,0.07682587371143493,,,,,,0.06527829486518241,,,,,,13.016448127307894,,,,,,11.059965840977949,,,,,
824,8,0.07170193385619933,,,,,,0.06289620885660191,,,,,,13.946625233365868,,,,,,12.233838145589882,,,,,
824,16,0.07451499407553251,,,,,,0.06433410525923133,,,,,,13.420117822009686,,,,,,11.586544201792416,,,,,
824,32,0.07791246770215444,,,,,,0.06830194756140331,,,,,,12.834916278391063,,,,,,11.251726513822472,,,,,
