index,bin_size,m12,m23,m34,m13,m24,m14,m12_err,m23_err,m34_err,m13_err,m24_err,m14_err,corr12,corr23,corr34,corr13,corr24,corr14,corr12_err,corr23_err,corr34_err,corr13_err,corr24_err,corr14_err
1829,1,0.13202407537274952,,,,,,0.06485357497282558,,,,,,7.574376091456464,,,,,,3.7207256807726212,,,,,
1829,2,0.13716080796346916,,,,,,0.06344375949951413,,,,,,7.290712375114733,,,,,,3.372320485528958,,,,,
1829,4,0.1339138975465045,,,,,,0.060917822508143565,,,,,,7.467484841539529,,,,,,3.3969806307906367,,,,,
1829,8,0.1332288874485188,,,,,,0.062343786742733366,,,,,,7.505879686839025,,,,,,3.512338588684274,,,,,
1829,16,0.1328281214073233,,,,,,0.06928029909169375,,,,,,7.528526259386412,,,,,,3.9267178173100663,,,,,
1829,32,0.1338391329925589,,,,,,0.0706934847471915,,,,,,7.471656290956378,,,,,,3.9465095763161324,,,,,
