index,bin_size,m,n,a,b,corr
66,1,0.20928271500064388,16.0,3151.7129106672646,-3133.1621218419687,4.778225473598828
66,2,0.20997374938974778,16.0,3125.0829032773117,-3107.8008792234837,4.762500088255443
66,4,0.20865329279998754,16.0,3176.0189152809103,-3155.2417122638276,4.79263943827902
66,8,0.20688920157590698,16.0,3247.8976562141593,-3228.5439372324436,4.833505047063093
66,16,0.2095028890161877,16.0,3145.7177153287594,-3126.286100766335,4.773203867001246
66,32,0.208300876323593,16.0,3190.3346990275054,-3170.358536361993,4.80074792602654
