index,bin_size,m,n,a,b,corr
1648,1,0.23959901919595175,16.0,2102.102725092611,-2040.8154964542096,4.1736397893272175
1648,2,0.2379181856977849,16.0,2142.2449438469885,-2080.2660781304553,4.203125528496792
1648,4,0.23838252066111307,16.0,2131.8823150639655,-2070.672397857469,4.194938442746017
1648,8,0.23760505391999293,16.0,2149.5717083433365,-2087.3587576373875,4.208664687480608
1648,16,0.23731369482740006,16.0,2155.887187241106,-2093.923296506664,4.213831825960601
1648,32,0.23982561196917696,16.0,2095.579868836362,-2035.0150994878697,4.169696438129063
