index,bin_size,m,n,a,b,corr
1056,1,0.000011566922432286158,16.0,2000955017336.0706,-2000955017340.4404,86453.41972802993
1056,2,-9.606164365149598e-6,16.0,2903175845258.835,-2903175845261.833,-104099.82194640773
1056,4,0.00004922954411928483,16.0,110663982240.68993,-110663982243.8033,20313.005490706284
1056,8,0.000025706727796546974,16.0,405171333490.7532,-405171333491.4666,38900.32243365971
1056,16,0.00002201545443644665,16.0,552802817772.3159,-552802817776.337,45422.63721545067
1056,32,0.000020555009925400378,16.0,634267615325.0232,-634267615327.7491,48649.94002091301
