index,bin_size,m12,m23,m34,m13,m24,m14,m12_err,m23_err,m34_err,m13_err,m24_err,m14_err,corr12,corr23,corr34,corr13,corr24,corr14,corr12_err,corr23_err,corr34_err,corr13_err,corr24_err,corr14_err
1483,1,0.08964413952379759,,,,,,0.0675385920302913,,,,,,11.155218905688004,,,,,,8.404428696421919,,,,,
1483,2,0.08901304129272511,,,,,,0.06744855765182438,,,,,,11.2343088774086,,,,,,8.512661953706608,,,,,
1483,4,0.08731484790374879,,,,,,0.06787770789939733,,,,,,11.452805840105757,,,,,,8.903299130752238,,,,,
1483,8,0.09268960868530127,,,,,,0.06989326776579322,,,,,,10.788695887099804,,,,,,8.135293925351926,,,,,
1483,16,0.09323638704046056,,,,,,0.07422049493457644,,,,,,10.725426324875109,,,,,,8.537937552976135,,,,,
1483,32,0.09305010854342886,,,,,,0.07074971931285554,,,,,,10.746897726973359,,,,,,8.17129619265796,,,,,
