index,bin_size,m12,m23,m34,m13,m24,m14,m12_err,m23_err,m34_err,m13_err,m24_err,m14_err,corr12,corr23,corr34,corr13,corr24,corr14,corr12_err,corr23_err,corr34_err,corr13_err,corr24_err,corr14_err
2476,1,0.14776332799533023,,,,,,0.033672412230526055,,,,,,6.767579030377571,,,,,,1.5422007206059891,,,,,
2476,2,0.15055247147362177,,,,,,0.0320340619557568,,,,,,6.642202484036999,,,,,,1.413306097293816,,,,,
2476,4,0.14953335964860892,,,,,,0.032511765416375765,,,,,,6.687470958653758,,,,,,1.4539998803444203,,,,,
2476,8,0.14981056123296213,,,,,,0.03387117989664473,,,,,,6.6750968140687705,,,,,,1.509195367509892,,,,,
2476,16,0.14851403064584276,,,,,,0.034764949346720225,,,,,,6.733370548569057,,,,,,1.5761829709673536,,,,,
2476,32,0.14972045965118302,,,,,,0.030654914277667842,,,,,,6.679113878823164,,,,,,1.3675329603123336,,,,,
