index,bin_size,m12,m23,m34,m13,m24,m14,m12_err,m23_err,m34_err,m13_err,m24_err,m14_err,corr12,corr23,corr34,corr13,corr24,corr14,corr12_err,corr23_err,corr34_err,corr13_err,corr24_err,corr14_err
1151,1,0.16076308442595294,,,,,,0.062449500201168656,,,,,,6.220333502375649,,,,,,2.4163303391138053,,,,,
1151,2,0.1613457615226231,,,,,,0.06176528721072233,,,,,,6.197869659314137,,,,,,2.372626314999191,,,,,
1151,4,0.15971740956489952,,,,,,0.061363759237585504,,,,,,6.26105821979075,,,,,,2.4055115232483706,,,,,
1151,8,0.1601248862005854,,,,,,0.061305074920100934,,,,,,6.245125437574513,,,,,,2.3909955030746115,,,,,
1151,16,0.16431881422392108,,,,,,0.04707587660806995,,,,,,6.085730381654755,,,,,,1.7435075458027198,,,,,
1151,32,0.16438029226368112,,,,,,0.04533769906781983,,,,,,6.083454325509459,,,,,,1.6778764516390468,,,,,
