index,bin_size,m12,m23,m34,m13,m24,m14,m12_err,m23_err,m34_err,m13_err,m24_err,m14_err,corr12,corr23,corr34,corr13,corr24,corr14,corr12_err,corr23_err,corr34_err,corr13_err,corr24_err,corr14_err
452,1,8.78061072332299,,,,,,2.28998174083501,,,,,,0.11388729457551372,,,,,,0.02970178650538396,,,,,
452,2,8.769013995199018,,,,,,2.029189065974665,,,,,,0.11403790671875925,,,,,,0.026388881754212917,,,,,
452,4,23703155942.392128,,,,,,749559604840.5884,,,,,,4.2188474919980626e-11,,,,,,1.3341167170609423e-9,,,,,
452,8,150119987587.92935,,,,,,4747210830658.512,,,,,,6.661338147355447e-12,,,,,,2.1065000808957675e-10,,,,,
452,16,27799997708.64846,,,,,,879113116788.3925,,,,,,3.597122598642892e-11,,,,,,1.1375100430958466e-9,,,,,
452,32,7334852822.148816,,,,,,231948411921.1671,,,,,,1.3633538725962335e-10,,,,,,4.311303489012988e-9,,,,,
