index,bin_size,m,n,a,b,corr
479,1,0.08402738254330396,36.0,11870.035380824764,-11881.533566541317,11.900882423472428
479,2,0.0838749761331208,36.0,11937.7163032011,-11952.517025852472,11.92250711836706
479,4,0.08341974036502765,36.0,12092.510657380542,-12107.778356614152,11.987570275623076
479,8,0.08365636581197858,36.0,11998.570551655388,-12011.560654098801,11.953662943565403
479,16,0.0836695075447477,36.0,12009.686540045777,-12022.507966373418,11.951785415555184
479,32,0.08352698719518739,36.0,12056.474819634466,-12067.074969725174,11.972178496791482
