index,bin_size,m,n,a,b,corr
2502,1,-1.4510677577202573e-6,24.0,80136158628500.27,-80136158628445.02,-689147.6946404483
2502,2,-1.02374557386396e-6,24.0,161318114066587.53,-161318114066527.22,-976805.199973333
2502,4,7.3773586108681015e-6,24.0,3100194319972.9897,-3100194319917.0894,135549.86991236
2502,8,1.6180607711960495e-6,24.0,64522598263973.13,-64522598263914.99,618023.7589350942
2502,16,-1.0612439365247249e-6,24.0,149532427593440.22,-149532427593386.25,-942290.425022091
2502,32,0.000026331613875620092,24.0,243518078704.45297,-243518078644.87903,37977.16329593758
