index,bin_size,m12,m23,m34,m13,m24,m14,m12_err,m23_err,m34_err,m13_err,m24_err,m14_err,corr12,corr23,corr34,corr13,corr24,corr14,corr12_err,corr23_err,corr34_err,corr13_err,corr24_err,corr14_err
1096,1,0.03827872419513089,,,,,,0.054026181566267165,,,,,,26.124172657959207,,,,,,36.87137763768384,,,,,
1096,2,0.038865655161871564,,,,,,0.05444204665618219,,,,,,25.729657607342528,,,,,,36.041466793045075,,,,,
1096,4,0.04136712761011725,,,,,,0.05511117435594846,,,,,,24.173783817550525,,,,,,32.20541748434576,,,,,
1096,8,0.04134880586150394,,,,,,0.05737160068735679,,,,,,24.18449527537645,,,,,,33.55606472437311,,,,,
1096,16,0.040915846670049584,,,,,,0.05683422926110589,,,,,,24.440408335286886,,,,,,33.94899247140655,,,,,
1096,32,0.0364228729472761,,,,,,0.05057361017827663,,,,,,27.45527519060754,,,,,,38.121989630994655,,,,,
