index,bin_size,m,n,a,b,corr
2135,1,0.11962651367731164,24.0,7569.946519262283,-7569.955131201238,8.359350860106693
2135,2,0.11938802856813688,24.0,7617.762075565796,-7618.089717752392,8.376049190135358
2135,4,0.11948712176653711,24.0,7596.19600378113,-7594.502889410084,8.36910275530676
2135,8,0.11943527449030682,24.0,7602.398978653786,-7599.010842297985,8.37273581249364
2135,16,0.11926244163814659,24.0,7632.8505494493575,-7627.601116675203,8.384869421289341
2135,32,0.1179850708212604,24.0,7826.736110901326,-7823.456267059514,8.475648597227474
