index,bin_size,m,n,a,b,corr
726,1,0.18744648711526302,16.0,4608.928600048115,-4637.855487509704,5.334855912157417
726,2,0.1871003107138029,16.0,4627.457477624873,-4653.793423650368,5.344726559699012
726,4,0.1857895007908089,16.0,4707.700080971277,-4734.345749627374,5.382435475328381
726,8,0.18699217387614187,16.0,4631.066797471582,-4658.044675790891,5.3478173940176275
726,16,0.18782780273882185,16.0,4581.695993259298,-4608.866795057685,5.324025439356915
726,32,0.18512734074144221,16.0,4750.4170652905605,-4776.158709785889,5.401687271015513
