index,bin_size,m,n,a,b,corr
1643,1,0.18056307531470414,16.0,5313.7094176382925,-5308.766097177283,5.53823088279315
1643,2,0.1811455676339592,16.0,5268.597897167616,-5262.411323878702,5.520422128244947
1643,4,0.1826781964038637,16.0,5156.881520465511,-5150.288262448538,5.474107034586694
1643,8,0.18212589932541168,16.0,5190.390460480887,-5184.501507196804,5.490707272847887
1643,16,0.18131411837711853,16.0,5250.124085064976,-5244.37702783578,5.515290309164352
1643,32,0.18252752586387108,16.0,5166.089012998709,-5159.930722910079,5.478625732021369
