index,bin_size,m,n,a,b,corr
1252,1,0.19138764798588923,16.0,4662.358375949519,-4796.426097185558,5.224997592706342
1252,2,0.19197170631080285,16.0,4623.274941722838,-4758.827132448332,5.209100961893815
1252,4,0.19127438853015982,16.0,4672.50097116605,-4808.086921223339,5.228091474684399
1252,8,0.19041393974328413,16.0,4720.196013922548,-4853.810785314934,5.251716346755909
1252,16,0.19185420690596483,16.0,4629.426421663259,-4762.599256122664,5.212291229507095
1252,32,0.19255138388222987,16.0,4591.582433328756,-4726.765239199947,5.193418919344821
