index,bin_size,m,n,a,b,corr
258,1,0.01195765278872025,24.0,1269375.5745785784,-1269387.394256103,83.62845264610024
258,2,1.8212931987746615e-6,24.0,54906486841386.484,-54906486841392.65,549060.4152438415
258,4,-0.000012084386360040052,24.0,1247079040012.298,-1247079040023.658,-82751.40914947423
258,8,0.006606577117970677,24.0,4167561.1158416937,-4167574.7194838463,151.3643119793275
258,16,0.0077014125727538395,24.0,3065053.6778193126,-3065063.293994162,129.84630943391
258,32,0.012961627597539967,24.0,1079963.1461067335,-1079974.1798092097,77.15080474845563
