index,bin_size,m12,m23,m34,m13,m24,m14,m12_err,m23_err,m34_err,m13_err,m24_err,m14_err,corr12,corr23,corr34,corr13,corr24,corr14,corr12_err,corr23_err,corr34_err,corr13_err,corr24_err,corr14_err
230,1,0.10167603884494307,,,,,,0.041799163213009236,,,,,,9.835158916104211,,,,,,4.043247725130761,,,,,
230,2,0.10310762507600373,,,,,,0.04087594872964114,,,,,,9.698603757606385,,,,,,3.8449108846488897,,,,,
230,4,0.10080839281463387,,,,,,0.042617911949989006,,,,,,9.91980897700449,,,,,,4.193713774606647,,,,,
230,8,0.0996891223395315,,,,,,0.046591003583156564,,,,,,10.03118471235103,,,,,,4.68820420832535,,,,,
230,16,0.10242305304935756,,,,,,0.03898343260524404,,,,,,9.763426984724827,,,,,,3.7160764742271923,,,,,
230,32,0.09991046808516944,,,,,,0.043410290512264325,,,,,,10.008961214630107,,,,,,4.348812715827664,,,,,
