index,bin_size,m,n,a,b,corr
134,1,0.21031849532558597,16.0,3284.269269897622,-3370.87284470445,4.754693582473279
134,2,0.20949756515088666,16.0,3319.2984044482373,-3404.2678876310474,4.773325166236509
134,4,0.20962682202833327,16.0,3308.0281119606425,-3392.514137182179,4.770381911646972
134,8,0.20952778649400516,16.0,3314.1658582962477,-3400.5010251994254,4.772636683338471
134,16,0.21007025344379215,16.0,3289.456214304078,-3374.255953950893,4.76031224605328
134,32,0.21080334784760776,16.0,3263.5009761988103,-3349.371186687121,4.743757678473455
