index,bin_size,m,n,a,b,corr
627,1,0.17340809541407531,16.0,5175.364483575477,-5282.525989891704,5.766743459191648
627,2,0.17423672353435196,16.0,5114.87190214615,-5222.775621759141,5.739318208671682
627,4,0.1734786952287767,16.0,5169.928809041079,-5277.089864553068,5.764396594528454
627,8,0.1739419740715312,16.0,5141.3415087337535,-5249.766496322141,5.7490436413511325
627,16,0.173172618138174,16.0,5190.9670356719225,-5297.47132648087,5.774584982032797
627,32,0.17358388575926217,16.0,5162.768499705413,-5269.471519255738,5.7609034135050265
