index,bin_size,m,n,a,b,corr
1521,1,1.9804977327276625e-6,16.0,63412954300019.8,-63412954299990.914,504923.57727809105
1521,2,-0.000013314954425682755,16.0,1403053903215.5017,-1403053903187.0898,-75103.52405496294
1521,4,-2.990967333859288e-7,16.0,2781724650086022.0,-2781724650085996.0,-3343399.9384730347
1521,8,7.206223405709866e-7,16.0,479720886762563.4,-479720886762535.94,1387689.423016844
1521,16,-4.7177361163895694e-7,16.0,1118125023054319.5,-1118125023054291.2,-2119660.7341516353
1521,32,6.7250533348533e-7,16.0,549480520564476.75,-549480520564452.06,1486977.0546166443
