index,bin_size,m,n,a,b,corr
330,1,-0.00002649554142780872,24.0,235768908833.51486,-235768908672.8707,-37742.199106391454
330,2,-1.7042704422687814e-7,24.0,5700589268805800.0,-5700589268805636.0,-5867613.350547621
330,4,7.675163911187394e-8,24.0,2.8126849753018588e16,-2.8126849753018444e16,13029037.70618358
330,8,1.7538384127263973e-6,24.0,53810143777537.2,-53810143777382.15,570177.9552458703
330,16,-0.0000101794915672504,24.0,1597060724654.1025,-1597060724496.3064,-98236.73347470652
330,32,-0.000024258022160098017,24.0,281597302002.01404,-281597301847.3042,-41223.47623397337
