index,bin_size,m,n,a,b,corr
2289,1,0.1999589852960247,24.0,1814.2783736993358,-1884.8832081810217,5.001025577918256
2289,2,0.2006879700663175,24.0,1793.1279618141514,-1863.9953816147229,4.982859708379875
2289,4,0.20074267547690727,24.0,1794.2387795917246,-1866.0838261718654,4.981501803860517
2289,8,0.20036021432694023,24.0,1803.3829431813917,-1874.0361159858344,4.9910108319620665
2289,16,0.20013570669893418,24.0,1810.5320493885974,-1881.5353914571072,4.996609633004211
2289,32,0.20003504740872827,24.0,1812.3430978258389,-1883.9324690353305,4.999123968295
