index,bin_size,m12,m23,m34,m13,m24,m14,m12_err,m23_err,m34_err,m13_err,m24_err,m14_err,corr12,corr23,corr34,corr13,corr24,corr14,corr12_err,corr23_err,corr34_err,corr13_err,corr24_err,corr14_err
2093,1,0.04019737429106599,,,,,,0.055417650332234385,,,,,,24.877246776346123,,,,,,34.296731749134715,,,,,
2093,2,0.0407620355215339,,,,,,0.05562898787822649,,,,,,24.532631582436963,,,,,,33.48030704206174,,,,,
2093,4,0.038763025113517056,,,,,,0.05389566970848619,,,,,,25.79778015445162,,,,,,35.86894042311526,,,,,
2093,8,0.0383639728782475,,,,,,0.05215721358291338,,,,,,26.06612206649232,,,,,,35.43783904276486,,,,,
2093,16,0.03607159320265309,,,,,,0.05152409284992304,,,,,,27.72264575013142,,,,,,39.598588441894414,,,,,
2093,32,0.030316186230129195,,,,,,0.04645631853477387,,,,,,32.98567941260923,,,,,,50.54703181481204,,,,,
