index,bin_size,m12,m23,m34,m13,m24,m14,m12_err,m23_err,m34_err,m13_err,m24_err,m14_err,corr12,corr23,corr34,corr13,corr24,corr14,corr12_err,corr23_err,corr34_err,corr13_err,corr24_err,corr14_err
1155,1,0.2241800724827103,,,,,,0.04831217540568602,,,,,,4.4606997799821135,,,,,,0.9613080583655427,,,,,
1155,2,0.224997376253196,,,,,,0.04959835568451826,,,,,,4.444496272146176,,,,,,0.9797434557474766,,,,,
1155,4,0.22675995986477812,,,,,,0.04684850126683504,,,,,,4.409949625129241,,,,,,0.911093522519345,,,,,
1155,8,0.22399673045757817,,,,,,0.04621462150474217,,,,,,4.464350876716863,,,,,,0.9210772211289373,,,,,
1155,16,0.22450246738313248,,,,,,0.042389889870340786,,,,,,4.454294029176149,,,,,,0.8410465842438212,,,,,
1155,32,0.2266665102304624,,,,,,0.03778543692940183,,,,,,4.41176775070677,,,,,,0.7354442079776469,,,,,
