index,bin_size,m12,m23,m34,m13,m24,m14,m12_err,m23_err,m34_err,m13_err,m24_err,m14_err,corr12,corr23,corr34,corr13,corr24,corr14,corr12_err,corr23_err,corr34_err,corr13_err,corr24_err,corr14_err
2212,1,0.04153662054224476,,,,,,0.04185512432894066,,,,,,24.075141091051243,,,,,,24.259749841176667,,,,,
2212,2,0.038840590460158905,,,,,,0.040956617149402914,,,,,,25.746261530852866,,,,,,27.14891210598828,,,,,
2212,4,0.03814353088312662,,,,,,0.041121035588667754,,,,,,26.216765381895083,,,,,,28.263260304660392,,,,,
2212,8,0.03886431201618702,,,,,,0.041804503029700735,,,,,,25.730546821039802,,,,,,27.677132740391873,,,,,
2212,16,0.038832906665560586,,,,,,0.040566161440412446,,,,,,25.751355895459188,,,,,,26.900733173578264,,,,,
2212,32,0.03183447493503106,,,,,,0.030840098431346975,,,,,,31.412486056102257,,,,,,30.43129072870203,,,,,
