index,bin_size,m12,m23,m34,m13,m24,m14,m12_err,m23_err,m34_err,m13_err,m24_err,m14_err,corr12,corr23,corr34,corr13,corr24,corr14,corr12_err,corr23_err,corr34_err,corr13_err,corr24_err,corr14_err
1612,1,0.23186775397235057,,,,,,0.047005936634854244,,,,,,4.312803237483581,,,,,,0.8743231959883563,,,,,
1612,2,0.2317623101198864,,,,,,0.04508442902896967,,,,,,4.314765414112063,,,,,,0.839345858213797,,,,,
1612,4,0.23276966851584616,,,,,,0.047390740845539306,,,,,,4.296092383410872,,,,,,0.8746629321975421,,,,,
1612,8,0.2322236744312565,,,,,,0.04958013875935822,,,,,,4.306193166778191,,,,,,0.9193793667090745,,,,,
1612,16,0.2332192970148917,,,,,,0.04506686477521984,,,,,,4.287809854499936,,,,,,0.8285684305199876,,,,,
1612,32,0.23224912688376695,,,,,,0.04149715478200176,,,,,,4.305721246050011,,,,,,0.7693255229541157,,,,,
