index,bin_size,m12,m23,m34,m13,m24,m14,m12_err,m23_err,m34_err,m13_err,m24_err,m14_err,corr12,corr23,corr34,corr13,corr24,corr14,corr12_err,corr23_err,corr34_err,corr13_err,corr24_err,corr14_err
1798,1,0.07253905191231771,,,,,,0.06635013986710905,,,,,,13.785677833351885,,,,,,12.609506580144345,,,,,
1798,2,0.0703370812763466,,,,,,0.06528298647540734,,,,,,14.217251865642687,,,,,,13.195666416916474,,,,,
1798,4,0.07130096504964463,,,,,,0.06600280874921131,,,,,,14.025055611852256,,,,,,12.982896691532945,,,,,
1798,8,0.06990609353882192,,,,,,0.06674900234939776,,,,,,14.304904613853957,,,,,,13.65886810922692,,,,,
1798,16,0.07121650334201056,,,,,,0.0688909054973912,,,,,,14.041689118006735,,,,,,13.58315323916939,,,,,
1798,32,0.07125551203141288,,,,,,0.07137441890860884,,,,,,14.034002023017553,,,,,,14.057421114503178,,,,,
