index,bin_size,m12,m23,m34,m13,m24,m14,m12_err,m23_err,m34_err,m13_err,m24_err,m14_err,corr12,corr23,corr34,corr13,corr24,corr14,corr12_err,corr23_err,corr34_err,corr13_err,corr24_err,corr14_err
2720,1,0.1142944798501047,,,,,,0.0675002022778241,,,,,,8.749328937945938,,,,,,5.167191572866061,,,,,
2720,2,0.1111707425130362,,,,,,0.06912852911660841,,,,,,8.995172447307683,,,,,,5.59340548040062,,,,,
2720,4,0.11252591520684517,,,,,,0.07066283872285686,,,,,,8.886841739183367,,,,,,5.580665248686344,,,,,
2720,8,0.11201786433759882,,,,,,0.07410714632748591,,,,,,8.927147521632849,,,,,,5.905892168046308,,,,,
2720,16,0.11410862959789607,,,,,,0.06779264146672946,,,,,,8.763579087084558,,,,,,5.206496450878468,,,,,
2720,32,0.11377500390297471,,,,,,0.06515188244844851,,,,,,8.789276780449791,,,,,,5.033073240718833,,,,,
