index,bin_size,m,n,a,b,corr
1780,1,9.475877192444506e-6,16.0,2276424877257.245,-2276424877197.2275,105531.12705991376
1780,2,6.708735842326671e-6,16.0,4544186971320.963,-4544186971264.519,149059.37921878108
1780,4,-1.2737771759371453e-7,16.0,1.2606430251158282e16,-1.2606430251158222e16,-7850666.654191527
1780,8,5.222534080876162e-7,16.0,749462769220408.6,-749462769220351.4,1914779.270970759
1780,16,-0.000023027691467240055,16.0,385382132001.87286,-385382131943.77045,-43425.9769991548
1780,32,0.000031959891500415655,16.0,200089477725.83014,-200089477666.36707,31289.217611611555
