index,bin_size,m,n,a,b,corr
1456,1,0.13165642893467264,16.0,10712.229000398596,-10743.820688167296,7.595527298527866
1456,2,0.1326493926598643,16.0,10536.185881250583,-10570.21063698603,7.538670022893891
1456,4,0.13281654506217877,16.0,10504.741818621991,-10538.424143954944,7.529182448857141
1456,8,0.13212880822307085,16.0,10631.27882489234,-10664.610430953655,7.568372207760451
1456,16,0.1329075108011794,16.0,10495.14927548686,-10529.039120451804,7.524029258932792
1456,32,0.13208747195839723,16.0,10635.69439889043,-10668.44099642121,7.570740700639375
