index,bin_size,m12,m23,m34,m13,m24,m14,m12_err,m23_err,m34_err,m13_err,m24_err,m14_err,corr12,corr23,corr34,corr13,corr24,corr14,corr12_err,corr23_err,corr34_err,corr13_err,corr24_err,corr14_err
2644,1,0.08281408511267861,,,,,,0.019539321498150405,,,,,,12.07524056613532,,,,,,2.8490565012968267,,,,,
2644,2,0.08275188840513278,,,,,,0.01891603857525019,,,,,,12.084316373594367,,,,,,2.762322396309933,,,,,
2644,4,0.08318874663339212,,,,,,0.018114301848526214,,,,,,12.02085667195998,,,,,,2.6175346431574713,,,,,
2644,8,0.08309289311494338,,,,,,0.018905059338790168,,,,,,12.034723578786554,,,,,,2.738106170742783,,,,,
2644,16,0.08253797908871417,,,,,,0.022102015722702307,,,,,,12.115634657412334,,,,,,3.2443240147766024,,,,,
2644,32,0.08186913058085356,,,,,,0.02293843512272701,,,,,,12.214616094064965,,,,,,3.422342179950449,,,,,
