index,bin_size,m,n,a,b,corr
175,1,0.1347489646588442,24.0,6895.977296176445,-6901.125303823136,7.421207298562834
175,2,0.1328049489199735,24.0,7150.041347072838,-7155.285195795908,7.529839875188588
175,4,0.13234069799684134,24.0,7219.458306086526,-7221.561133318,7.556254539505812
175,8,0.13239243521098285,24.0,7210.916887655438,-7213.0792011192225,7.5533016550861305
175,16,0.134020195874623,24.0,6995.2427282625595,-6997.9860240476355,7.461561994249794
175,32,0.1359646045807704,24.0,6751.448927280431,-6758.643606073685,7.354855354328232
