index,bin_size,m,n,a,b,corr
1009,1,0.09250263477177037,16.0,27217.757912711044,-27223.98032239638,10.810502884239753
1009,2,0.0906655396856463,16.0,28375.627420304176,-28382.748365824584,11.02954886131136
1009,4,0.08937452145383457,16.0,29240.65588061631,-29247.617689354636,11.188871098085142
1009,8,0.09161739867901517,16.0,27741.814643066064,-27747.579536077243,10.914957359830044
1009,16,0.09455179919022029,16.0,25979.802100954854,-25986.757098491304,10.57621334088196
1009,32,0.09697367537288006,16.0,24601.996216043895,-24609.593071438838,10.31207692350354
