index,bin_size,m12,m23,m34,m13,m24,m14,m12_err,m23_err,m34_err,m13_err,m24_err,m14_err,corr12,corr23,corr34,corr13,corr24,corr14,corr12_err,corr23_err,corr34_err,corr13_err,corr24_err,corr14_err
2682,1,0.18475512806842517,,,,,,0.05440008033053185,,,,,,5.412569656143152,,,,,,1.5936998727295808,,,,,
2682,2,0.1856014577383136,,,,,,0.05476346097714156,,,,,,5.387888716962219,,,,,,1.5897473925908334,,,,,
2682,4,0.18751963030924865,,,,,,0.047731836870155565,,,,,,5.33277501854524,,,,,,1.3574213367990406,,,,,
2682,8,0.1861456216794986,,,,,,0.05183464765665586,,,,,,5.372138173208166,,,,,,1.4959411178124153,,,,,
2682,16,0.1857557220895528,,,,,,0.05822912140872994,,,,,,5.383414242915759,,,,,,1.6875468384931,,,,,
2682,32,0.18558744644061392,,,,,,0.060226455762662875,,,,,,5.388295486462171,,,,,,1.7485985500393875,,,,,
