index,bin_size,m,n,a,b,corr
1358,1,0.22407274808641067,16.0,2700.2587769866905,-2743.2285951702866,4.4628363267734965
1358,2,0.22364152940601265,16.0,2712.2899869889106,-2753.8264961115765,4.4714414297558225
1358,4,0.22393472189163813,16.0,2702.82273762705,-2744.431123306658,4.465587076236884
1358,8,0.22286002909943256,16.0,2735.679476287992,-2777.121401692556,4.487121374079306
1358,16,0.2242264029529278,16.0,2694.0795745971045,-2736.4790636182543,4.459778094062953
1358,32,0.2236519312995174,16.0,2710.973729569795,-2752.218873972063,4.471233466170197
