index,bin_size,m,n,a,b,corr
2804,1,1.4414244905186794e-7,24.0,8999340883936421.0,-8999340883936431.0,6937581.583896649
2804,2,-4.21566193905035e-6,24.0,10489934336076.582,-10489934336094.252,-237210.67164727807
2804,4,3.934378542696671e-6,24.0,12048790917537.008,-12048790917550.62,254169.7473051456
2804,8,-0.00004934664871869545,24.0,76685638085.05646,-76685638100.5439,-20264.800669658045
2804,16,1.896502622564605e-6,24.0,51850942950834.42,-51850942950849.875,527286.3786751418
2804,32,-1.1745087931746485e-7,24.0,1.3515035541745498e16,-1.351503554174551e16,-8514197.644251276
