index,bin_size,m12,m23,m34,m13,m24,m14,m12_err,m23_err,m34_err,m13_err,m24_err,m14_err,corr12,corr23,corr34,corr13,corr24,corr14,corr12_err,corr23_err,corr34_err,corr13_err,corr24_err,corr14_err
1120,1,0.10175247470560006,,,,,,0.06857471226618901,,,,,,9.827770802560774,,,,,,6.623293998043349,,,,,
1120,2,0.0983214758957129,,,,,,0.07118245636746487,,,,,,10.170717952410262,,,,,,7.363362686308115,,,,,
1120,4,0.10020189999644703,,,,,,0.0731737062854189,,,,,,9.97985068182797,,,,,,7.287912330907011,,,,,
1120,8,0.10235611540414334,,,,,,0.07207251595747588,,,,,,9.76981195555923,,,,,,6.879265838571265,,,,,
1120,16,0.09927991561205608,,,,,,0.07652335404641769,,,,,,10.072530721194173,,,,,,7.763743852616252,,,,,
1120,32,0.0967748452600253,,,,,,0.07948258527551569,,,,,,10.333263745481483,,,,,,8.486859520341556,,,,,
