index,bin_size,m12,m23,m34,m13,m24,m14,m12_err,m23_err,m34_err,m13_err,m24_err,m14_err,corr12,corr23,corr34,corr13,corr24,corr14,corr12_err,corr23_err,corr34_err,corr13_err,corr24_err,corr14_err
106,1,0.16064067485862218,,,,,,0.05911294681246145,,,,,,6.2250734496732365,,,,,,2.290717690635056,,,,,
106,2,0.16155635197948257,,,,,,0.05835340951830828,,,,,,6.189790668998262,,,,,,2.235723853101921,,,,,
106,4,0.15961887150456644,,,,,,0.06108190871966736,,,,,,6.264923380136738,,,,,,2.397420019538695,,,,,
106,8,0.1596322001455611,,,,,,0.0613960816786428,,,,,,6.264400284454809,,,,,,2.4093486851737507,,,,,
106,16,0.15962439688288327,,,,,,0.06350967881766002,,,,,,6.264706520606007,,,,,,2.4925356448018756,,,,,
106,32,0.15893032942449833,,,,,,0.05718161095675363,,,,,,6.292065231482839,,,,,,2.263824831194918,,,,,
