index,bin_size,m,n,a,b,corr
1747,1,0.1214152738592606,16.0,12523.0720461534,-12502.552927721059,8.23619605848896
1747,2,0.12277289073507915,16.0,12237.942149630533,-12219.807664964892,8.14512058820715
1747,4,0.12098002239344478,16.0,12622.667042233461,-12602.016154954516,8.265827532647112
1747,8,0.12308153990115316,16.0,12136.228513640748,-12117.659702336923,8.124695228895417
1747,16,0.1220024595182413,16.0,12380.696304801508,-12361.3663835293,8.196556069023217
1747,32,0.12114984881256506,16.0,12576.943911413846,-12556.452979857168,8.254240593788385
