index,bin_size,m12,m23,m34,m13,m24,m14,m12_err,m23_err,m34_err,m13_err,m24_err,m14_err,corr12,corr23,corr34,corr13,corr24,corr14,corr12_err,corr23_err,corr34_err,corr13_err,corr24_err,corr14_err
1986,1,0.0930891036555893,,,,,,0.06600297383177238,,,,,,10.742395841513268,,,,,,7.616681692856421,,,,,
1986,2,0.09308710465586388,,,,,,0.06429857221925368,,,,,,10.742626529173142,,,,,,7.420314019477863,,,,,
1986,4,0.09200580587130287,,,,,,0.06495123502132251,,,,,,10.868879311799013,,,,,,7.672854206467384,,,,,
1986,8,0.0909825531448415,,,,,,0.06660573477385837,,,,,,10.991118246682197,,,,,,8.046284496338476,,,,,
1986,16,0.09126399444620482,,,,,,0.06483751207393813,,,,,,10.9572236681953,,,,,,7.784440361113264,,,,,
1986,32,0.09076355341192395,,,,,,0.06340664700243838,,,,,,11.017638274490762,,,,,,7.696828458232371,,,,,
