index,bin_size,m12,m23,m34,m13,m24,m14,m12_err,m23_err,m34_err,m13_err,m24_err,m14_err,corr12,corr23,corr34,corr13,corr24,corr14,corr12_err,corr23_err,corr34_err,corr13_err,corr24_err,corr14_err
2467,1,0.005382836714814707,,,,,,0.0180332502942081,,,,,,185.77565194347957,,,,,,622.3742252567615,,,,,
2467,2,0.005576027173266335,,,,,,0.017815884200830565,,,,,,179.33915472908612,,,,,,573.0039531813492,,,,,
2467,4,0.00484219232205131,,,,,,0.016626901349414906,,,,,,206.51802602841838,,,,,,709.1322725892396,,,,,
2467,8,0.005443186320245233,,,,,,0.017900705075992812,,,,,,183.7159232048751,,,,,,604.1763712593344,,,,,
2467,16,0.0057924932165452445,,,,,,0.018626543219956052,,,,,,172.63723281430435,,,,,,555.1383071462831,,,,,
2467,32,0.003426274131385907,,,,,,0.013918512500636101,,,,,,291.8622274965214,,,,,,1185.6284424710234,,,,,
