index,bin_size,m12,m23,m34,m13,m24,m14,m12_err,m23_err,m34_err,m13_err,m24_err,m14_err,corr12,corr23,corr34,corr13,corr24,corr14,corr12_err,corr23_err,corr34_err,corr13_err,corr24_err,corr14_err
1027,1,0.025586817295612695,,,,,,0.04563371282681313,,,,,,39.08262557420408,,,,,,69.70328866485873,,,,,
1027,2,0.02361684841011699,,,,,,0.04285355969981327,,,,,,42.342652272418356,,,,,,76.83215581919914,,,,,
1027,4,0.024804457266268752,,,,,,0.04523991182826669,,,,,,40.31533483136866,,,,,,73.52961500102697,,,,,
1027,8,0.02939410450448739,,,,,,0.04877120836213474,,,,,,34.02042745841558,,,,,,56.447283702416435,,,,,
1027,16,0.0241390138962608,,,,,,0.044007195623298044,,,,,,41.42671296754599,,,,,,75.52394101216426,,,,,
1027,32,0.0267164688236529,,,,,,0.044780444475234035,,,,,,37.43009626761265,,,,,,62.737944848855115,,,,,
