index,bin_size,m12,m23,m34,m13,m24,m14,m12_err,m23_err,m34_err,m13_err,m24_err,m14_err,corr12,corr23,corr34,corr13,corr24,corr14,corr12_err,corr23_err,corr34_err,corr13_err,corr24_err,corr14_err
2646,1,0.1590554436295895,,,,,,0.0215035835421086,,,,,,6.287115845772709,,,,,,0.8499899012782826,,,,,
2646,2,0.15985174187424447,,,,,,0.02093747839113936,,,,,,6.255796704340582,,,,,,0.8193880578388337,,,,,
2646,4,0.1604306733529568,,,,,,0.02215203251263839,,,,,,6.233221983678532,,,,,,0.8606741663245306,,,,,
2646,8,0.15959696258550282,,,,,,0.02302068057516125,,,,,,6.26578340715136,,,,,,0.903792879465987,,,,,
2646,16,0.159409398560723,,,,,,0.022494377564588445,,,,,,6.2731558429352905,,,,,,0.8852096383685804,,,,,
2646,32,0.1591058569571127,,,,,,0.021477171553496245,,,,,,6.285123747955752,,,,,,0.8484079942210104,,,,,
