index,bin_size,m,n,a,b,corr
210,1,0.09172350529269697,24.0,15197.270381795764,-14969.852556385704,10.902330834489161
210,2,0.09135431652257947,24.0,15321.309638566181,-15093.500124928627,10.946390253522791
210,4,0.09075374634985663,24.0,15561.302336748955,-15334.409073012961,11.018828866248558
210,8,0.09038458886761043,24.0,15728.643202244528,-15500.639793651644,11.063833033137277
210,16,0.09074622947075532,24.0,15554.805336215752,-15324.621434017163,11.019741600638833
210,32,0.09124755179466007,24.0,15368.110624614528,-15140.632053217578,10.959198141012715
