index,bin_size,m12,m23,m34,m13,m24,m14,m12_err,m23_err,m34_err,m13_err,m24_err,m14_err,corr12,corr23,corr34,corr13,corr24,corr14,corr12_err,corr23_err,corr34_err,corr13_err,corr24_err,corr14_err
1661,1,0.1866229608769658,,,,,,0.05109732061464982,,,,,,5.358397462460506,,,,,,1.467127902340899,,,,,
1661,2,0.18606868294607037,,,,,,0.05285084098138964,,,,,,5.374359533086163,,,,,,1.5265299703458288,,,,,
1661,4,0.18665905343736341,,,,,,0.047488185590975555,,,,,,5.35736135796685,,,,,,1.3629736450497034,,,,,
1661,8,0.19040021518561145,,,,,,0.0496602650271678,,,,,,5.252094904541736,,,,,,1.369853624656462,,,,,
1661,16,0.18686073787181903,,,,,,0.05209706976868304,,,,,,5.351578996150441,,,,,,1.492028702821017,,,,,
1661,32,0.1873087182924549,,,,,,0.05768955256455333,,,,,,5.338779791545248,,,,,,1.6443004907760936,,,,,
