index,bin_size,m12,m23,m34,m13,m24,m14,m12_err,m23_err,m34_err,m13_err,m24_err,m14_err,corr12,corr23,corr34,corr13,corr24,corr14,corr12_err,corr23_err,corr34_err,corr13_err,corr24_err,corr14_err
84,1,0.11989816509512134,,,,,,0.06488396223214797,,,,,,8.34041120818362,,,,,,4.513487970420902,,,,,
84,2,0.12353922581915304,,,,,,0.06412741922103873,,,,,,8.094595003079288,,,,,,4.201786790754794,,,,,
84,4,0.12339641622045855,,,,,,0.06605300123453393,,,,,,8.103963069830263,,,,,,4.3379791654546205,,,,,
84,8,0.1189602837679644,,,,,,0.06869791573166409,,,,,,8.406166901472176,,,,,,4.854444921718944,,,,,
84,16,0.12241094972388884,,,,,,0.058990468350816394,,,,,,8.1692038355687,,,,,,3.936781484013257,,,,,
84,32,0.12279885385474391,,,,,,0.05292498963742634,,,,,,8.143398481413175,,,,,,3.5097174502298976,,,,,
