index,bin_size,m,n,a,b,corr
551,1,0.11206654037044717,54.0,1658.0218601892243,-1778.9095935295272,8.92327002060026
551,2,0.11183737834993003,54.0,1665.9625495682626,-1787.1070593487275,8.941554377920784
551,4,0.11181324457179007,54.0,1667.1289845123679,-1787.9428687716845,8.943484323612008
551,8,0.11211303001918256,54.0,1655.1222843477906,-1775.9710191293866,8.9195698290279
551,16,0.11237271142806875,54.0,1638.9278402132802,-1758.4041874404518,8.898957649874927
551,32,0.11188858873492853,54.0,1665.473424550089,-1782.6439756034356,8.93746191016017
