index,bin_size,m,n,a,b,corr
202,1,0.18333216068325853,24.0,1930.8102392081882,-1825.0612478390483,5.454580343531171
202,2,0.18389343271607467,24.0,1910.2378370221709,-1804.3348907350792,5.437932095943669
202,4,0.18278059451011242,24.0,1943.8926833701973,-1842.9949283398134,5.471040307534805
202,8,0.18444928430303859,24.0,1897.861560868294,-1795.4199143626954,5.421544484591563
202,16,0.18280460521166655,24.0,1949.4769315824315,-1847.6823239023638,5.470321706841662
202,32,0.18314638885119955,24.0,1933.4545671139372,-1830.90311652501,5.460113116466999
