index,bin_size,m12,m23,m34,m13,m24,m14,m12_err,m23_err,m34_err,m13_err,m24_err,m14_err,corr12,corr23,corr34,corr13,corr24,corr14,corr12_err,corr23_err,corr34_err,corr13_err,corr24_err,corr14_err
2005,1,0.2098149792593467,,,,,,0.051205453205589314,,,,,,4.766103943245762,,,,,,1.1631701096859306,,,,,
2005,2,0.2094441285387592,,,,,,0.04919451796402607,,,,,,4.774543010476145,,,,,,1.1214510692545732,,,,,
2005,4,0.2093900306040686,,,,,,0.049636878142812264,,,,,,4.775776559729723,,,,,,1.1321199889446756,,,,,
2005,8,0.20684206427793514,,,,,,0.05222485189656359,,,,,,4.834606555929034,,,,,,1.220673426572852,,,,,
2005,16,0.2071148713303831,,,,,,0.05575214137056158,,,,,,4.828238520858465,,,,,,1.299687631586326,,,,,
2005,32,0.20562026318987267,,,,,,0.06471820703878736,,,,,,4.863333917030277,,,,,,1.5307161194054162,,,,,
