index,bin_size,m,n,a,b,corr
57,1,0.10798342991703007,16.0,19457.902250531366,-19464.50169034888,9.260680094791933
57,2,0.10776148398243866,16.0,19537.133816848647,-19543.035892730637,9.279753424358603
57,4,0.107550281241132,16.0,19612.543200154498,-19617.998228729157,9.297976615774349
57,8,0.10855077173945765,16.0,19243.3415811722,-19251.314183201077,9.212279046713633
57,16,0.10764352529597783,16.0,19606.251299403488,-19613.99820222364,9.289922429151117
57,32,0.10742863853794182,16.0,19683.35009387738,-19689.89186497974,9.308504823383927
