index,bin_size,m,n,a,b,corr
2323,1,0.12688636403315576,24.0,6203.520762677081,-6098.284488214748,7.881067501774243
2323,2,0.12566110568273803,24.0,6350.699063313216,-6246.544675373052,7.957911834109934
2323,4,0.1275854706547334,24.0,6118.825569795998,-6012.4550039611195,7.8378830666867945
2323,8,0.12645280785888155,24.0,6252.14608315447,-6149.61562088764,7.908088534625322
2323,16,0.12660640638995552,24.0,6238.776418044872,-6133.141754513975,7.898494464173783
2323,32,0.1268116248905111,24.0,6206.664992846898,-6100.407039211839,7.8857123774212186
