index,bin_size,m,n,a,b,corr
97,1,0.12742007632043093,16.0,11334.202531894713,-11356.86269829413,7.848056828071896
97,2,0.1264737348969603,16.0,11548.243719032096,-11569.55807249783,7.906780018908371
97,4,0.12703416174307203,16.0,11420.574155454051,-11442.022311919734,7.871898285301484
97,8,0.1276097249030876,16.0,11309.09335104397,-11331.459769806774,7.836393352931711
97,16,0.12823523141957907,16.0,11193.2578731212,-11215.693210249185,7.79816895037255
97,32,0.12721408415259322,16.0,11382.052176841751,-11404.064035568765,7.86076484110439
