index,bin_size,m12,m23,m34,m13,m24,m14,m12_err,m23_err,m34_err,m13_err,m24_err,m14_err,corr12,corr23,corr34,corr13,corr24,corr14,corr12_err,corr23_err,corr34_err,corr13_err,corr24_err,corr14_err
1908,1,0.0846812323245044,,,,,,0.06661520366412667,,,,,,11.808992058215805,,,,,,9.289642928335882,,,,,
1908,2,0.08400931465215726,,,,,,0.06427883586805598,,,,,,11.903441947366503,,,,,,9.107792324789024,,,,,
1908,4,0.08538014586019615,,,,,,0.06597322204445857,,,,,,11.712324802506522,,,,,,9.050111089266847,,,,,
1908,8,0.08313428178050561,,,,,,0.0631817252339186,,,,,,12.028732053525635,,,,,,9.141788769221073,,,,,
1908,16,0.08347705125900283,,,,,,0.06643605911473642,,,,,,11.979340248822602,,,,,,9.533879610301732,,,,,
1908,32,0.08374637227196922,,,,,,0.06499098531030306,,,,,,11.940815737695068,,,,,,9.266614889076529,,,,,
