index,bin_size,m12,m23,m34,m13,m24,m14,m12_err,m23_err,m34_err,m13_err,m24_err,m14_err,corr12,corr23,corr34,corr13,corr24,corr14,corr12_err,corr23_err,corr34_err,corr13_err,corr24_err,corr14_err
1485,1,0.06508355987300397,,,,,,0.06341353658392597,,,,,,15.364863291916985,,,,,,14.970605823808752,,,,,
1485,2,0.06578060236596135,,,,,,0.06418396828154956,,,,,,15.202049905785861,,,,,,14.833064062550918,,,,,
1485,4,0.06197751365199999,,,,,,0.06152900483207027,,,,,,16.13488410675749,,,,,,16.018121794041015,,,,,
1485,8,0.06160781472272996,,,,,,0.06299328758932927,,,,,,16.231707040747445,,,,,,16.596735240250315,,,,,
1485,16,0.06659349168673517,,,,,,0.06657834503342024,,,,,,15.016482462042022,,,,,,15.013066971307097,,,,,
1485,32,0.06609610803206938,,,,,,0.06714130045250244,,,,,,15.129483864841283,,,,,,15.368729749832333,,,,,
