index,bin_size,m12,m23,m34,m13,m24,m14,m12_err,m23_err,m34_err,m13_err,m24_err,m14_err,corr12,corr23,corr34,corr13,corr24,corr14,corr12_err,corr23_err,corr34_err,corr13_err,corr24_err,corr14_err
2046,1,0.12063748737291172,,,,,,0.06375176358888011,,,,,,8.28929731360223,,,,,,4.3805398650351,,,,,
2046,2,0.1206703339963649,,,,,,0.06529878365279855,,,,,,8.287040955982803,,,,,,4.484397089038498,,,,,
2046,4,0.12139690367397453,,,,,,0.06874123394482985,,,,,,8.237442387209612,,,,,,4.664467849748203,,,,,
2046,8,0.12037184263257969,,,,,,0.06733341718480626,,,,,,8.307590696707846,,,,,,4.647087374823022,,,,,
2046,16,0.12040638594757014,,,,,,0.0655782374169812,,,,,,8.305207337054705,,,,,,4.523355254461225,,,,,
2046,32,0.1189013620703131,,,,,,0.070541538633933,,,,,,8.410332586506819,,,,,,4.989663623234675,,,,,
