index,bin_size,m12,m23,m34,m13,m24,m14,m12_err,m23_err,m34_err,m13_err,m24_err,m14_err,corr12,corr23,corr34,corr13,corr24,corr14,corr12_err,corr23_err,corr34_err,corr13_err,corr24_err,corr14_err
1746,1,0.17280924842599232,,,,,,0.052381831137794016,,,,,,5.7867273256978615,,,,,,1.7540691622472875,,,,,
1746,2,0.17365167338021284,,,,,,0.05432703659607078,,,,,,5.758654555608489,,,,,,1.8015987447565858,,,,,
1746,4,0.17511197426184932,,,,,,0.05284104635423491,,,,,,5.710631749857808,,,,,,1.723216006661995,,,,,
1746,8,0.17222177751981016,,,,,,0.05669780753586738,,,,,,5.806466606030547,,,,,,1.9115696680943415,,,,,
1746,16,0.17367647032533037,,,,,,0.054872552302365145,,,,,,5.757832354185931,,,,,,1.8191696112402942,,,,,
1746,32,0.17520005595069302,,,,,,0.04971587358550201,,,,,,5.707760734285567,,,,,,1.6196702083354038,,,,,
