index,bin_size,m12,m23,m34,m13,m24,m14,m12_err,m23_err,m34_err,m13_err,m24_err,m14_err,corr12,corr23,corr34,corr13,corr24,corr14,corr12_err,corr23_err,corr34_err,corr13_err,corr24_err,corr14_err
1960,1,0.01069317663404808,,,,,,0.02941600770988737,,,,,,93.51757987574113,,,,,,257.25880575802336,,,,,
1960,2,0.011729678228123281,,,,,,0.03129590142024997,,,,,,85.25383054433519,,,,,,227.46535962232429,,,,,
1960,4,0.011942130888832473,,,,,,0.03240246960456332,,,,,,83.73714953460582,,,,,,227.20320752011992,,,,,
1960,8,0.010726631571719764,,,,,,0.02973273817080157,,,,,,93.2259109780978,,,,,,258.4093229373249,,,,,
1960,16,0.011960579482527163,,,,,,0.03189782663662258,,,,,,83.60798918320545,,,,,,222.9752453297529,,,,,
1960,32,0.013470435547080897,,,,,,0.03528392109554922,,,,,,74.23664932769783,,,,,,194.45251551974306,,,,,
