index,bin_size,m,n,a,b,corr
120,1,0.06349481932890744,16.0,68169.91742173358,-68139.88857042397,15.749316409893739
120,2,0.06637771575049078,16.0,62216.35398299591,-62189.99197190059,15.065296970431017
120,4,0.061950424307261796,16.0,71725.43578393536,-71698.0576660186,16.141939481159945
120,8,0.05959253047841976,16.0,77680.46506354053,-77650.61420451263,16.780626564635142
120,16,0.06908042431491476,16.0,57261.47297440828,-57232.753234524425,14.475880973766627
120,32,0.06328400968209548,16.0,68635.16266395022,-68606.5507046935,15.801780023476029
