index,bin_size,m12,m23,m34,m13,m24,m14,m12_err,m23_err,m34_err,m13_err,m24_err,m14_err,corr12,corr23,corr34,corr13,corr24,corr14,corr12_err,corr23_err,corr34_err,corr13_err,corr24_err,corr14_err
1719,1,0.10443172794041068,,,,,,0.06748930317537954,,,,,,9.575633954564129,,,,,,6.1882808587136715,,,,,
1719,2,0.10658268429911234,,,,,,0.0683411168755479,,,,,,9.38238707887683,,,,,,6.016012977583564,,,,,
1719,4,0.1028061471939319,,,,,,0.06883518808173109,,,,,,9.727044805147845,,,,,,6.51286889857592,,,,,
1719,8,0.105718181822787,,,,,,0.06884059492890428,,,,,,9.459110843168656,,,,,,6.159496944751874,,,,,
1719,16,0.1034864929674541,,,,,,0.07324440821343853,,,,,,9.663096809305289,,,,,,6.839228840514682,,,,,
1719,32,0.10252385610976864,,,,,,0.06963952989484344,,,,,,9.753827430460046,,,,,,6.625306369723505,,,,,
