index,bin_size,m,n,a,b,corr
1977,1,0.02266309471741471,16.0,507068.9518523761,-507027.5541432928,44.12460047795604
1977,2,0.00009641519479601289,16.0,28135218229.323677,-28135218187.140232,10371.809154311366
1977,4,4.488946459662788e-6,16.0,12972470373192.426,-12972470373150.979,222769.42017150292
1977,8,0.019016723876925594,16.0,721540.2820316023,-721500.6952394431,52.585293159426605
1977,16,-4.5544319640849365e-6,16.0,12618317471861.225,-12618317471816.75,-219566.34941211974
1977,32,0.00021102091951356443,16.0,5873435020.885641,-5873434979.026643,4738.866659784979
