index,bin_size,m,n,a,b,corr
464,1,0.06961000177797907,36.0,17197.677745644636,-17165.27222378675,14.365751680189543
464,2,0.06839366645543687,36.0,17893.836236187275,-17858.588983317193,14.621236904320197
464,4,0.06917005739159451,36.0,17474.68419941994,-17444.685047038434,14.457122600588143
464,8,0.06877127041553976,36.0,17689.391876185557,-17658.3607766404,14.540955750237776
464,16,0.06896568116032549,36.0,17581.23180738914,-17547.700809105932,14.499965536123481
464,32,0.06860576793326735,36.0,17809.865737420885,-17783.45458874474,14.576033912668937
