index,bin_size,m,n,a,b,corr
703,1,0.09440465400138198,16.0,25197.875505773558,-25169.975686680304,10.5926981098343
703,2,0.09414016769623867,16.0,25377.637221288463,-25349.583810868797,10.622458239363796
703,4,0.09669443694849414,16.0,23947.446117520714,-23919.937250307055,10.341856590288293
703,8,0.09145587602877539,16.0,26989.378098146728,-26960.235960408925,10.934234555747551
703,16,0.09245682681564317,16.0,26365.00805915305,-26336.26528010151,10.815858973767048
703,32,0.09525939456241225,16.0,24749.350454138752,-24718.50255730051,10.49765227454619
