index,bin_size,m,n,a,b,corr
239,1,0.07800493596318886,24.0,26240.395055208955,-26258.55965238332,12.819701569550777
239,2,0.07717892352347148,24.0,26854.314265907153,-26871.694109988744,12.956905257895729
239,4,0.07941081645089113,24.0,25241.500070653234,-25257.413723369147,12.592742962394997
239,8,0.07725098315458678,24.0,26827.244181252114,-26846.446029430244,12.944819071090683
239,16,0.07597886872552533,24.0,27806.915852730417,-27820.22067601797,13.161554215982253
239,32,0.07919871213515338,24.0,25401.747521922178,-25416.519210196282,12.626467944244979
