index,bin_size,m,n,a,b,corr
179,1,0.14228482004283324,24.0,5039.594082255425,-5126.495227544847,7.028156620635717
179,2,0.14160816588596603,24.0,5099.29035338999,-5186.507405318741,7.061739651407379
179,4,0.1412677434372351,24.0,5129.309429802326,-5215.26274838646,7.078756803702308
179,8,0.1405524714200709,24.0,5203.812064192208,-5291.95375609415,7.114780621760024
179,16,0.14155936694114385,24.0,5103.462274456578,-5190.739131219794,7.064174004223755
179,32,0.14154217007376307,24.0,5095.18725251349,-5181.665124337723,7.065032276097375
