index,bin_size,m12,m23,m34,m13,m24,m14,m12_err,m23_err,m34_err,m13_err,m24_err,m14_err,corr12,corr23,corr34,corr13,corr24,corr14,corr12_err,corr23_err,corr34_err,corr13_err,corr24_err,corr14_err
475,1,0.19480450863699236,,,,,,0.024206793209226293,,,,,,5.133351414691566,,,,,,0.6378803911427092,,,,,
475,2,0.19489852076524403,,,,,,0.02424047516464556,,,,,,5.1308752681838135,,,,,,0.638151864996009,,,,,
475,4,0.19367025869512233,,,,,,0.021766753220433845,,,,,,5.163415419267912,,,,,,0.5803203339688532,,,,,
475,8,0.19323598299888733,,,,,,0.021531936810262543,,,,,,5.175019602874678,,,,,,0.5766430938569508,,,,,
475,16,0.19385384417399762,,,,,,0.017507791263852237,,,,,,5.158525508023606,,,,,,0.4658890733302716,,,,,
475,32,0.19420323944898255,,,,,,0.01626613648860734,,,,,,5.149244692505253,,,,,,0.43129206917030233,,,,,
