index,bin_size,m,n,a,b,corr
1960,1,6.608112152492197e-6,16.0,6052344514603.143,-6052344514499.6045,151329.15073526074
1960,2,4.281209425144837e-8,16.0,1.4490907642662797e17,-1.4490907642662787e17,23357885.604163572
1960,4,-0.000026780458737716915,16.0,368148612086.1519,-368148611981.94446,-37340.659836854305
1960,8,-3.4638864615550586e-7,16.0,2200452955488818.2,-2200452955488716.0,-2886930.6517369663
1960,16,-0.00002316716056242218,16.0,491509462808.52856,-491509462705.80835,-43164.54739050022
1960,32,-0.00003411734396592833,16.0,226903855947.79492,-226903855842.89038,-29310.60521588847
