index,bin_size,m,n,a,b,corr
1996,1,0.05338503026168001,16.0,89326.71394625228,-89315.17800642605,18.73184289862254
1996,2,0.054075208874921496,16.0,87079.68946392616,-87068.41176343741,18.492762595019226
1996,4,0.05594004359547925,16.0,81199.52081731656,-81187.67850965439,17.87628210001635
1996,8,0.05295107702851177,16.0,90852.04875925576,-90837.85171859762,18.88535712808155
1996,16,0.052052249706009905,16.0,93908.24869819915,-93895.9655854148,19.211465511058226
1996,32,0.052237729352244425,16.0,93316.4764460135,-93303.3550440207,19.143251676520936
