index,bin_size,m12,m23,m34,m13,m24,m14,m12_err,m23_err,m34_err,m13_err,m24_err,m14_err,corr12,corr23,corr34,corr13,corr24,corr14,corr12_err,corr23_err,corr34_err,corr13_err,corr24_err,corr14_err
1509,1,0.11671076309084577,,,,,,0.06537716136211269,,,,,,8.568190058200683,,,,,,4.799591136082396,,,,,
1509,2,0.11769657477440339,,,,,,0.06342604898745965,,,,,,8.496423977645607,,,,,,4.578677029958698,,,,,
1509,4,0.12053060948251325,,,,,,0.05936597153930896,,,,,,8.296647667288877,,,,,,4.0864188059996795,,,,,
1509,8,0.11971042498091765,,,,,,0.05864661189453401,,,,,,8.353491353484078,,,,,,4.092408538773621,,,,,
1509,16,0.12064285154683424,,,,,,0.055356469491012035,,,,,,8.28892874445855,,,,,,3.8033403991422228,,,,,
1509,32,0.11964472318166837,,,,,,0.058512930029430685,,,,,,8.358078596425866,,,,,,4.0875657119501,,,,,
