index,bin_size,m,n,a,b,corr
2649,1,0.20300147598874108,54.0,75.46137765151921,-24.386928636408378,4.926072557499347
2649,2,0.20278130901129307,54.0,75.75697278182713,-27.859996645625028,4.931420972059654
2649,4,0.20287541890973496,54.0,75.63647048592902,-21.73130550926649,4.929133383305192
2649,8,0.20232843736962733,54.0,76.82054270987446,-27.200320639887106,4.942458969191424
2649,16,0.20267472700466185,54.0,76.00398674981439,-24.601487216518,4.934014293637106
2649,32,0.20219882884389162,54.0,77.12607475674422,-29.626937261633653,4.945627062815749
