index,bin_size,m,n,a,b,corr
2026,1,-4.623553504393932e-6,16.0,12706222038413.584,-12706222038363.604,-216283.86024940846
2026,2,-0.00003103304418698889,16.0,281770074511.062,-281770074462.16046,-32223.715919537994
2026,4,-6.939316046357688e-6,16.0,5638935399932.668,-5638935399884.801,-144106.4210535389
2026,8,-0.000011645719925295496,16.0,2002502962161.0857,-2002502962112.7666,-85868.45694510605
2026,16,-4.3371019796327286e-6,16.0,14439540026652.713,-14439540026604.35,-230568.70802117532
2026,32,-1.3348892449281994e-7,16.0,1.5232865742173704e16,-1.5232865742173656e16,-7491258.198381752
