index,bin_size,m,n,a,b,corr
2268,1,0.1028366511801064,24.0,12300.138773304125,-12337.445639728332,9.724159514379913
2268,2,0.1033383759276794,24.0,12161.151011456066,-12199.927019843104,9.676947126591603
2268,4,0.10197565194603461,24.0,12547.964371760356,-12589.234074089905,9.806262386331188
2268,8,0.1017494227335927,24.0,12602.152687370197,-12638.05678895168,9.82806558635982
2268,16,0.10264536860026176,24.0,12346.429868641922,-12385.971489651858,9.742280763727024
2268,32,0.1020687136154301,24.0,12533.752193246233,-12574.484259818051,9.797321476664779
