index,bin_size,m12,m23,m34,m13,m24,m14,m12_err,m23_err,m34_err,m13_err,m24_err,m14_err,corr12,corr23,corr34,corr13,corr24,corr14,corr12_err,corr23_err,corr34_err,corr13_err,corr24_err,corr14_err
329,1,0.0951272947288932,,,,,,0.042294452404739384,,,,,,10.512229984568961,,,,,,4.673832174215969,,,,,
329,2,0.09525369406312073,,,,,,0.03999573113561893,,,,,,10.498280511171997,,,,,,4.408085259485072,,,,,
329,4,0.09529109819324678,,,,,,0.041208535453032415,,,,,,10.494159674516894,,,,,,4.53818834284103,,,,,
329,8,0.09502238128613724,,,,,,0.04150090282463832,,,,,,10.523836452685167,,,,,,4.596272036691114,,,,,
329,16,0.09498529963437324,,,,,,0.043685852474870605,,,,,,10.527944890938896,,,,,,4.842036074418908,,,,,
329,32,0.09134252615399871,,,,,,0.04527207353847971,,,,,,10.947803198633377,,,,,,5.426056978736583,,,,,
