index,bin_size,m12,m23,m34,m13,m24,m14,m12_err,m23_err,m34_err,m13_err,m24_err,m14_err,corr12,corr23,corr34,corr13,corr24,corr14,corr12_err,corr23_err,corr34_err,corr13_err,corr24_err,corr14_err
899,1,0.15881427041766136,,,,,,0.06224638642442265,,,,,,6.296663375212612,,,,,,2.467942840446449,,,,,
899,2,0.1563130414183194,,,,,,0.05979983651596212,,,,,,6.397418864903509,,,,,,2.447426003448785,,,,,
899,4,0.1563137320131862,,,,,,0.06285455991259209,,,,,,6.397390601074272,,,,,,2.5724238404438826,,,,,
899,8,0.15436966029937932,,,,,,0.06160856034644639,,,,,,6.477956860568545,,,,,,2.5853370111200427,,,,,
899,16,0.15418847226504032,,,,,,0.06335723996324637,,,,,,6.485569156435137,,,,,,2.6649707031026653,,,,,
899,32,0.1589963604129921,,,,,,0.042540203444590405,,,,,,6.289452144706369,,,,,,1.6827716879546992,,,,,
