index,bin_size,m,n,a,b,corr
1383,1,1.0574283984619414e-7,16.0,2.3634560006810436e16,-2.3634560006810304e16,9456905.086477036
1383,2,0.00003629584626437569,16.0,200674757168.52084,-200674757039.4468,27551.362013054873
1383,4,-0.00004634285007617536,16.0,123277358555.56694,-123277358421.67632,-21578.30168745049
1383,8,-4.059642922284139e-6,16.0,16058457626985.107,-16058457626854.004,-246327.0832296144
1383,16,0.000020067556848875275,16.0,656195753346.7811,-656195753216.9585,49831.6764482492
1383,32,-0.00003780594205539754,16.0,184773131604.39423,-184773131478.21866,-26450.8684517023
