index,bin_size,m12,m23,m34,m13,m24,m14,m12_err,m23_err,m34_err,m13_err,m24_err,m14_err,corr12,corr23,corr34,corr13,corr24,corr14,corr12_err,corr23_err,corr34_err,corr13_err,corr24_err,corr14_err
1103,1,0.12072513798248126,,,,,,0.06414996639686274,,,,,,8.283278998157886,,,,,,4.40150310256656,,,,,
1103,2,0.12289676263453768,,,,,,0.06352846182748405,,,,,,8.136910839333778,,,,,,4.206176131648447,,,,,
1103,4,0.1227071375062168,,,,,,0.06218704852237323,,,,,,8.149485191514115,,,,,,4.1300974119078795,,,,,
1103,8,0.12331307166270478,,,,,,0.06638433377648885,,,,,,8.109440357914979,,,,,,4.365634463577915,,,,,
1103,16,0.12192378575547728,,,,,,0.0652809602174479,,,,,,8.201845060860704,,,,,,4.391467323706079,,,,,
1103,32,0.12406654992068009,,,,,,0.05536627066720692,,,,,,8.060190282065017,,,,,,3.59696209067886,,,,,
