index,bin_size,m,n,a,b,corr
1945,1,0.12887622848515623,16.0,13161.885607874865,-13181.306362805757,7.759382872654273
1945,2,0.12649973036198306,16.0,13719.042979300568,-13737.589910753557,7.905155189963391
1945,4,0.12811384741360987,16.0,13339.226506009907,-13356.364386954032,7.8055574802272885
1945,8,0.12728378948024036,16.0,13548.656978834842,-13568.756073702529,7.8564599945010345
1945,16,0.12839709005404304,16.0,13282.133337068699,-13301.503463705638,7.788338501901364
1945,32,0.13145628804199588,16.0,12589.092682036475,-12610.099390860214,7.607091413387038
