index,bin_size,m,n,a,b,corr
1258,1,0.000012336711066028908,16.0,2010364317071.6477,-2010364317036.3115,81058.88146749734
1258,2,-0.000024917890370559317,16.0,492123368949.21686,-492123368913.9536,-40131.808316385715
1258,4,6.542556082282401e-6,16.0,7141689600248.387,-7141689600216.598,152845.460921314
1258,8,-3.2168627403411473e-7,16.0,2953628797819066.5,-2953628797819036.0,-3108618.802597559
1258,16,0.00003095189699823264,16.0,318824858026.8443,-318824857994.76843,32308.197460630614
1258,32,-0.00004556638184054336,16.0,147321840241.03696,-147321840207.94995,-21946.00404086144
