index,bin_size,m12,m23,m34,m13,m24,m14,m12_err,m23_err,m34_err,m13_err,m24_err,m14_err,corr12,corr23,corr34,corr13,corr24,corr14,corr12_err,corr23_err,corr34_err,corr13_err,corr24_err,corr14_err
1546,1,0.16677642379939447,,,,,,0.06091131409829157,,,,,,5.996051343581039,,,,,,2.1899220430440356,,,,,
1546,2,0.1683954484488577,,,,,,0.06203660040812285,,,,,,5.938402784702958,,,,,,2.1876976130324883,,,,,
1546,4,0.16759053221830103,,,,,,0.06484361623932348,,,,,,5.9669241857733,,,,,,2.308704059292736,,,,,
1546,8,0.16566364254767268,,,,,,0.07107079886056551,,,,,,6.0363274923900825,,,,,,2.5896244370257824,,,,,
1546,16,0.16507412809092525,,,,,,0.07053459890724134,,,,,,6.057884488411081,,,,,,2.588476204951491,,,,,
1546,32,0.16479639278403221,,,,,,0.07724889336742871,,,,,,6.06809398619855,,,,,,2.8444405691433716,,,,,
