index,bin_size,m,n,a,b,corr
1395,1,0.05951186068920845,16.0,74670.32497042269,-74724.37213576736,16.803373116198575
1395,2,0.05972145979586768,16.0,74099.35009520545,-74152.76290364782,16.744399809014602
1395,4,0.0624465056944545,16.0,67585.2493045076,-67641.27193070477,16.013706273541004
1395,8,0.06397488736253851,16.0,64281.35356036597,-64338.06847145366,15.631133421667665
1395,16,0.06182246031557838,16.0,68998.86592797097,-69052.71604801867,16.175351076217428
1395,32,0.06354307943463497,16.0,65177.08053278137,-65231.215209277,15.73735501800275
