index,bin_size,m,n,a,b,corr
249,1,0.1770473641776204,24.0,2675.4885711568995,-2669.666355078458,5.648206086800385
249,2,0.17858151007308662,24.0,2607.1618013840043,-2596.8736575342073,5.599683861956023
249,4,0.17775766729996845,24.0,2644.012495059301,-2639.467407554942,5.625636380075165
249,8,0.17789729971424625,24.0,2635.8022692780205,-2627.9335165099674,5.62122079203161
249,16,0.1792435285814504,24.0,2584.988789943819,-2573.502891314043,5.579001975212668
249,32,0.17722824098817522,24.0,2666.8541375953864,-2655.6529499162752,5.642441601994575
