index,bin_size,m,n,a,b,corr
99,1,0.19352898112623293,16.0,4122.243675361059,-4060.9341061189434,5.1671847502143935
99,2,0.1935895245948812,16.0,4122.4258986724435,-4061.8120417771606,5.165568757362616
99,4,0.1935532081583059,16.0,4123.667600822742,-4061.8755477459636,5.1665379743130195
99,8,0.1945915864772723,16.0,4068.3828138563904,-4008.1357753588336,5.138968329017643
99,16,0.19364363559790565,16.0,4117.408181425358,-4056.2002289734214,5.164125311489532
99,32,0.19445343567481183,16.0,4073.489829845393,-4013.2801583015917,5.14261934498457
