index,bin_size,m,n,a,b,corr
1815,1,0.15157893550435658,16.0,7281.978648086436,-7242.932062563731,6.5972227385859865
1815,2,0.15117121120111995,16.0,7328.230433276714,-7287.880519764412,6.615016126778189
1815,4,0.15323291122932875,16.0,7101.301718265786,-7062.156777977753,6.52601319114402
1815,8,0.15275453194256228,16.0,7153.2171145185175,-7113.208208520543,6.546450617753281
1815,16,0.15261063640842432,16.0,7173.303039505758,-7131.019492048333,6.552623221645897
1815,32,0.1516777468803024,16.0,7273.664093435284,-7233.026552855287,6.5929249383507615
