index,bin_size,m,n,a,b,corr
2117,1,0.13661519472899877,24.0,5518.832864998807,-5506.736120405978,7.319829993901359
2117,2,0.13594613035287362,24.0,5594.041565034851,-5583.358670658348,7.3558548331189195
2117,4,0.13572953662010426,24.0,5612.302170821928,-5601.443335313014,7.367593118651228
2117,8,0.13546273815843216,24.0,5643.596468103622,-5631.234562279809,7.382103843423255
2117,16,0.13593176964522824,24.0,5587.041203794319,-5576.219927693192,7.356631953000577
2117,32,0.13630919049029552,24.0,5550.0647245600685,-5538.7660618888585,7.336262480930768
