index,bin_size,m,n,a,b,corr
2845,1,0.08396952150698529,24.0,19404.058908216204,-19384.28238444777,11.909082986936058
2845,2,0.08549883076637182,24.0,18623.333358595304,-18605.6330007406,11.696066379346528
2845,4,0.08537836336251867,24.0,18687.6759987633,-18665.244119393254,11.712569328062369
2845,8,0.08465762102560924,24.0,19040.62178529818,-19018.34645191809,11.812285626328862
2845,16,0.08691660207776132,24.0,17944.619538641135,-17922.453576297983,11.505281799964225
2845,32,0.08608828423256695,24.0,18310.03225515183,-18287.12763728587,11.615982463984372
