index,bin_size,m12,m23,m34,m13,m24,m14,m12_err,m23_err,m34_err,m13_err,m24_err,m14_err,corr12,corr23,corr34,corr13,corr24,corr14,corr12_err,corr23_err,corr34_err,corr13_err,corr24_err,corr14_err
708,1,0.15188535121405436,,,,,,0.06205497134615202,,,,,,6.583913405781211,,,,,,2.6899536688400114,,,,,
708,2,0.15146576979841903,,,,,,0.05916154397485599,,,,,,6.6021517688839415,,,,,,2.578757515465897,,,,,
708,4,0.15316819665229683,,,,,,0.06151003098154927,,,,,,6.528770474918329,,,,,,2.62185546974401,,,,,
708,8,0.1547213060957943,,,,,,0.057775123474358515,,,,,,6.4632339606857965,,,,,,2.413462951838664,,,,,
708,16,0.153483218124492,,,,,,0.056616954409636044,,,,,,6.51537029402712,,,,,,2.403392549403201,,,,,
708,32,0.1588646066171314,,,,,,0.038623186792418926,,,,,,6.294668279448996,,,,,,1.5303606884534067,,,,,
