index,bin_size,m12,m23,m34,m13,m24,m14,m12_err,m23_err,m34_err,m13_err,m24_err,m14_err,corr12,corr23,corr34,corr13,corr24,corr14,corr12_err,corr23_err,corr34_err,corr13_err,corr24_err,corr14_err
1368,1,0.03299492369689856,,,,,,0.05045083423417772,,,,,,30.307692455551805,,,,,,46.34192768990126,,,,,
1368,2,0.03214277854727412,,,,,,0.050447757270983315,,,,,,31.111187184058966,,,,,,48.82868533487858,,,,,
1368,4,0.03171307822146487,,,,,,0.051550040664379834,,,,,,31.53273211186273,,,,,,51.25688560643404,,,,,
1368,8,0.033031507113432876,,,,,,0.05298171354730915,,,,,,30.27412574805984,,,,,,48.558942611087716,,,,,
1368,16,0.031251343046694226,,,,,,0.05044073554577851,,,,,,31.998624779288654,,,,,,51.646873797042375,,,,,
1368,32,0.029086262928282328,,,,,,0.046349398396721614,,,,,,34.3804909714833,,,,,,54.78583058405551,,,,,
