index,bin_size,m,n,a,b,corr
2097,1,0.000015690040466635204,16.0,991955156440.838,-991955156475.4672,63734.69858962411
2097,2,0.00824028670605731,16.0,3589204.8738443335,-3589240.1575401435,121.35500082356542
2097,4,5.499403211343446e-7,16.0,806772331711086.2,-806772331711118.6,1818379.1250973041
2097,8,-0.000013593008430784228,16.0,1319432974553.9604,-1319432974587.8777,-73567.23164647566
2097,16,-0.000027801988201944404,16.0,315749146786.13617,-315749146818.8232,-35968.65061362994
2097,32,0.0000944921139742225,16.0,27340831537.760242,-27340831571.730404,10582.89372457897
