index,bin_size,m,n,a,b,corr
285,1,0.2140917291541622,24.0,1323.2720658475723,-1350.2757670401047,4.6708950595654475
285,2,0.21356859521476323,24.0,1334.157834184874,-1359.7347805428565,4.682336365954958
285,4,0.2138136069658853,24.0,1327.9257305146843,-1352.4901806160735,4.67697081673363
285,8,0.21418702352457156,24.0,1320.2940288394445,-1347.5097341084568,4.668816922446657
285,16,0.2136928362864067,24.0,1331.129320290655,-1355.9168020405937,4.679614054351018
285,32,0.21397349324926487,24.0,1327.0372915403625,-1355.6352975507855,4.673476068529043
