index,bin_size,m12,m23,m34,m13,m24,m14,m12_err,m23_err,m34_err,m13_err,m24_err,m14_err,corr12,corr23,corr34,corr13,corr24,corr14,corr12_err,corr23_err,corr34_err,corr13_err,corr24_err,corr14_err
457,1,0.22853538730848053,,,,,,0.027166079261688385,,,,,,4.375689961092043,,,,,,0.5201397547555627,,,,,
457,2,0.22770643876375785,,,,,,0.027537912033142476,,,,,,4.391619338605904,,,,,,0.5311049950372555,,,,,
457,4,0.22682608552837613,,,,,,0.025119450347646365,,,,,,4.408664010889961,,,,,,0.4882296340080858,,,,,
457,8,0.22659007667636158,,,,,,0.023253469068926846,,,,,,4.413255931892813,,,,,,0.4529038156075322,,,,,
457,16,0.2273292278105423,,,,,,0.024252439602019806,,,,,,4.398906421454115,,,,,,0.469293866559756,,,,,
457,32,0.2273588854195701,,,,,,0.022256163066314068,,,,,,4.398332610377603,,,,,,0.43055281352124697,,,,,
