index,bin_size,m,n,a,b,corr
1636,1,0.000014230933746140303,16.0,1338773418450.357,-1338773418350.091,70269.45791742012
1636,2,0.000036392426583334317,16.0,204529873662.0835,-204529873564.38068,27478.24462076249
1636,4,-4.6742100479430075e-6,16.0,12429193005353.238,-12429193005251.957,-213939.89353133002
1636,8,-0.00003224488829942606,16.0,260669321139.05542,-260669321042.681,-31012.667518460574
1636,16,-0.000027937871640932043,16.0,346811356908.18225,-346811356810.42865,-35793.70729640301
1636,32,-0.000018787582431678416,16.0,767750760644.4563,-767750760545.9092,-53226.646037963044
