index,bin_size,m,n,a,b,corr
1689,1,0.03399986369119373,16.0,208987.33735033695,-208942.42205554235,29.411882620547356
1689,2,0.03133226929299513,16.0,246461.50479388237,-246417.40209104904,31.915977443215937
1689,4,0.0314617209575706,16.0,244630.92882636338,-244585.58046643686,31.784656705480415
1689,8,0.03531253718515574,16.0,193684.91655784653,-193639.00502882898,28.31855425048212
1689,16,0.036713937666885056,16.0,179077.79812583397,-179032.3717870218,27.237612295179442
1689,32,0.03675406628097374,16.0,178653.16956281677,-178609.57832148686,27.207873881363273
