index,bin_size,m12,m23,m34,m13,m24,m14,m12_err,m23_err,m34_err,m13_err,m24_err,m14_err,corr12,corr23,corr34,corr13,corr24,corr14,corr12_err,corr23_err,corr34_err,corr13_err,corr24_err,corr14_err
1710,1,0.03313652816326178,,,,,,0.04987157622975293,,,,,,30.178176635556305,,,,,,45.419158855142655,,,,,
1710,2,0.033848056000451966,,,,,,0.050440321003845365,,,,,,29.5437941838269,,,,,,44.02611666335787,,,,,
1710,4,0.03534514538340181,,,,,,0.05193659936933923,,,,,,28.29242854011864,,,,,,41.57324889555672,,,,,
1710,8,0.032758020578570406,,,,,,0.04969885458343749,,,,,,30.52687501680668,,,,,,46.313870482746246,,,,,
1710,16,0.03173619347519088,,,,,,0.048801743758750044,,,,,,31.509765050485008,,,,,,48.453557642137426,,,,,
1710,32,0.02893007784430927,,,,,,0.047759857250032296,,,,,,34.566101252185405,,,,,,57.064210832024244,,,,,
