index,bin_size,m12,m23,m34,m13,m24,m14,m12_err,m23_err,m34_err,m13_err,m24_err,m14_err,corr12,corr23,corr34,corr13,corr24,corr14,corr12_err,corr23_err,corr34_err,corr13_err,corr24_err,corr14_err
1373,1,0.14524773564514126,,,,,,0.060308201635804075,,,,,,6.88478891294476,,,,,,2.8586279582094836,,,,,
1373,2,0.1434502553217753,,,,,,0.059172787047315524,,,,,,6.9710576517057135,,,,,,2.8755397401954004,,,,,
1373,4,0.14369755425794425,,,,,,0.05964626392091812,,,,,,6.95906068244523,,,,,,2.8885806181622264,,,,,
1373,8,0.14257312568453034,,,,,,0.06519440871335609,,,,,,7.013944564929345,,,,,,3.207266211379987,,,,,
1373,16,0.14499637821731892,,,,,,0.05633338499771846,,,,,,6.896723989210347,,,,,,2.6794862912015915,,,,,
1373,32,0.14073588042201526,,,,,,0.06332343141432599,,,,,,7.105508538415129,,,,,,3.197089336756324,,,,,
