index,bin_size,m12,m23,m34,m13,m24,m14,m12_err,m23_err,m34_err,m13_err,m24_err,m14_err,corr12,corr23,corr34,corr13,corr24,corr14,corr12_err,corr23_err,corr34_err,corr13_err,corr24_err,corr14_err
1774,1,0.017520367221520814,,,,,,0.038620754371061376,,,,,,57.076429241258644,,,,,,125.81555661665938,,,,,
1774,2,0.01607977552918958,,,,,,0.03651256270333422,,,,,,62.189922874526594,,,,,,141.21549485250281,,,,,
1774,4,0.018299215624242086,,,,,,0.03940173676715982,,,,,,54.64715103281471,,,,,,117.66584449760381,,,,,
1774,8,0.017352548564217845,,,,,,0.03824990582655849,,,,,,57.628422493631234,,,,,,127.0292790224429,,,,,
1774,16,0.018482362744948366,,,,,,0.04013602294832248,,,,,,54.10563648164096,,,,,,117.49499224899033,,,,,
1774,32,0.018256225368352665,,,,,,0.03969602058692052,,,,,,54.775835629938555,,,,,,119.10362930779368,,,,,
