index,bin_size,m12,m23,m34,m13,m24,m14,m12_err,m23_err,m34_err,m13_err,m24_err,m14_err,corr12,corr23,corr34,corr13,corr24,corr14,corr12_err,corr23_err,corr34_err,corr13_err,corr24_err,corr14_err
1348,1,0.04226588850945858,,,,,,0.05757634414512805,,,,,,23.65974158513697,,,,,,32.23028006582166,,,,,
1348,2,0.04194062749200463,,,,,,0.05839854928157417,,,,,,23.843229341063992,,,,,,33.19955105515394,,,,,
1348,4,0.040927434661151986,,,,,,0.05555660479301481,,,,,,24.433488399144462,,,,,,33.167035020508,,,,,
1348,8,0.041328735548193676,,,,,,0.05467071650045212,,,,,,24.196239897876726,,,,,,32.007409718383286,,,,,
1348,16,0.03855107086165599,,,,,,0.052867632023384306,,,,,,25.939616660418867,,,,,,35.57271115378209,,,,,
1348,32,0.04529227273300364,,,,,,0.05944888253490347,,,,,,22.07882138957709,,,,,,28.979805606920753,,,,,
