index,bin_size,m,n,a,b,corr
140,1,-0.00012299022153959698,16.0,17199745294.247074,-17199745343.720867,-8130.727691046948
140,2,-4.606547065433335e-6,16.0,12285833425565.04,-12285833425615.072,-217082.33646494406
140,4,0.005982254323497014,16.0,7285896.345568622,-7285945.173466907,167.1610643620105
140,8,0.013867639750873606,16.0,1353500.4419242844,-1353548.9816045233,72.11032432083506
140,16,0.0001664774648064397,16.0,9404744808.25423,-9404744858.168165,6006.819007982142
140,32,0.011920067615734515,16.0,1828608.5754087341,-1828657.9085307883,83.8921415747674
