index,bin_size,m,n,a,b,corr
960,1,1.911514092800243e-6,16.0,65372707316252.2,-65372707316283.53,523145.50217888557
960,2,-0.0000265196077236849,16.0,339054694062.09534,-339054694096.0333,-37707.94841384064
960,4,-0.00004124710770612063,16.0,140238775404.70596,-140238775435.08334,-24244.12414865178
960,8,-0.00004995466236078203,16.0,95541892168.54004,-95541892200.58357,-20018.151514623612
960,16,0.000030054280182182377,16.0,264925859567.78107,-264925859595.69653,33273.13094634847
960,32,0.000026630814217712117,16.0,337077476872.6078,-337077476903.1247,37550.48538226448
