index,bin_size,m12,m23,m34,m13,m24,m14,m12_err,m23_err,m34_err,m13_err,m24_err,m14_err,corr12,corr23,corr34,corr13,corr24,corr14,corr12_err,corr23_err,corr34_err,corr13_err,corr24_err,corr14_err
2107,1,0.2329973138288483,,,,,,0.04979639680581208,,,,,,4.29189497323804,,,,,,0.9172676784300765,,,,,
2107,2,0.2320734241089755,,,,,,0.05005886507660336,,,,,,4.30898110733449,,,,,,0.9294588757754612,,,,,
2107,4,0.2335681346438777,,,,,,0.05332038711389975,,,,,,4.281405944028727,,,,,,0.9773859892122357,,,,,
2107,8,0.23168062707252993,,,,,,0.05759125780485636,,,,,,4.3162866599413166,,,,,,1.0729441685882617,,,,,
2107,16,0.2347236247407865,,,,,,0.059853045539192525,,,,,,4.260329573149422,,,,,,1.0863572008794575,,,,,
2107,32,0.23265008137745424,,,,,,0.05670217671263421,,,,,,4.2983006671619775,,,,,,1.0475947506677759,,,,,
