index,bin_size,m12,m23,m34,m13,m24,m14,m12_err,m23_err,m34_err,m13_err,m24_err,m14_err,corr12,corr23,corr34,corr13,corr24,corr14,corr12_err,corr23_err,corr34_err,corr13_err,corr24_err,corr14_err
156,1,26721953796356.64,,,,,,191750027068412.3,,,,,,3.742241333178053e-14,,,,,,2.68533836411041e-13,,,,,
156,2,NaN,,,,,,NaN,,,,,,NaN,,,,,,NaN,,,,,
156,4,NaN,,,,,,NaN,,,,,,NaN,,,,,,NaN,,,,,
156,8,NaN,,,,,,NaN,,,,,,NaN,,,,,,NaN,,,,,
156,16,23301114341983.566,,,,,,190226887721732.22,,,,,,4.2916402422789553e-14,,,,,,3.503632292122256e-13,,,,,
156,32,35246608481126.46,,,,,,132026766596623.56,,,,,,2.8371524044234526e-14,,,,,,1.0627407130488635e-13,,,,,
