index,bin_size,m,n,a,b,corr
750,1,-0.00003811181265999184,16.0,192085176751.51544,-192085176552.6949,-26238.584055849893
750,2,-0.00003659888429448946,16.0,208119280999.75717,-208119280802.09415,-27323.237286513835
750,4,-1.5159767328525855e-7,16.0,1.2151953418116712e16,-1.2151953418116514e16,-6596407.3084309045
750,8,1.01608773938666e-6,16.0,270422474168865.47,-270422474168664.66,984166.9781426839
750,16,-0.000034961321446376,16.0,227927986047.5905,-227927985847.92346,-28603.037832360234
750,32,6.395650850343261e-6,16.0,6822589360469.12,-6822589360268.2295,156356.25261599905
