index,bin_size,m12,m23,m34,m13,m24,m14,m12_err,m23_err,m34_err,m13_err,m24_err,m14_err,corr12,corr23,corr34,corr13,corr24,corr14,corr12_err,corr23_err,corr34_err,corr13_err,corr24_err,corr14_err
2904,1,0.2109547881389673,,,,,,0.03242822088599109,,,,,,4.74035222818098,,,,,,0.7286925814245486,,,,,
2904,2,0.20908110845666367,,,,,,0.033394120293430155,,,,,,4.782832879457737,,,,,,0.7639068766133383,,,,,
2904,4,0.21140333319235546,,,,,,0.0350276356891495,,,,,,4.730294385141516,,,,,,0.7837673414278881,,,,,
2904,8,0.21010446222408974,,,,,,0.034520424940050594,,,,,,4.759537181716,,,,,,0.7819978894858951,,,,,
2904,16,0.21060137821401057,,,,,,0.026859949947549085,,,,,,4.748307007676902,,,,,,0.6055956976321127,,,,,
2904,32,0.21063378748984074,,,,,,0.026912756443447643,,,,,,4.747576406981866,,,,,,0.6065995824336768,,,,,
