index,bin_size,m,n,a,b,corr
1948,1,0.0000295727853699444,16.0,254542243214.64868,-254542243217.95358,33814.87362419119
1948,2,0.00001747167934545438,16.0,728699589668.231,-728699589670.1919,57235.482647532146
1948,4,0.0000590282296384803,16.0,63823805324.05143,-63823805326.50952,16941.046785995823
1948,8,4.975681116281358e-7,16.0,898594776191120.9,-898594776191124.6,2009775.0973787555
1948,16,-7.111625456111687e-6,16.0,4403536573927.161,-4403536573929.557,-140614.82936233745
1948,32,-8.635610298032706e-7,16.0,298932025380111.75,-298932025380114.06,-1157995.7472465052
