index,bin_size,m12,m23,m34,m13,m24,m14,m12_err,m23_err,m34_err,m13_err,m24_err,m14_err,corr12,corr23,corr34,corr13,corr24,corr14,corr12_err,corr23_err,corr34_err,corr13_err,corr24_err,corr14_err
2846,1,0.08333874502642301,,,,,,0.046837941205151674,,,,,,11.999220766798738,,,,,,6.743787617689264,,,,,
2846,2,0.08151992501151169,,,,,,0.04672328938808028,,,,,,12.266939645231357,,,,,,7.0308181818043005,,,,,
2846,4,0.08178541060056012,,,,,,0.04723562350095658,,,,,,12.227119637315257,,,,,,7.061841659145754,,,,,
2846,8,0.08203081959955061,,,,,,0.0474388520196985,,,,,,12.19054015163684,,,,,,7.049853129796856,,,,,
2846,16,0.08190671536712733,,,,,,0.042172203284486655,,,,,,12.209011135628359,,,,,,6.286186635692196,,,,,
2846,32,0.08065773050010581,,,,,,0.04575687184896055,,,,,,12.39806765947485,,,,,,7.033384023476692,,,,,
