index,bin_size,m12,m23,m34,m13,m24,m14,m12_err,m23_err,m34_err,m13_err,m24_err,m14_err,corr12,corr23,corr34,corr13,corr24,corr14,corr12_err,corr23_err,corr34_err,corr13_err,corr24_err,corr14_err
2257,1,0.1154910049071547,,,,,,0.0429027602551336,,,,,,8.658682992705085,,,,,,3.216539685145779,,,,,
2257,2,0.11581600380834624,,,,,,0.04502564281864993,,,,,,8.634385293200173,,,,,,3.3567791616569185,,,,,
2257,4,0.11538589991720911,,,,,,0.046586333565286596,,,,,,8.666570185070386,,,,,,3.4990733685688458,,,,,
2257,8,0.11634470197895293,,,,,,0.043384047154442,,,,,,8.595148579957709,,,,,,3.205064991784307,,,,,
2257,16,0.11497921116248284,,,,,,0.03810948387955879,,,,,,8.697224392910908,,,,,,2.882666609446119,,,,,
2257,32,0.1173167845523878,,,,,,0.03663008789673347,,,,,,8.523929494107897,,,,,,2.6614459967175783,,,,,
