index,bin_size,m12,m23,m34,m13,m24,m14,m12_err,m23_err,m34_err,m13_err,m24_err,m14_err,corr12,corr23,corr34,corr13,corr24,corr14,corr12_err,corr23_err,corr34_err,corr13_err,corr24_err,corr14_err
2940,1,0.0565036880629306,,,,,,0.045779998469199855,,,,,,17.69795980195588,,,,,,14.339109541648536,,,,,
2940,2,0.05474282047304467,,,,,,0.04536911858584689,,,,,,18.267235618457025,,,,,,15.13930725249109,,,,,
2940,4,0.05841951707192302,,,,,,0.046351291919130996,,,,,,17.11756704131691,,,,,,13.581443097185435,,,,,
2940,8,0.055825765156170694,,,,,,0.04538150831421331,,,,,,17.912875841513927,,,,,,14.56161544152664,,,,,
2940,16,0.05658893110481121,,,,,,0.046195090965869635,,,,,,17.67130038466091,,,,,,14.425565438630688,,,,,
2940,32,0.05550569976857042,,,,,,0.04148615724164635,,,,,,18.016167784019913,,,,,,13.46567240294399,,,,,
