index,bin_size,m12,m23,m34,m13,m24,m14,m12_err,m23_err,m34_err,m13_err,m24_err,m14_err,corr12,corr23,corr34,corr13,corr24,corr14,corr12_err,corr23_err,corr34_err,corr13_err,corr24_err,corr14_err
318,1,0.1711646030934089,,,,,,0.02848454310327683,,,,,,5.842329441527548,,,,,,0.9722575917750774,,,,,
318,2,0.1704076097077767,,,,,,0.030875722647955104,,,,,,5.868282535708639,,,,,,1.0632592306358133,,,,,
318,4,0.17078228795265676,,,,,,0.03168771506701499,,,,,,5.85540814558717,,,,,,1.0864388054684007,,,,,
318,8,0.17046304788665068,,,,,,0.028526686127830898,,,,,,5.866374046444069,,,,,,0.9817272024998717,,,,,
318,16,0.17100600868255234,,,,,,0.02379254580546798,,,,,,5.847747735322879,,,,,,0.8136135503271756,,,,,
318,32,0.17193634196331062,,,,,,0.01911320234252131,,,,,,5.816106057516271,,,,,,0.6465440095648521,,,,,
