index,bin_size,m,n,a,b,corr
2551,1,0.061300131749386984,54.0,15744.871779131909,-15975.375621255655,16.313178641903985
2551,2,0.061066669322408534,54.0,15906.623618433336,-16132.318420334796,16.375545139368654
2551,4,0.060765774803080576,54.0,16095.092094002253,-16322.084425417403,16.456632096614097
2551,8,0.06093635336259506,54.0,15991.23405938538,-16218.198411986268,16.410565201524452
2551,16,0.06114298303022777,54.0,15849.87618333903,-16081.307138114045,16.355106513295592
2551,32,0.060773364080746343,54.0,16090.497719880359,-16313.118966418471,16.45457701948757
