index,bin_size,m,n,a,b,corr
904,1,0.09607574613897046,16.0,25262.952248320966,-25275.3411806565,10.408454164420771
904,2,0.09781583724392282,16.0,24309.524662312735,-24322.395343934004,10.223293366147912
904,4,0.09822925515640316,16.0,24081.92631967821,-24094.2727062077,10.18026654490838
904,8,0.09791463127656262,16.0,24233.1472169124,-24243.81758339866,10.212978254245495
904,16,0.09837405018694284,16.0,24024.368325112762,-24036.019435738814,10.165282390017218
904,32,0.09602736314364349,16.0,25281.196421188957,-25292.716072268486,10.413698421606558
