index,bin_size,m12,m23,m34,m13,m24,m14,m12_err,m23_err,m34_err,m13_err,m24_err,m14_err,corr12,corr23,corr34,corr13,corr24,corr14,corr12_err,corr23_err,corr34_err,corr13_err,corr24_err,corr14_err
183,1,0.1835307110023724,,,,,,0.032439948586438484,,,,,,5.448679376538097,,,,,,0.9630806630319149,,,,,
183,2,0.18410847582578785,,,,,,0.03397730384944528,,,,,,5.431580461000868,,,,,,1.0024006710085795,,,,,
183,4,0.1837718359255063,,,,,,0.032166929938559886,,,,,,5.441530226673905,,,,,,0.9524708760646461,,,,,
183,8,0.1841415576118692,,,,,,0.029381238454446144,,,,,,5.430604655293429,,,,,,0.8664958220094741,,,,,
183,16,0.1832766737981358,,,,,,0.02942185470540891,,,,,,5.456231713924587,,,,,,0.8759022815033556,,,,,
183,32,0.18370390628050046,,,,,,0.030969212511088428,,,,,,5.443542384303379,,,,,,0.9176844647777791,,,,,
