index,bin_size,m,n,a,b,corr
490,1,0.2055902122925875,36.0,428.2889866118845,-444.2993966787118,4.864044785249024
490,2,0.20589057594640955,36.0,426.1163061961509,-448.2552049329276,4.8569488690938725
490,4,0.20582940179418388,36.0,426.32320061379994,-439.7063369499162,4.858392393327438
490,8,0.20572368719159392,36.0,427.6168459828022,-445.3048964041591,4.860888960582761
490,16,0.20604468972271855,36.0,424.99714320019837,-440.0502216764236,4.853316051705747
490,32,0.20562386934170213,36.0,428.69096298096093,-445.6667818078239,4.8632486257624965
