index,bin_size,m12,m23,m34,m13,m24,m14,m12_err,m23_err,m34_err,m13_err,m24_err,m14_err,corr12,corr23,corr34,corr13,corr24,corr14,corr12_err,corr23_err,corr34_err,corr13_err,corr24_err,corr14_err
2018,1,0.04017893755943742,,,,,,0.05560233386995768,,,,,,24.888662088704613,,,,,,34.442615536698355,,,,,
2018,2,0.041739168325505005,,,,,,0.056849797899445706,,,,,,23.95831158401264,,,,,,32.631823445576245,,,,,
2018,4,0.04242414683067092,,,,,,0.05801355528376275,,,,,,23.571481684507113,,,,,,32.23318694615994,,,,,
2018,8,0.038813738908837575,,,,,,0.05434043054506078,,,,,,25.764072931719237,,,,,,36.07049604245145,,,,,
2018,16,0.03998951260475388,,,,,,0.05402027025171446,,,,,,25.006556341002312,,,,,,33.78037999505603,,,,,
2018,32,0.03726395390936539,,,,,,0.05174731163730083,,,,,,26.835584931009542,,,,,,37.26575499131874,,,,,
