index,bin_size,m12,m23,m34,m13,m24,m14,m12_err,m23_err,m34_err,m13_err,m24_err,m14_err,corr12,corr23,corr34,corr13,corr24,corr14,corr12_err,corr23_err,corr34_err,corr13_err,corr24_err,corr14_err
674,1,0.11578784600988984,,,,,,0.06547548189087989,,,,,,8.636485041051602,,,,,,4.883742459963628,,,,,
674,2,0.11534027435600638,,,,,,0.06596166192074428,,,,,,8.669998450961069,,,,,,4.9582637970020516,,,,,
674,4,0.1134524603986519,,,,,,0.06869586896419379,,,,,,8.8142645517442,,,,,,5.337068588329643,,,,,
674,8,0.11647110930818226,,,,,,0.07075102636467837,,,,,,8.585820174117194,,,,,,5.215504455220968,,,,,
674,16,0.11196394887176081,,,,,,0.06987684803501792,,,,,,8.931446327829697,,,,,,5.574127422903744,,,,,
674,32,0.11403744735611296,,,,,,0.07272747090817011,,,,,,8.769049318310572,,,,,,5.592468035505834,,,,,
