index,bin_size,m,n,a,b,corr
937,1,1.1103804249065215e-6,16.0,222773414080849.3,-222773414080840.2,900592.2452966388
937,2,5.469349814757392e-7,16.0,919038519876858.5,-919038519876847.2,1828370.892097268
937,4,0.000021935402142462396,16.0,571886158797.0724,-571886158787.079,45588.40515005682
937,8,3.865318240730249e-6,16.0,18416102021520.33,-18416102021507.504,258710.91012963437
937,16,0.000016234743177710172,16.0,1042660196734.433,-1042660196723.2365,61596.29315066535
937,32,0.000019870981654976014,16.0,696563568123.4985,-696563568113.7235,50324.640088909946
