index,bin_size,m,n,a,b,corr
911,1,0.16860864340395568,16.0,6512.000877656813,-6515.406764420878,5.930894050337512
911,2,0.16800944264974782,16.0,6584.553228061391,-6589.521578550335,5.952046410181344
911,4,0.16704001852139708,16.0,6659.747790514938,-6663.6273815622935,5.986589374521079
911,8,0.1673246570971339,16.0,6645.445022418913,-6649.040995647088,5.976405494257122
911,16,0.16582329608310267,16.0,6785.579097444783,-6790.148671287939,6.030515757561881
911,32,0.1672573650540179,16.0,6651.009097587457,-6654.682938429281,5.978809959591539
