index,bin_size,m,n,a,b,corr
166,1,0.1361909739199073,16.0,9613.441334745381,-9561.367765573672,7.34263050786384
166,2,0.13534404162776878,16.0,9746.641616030372,-9695.142999841606,7.3885779379210454
166,4,0.13441529025302545,16.0,9909.069078953666,-9857.260555502888,7.439629807870699
166,8,0.13371496653153656,16.0,10027.849960319369,-9975.603109763602,7.478594400755811
166,16,0.1373702366126212,16.0,9431.545288795525,-9379.716293779848,7.279597274189471
166,32,0.1346694416793239,16.0,9861.368148200065,-9809.43793786977,7.425589558626144
