index,bin_size,m,n,a,b,corr
1440,1,0.11645257600241865,16.0,13337.171267307065,-13417.60768646573,8.587186598424672
1440,2,0.11794123022028924,16.0,12970.004807051155,-13052.286559400489,8.478799128449074
1440,4,0.11581457936100498,16.0,13494.966118967232,-13575.251337633128,8.634491490772552
1440,8,0.11546710287437792,16.0,13597.432412098344,-13678.255908328545,8.660475365766706
1440,16,0.11510663540348083,16.0,13710.792938725745,-13792.480084572444,8.687596475170361
1440,32,0.11677341614191929,16.0,13268.994442264677,-13348.457489109232,8.563592922422181
