index,bin_size,m12,m23,m34,m13,m24,m14,m12_err,m23_err,m34_err,m13_err,m24_err,m14_err,corr12,corr23,corr34,corr13,corr24,corr14,corr12_err,corr23_err,corr34_err,corr13_err,corr24_err,corr14_err
2123,1,0.17248378075510087,,,,,,0.03306961600428149,,,,,,5.79764657072214,,,,,,1.1115592723152354,,,,,
2123,2,0.17193789918542432,,,,,,0.03328976780115431,,,,,,5.816053381701275,,,,,,1.1260755628237142,,,,,
2123,4,0.17219823148431176,,,,,,0.032145622594883,,,,,,5.807260570449619,,,,,,1.0840878271437175,,,,,
2123,8,0.17316037625990024,,,,,,0.03638921318769832,,,,,,5.774993226505109,,,,,,1.2136001562008227,,,,,
2123,16,0.17231438524501874,,,,,,0.039667046649749106,,,,,,5.803346009551504,,,,,,1.3359395186779361,,,,,
2123,32,0.17036233446290147,,,,,,0.03783409231240226,,,,,,5.869842081893768,,,,,,1.3035753935031513,,,,,
