index,bin_size,m,n,a,b,corr
514,1,0.05559780714907669,54.0,17025.0093878816,-16814.759483338665,17.98632088705691
514,2,0.05562201774885374,54.0,17006.904822707955,-16783.821162631422,17.978491979834875
514,4,0.05553739700285081,54.0,17049.159457591682,-16821.33980439398,18.00588529470815
514,8,0.05536362953772288,54.0,17233.93648826516,-17015.163533219195,18.062399599698107
514,16,0.05564462664896758,54.0,16984.620038317764,-16759.013968296484,17.9711871607742
514,32,0.05570818277672374,54.0,16947.780995025685,-16731.544190625238,17.950684264966274
