index,bin_size,m12,m23,m34,m13,m24,m14,m12_err,m23_err,m34_err,m13_err,m24_err,m14_err,corr12,corr23,corr34,corr13,corr24,corr14,corr12_err,corr23_err,corr34_err,corr13_err,corr24_err,corr14_err
1063,1,0.0238501934093854,,,,,,0.04385405590524954,,,,,,41.928381159646506,,,,,,77.09495431882671,,,,,
1063,2,0.023309576163612455,,,,,,0.04261678192503726,,,,,,42.90082294851228,,,,,,78.4353607791227,,,,,
1063,4,0.025737612109962834,,,,,,0.04614023417909662,,,,,,38.85364328779,,,,,,69.6535557514199,,,,,
1063,8,0.02563192461893466,,,,,,0.045360273713938165,,,,,,39.013847569654835,,,,,,69.04197912185332,,,,,
1063,16,0.028669963131252384,,,,,,0.04917147547873909,,,,,,34.87971000946025,,,,,,59.821730414648954,,,,,
1063,32,0.03502734642985094,,,,,,0.05518088454747022,,,,,,28.549122383640853,,,,,,44.97531177071205,,,,,
