index,bin_size,m,n,a,b,corr
1326,1,0.08921972531109629,16.0,33270.48660503006,-33237.309620339,11.20828377932284
1326,2,0.08983609879239375,16.0,32826.6475541664,-32795.61784667252,11.131382745269745
1326,4,0.08902002334806182,16.0,33442.52021103319,-33411.47940645497,11.233427743442311
1326,8,0.09113798006362789,16.0,31807.64553824644,-31777.524956661284,10.972373968589725
1326,16,0.0893726451683111,16.0,33170.91287453127,-33139.405941976496,11.189105996770591
1326,32,0.09092323688216322,16.0,31977.601907230244,-31946.216468927894,10.998288603561297
