index,bin_size,m,n,a,b,corr
1357,1,0.16724543023699262,16.0,5681.911242593804,-5613.294294602395,5.979236614016688
1357,2,0.16571519120242248,16.0,5807.917879831942,-5738.7371298840135,6.03444978546651
1357,4,0.16645366260616573,16.0,5745.405865561227,-5675.27637993937,6.0076779587964335
1357,8,0.1644117466719503,16.0,5915.230370863478,-5846.18912973335,6.082290470371887
1357,16,0.16479324268352288,16.0,5890.735305467524,-5820.628348511196,6.068209980675298
1357,32,0.16476066738229217,16.0,5889.451100358765,-5819.848178585526,6.0694097437691985
