index,bin_size,m12,m23,m34,m13,m24,m14,m12_err,m23_err,m34_err,m13_err,m24_err,m14_err,corr12,corr23,corr34,corr13,corr24,corr14,corr12_err,corr23_err,corr34_err,corr13_err,corr24_err,corr14_err
2258,1,0.21156174791767737,,,,,,0.03011389453864003,,,,,,4.726752401332583,,,,,,0.6728103011295805,,,,,
2258,2,0.21283088476714065,,,,,,0.031618997028634174,,,,,,4.698566193032111,,,,,,0.6980375553053209,,,,,
2258,4,0.21183709296576314,,,,,,0.03299363743512392,,,,,,4.72060858653125,,,,,,0.7352350147776857,,,,,
2258,8,0.2120025438579638,,,,,,0.031147516020664533,,,,,,4.716924532141341,,,,,,0.6930128278629094,,,,,
2258,16,0.2114894909209281,,,,,,0.031070618762607336,,,,,,4.728367332322347,,,,,,0.6946600425033997,,,,,
2258,32,0.21103465448587158,,,,,,0.03370329132521082,,,,,,4.738558235547747,,,,,,0.756771484111083,,,,,
