index,bin_size,m12,m23,m34,m13,m24,m14,m12_err,m23_err,m34_err,m13_err,m24_err,m14_err,corr12,corr23,corr34,corr13,corr24,corr14,corr12_err,corr23_err,corr34_err,corr13_err,corr24_err,corr14_err
2175,1,0.261269576475508,,,,,,0.030766369385696917,,,,,,3.8274643894243927,,,,,,0.4507114253567544,,,,,
2175,2,0.2608159671629206,,,,,,0.03059446389140193,,,,,,3.8341210888187023,,,,,,0.44975344294719627,,,,,
2175,4,0.2621020150131331,,,,,,0.030927135867111936,,,,,,3.8153083254621034,,,,,,0.45019325376257546,,,,,
2175,8,0.26091241690245487,,,,,,0.03311133314045169,,,,,,3.832703755045363,,,,,,0.4863928377521888,,,,,
2175,16,0.2608715109100434,,,,,,0.031200514972337046,,,,,,3.8333047426739943,,,,,,0.45846739492597466,,,,,
2175,32,0.2620431531723202,,,,,,0.030737729407568335,,,,,,3.8161653448827098,,,,,,0.4476371785543563,,,,,
