index,bin_size,m,n,a,b,corr
2934,1,0.17813685817638303,24.0,2443.5581130233013,-2492.4546633490872,5.61366137382891
2934,2,0.17825341619247487,24.0,2437.3768947533754,-2485.828001443241,5.609990660264361
2934,4,0.1780366833279903,24.0,2447.6375113267623,-2493.9074223571115,5.616819979496796
2934,8,0.17839767500538856,24.0,2431.763341795032,-2478.5876160942635,5.605454218894919
2934,16,0.1781042780037575,24.0,2445.6091870234177,-2493.072993857165,5.614688266942711
2934,32,0.1775109447001546,24.0,2467.435753704104,-2514.0446628244526,5.6334554564461685
