index,bin_size,m,n,a,b,corr
81,1,0.16856296765571788,16.0,5733.134615215991,-5712.928821023436,5.9325011531741305
81,2,0.16737981410352223,16.0,5830.936704575276,-5808.236780720205,5.974436077348688
81,4,0.16838550741998332,16.0,5744.2042904679265,-5722.022403472933,5.938753372081023
81,8,0.16892354075312188,16.0,5704.113131091505,-5681.571536233432,5.9198380257816074
81,16,0.16838433295494085,16.0,5747.797803277281,-5725.013374564949,5.938794794332779
81,32,0.1684200092298659,16.0,5747.95624753533,-5726.516525766199,5.937536784214058
