index,bin_size,m12,m23,m34,m13,m24,m14,m12_err,m23_err,m34_err,m13_err,m24_err,m14_err,corr12,corr23,corr34,corr13,corr24,corr14,corr12_err,corr23_err,corr34_err,corr13_err,corr24_err,corr14_err
1009,1,0.08975645950432201,,,,,,0.06813838789120065,,,,,,11.141259420463742,,,,,,8.457858745547966,,,,,
1009,2,0.08845363538701129,,,,,,0.06853192419523603,,,,,,11.30535783661914,,,,,,8.759141700273975,,,,,
1009,4,0.08750462917877375,,,,,,0.06877324362773603,,,,,,11.427966833125817,,,,,,8.981677364503318,,,,,
1009,8,0.08939554743483298,,,,,,0.07128207511203626,,,,,,11.18623945704873,,,,,,8.919665286236311,,,,,
1009,16,0.09318906971732765,,,,,,0.07515190277766602,,,,,,10.730872226038105,,,,,,8.653863255604763,,,,,
1009,32,0.096863118446433,,,,,,0.075851535316337,,,,,,10.323846847373776,,,,,,8.084394208070877,,,,,
