index,bin_size,m12,m23,m34,m13,m24,m14,m12_err,m23_err,m34_err,m13_err,m24_err,m14_err,corr12,corr23,corr34,corr13,corr24,corr14,corr12_err,corr23_err,corr34_err,corr13_err,corr24_err,corr14_err
50,1,10375837202453.574,,,,,,79218411966010.28,,,,,,9.637776504083256e-14,,,,,,7.358339714083596e-13,,,,,
50,2,13525885451655.799,,,,,,90916619163575.02,,,,,,7.393231323555109e-14,,,,,,4.969490530097523e-13,,,,,
50,4,NaN,,,,,,NaN,,,,,,NaN,,,,,,NaN,,,,,
50,8,10554742472712.5,,,,,,53756658869570.47,,,,,,9.474414014224703e-14,,,,,,4.825440729307203e-13,,,,,
50,16,NaN,,,,,,NaN,,,,,,NaN,,,,,,NaN,,,,,
50,32,6148381441481.135,,,,,,163380404320203.6,,,,,,1.6264443081773107e-13,,,,,,4.32193628849236e-12,,,,,
