index,bin_size,m,n,a,b,corr
2461,1,0.16085519280791635,24.0,3078.881152508494,-2996.5351391997597,6.216771635057752
2461,2,0.16010981133394456,24.0,3125.122815697492,-3043.748743541041,6.245713436725485
2461,4,0.1608772540230298,24.0,3079.698441706428,-2999.405142182563,6.215919124631806
2461,8,0.1603472884405721,24.0,3104.4117312188127,-3022.6422374829876,6.236463427135656
2461,16,0.1610994740556955,24.0,3067.8303131343896,-2984.933127962888,6.207344908241469
2461,32,0.16089926371285931,24.0,3079.245737059328,-2998.6132871136174,6.215068838255215
