index,bin_size,m12,m23,m34,m13,m24,m14,m12_err,m23_err,m34_err,m13_err,m24_err,m14_err,corr12,corr23,corr34,corr13,corr24,corr14,corr12_err,corr23_err,corr34_err,corr13_err,corr24_err,corr14_err
123,1,0.08912706692202196,,,,,,0.06851719067968562,,,,,,11.219936148857098,,,,,,8.625421334662935,,,,,
123,2,0.09120058693023082,,,,,,0.07015575119021668,,,,,,10.964841714944313,,,,,,8.434668384121494,,,,,
123,4,0.09045854596159349,,,,,,0.06928819639628227,,,,,,11.05478746501824,,,,,,8.467594485993109,,,,,
123,8,0.09343477311969776,,,,,,0.0700235102386226,,,,,,10.702653483397624,,,,,,8.020968433401466,,,,,
123,16,0.09337428009441694,,,,,,0.07556722491241602,,,,,,10.709587254529122,,,,,,8.667202445510856,,,,,
123,32,0.09076913534448026,,,,,,0.06789499437805108,,,,,,11.016960734558884,,,,,,8.240647928366226,,,,,
