index,bin_size,m,n,a,b,corr
1518,1,0.000038799228263185886,16.0,160144585373.6225,-160144585358.69687,25773.70851854897
1518,2,-0.00005561612200540597,16.0,78086131656.27524,-78086131638.8773,-17980.39784044631
1518,4,-1.6989917902487897e-6,16.0,83394777711782.4,-83394777711768.45,-588584.3626434277
1518,8,0.00008226115243528773,16.0,35578864373.57331,-35578864363.32498,12156.406400781567
1518,16,-4.4184605249212335e-6,16.0,12345290126427.61,-12345290126414.209,-226323.17169288883
1518,32,-0.00005097700522843175,16.0,92797004024.78108,-92797004011.15392,-19616.68786777343
