index,bin_size,m,n,a,b,corr
33,1,0.28384796648988286,16.0,1315.3334133307112,-1304.0862623551884,3.5230127323658063
33,2,0.2840020686424152,16.0,1313.1465322120398,-1300.9638102482165,3.521101113031301
33,4,0.28294852922300234,16.0,1326.739078273829,-1316.5854304897957,3.534211691243189
33,8,0.28257907028849655,16.0,1333.9996615790471,-1323.5493209178908,3.5388325079386065
33,16,0.2849172921390996,16.0,1300.0730198687713,-1290.5668248726042,3.5097904816243637
33,32,0.2828772043678316,16.0,1327.7490608097537,-1317.6633614025952,3.535102809838567
