index,bin_size,m12,m23,m34,m13,m24,m14,m12_err,m23_err,m34_err,m13_err,m24_err,m14_err,corr12,corr23,corr34,corr13,corr24,corr14,corr12_err,corr23_err,corr34_err,corr13_err,corr24_err,corr14_err
893,1,0.07928719971642965,,,,,,0.06692221536634593,,,,,,12.612376317696878,,,,,,10.645453077332109,,,,,
893,2,0.07726115880919586,,,,,,0.06694991520066312,,,,,,12.943114178103382,,,,,,11.215731293864359,,,,,
893,4,0.08020096534442542,,,,,,0.063389290042192,,,,,,12.468677848271158,,,,,,9.855001534861854,,,,,
893,8,0.07886913203945785,,,,,,0.06468388282419496,,,,,,12.679231711332957,,,,,,10.398769672098899,,,,,
893,16,0.0780761426670934,,,,,,0.06322555508640412,,,,,,12.808009794539556,,,,,,10.371843448577108,,,,,
893,32,0.07679831234452984,,,,,,0.0650068355992884,,,,,,13.021119468274716,,,,,,11.021879866258798,,,,,
