index,bin_size,m12,m23,m34,m13,m24,m14,m12_err,m23_err,m34_err,m13_err,m24_err,m14_err,corr12,corr23,corr34,corr13,corr24,corr14,corr12_err,corr23_err,corr34_err,corr13_err,corr24_err,corr14_err
2607,1,0.09331064874425153,,,,,,0.01513825468775746,,,,,,10.716890445599926,,,,,,1.7386549039107482,,,,,
2607,2,0.09358057074656424,,,,,,0.01478536362983657,,,,,,10.685978852471514,,,,,,1.6883428025078144,,,,,
2607,4,0.09402858862847781,,,,,,0.014472948310225353,,,,,,10.635063384298599,,,,,,1.6369566414007306,,,,,
2607,8,0.09361175618047474,,,,,,0.016010750180174966,,,,,,10.682418969601352,,,,,,1.8270519475407834,,,,,
2607,16,0.09354694580419437,,,,,,0.011291305320483776,,,,,,10.689819869620617,,,,,,1.2902828513664693,,,,,
2607,32,0.0934673409510889,,,,,,0.008720191304015091,,,,,,10.69892424267527,,,,,,0.9981739631612598,,,,,
