index,bin_size,m,n,a,b,corr
352,1,0.17320983291849268,36.0,947.4349198928804,-949.8185740283801,5.773344290855415
352,2,0.17390509614015673,36.0,933.8703199434642,-932.5235016644883,5.7502627708739595
352,4,0.17317979706699177,36.0,947.0807778975382,-948.3135616725639,5.77434560460402
352,8,0.1736136350900464,36.0,939.4623052481712,-942.8744739254507,5.759916261653874
352,16,0.17361749704277707,36.0,939.6528875331442,-942.1586165753663,5.759788137906476
352,32,0.17347407633708695,36.0,942.5000781786208,-946.3190166567658,5.764550076386315
