index,bin_size,m12,m23,m34,m13,m24,m14,m12_err,m23_err,m34_err,m13_err,m24_err,m14_err,corr12,corr23,corr34,corr13,corr24,corr14,corr12_err,corr23_err,corr34_err,corr13_err,corr24_err,corr14_err
1372,1,0.1281575292774155,,,,,,0.06746949848117423,,,,,,7.802896994333867,,,,,,4.107894010412563,,,,,
1372,2,0.12789363029089584,,,,,,0.07132340710878865,,,,,,7.818997691483822,,,,,,4.360479519300014,,,,,
1372,4,0.12774693529802095,,,,,,0.06964341459505943,,,,,,7.827976441603855,,,,,,4.267554501336214,,,,,
1372,8,0.12916461847842975,,,,,,0.07058658169701627,,,,,,7.742058249233308,,,,,,4.230922009062627,,,,,
1372,16,0.12677881677117808,,,,,,0.07477430687932425,,,,,,7.887753060551833,,,,,,4.652206756295562,,,,,
1372,32,0.12547656158510534,,,,,,0.0818237246186387,,,,,,7.969615897720812,,,,,,5.197015668054778,,,,,
