index,bin_size,m,n,a,b,corr
1601,1,9.34584731505231e-6,16.0,2881247913528.374,-2881247913572.1826,106999.39409339718
1601,2,0.011254318196808654,16.0,1985186.139881745,-1985230.6614698751,88.85478289422866
1601,4,-2.931079046692514e-6,16.0,29314854513103.418,-29314854513144.92,-341171.2833635174
1601,8,0.000030240676557755357,16.0,275385740389.3457,-275385740429.522,33068.043239381346
1601,16,0.000012749997250924292,16.0,1549345988046.03,-1549345988088.1528,78431.38945990804
1601,32,8.87080595260781e-6,16.0,3200855063491.005,-3200855063532.3,112729.32869262272
