index,bin_size,m,n,a,b,corr
2051,1,0.13278704202954592,16.0,10563.377646828169,-10539.712564611196,7.530855305727
2051,2,0.13375722751665284,16.0,10391.69178591405,-10369.964049822103,7.476231517100633
2051,4,0.13193053303692856,16.0,10712.289141258205,-10689.249474828106,7.579746530093158
2051,8,0.1318006243350179,16.0,10739.800438718037,-10717.405393717218,7.587217473705938
2051,16,0.13128071809405453,16.0,10838.552222625605,-10815.158189105603,7.617264854413439
2051,32,0.1343822032424666,16.0,10283.836565670941,-10261.201887585354,7.441461561660022
