index,bin_size,m12,m23,m34,m13,m24,m14,m12_err,m23_err,m34_err,m13_err,m24_err,m14_err,corr12,corr23,corr34,corr13,corr24,corr14,corr12_err,corr23_err,corr34_err,corr13_err,corr24_err,corr14_err
337,1,5.95082600579278,,,,,,1.0794501960509497,,,,,,0.16804389828009736,,,,,,0.030482326111877504,,,,,
337,2,5.904395713937384,,,,,,1.1894107075685987,,,,,,0.16936534210257795,,,,,,0.03411779310663617,,,,,
337,4,5.870538731090158,,,,,,1.1529037464789644,,,,,,0.17034211778623257,,,,,,0.03345315903272123,,,,,
337,8,5.857743039709428,,,,,,1.014001332314743,,,,,,0.17071421419837576,,,,,,0.02955138855848553,,,,,
337,16,5.8576126408509435,,,,,,0.9312053137497133,,,,,,0.17071801454162538,,,,,,0.027139644090714073,,,,,
337,32,5.810805631013497,,,,,,0.8186583821086287,,,,,,0.1720931766608728,,,,,,0.024245436953731294,,,,,
