index,bin_size,m12,m23,m34,m13,m24,m14,m12_err,m23_err,m34_err,m13_err,m24_err,m14_err,corr12,corr23,corr34,corr13,corr24,corr14,corr12_err,corr23_err,corr34_err,corr13_err,corr24_err,corr14_err
2030,1,0.12820655475765533,,,,,,0.06368676200277511,,,,,,7.7999132095099775,,,,,,3.8746163732061616,,,,,
2030,2,0.12739036314919677,,,,,,0.06459630566347131,,,,,,7.849887348455253,,,,,,3.9804715996512097,,,,,
2030,4,0.12905244563513923,,,,,,0.05773719831777234,,,,,,7.748787673712349,,,,,,3.4667556158084967,,,,,
2030,8,0.1282663991094221,,,,,,0.059902227051701645,,,,,,7.796274058858667,,,,,,3.6409705275396456,,,,,
2030,16,0.12866163633664518,,,,,,0.0563506223975929,,,,,,7.772324590863157,,,,,,3.4040864133368096,,,,,
2030,32,0.12567440488793294,,,,,,0.05935048302816444,,,,,,7.957069706371201,,,,,,3.757773358728279,,,,,
