index,bin_size,m,n,a,b,corr
2519,1,-0.000025813149304224683,24.0,261824442726.62268,-261824442531.3414,-38739.94560734734
2519,2,-0.00002760069834019827,24.0,228849597499.53668,-228849597309.4294,-36230.96733547418
2519,4,2.494452012960412e-7,24.0,2800348222084604.0,-2800348222084416.0,4008896.5223796847
2519,8,-7.855370954199727e-6,24.0,2826810727653.6504,-2826810727461.765,-127301.43564580724
2519,16,0.00002666521318035629,24.0,244869858402.32993,-244869858211.77625,37502.044076537866
2519,32,-1.9118727912039396e-6,24.0,47706608124305.305,-47706608124111.53,-523047.35158152576
