index,bin_size,m,n,a,b,corr
2691,1,0.000025133741857961134,16.0,337619942324.9711,-337619942241.5304,39787.15169636586
2691,2,1.0187536118508904e-6,16.0,205244883490620.1,-205244883490536.53,981591.6119140736
2691,4,-7.639033527366886e-7,16.0,364968780743583.1,-364968780743498.44,-1309066.122589322
2691,8,-0.00003894334325751067,16.0,140442752755.92563,-140442752671.053,-25678.329500052325
2691,16,-1.297950204310194e-6,16.0,126366913794188.17,-126366913794104.33,-770445.581563322
2691,32,0.00001688168520152628,16.0,747635214727.3323,-747635214641.3806,59235.79240238348
