index,bin_size,m,n,a,b,corr
2406,1,0.09359004981124908,24.0,13774.711988501569,-13767.980593617955,10.684896546339958
2406,2,0.09369709065948342,24.0,13753.601757961651,-13749.306668993155,10.672689973205548
2406,4,0.09275249507284669,24.0,14061.884299219399,-14055.90106453179,10.781381128503465
2406,8,0.09304039724577294,24.0,13972.996132274207,-13965.845164545715,10.748019458240572
2406,16,0.09272776017912757,24.0,14075.520990204634,-14068.763134501482,10.78425703444408
2406,32,0.0929686065697577,24.0,13977.046285215612,-13970.568537565792,10.756319115632479
