index,bin_size,m12,m23,m34,m13,m24,m14,m12_err,m23_err,m34_err,m13_err,m24_err,m14_err,corr12,corr23,corr34,corr13,corr24,corr14,corr12_err,corr23_err,corr34_err,corr13_err,corr24_err,corr14_err
1794,1,0.08091235326484435,,,,,,0.06512551581265556,,,,,,12.35905222935211,,,,,,9.94767324042006,,,,,
1794,2,0.07925200019171999,,,,,,0.06329031008221463,,,,,,12.61797806466564,,,,,,10.076663584406361,,,,,
1794,4,0.07831594644673971,,,,,,0.06384934499041282,,,,,,12.768791611042708,,,,,,10.410127409219289,,,,,
1794,8,0.07996900448806035,,,,,,0.06609657352143801,,,,,,12.504844925877544,,,,,,10.33559698921661,,,,,
1794,16,0.07903378897825805,,,,,,0.06605437512493563,,,,,,12.652816130011137,,,,,,10.574893015296418,,,,,
1794,32,0.0773413200615907,,,,,,0.06343232311353039,,,,,,12.929699146635341,,,,,,10.604433094456839,,,,,
