index,bin_size,m12,m23,m34,m13,m24,m14,m12_err,m23_err,m34_err,m13_err,m24_err,m14_err,corr12,corr23,corr34,corr13,corr24,corr14,corr12_err,corr23_err,corr34_err,corr13_err,corr24_err,corr14_err
844,1,0.1389555871932258,,,,,,0.06420438125068972,,,,,,7.196544019561028,,,,,,3.325160688046034,,,,,
844,2,0.14044636953326223,,,,,,0.05868590794549027,,,,,,7.120155567731978,,,,,,2.975176899154577,,,,,
844,4,0.13930780414966057,,,,,,0.058630936998342625,,,,,,7.1783487372012855,,,,,,3.0211754117581964,,,,,
844,8,0.1427360214540505,,,,,,0.056471342286678466,,,,,,7.005939984966719,,,,,,2.7717939094886788,,,,,
844,16,0.14183496306200077,,,,,,0.049070158440744985,,,,,,7.050447776849399,,,,,,2.439219371721236,,,,,
844,32,0.1417762182209989,,,,,,0.05049183697758808,,,,,,7.053369123171372,,,,,,2.511969696883716,,,,,
