index,bin_size,m,n,a,b,corr
1187,1,0.15868731239459063,16.0,6220.152600490728,-6219.277615533563,6.301701030221041
1187,2,0.159599414952301,16.0,6135.54855306116,-6134.464081536825,6.265687128608002
1187,4,0.15869808989518297,16.0,6220.529216962611,-6218.892079672789,6.301273069263031
1187,8,0.16044123032837165,16.0,6059.056403078871,-6058.966075224613,6.232811839907493
1187,16,0.15741795933643835,16.0,6335.287090128378,-6333.352016033378,6.352515330622285
1187,32,0.1593152134421946,16.0,6159.205479342464,-6156.182945008074,6.276864452514051
