index,bin_size,m12,m23,m34,m13,m24,m14,m12_err,m23_err,m34_err,m13_err,m24_err,m14_err,corr12,corr23,corr34,corr13,corr24,corr14,corr12_err,corr23_err,corr34_err,corr13_err,corr24_err,corr14_err
1890,1,0.07590126730512178,,,,,,0.06428635350930892,,,,,,13.175010582893396,,,,,,11.15888334796773,,,,,
1890,2,0.07341426857078338,,,,,,0.06429239999557898,,,,,,13.621330287256573,,,,,,11.92885296481337,,,,,
1890,4,0.07073564204486747,,,,,,0.06285050100150735,,,,,,14.137144600535358,,,,,,12.561229320726476,,,,,
1890,8,0.07280656955875554,,,,,,0.05850232180521437,,,,,,13.735024271305505,,,,,,11.036515177025176,,,,,
1890,16,0.07203473778892726,,,,,,0.056583882233233615,,,,,,13.882191157968148,,,,,,10.904575955053316,,,,,
1890,32,0.07265435743319344,,,,,,0.05385689957004034,,,,,,13.763799382845166,,,,,,10.202768109891924,,,,,
