index,bin_size,m,n,a,b,corr
1566,1,0.11589125982758576,16.0,18392.112615716647,-18373.057392935392,8.628778403891063
1566,2,0.11685687618050351,16.0,18071.206103767334,-18051.100185365405,8.557476741508522
1566,4,0.11656876306328351,16.0,18195.888498267206,-18179.30930566843,8.578627530405504
1566,8,0.1145663392022514,16.0,18867.63123364569,-18849.56317087911,8.728567282180807
1566,16,0.11621674373583812,16.0,18283.472569475125,-18265.801205618984,8.604612105403765
1566,32,0.11393275249957492,16.0,19098.093668032503,-19079.688388324885,8.777107355531772
