index,bin_size,m,n,a,b,corr
2722,1,0.14222025685262277,16.0,9069.165240838782,-8963.551266972447,7.03134716622162
2722,2,0.14242104307328088,16.0,9039.0561196866,-8932.777047020874,7.021434321931367
2722,4,0.14343181072396585,16.0,8906.449351401323,-8800.343053791934,6.971954094092122
2722,8,0.14397182683343412,16.0,8823.16982263391,-8716.656546459015,6.9458033699671935
2722,16,0.14189098240051232,16.0,9119.264813498892,-9011.168130852106,7.047664221376125
2722,32,0.14486720789037294,16.0,8699.133970263565,-8592.683927731052,6.902873428448636
