index,bin_size,m12,m23,m34,m13,m24,m14,m12_err,m23_err,m34_err,m13_err,m24_err,m14_err,corr12,corr23,corr34,corr13,corr24,corr14,corr12_err,corr23_err,corr34_err,corr13_err,corr24_err,corr14_err
2735,1,0.014997995490578255,,,,,,0.03680127769023207,,,,,,66.6755767881248,,,,,,163.60495761434368,,,,,
2735,2,0.01498436653961427,,,,,,0.03641714266053287,,,,,,66.7362212046998,,,,,,162.191873898127,,,,,
2735,4,0.013369071521323914,,,,,,0.03456945640186688,,,,,,74.79951007854073,,,,,,193.41495768174715,,,,,
2735,8,0.010273709897831588,,,,,,0.02973258541573489,,,,,,97.33582220489447,,,,,,281.6943126191094,,,,,
2735,16,0.013790467324900545,,,,,,0.0344108522086677,,,,,,72.51385877216542,,,,,,180.94119789426222,,,,,
2735,32,0.0027978530415808966,,,,,,0.013203183527834969,,,,,,357.41691401881525,,,,,,1686.6651112870409,,,,,
