index,bin_size,m,n,a,b,corr
374,1,0.048646965605973425,36.0,50988.05108122635,-50891.12204115561,20.556266717634877
374,2,0.04873320668829187,36.0,50796.99018305851,-50698.4684921017,20.519889167076904
374,4,0.04871221946800191,36.0,50800.93017411735,-50702.85432384257,20.52872997619992
374,8,0.04913182697484499,36.0,49868.27852765082,-49769.71104397658,20.35340555343057
374,16,0.049414810808444475,36.0,49247.9399667898,-49158.00623848817,20.236847690796186
374,32,0.04835111741154356,36.0,51703.49646539682,-51602.11091563727,20.682045287359905
