index,bin_size,m12,m23,m34,m13,m24,m14,m12_err,m23_err,m34_err,m13_err,m24_err,m14_err,corr12,corr23,corr34,corr13,corr24,corr14,corr12_err,corr23_err,corr34_err,corr13_err,corr24_err,corr14_err
632,1,0.005638446161542495,,,,,,0.02152562291913646,,,,,,177.35382609850666,,,,,,677.0751151090485,,,,,
632,2,0.0074005706344993025,,,,,,0.02527293038919774,,,,,,135.12471529401958,,,,,,461.4505680908168,,,,,
632,4,0.007788298436857707,,,,,,0.025392017362418917,,,,,,128.39775056224775,,,,,,418.6123500536442,,,,,
632,8,0.005108291788201789,,,,,,0.01989939232805041,,,,,,195.76015651839225,,,,,,762.5852864860196,,,,,
632,16,0.006836489960126032,,,,,,0.023564731843321543,,,,,,146.27389286498197,,,,,,504.1922216146281,,,,,
632,32,0.010119744225035705,,,,,,0.029438625504913458,,,,,,98.81672676331617,,,,,,287.4606855783808,,,,,
