index,bin_size,m,n,a,b,corr
1106,1,0.04586308574327895,16.0,130204.67365008252,-130164.61233602666,21.80402787543675
1106,2,0.044741544299331866,16.0,137093.36852181584,-137054.8894050633,22.35059195341483
1106,4,0.04586607678124428,16.0,130238.78140550238,-130200.7415842785,21.802605981964508
1106,8,0.04834966071173232,16.0,117032.6806665469,-116993.73070375843,20.682668405103083
1106,16,0.03843874462088919,16.0,186475.4053488356,-186436.2114487917,26.015417773465966
1106,32,0.04571315123650803,16.0,131211.30263049548,-131171.61949021436,21.8755428788153
