index,bin_size,m,n,a,b,corr
2205,1,0.17123743159017787,24.0,2709.5222800427096,-2750.1508956127373,5.839844657290221
2205,2,0.17175917936992427,24.0,2684.135971409036,-2724.7841341900753,5.822105133876205
2205,4,0.17189273454155327,24.0,2682.5970647509735,-2726.704160552236,5.817581543903245
2205,8,0.17104076422357958,24.0,2717.0087694614012,-2756.694351621158,5.846559471009079
2205,16,0.17141989296451998,24.0,2698.0698091062422,-2737.1978856129444,5.83362865713011
2205,32,0.17127189544481347,24.0,2706.318114262067,-2746.6952385324657,5.838669545887147
