index,bin_size,m,n,a,b,corr
146,1,0.11373537422724923,16.0,16123.852243111576,-16084.87322529736,8.792339294562373
146,2,0.11204789743649728,16.0,16670.883246166515,-16633.153215627914,8.92475470650171
146,4,0.11146485055564771,16.0,16842.524611572997,-16801.957423869717,8.971438036430687
146,8,0.11076525838882367,16.0,17070.47128622536,-17031.30975952196,9.028101541456802
146,16,0.11422201482012301,16.0,15963.500599702433,-15923.819519262808,8.754879710139953
146,32,0.11068003840341616,16.0,17121.82724893533,-17082.6004286712,9.035052882391616
