index,bin_size,m12,m23,m34,m13,m24,m14,m12_err,m23_err,m34_err,m13_err,m24_err,m14_err,corr12,corr23,corr34,corr13,corr24,corr14,corr12_err,corr23_err,corr34_err,corr13_err,corr24_err,corr14_err
244,1,0.1874547361627197,,,,,,0.028153293563819647,,,,,,5.334621148926064,,,,,,0.8011915747335754,,,,,
244,2,0.18592862362163934,,,,,,0.028259573952313974,,,,,,5.378408017664768,,,,,,0.8174724050569819,,,,,
244,4,0.1868991068989377,,,,,,0.03019652435674724,,,,,,5.350480355910592,,,,,,0.8644552297134072,,,,,
244,8,0.18751153422832428,,,,,,0.02566465574524885,,,,,,5.333005268797733,,,,,,0.7299270675511197,,,,,
244,16,0.18743548200006283,,,,,,0.02940561091817442,,,,,,5.335169143693214,,,,,,0.837002185221472,,,,,
244,32,0.18787112499634745,,,,,,0.022597726274658708,,,,,,5.322797742438822,,,,,,0.6402427536501011,,,,,
