index,bin_size,m12,m23,m34,m13,m24,m14,m12_err,m23_err,m34_err,m13_err,m24_err,m14_err,corr12,corr23,corr34,corr13,corr24,corr14,corr12_err,corr23_err,corr34_err,corr13_err,corr24_err,corr14_err
2242,1,0.22191922343994105,,,,,,0.03204103790235882,,,,,,4.506144102791682,,,,,,0.6506039979457371,,,,,
2242,2,0.22175269968259292,,,,,,0.031486693310318455,,,,,,4.509527962596875,,,,,,0.6403084342866241,,,,,
2242,4,0.22195750964950156,,,,,,0.030190741668510733,,,,,,4.505366822591964,,,,,,0.6128216435548679,,,,,
2242,8,0.2207420724997157,,,,,,0.033502161864853,,,,,,4.530174011124625,,,,,,0.6875473319516063,,,,,
2242,16,0.22243499112662593,,,,,,0.036766973884547666,,,,,,4.495695551023842,,,,,,0.7431075483230696,,,,,
2242,32,0.22289319052086742,,,,,,0.043436352793661856,,,,,,4.486453792792648,,,,,,0.8742985341131784,,,,,
