index,bin_size,m,n,a,b,corr
275,1,0.12182170335451988,24.0,8750.392684025952,-8882.562003905223,8.208717925161876
275,2,0.12325980093711582,24.0,8488.828016242105,-8623.82525254937,8.112945115903408
275,4,0.12324939760915908,24.0,8496.577785819996,-8634.953161495772,8.113629919483571
275,8,0.12341806110198157,24.0,8478.399304767214,-8612.236634470948,8.102541808477206
275,16,0.1243515029501445,24.0,8311.395708148837,-8446.314647786312,8.041720254888467
275,32,0.12284246459446478,24.0,8564.214982233994,-8699.559694347854,8.140507464591032
