index,bin_size,m,n,a,b,corr
1207,1,0.08699964579226155,16.0,34764.293746462536,-34891.76842922693,11.494299670918293
1207,2,0.08870527723758073,16.0,33451.392187723206,-33578.77369547423,11.273286450835212
1207,4,0.088099280063989,16.0,33860.92033073224,-33989.335123494784,11.350830554729525
1207,8,0.08780894126386227,16.0,34112.51864164322,-34240.70323275839,11.388361886690342
1207,16,0.0870681756745691,16.0,34708.95927367252,-34837.07975916649,11.485252702866498
1207,32,0.08937243188396568,16.0,32864.96323535484,-32994.58185638724,11.189132699201062
