index,bin_size,m,n,a,b,corr
1433,1,0.024701941990642955,16.0,407274.4613868233,-407288.2393547066,40.48264708818432
1433,2,0.02779615067895425,16.0,321470.0956834756,-321482.9487745192,35.97620445902771
1433,4,0.024794702039488768,16.0,403750.43256126763,-403762.0010550989,40.3311964954195
1433,8,0.022354213540664362,16.0,497832.56371320185,-497845.63837724127,44.734295759540295
1433,16,0.030162774030234565,16.0,272673.3845871946,-272685.9251306508,33.15344931462935
1433,32,0.021755853464663747,16.0,525380.3657749328,-525392.8786200861,45.96464126880695
