index,bin_size,m,n,a,b,corr
154,1,2.307006700958585e-6,16.0,55373746891913.29,-55373746891892.19,433462.1133022673
154,2,-0.000032747682644353036,16.0,274766867245.05725,-274766867224.0156,-30536.511876587352
154,4,-4.4930098961986143e-7,16.0,1460139744717455.0,-1460139744717433.5,-2225679.4957119203
154,8,5.59176522202789e-6,16.0,9424319876843.477,-9424319876822.918,178834.40385884861
154,16,-0.0000676719920793898,16.0,64407433111.801865,-64407433085.89125,-14777.16215043358
154,32,0.0112083058335316,16.0,2343191.367776406,-2343171.134055469,89.2195497564249
