index,bin_size,m,n,a,b,corr
455,1,0.15820864057937478,36.0,1222.727659369761,-1248.6521904271149,6.32076728766461
455,2,0.15736665583027393,36.0,1245.1133056103852,-1273.5028712714955,6.354586330401143
455,4,0.15745630250734058,36.0,1241.9071630354752,-1266.3308331843637,6.350968389806945
455,8,0.15756644572853254,36.0,1239.4051520599999,-1267.9989942718626,6.346528890566435
455,16,0.15770007581982434,36.0,1237.2453196566921,-1263.500590044826,6.341151041312885
455,32,0.15776621714395625,36.0,1233.252845253062,-1258.494599603522,6.33849260065312
