index,bin_size,m12,m23,m34,m13,m24,m14,m12_err,m23_err,m34_err,m13_err,m24_err,m14_err,corr12,corr23,corr34,corr13,corr24,corr14,corr12_err,corr23_err,corr34_err,corr13_err,corr24_err,corr14_err
1488,1,0.08417118419261659,,,,,,0.06908952611171734,,,,,,11.880550447188778,,,,,,9.751812431012773,,,,,
1488,2,0.08373791911990973,,,,,,0.06690997122801766,,,,,,11.942021135825401,,,,,,9.542156038750605,,,,,
1488,4,0.08193710994419245,,,,,,0.0673531038127691,,,,,,12.204482202034,,,,,,10.032203445966811,,,,,
1488,8,0.08335014539329892,,,,,,0.06283606290726249,,,,,,11.997579551677623,,,,,,9.044743232142109,,,,,
1488,16,0.08289495537408476,,,,,,0.06098396094165003,,,,,,12.063460261088789,,,,,,8.874817364500073,,,,,
1488,32,0.08074632660378422,,,,,,0.05869823326341981,,,,,,12.384464310146518,,,,,,9.0028389586878,,,,,
