index,bin_size,m,n,a,b,corr
451,1,0.12235777718608933,36.0,3158.6278194535284,-3067.732182596363,8.17275389433675
451,2,0.12248415687750376,36.0,3140.0184752920113,-3044.0375607362193,8.164321210947296
451,4,0.12233039533017356,36.0,3152.257282072342,-3056.811004618521,8.174583244834357
451,8,0.12227757105146467,36.0,3158.920205010754,-3064.5079240220107,8.178114689398893
451,16,0.12254893723112653,36.0,3142.759750918872,-3048.9241710059196,8.160005485106788
451,32,0.12164377330764285,36.0,3203.26398488181,-3112.230952029207,8.220724931566803
