index,bin_size,m,n,a,b,corr
1425,1,0.17480804803803493,16.0,5244.069243924461,-5213.275639053313,5.720560415973633
1425,2,0.17343677539076965,16.0,5340.967335497184,-5307.747307852361,5.765789854815418
1425,4,0.17270939779772754,16.0,5400.704852796574,-5368.6344857891345,5.7900728782065025
1425,8,0.17359635691092626,16.0,5341.381373444839,-5310.9804349410615,5.760489550556112
1425,16,0.1735792060046367,16.0,5335.672997382026,-5303.667419011688,5.761058729426886
1425,32,0.17288588450780315,16.0,5387.27961181274,-5356.823471952484,5.784162211084765
