index,bin_size,m12,m23,m34,m13,m24,m14,m12_err,m23_err,m34_err,m13_err,m24_err,m14_err,corr12,corr23,corr34,corr13,corr24,corr14,corr12_err,corr23_err,corr34_err,corr13_err,corr24_err,corr14_err
1357,1,0.16251317984698016,,,,,,0.05889367326531685,,,,,,6.153347075859227,,,,,,2.2299312124405533,,,,,
1357,2,0.1619263557369092,,,,,,0.06334984748889978,,,,,,6.17564691954629,,,,,,2.4160754357629,,,,,
1357,4,0.16054379391298687,,,,,,0.0609054032321997,,,,,,6.228830001002654,,,,,,2.363027518095804,,,,,
1357,8,0.15888068678440345,,,,,,0.062118779091846106,,,,,,6.294031201897884,,,,,,2.46082479715377,,,,,
1357,16,0.1616255505304989,,,,,,0.06185840685253007,,,,,,6.187140564828573,,,,,,2.3679836328893904,,,,,
1357,32,0.16124075893469267,,,,,,0.05438089092814818,,,,,,6.20190581219622,,,,,,2.091686777884079,,,,,
