index,bin_size,m12,m23,m34,m13,m24,m14,m12_err,m23_err,m34_err,m13_err,m24_err,m14_err,corr12,corr23,corr34,corr13,corr24,corr14,corr12_err,corr23_err,corr34_err,corr13_err,corr24_err,corr14_err
1431,1,0.0264400478355333,,,,,,0.044898482363647046,,,,,,37.821414175207366,,,,,,64.22545480540303,,,,,
1431,2,0.024806789322064166,,,,,,0.043262820272335,,,,,,40.311544836258165,,,,,,70.3029761937001,,,,,
1431,4,0.024119127658659218,,,,,,0.04201926997060813,,,,,,41.460869321323955,,,,,,72.23127991543876,,,,,
1431,8,0.024786268851194775,,,,,,0.04344851503130084,,,,,,40.34491863230947,,,,,,70.72168926094784,,,,,
1431,16,0.025953156402667293,,,,,,0.0452903582275901,,,,,,38.530958796873996,,,,,,67.23964128631343,,,,,
1431,32,0.029341748285737383,,,,,,0.048284251452741164,,,,,,34.08113212143143,,,,,,56.08329596178779,,,,,
