index,bin_size,m12,m23,m34,m13,m24,m14,m12_err,m23_err,m34_err,m13_err,m24_err,m14_err,corr12,corr23,corr34,corr13,corr24,corr14,corr12_err,corr23_err,corr34_err,corr13_err,corr24_err,corr14_err
584,1,0.1126798655247723,,,,,,0.06560422564938724,,,,,,8.874699977168088,,,,,,5.167008472731522,,,,,
584,2,0.11061617558669998,,,,,,0.06714511239745638,,,,,,9.040269153187355,,,,,,5.487532769728183,,,,,
584,4,0.11037876936889655,,,,,,0.06672908000815922,,,,,,9.059713255706837,,,,,,5.4770164058505655,,,,,
584,8,0.11188118436017461,,,,,,0.06414612344454128,,,,,,8.93805339761814,,,,,,5.124556732897816,,,,,
584,16,0.11026087216309317,,,,,,0.06302265736602114,,,,,,9.069400417229085,,,,,,5.1838671669930605,,,,,
584,32,0.10951895492040145,,,,,,0.06696372892183347,,,,,,9.130839503780889,,,,,,5.582915412262142,,,,,
