index,bin_size,m12,m23,m34,m13,m24,m14,m12_err,m23_err,m34_err,m13_err,m24_err,m14_err,corr12,corr23,corr34,corr13,corr24,corr14,corr12_err,corr23_err,corr34_err,corr13_err,corr24_err,corr14_err
1257,1,0.22652025270878978,,,,,,0.04957985583212651,,,,,,4.414616300492925,,,,,,0.9662537327908506,,,,,
1257,2,0.2243508192375406,,,,,,0.05285604029708608,,,,,,4.457304873672911,,,,,,1.050120908048957,,,,,
1257,4,0.22298660400232323,,,,,,0.05332482378181172,,,,,,4.484574328911621,,,,,,1.0724372295618136,,,,,
1257,8,0.2237558787946169,,,,,,0.05032688353385123,,,,,,4.469156320660916,,,,,,1.0051968728425118,,,,,
1257,16,0.22301144143629884,,,,,,0.056268476114044404,,,,,,4.484074868802822,,,,,,1.1313861657671453,,,,,
1257,32,0.22104920089172972,,,,,,0.06148281834255199,,,,,,4.523879733407413,,,,,,1.2582758713019477,,,,,
