index,bin_size,m12,m23,m34,m13,m24,m14,m12_err,m23_err,m34_err,m13_err,m24_err,m14_err,corr12,corr23,corr34,corr13,corr24,corr14,corr12_err,corr23_err,corr34_err,corr13_err,corr24_err,corr14_err
1486,1,0.001267369123851879,,,,,,0.009717556353754243,,,,,,789.0361073029209,,,,,,6049.936591921531,,,,,
1486,2,0.0014963104176036878,,,,,,0.01122773661239429,,,,,,668.3105244976377,,,,,,5014.744571763025,,,,,
1486,4,0.001067391029454991,,,,,,0.009412198514937966,,,,,,936.8637850653469,,,,,,8261.216070921691,,,,,
1486,8,0.0007431047229904525,,,,,,0.0069196390635667265,,,,,,1345.7053481987466,,,,,,12530.932730414565,,,,,
1486,16,0.00035406301973060165,,,,,,0.004577357087561271,,,,,,2824.355960023379,,,,,,36513.51610017226,,,,,
1486,32,0.00029298989065866776,,,,,,0.004541903190065407,,,,,,3413.087044579967,,,,,,52909.371381036275,,,,,
