index,bin_size,m,n,a,b,corr
1022,1,0.1358030205159242,16.0,13381.398626160264,-13406.852362236721,7.363606466195946
1022,2,0.13570777016026409,16.0,13403.61243987354,-13427.390238932541,7.368774822687382
1022,4,0.1350689102655218,16.0,13543.132497050143,-13565.789614204128,7.403628251935809
1022,8,0.13379408344010088,16.0,13844.255302760506,-13868.473328674107,7.474172058196403
1022,16,0.1356737480807036,16.0,13404.64968835299,-13426.42343915396,7.370622645474231
1022,32,0.13383056432445375,16.0,13831.2516132536,-13854.485457155371,7.472134673030578
