index,bin_size,m12,m23,m34,m13,m24,m14,m12_err,m23_err,m34_err,m13_err,m24_err,m14_err,corr12,corr23,corr34,corr13,corr24,corr14,corr12_err,corr23_err,corr34_err,corr13_err,corr24_err,corr14_err
2336,1,0.031008912146944696,,,,,,0.03996855195695126,,,,,,32.24879335531704,,,,,,41.566681432195054,,,,,
2336,2,0.028596037191162306,,,,,,0.038626856495996675,,,,,,34.969880382903305,,,,,,47.236494420633804,,,,,
2336,4,0.02955604066332049,,,,,,0.038600436588685914,,,,,,33.834031133981206,,,,,,44.18752796438135,,,,,
2336,8,0.027426007589232762,,,,,,0.03568232060684742,,,,,,36.46174153297443,,,,,,47.43816784235034,,,,,
2336,16,0.023571213448195433,,,,,,0.03238847897004374,,,,,,42.4246296100873,,,,,,58.29437788419856,,,,,
2336,32,0.021293730996075885,,,,,,0.029589236769454498,,,,,,46.9621786893187,,,,,,65.25747060032641,,,,,
