index,bin_size,m12,m23,m34,m13,m24,m14,m12_err,m23_err,m34_err,m13_err,m24_err,m14_err,corr12,corr23,corr34,corr13,corr24,corr14,corr12_err,corr23_err,corr34_err,corr13_err,corr24_err,corr14_err
2610,1,0.12468703348630354,,,,,,0.017860609585274943,,,,,,8.020080132148196,,,,,,1.1488245094759917,,,,,
2610,2,0.12477396322858242,,,,,,0.018284266946908875,,,,,,8.014492560182832,,,,,,1.1744366983514218,,,,,
2610,4,0.12532930352983884,,,,,,0.016103801077704177,,,,,,7.9789799499038665,,,,,,1.0252343410306282,,,,,
2610,8,0.12457210071176418,,,,,,0.015170821463303782,,,,,,8.02747962253448,,,,,,0.9776142447462075,,,,,
2610,16,0.12506224036192296,,,,,,0.017167177797537205,,,,,,7.9960185992675115,,,,,,1.0976060605406632,,,,,
2610,32,0.1242988586103664,,,,,,0.016108092025062547,,,,,,8.045126167527021,,,,,,1.0425810350036167,,,,,
