index,bin_size,m12,m23,m34,m13,m24,m14,m12_err,m23_err,m34_err,m13_err,m24_err,m14_err,corr12,corr23,corr34,corr13,corr24,corr14,corr12_err,corr23_err,corr34_err,corr13_err,corr24_err,corr14_err
651,1,0.12766779385393712,,,,,,0.0654127795614801,,,,,,7.832829015155425,,,,,,4.013284026019271,,,,,
651,2,0.1261422512740772,,,,,,0.06838831660335991,,,,,,7.92755789515154,,,,,,4.2979440571987295,,,,,
651,4,0.1270055551794604,,,,,,0.06853021956541384,,,,,,7.873671341280999,,,,,,4.248510429653678,,,,,
651,8,0.12749543921439258,,,,,,0.06723721529795003,,,,,,7.843417820761647,,,,,,4.136379904535406,,,,,
651,16,0.1277187159167073,,,,,,0.06702598202424011,,,,,,7.829706028771518,,,,,,4.108980675015339,,,,,
651,32,0.1254847618727708,,,,,,0.07295768715814997,,,,,,7.969095092310106,,,,,,4.633285651590096,,,,,
