index,bin_size,m,n,a,b,corr
117,1,0.228709996997369,16.0,2602.3899835254197,-2700.8669302819335,4.372349320661762
117,2,0.22821727027545824,16.0,2614.4730528030705,-2709.300759396429,4.381789330811818
117,4,0.22845419110308696,16.0,2607.8082120848303,-2705.3697167565056,4.377245149986166
117,8,0.22777988937477003,16.0,2627.6386333319756,-2724.377764838052,4.390203203385894
117,16,0.22743031163267888,16.0,2640.815279752424,-2735.343875336786,4.396951280685457
117,32,0.22739341131551252,16.0,2641.550342749546,-2736.1966687318586,4.397664796947356
