index,bin_size,m12,m23,m34,m13,m24,m14,m12_err,m23_err,m34_err,m13_err,m24_err,m14_err,corr12,corr23,corr34,corr13,corr24,corr14,corr12_err,corr23_err,corr34_err,corr13_err,corr24_err,corr14_err
2210,1,0.04303709009336715,,,,,,0.04289911676796938,,,,,,23.235771699028497,,,,,,23.16127975074521,,,,,
2210,2,0.04297939731706159,,,,,,0.04326208003693702,,,,,,23.266961903233312,,,,,,23.419992622243257,,,,,
2210,4,0.04189728425389734,,,,,,0.04289500180533017,,,,,,23.867895444964997,,,,,,24.436271620778594,,,,,
2210,8,0.044323734886034354,,,,,,0.04325155336593295,,,,,,22.56127563643295,,,,,,22.015523278932065,,,,,
2210,16,0.043283233766245516,,,,,,0.040308643556135976,,,,,,23.103634201653648,,,,,,21.515863646307913,,,,,
2210,32,0.0390266082327967,,,,,,0.03369015173493456,,,,,,25.623543661158653,,,,,,22.119807818853673,,,,,
