index,bin_size,m,n,a,b,corr
2479,1,0.224392506849836,24.0,1114.222776405904,-1066.366980751773,4.456476796122263
2479,2,0.22446818378631586,24.0,1112.2504989262884,-1065.6147870033913,4.4549743448361365
2479,4,0.22497158392099953,24.0,1104.2377649707275,-1056.7697619640087,4.445005820606915
2479,8,0.2240140976900275,24.0,1119.9027349249122,-1072.9358783129815,4.464004767162996
2479,16,0.22464651040417308,24.0,1106.865395625555,-1057.7429685797892,4.45143794221797
2479,32,0.2247455933143633,24.0,1106.2804396634276,-1056.637393968303,4.449475450231623
