index,bin_size,m,n,a,b,corr
1875,1,0.04074394776111628,16.0,152466.58044761463,-152495.13209580324,24.543522534022674
1875,2,0.038466131726320296,16.0,171132.12524393323,-171161.87860871607,25.99689532378308
1875,4,0.0435882527623128,16.0,132931.25851811422,-132960.8625540975,22.941961116289992
1875,8,0.034059089733228826,16.0,218833.89527968934,-218864.079237423,29.360737701230377
1875,16,0.0410863189425728,16.0,149739.71598930142,-149771.74935001563,24.33900202638549
1875,32,0.040243759801833416,16.0,156256.08414250053,-156286.3860543564,24.84857291973108
