index,bin_size,m12,m23,m34,m13,m24,m14,m12_err,m23_err,m34_err,m13_err,m24_err,m14_err,corr12,corr23,corr34,corr13,corr24,corr14,corr12_err,corr23_err,corr34_err,corr13_err,corr24_err,corr14_err
1366,1,0.06178272200424477,,,,,,0.06353925812149741,,,,,,16.185754974202904,,,,,,16.64592995961769,,,,,
1366,2,0.060013794941410334,,,,,,0.0624104833303647,,,,,,16.662835619315025,,,,,,17.32827636831041,,,,,
1366,4,0.06375562408484735,,,,,,0.06573639468154355,,,,,,15.684890774015146,,,,,,16.17219163419047,,,,,
1366,8,0.061766206373557835,,,,,,0.06323640252018431,,,,,,16.190082873992093,,,,,,16.575448899403302,,,,,
1366,16,0.05699066391549556,,,,,,0.05905805755237238,,,,,,17.546733645405094,,,,,,18.183259051395666,,,,,
1366,32,0.054915185204474096,,,,,,0.05099848112053833,,,,,,18.20989943449243,,,,,,16.911118647036847,,,,,
