index,bin_size,m,n,a,b,corr
1612,1,0.22431880306862315,16.0,2797.8918558109513,-2734.6443501951817,4.457941047831296
1612,2,0.22369085074226394,16.0,2822.010253016583,-2761.0753316101236,4.470455526820798
1612,4,0.22478645242560455,16.0,2784.093859474152,-2722.0081071091045,4.448666675457057
1612,8,0.22389969884014124,16.0,2813.42545733575,-2751.83663167813,4.466285596542829
1612,16,0.2248049285979304,16.0,2781.516278455527,-2719.596470425892,4.448301050323175
1612,32,0.22369054276836212,16.0,2820.769093899734,-2758.1581755621446,4.470461681679266
