index,bin_size,m,n,a,b,corr
1493,1,0.05945839217926039,16.0,51830.25608338074,-51785.9141162841,16.818483705127985
1493,2,0.05841279278579491,16.0,53656.59742304494,-53610.985007265896,17.119537558614805
1493,4,0.060244928710552516,16.0,50378.49434882223,-50334.812763550486,16.598907516423697
1493,8,0.05423243491135073,16.0,62516.43169303882,-62471.38327716705,18.4391499595144
1493,16,0.0585306506144618,16.0,53449.23152472895,-53404.167882244794,17.085065508445233
1493,32,0.06043776131014409,16.0,50092.864898896034,-50046.97028566305,16.545947075510828
