index,bin_size,m12,m23,m34,m13,m24,m14,m12_err,m23_err,m34_err,m13_err,m24_err,m14_err,corr12,corr23,corr34,corr13,corr24,corr14,corr12_err,corr23_err,corr34_err,corr13_err,corr24_err,corr14_err
340,1,4334252273954.61,,,,,,76100689796553.39,,,,,,2.3072030347868774e-13,,,,,,4.050981146230841e-12,,,,,
340,2,1689347805757.9932,,,,,,36166376467591.07,,,,,,5.91944415822241e-13,,,,,,1.2672632904572111e-11,,,,,
340,4,166486452402.72275,,,,,,3872562606050.688,,,,,,6.006494736166568e-12,,,,,,1.3971423243768113e-10,,,,,
340,8,16317389966.652464,,,,,,516001177245.13513,,,,,,6.128431091269381e-11,,,,,,1.9379800717047118e-9,,,,,
340,16,494549170484.42676,,,,,,8814049781247.635,,,,,,2.02204363020257e-12,,,,,,3.603765667830871e-11,,,,,
340,32,NaN,,,,,,NaN,,,,,,NaN,,,,,,NaN,,,,,
