index,bin_size,m12,m23,m34,m13,m24,m14,m12_err,m23_err,m34_err,m13_err,m24_err,m14_err,corr12,corr23,corr34,corr13,corr24,corr14,corr12_err,corr23_err,corr34_err,corr13_err,corr24_err,corr14_err
2971,1,0.21627657017269264,,,,,,0.029619918797728673,,,,,,4.623709351417583,,,,,,0.6332350074903281,,,,,
2971,2,0.21742058308220305,,,,,,0.02896446953628685,,,,,,4.599380545410077,,,,,,0.6127231185050812,,,,,
2971,4,0.2167356572061914,,,,,,0.029650170892781224,,,,,,4.613915462228951,,,,,,0.6311992392178746,,,,,
2971,8,0.21782571390061348,,,,,,0.028647661793437595,,,,,,4.59082622566896,,,,,,0.6037691083864162,,,,,
2971,16,0.21772827155139257,,,,,,0.026436630604075764,,,,,,4.592880809068289,,,,,,0.5576689351948809,,,,,
2971,32,0.21789908240836522,,,,,,0.025623298392396743,,,,,,4.589280454728567,,,,,,0.5396649733362524,,,,,
