index,bin_size,m,n,a,b,corr
545,1,0.025586217214329677,54.0,106501.71124241206,-106354.03982513424,39.08354219083021
545,2,0.027042587785703162,54.0,94677.42059444539,-94542.1737876099,36.97870957929103
545,4,0.025876457365509087,54.0,104073.98121710689,-103932.22768298158,38.64516637168838
545,8,0.02458706521663092,54.0,115695.34229735732,-115552.98505562668,40.671791903150385
545,16,0.024561490634770075,54.0,115783.66973873843,-115639.51369213083,40.71414129012049
545,32,0.026484566581020396,54.0,98926.2820335225,-98783.5230212243,37.75783896409424
