index,bin_size,m12,m23,m34,m13,m24,m14,m12_err,m23_err,m34_err,m13_err,m24_err,m14_err,corr12,corr23,corr34,corr13,corr24,corr14,corr12_err,corr23_err,corr34_err,corr13_err,corr24_err,corr14_err
1178,1,0.06319173622210479,,,,,,0.06310066270715317,,,,,,15.824854004410073,,,,,,15.802046827966745,,,,,
1178,2,0.0619498349114808,,,,,,0.061945267842414393,,,,,,16.142093056888452,,,,,,16.14090302863458,,,,,
1178,4,0.061856060410646466,,,,,,0.06413702593892807,,,,,,16.166564656094444,,,,,,16.76271281759198,,,,,
1178,8,0.06351059240111477,,,,,,0.06435522584403552,,,,,,15.74540501345485,,,,,,15.954804660724754,,,,,
1178,16,0.06330630834469173,,,,,,0.0672389882565584,,,,,,15.796214092206668,,,,,,16.777497876845096,,,,,
1178,32,0.06558629277634685,,,,,,0.06606619727609757,,,,,,15.247088342225094,,,,,,15.35865351832801,,,,,
