index,bin_size,m,n,a,b,corr
308,1,0.03255742369567845,24.0,160569.334983537,-160471.70957002768,30.714961028465417
308,2,0.03424258081632572,24.0,145091.67177815115,-144995.6010701588,29.20340629007827
308,4,0.03495554605334311,24.0,138974.40339605126,-138877.52036182888,28.607763657131056
308,8,0.0380068554674358,24.0,117036.9486244422,-116942.92510102315,26.311042776395908
308,16,0.03829820021545365,24.0,115392.9963167973,-115297.09570096337,26.11088757106898
308,32,0.036156111874734796,24.0,129847.13761132011,-129750.1653978385,27.657841182275494
