index,bin_size,m12,m23,m34,m13,m24,m14,m12_err,m23_err,m34_err,m13_err,m24_err,m14_err,corr12,corr23,corr34,corr13,corr24,corr14,corr12_err,corr23_err,corr34_err,corr13_err,corr24_err,corr14_err
1269,1,0.12233130623703084,,,,,,0.06603187013770336,,,,,,8.174522375019736,,,,,,4.412435512289637,,,,,
1269,2,0.12114943053435999,,,,,,0.06639516470898017,,,,,,8.254269092221472,,,,,,4.523698984906534,,,,,
1269,4,0.12057484509278363,,,,,,0.06518223546860785,,,,,,8.29360385435693,,,,,,4.483486077896703,,,,,
1269,8,0.12318263348125616,,,,,,0.062238317308314826,,,,,,8.11802745029122,,,,,,4.101652595742855,,,,,
1269,16,0.12376773514356053,,,,,,0.0686491844039345,,,,,,8.079650151471878,,,,,,4.481470009322769,,,,,
1269,32,0.12129543251132091,,,,,,0.07566063823011429,,,,,,8.244333519373589,,,,,,5.1425805815030285,,,,,
