index,bin_size,m,n,a,b,corr
2236,1,0.06284112593246917,24.0,33378.015459250426,-33207.323249064415,15.913145812737792
2236,2,0.06481538957356982,24.0,31298.03934760661,-31131.669729154914,15.42843461374143
2236,4,0.06201904502017058,24.0,34355.55123131196,-34187.14919303181,16.12407929975007
2236,8,0.06338339689679476,24.0,32816.50678197232,-32652.397655960594,15.77700232173213
2236,16,0.06263385101137471,24.0,33654.741714762655,-33487.422853704564,15.965807368580826
2236,32,0.06275099470003635,24.0,33497.961876020294,-33329.44129470169,15.936002365862429
