index,bin_size,m12,m23,m34,m13,m24,m14,m12_err,m23_err,m34_err,m13_err,m24_err,m14_err,corr12,corr23,corr34,corr13,corr24,corr14,corr12_err,corr23_err,corr34_err,corr13_err,corr24_err,corr14_err
2690,1,0.0689758684018132,,,,,,0.0642362685861564,,,,,,14.49782399511932,,,,,,13.501622199813095,,,,,
2690,2,0.0678663119205914,,,,,,0.06365708612143442,,,,,,14.734851087385948,,,,,,13.820961506700733,,,,,
2690,4,0.06717653809804816,,,,,,0.061076683791983694,,,,,,14.886149663450064,,,,,,13.53443749285885,,,,,
2690,8,0.06251604025522636,,,,,,0.057528457597209204,,,,,,15.995894748250624,,,,,,14.719728712779867,,,,,
2690,16,0.06659653048651074,,,,,,0.06267292607078045,,,,,,15.015797259927108,,,,,,14.131125821274697,,,,,
2690,32,0.06359286976489746,,,,,,0.05921029035690323,,,,,,15.72503338341225,,,,,,14.641323719876898,,,,,
