index,bin_size,m,n,a,b,corr
337,1,0.2034256832220405,24.0,1487.0364826887298,-1354.706871809524,4.915800129861151
337,2,0.20480510346634415,24.0,1456.77676965822,-1325.6541298499233,4.882690826912578
337,4,0.2053451726612703,24.0,1445.7021994067452,-1319.39048713188,4.869849079187084
337,8,0.2046550688270002,24.0,1459.2313095762584,-1332.707725100207,4.886270375474178
337,16,0.20503074865279208,24.0,1451.4489174128253,-1320.987005200836,4.877317214958051
337,32,0.20514249038601026,24.0,1451.226361421623,-1319.4994255158106,4.87466052556119
