index,bin_size,m,n,a,b,corr
1334,1,0.17939665993628282,16.0,5867.745464501241,-5815.016909505295,5.574239789944667
1334,2,0.1794467810529958,16.0,5867.2166459272285,-5816.504543725701,5.5726828541141185
1334,4,0.1807751935664609,16.0,5763.690932574188,-5714.243808248368,5.531732425623741
1334,8,0.17974472942529968,16.0,5839.724974459661,-5785.007319250699,5.563445466230436
1334,16,0.1803674052459763,16.0,5800.4509108221455,-5751.75991878593,5.544238986175182
1334,32,0.18154642471475366,16.0,5699.669052646186,-5651.281365067233,5.508232957885033
