index,bin_size,m,n,a,b,corr
195,1,0.10965997373885922,24.0,9705.153048120284,-9792.906839657468,9.119097569559594
195,2,0.10860858791050043,24.0,9932.07598483081,-10018.732574343725,9.207375026586812
195,4,0.10891659064561489,24.0,9869.209134815412,-9954.639373890248,9.18133770137673
195,8,0.10998680689636986,24.0,9646.710230250295,-9735.592421591038,9.091999560840103
195,16,0.10923157719187457,24.0,9796.810745317318,-9886.483504024496,9.154861860535208
195,32,0.1089186104062719,24.0,9865.552464345195,-9955.899749014623,9.181167444846658
