index,bin_size,m,n,a,b,corr
2363,1,0.029954136233366117,24.0,211406.85443863022,-211352.57158840096,33.38437110017858
2363,2,0.03447139880430142,24.0,159349.63793894055,-159295.206945383,29.00955675390863
2363,4,0.03328181206373167,24.0,170972.31981379385,-170917.86174667836,30.04644092350171
2363,8,0.03409082429138388,24.0,162832.05558311555,-162778.95814837926,29.33340629879519
2363,16,0.03442343310358856,24.0,159671.357547241,-159618.74032160552,29.04997874531441
2363,32,0.03242504728386355,24.0,180334.57971717013,-180280.10051019568,30.840355952160905
