index,bin_size,m12,m23,m34,m13,m24,m14,m12_err,m23_err,m34_err,m13_err,m24_err,m14_err,corr12,corr23,corr34,corr13,corr24,corr14,corr12_err,corr23_err,corr34_err,corr13_err,corr24_err,corr14_err
1521,1,0.022066248511430384,,,,,,0.044128277621969136,,,,,,45.318079304780646,,,,,,90.627493106491,,,,,
1521,2,0.023165151839295066,,,,,,0.04434192564153994,,,,,,43.168290324076324,,,,,,82.63123561208869,,,,,
1521,4,0.023149869846752467,,,,,,0.04397202350885534,,,,,,43.19678713616107,,,,,,82.0501433499314,,,,,
1521,8,0.020973415417608356,,,,,,0.041156614585300406,,,,,,47.67940652910751,,,,,,93.56239406419489,,,,,
1521,16,0.019171318205238166,,,,,,0.039860640077484376,,,,,,52.161254082505955,,,,,,108.45268711907818,,,,,
1521,32,0.019630365029166354,,,,,,0.03891223445531558,,,,,,50.94148776725357,,,,,,100.97861718601683,,,,,
