index,bin_size,m12,m23,m34,m13,m24,m14,m12_err,m23_err,m34_err,m13_err,m24_err,m14_err,corr12,corr23,corr34,corr13,corr24,corr14,corr12_err,corr23_err,corr34_err,corr13_err,corr24_err,corr14_err
1290,1,0.13422661591289187,,,,,,0.06450650937608086,,,,,,7.450087251316559,,,,,,3.5803563984772606,,,,,
1290,2,0.13545645629308842,,,,,,0.06332534248257722,,,,,,7.3824461924228295,,,,,,3.4512635741986966,,,,,
1290,4,0.13445106772898194,,,,,,0.062465344386983854,,,,,,7.437650119787353,,,,,,3.4554978551669895,,,,,
1290,8,0.13224411749213844,,,,,,0.06785534327818261,,,,,,7.5617730222249575,,,,,,3.8799964334540458,,,,,
1290,16,0.1315550656636718,,,,,,0.06974790875033673,,,,,,7.601379657675503,,,,,,4.030102011393874,,,,,
1290,32,0.13229658329853672,,,,,,0.0740559560139693,,,,,,7.558774195577133,,,,,,4.231192033765681,,,,,
