index,bin_size,m,n,a,b,corr
1757,1,-0.000027603027952028838,16.0,330391627772.3791,-330391627698.91516,-36227.90955173088
1757,2,-5.050835144237969e-7,16.0,984084998591858.5,-984084998591786.8,-1979870.5985104416
1757,4,0.00003162515937068514,16.0,251164909031.74713,-251164908960.44012,31620.394012210018
1757,8,1.0272442909894134e-7,16.0,2.3838816215916372e16,-2.38388162159163e16,9734782.746145297
1757,16,-5.440760478407842e-6,16.0,8482319550952.681,-8482319550877.886,-183797.8356093035
1757,32,0.000018061269917246552,16.0,769252054586.1716,-769252054510.0984,55367.09237954019
