index,bin_size,m,n,a,b,corr
2047,1,0.07715022661797326,16.0,37990.44184899594,-37962.14132351544,12.961724726379943
2047,2,0.07785233463927359,16.0,37292.58680149753,-37267.77454118808,12.844829954470466
2047,4,0.0764463358486773,16.0,38741.16961016081,-38715.72919445574,13.081071694259657
2047,8,0.07553829644407917,16.0,39721.82343619691,-39696.261941645695,13.238318138936291
2047,16,0.08011917757791802,16.0,35107.429164555804,-35081.42192569333,12.48140620299645
2047,32,0.07934409453738793,16.0,35874.8967601124,-35850.211204502935,12.603332432368832
