index,bin_size,m,n,a,b,corr
811,1,0.17431168154554022,16.0,5601.219773605275,-5561.4902247256705,5.736850170530554
811,2,0.1758934310745373,16.0,5481.3036683364935,-5441.301297625423,5.68526063702877
811,4,0.17522175312042,16.0,5530.665064313446,-5489.944108868377,5.707053959862829
811,8,0.17389620770047565,16.0,5635.039817521147,-5595.614305752274,5.750556686793491
811,16,0.17509288276348456,16.0,5543.362933613214,-5502.170698186188,5.7112544166104104
811,32,0.17562004250546165,16.0,5502.061577300103,-5462.012360712045,5.694110909743691
