index,bin_size,m,n,a,b,corr
486,1,0.12565239219574884,36.0,3022.806025062209,-2898.0624256451774,7.958463683223316
486,2,0.12521619324006883,36.0,3054.53069621795,-2920.282152707519,7.986187521950658
486,4,0.12446767613340196,36.0,3101.627963139574,-2975.3349107617987,8.034214432735292
486,8,0.12418191784674312,36.0,3121.338412758765,-2992.1263416717134,8.052702175482038
486,16,0.12478571405632956,36.0,3079.488308250896,-2951.94006044219,8.01373785102187
486,32,0.1244894134533525,36.0,3099.9395607533083,-2971.6214139337653,8.0328115641312
