index,bin_size,m,n,a,b,corr
917,1,0.21857946677183254,16.0,2696.1131163106775,-2643.0230663300235,4.574995148303958
917,2,0.21885800387703222,16.0,2688.1287293346218,-2636.113291232195,4.569172624647811
917,4,0.21855630556683073,16.0,2696.660252951275,-2643.8740354066763,4.575479977145831
917,8,0.2201048634807595,16.0,2649.2314195326708,-2597.6795187004705,4.543288976835422
917,16,0.2171519141032325,16.0,2743.81970786971,-2692.049339056659,4.605071081826186
917,32,0.2174101517049571,16.0,2735.5503100967044,-2683.798354841802,4.599601224496084
