index,bin_size,m12,m23,m34,m13,m24,m14,m12_err,m23_err,m34_err,m13_err,m24_err,m14_err,corr12,corr23,corr34,corr13,corr24,corr14,corr12_err,corr23_err,corr34_err,corr13_err,corr24_err,corr14_err
1275,1,0.13057321307635256,,,,,,0.06386567012081118,,,,,,7.658538657659063,,,,,,3.745926840534457,,,,,
1275,2,0.13072739444884698,,,,,,0.06425154252529802,,,,,,7.649506090257886,,,,,,3.7596753758298878,,,,,
1275,4,0.13315070144334332,,,,,,0.06396243585540685,,,,,,7.510287134503065,,,,,,3.6077636384119502,,,,,
1275,8,0.1326305218532588,,,,,,0.06472873381236095,,,,,,7.53974263259245,,,,,,3.6796808687727784,,,,,
1275,16,0.13079091467834425,,,,,,0.06665789005264267,,,,,,7.6457910127726585,,,,,,3.896694949708683,,,,,
1275,32,0.12899188218915777,,,,,,0.07462788359687472,,,,,,7.752425835089129,,,,,,4.485143739247373,,,,,
