index,bin_size,m,n,a,b,corr
412,1,0.09186346419480149,36.0,9185.46057807375,-9165.494087791607,10.885720550222725
412,2,0.0918341355928806,36.0,9197.76739598166,-9180.881767449218,10.889197067561058
412,4,0.09196897088210489,36.0,9169.058890326489,-9154.705565041259,10.873232465348568
412,8,0.09219120860117741,36.0,9117.646154478087,-9098.238463000282,10.847021263448635
412,16,0.091882231206266,36.0,9205.54161929079,-9187.440855506706,10.883497134011739
412,32,0.09212979249194131,36.0,9118.07817365311,-9098.941077663698,10.854252169160926
