index,bin_size,m12,m23,m34,m13,m24,m14,m12_err,m23_err,m34_err,m13_err,m24_err,m14_err,corr12,corr23,corr34,corr13,corr24,corr14,corr12_err,corr23_err,corr34_err,corr13_err,corr24_err,corr14_err
1280,1,0.009006118825251642,,,,,,0.02767600236861647,,,,,,111.03562138178415,,,,,,341.21492065448024,,,,,
1280,2,0.007515234120914462,,,,,,0.02508093460358163,,,,,,133.0630535138031,,,,,,444.0774152391258,,,,,
1280,4,0.009958095423096693,,,,,,0.029491831179017918,,,,,,100.42080915198015,,,,,,297.4056207074989,,,,,
1280,8,0.00582178755265496,,,,,,0.02165083298158301,,,,,,171.76854891311885,,,,,,638.7955813177743,,,,,
1280,16,0.006543620620517676,,,,,,0.02311158285363736,,,,,,152.8205955070923,,,,,,539.7510124180989,,,,,
1280,32,0.0038384247907224537,,,,,,0.017133061256346813,,,,,,260.52353622168636,,,,,,1162.8639215739654,,,,,
