index,bin_size,m12,m23,m34,m13,m24,m14,m12_err,m23_err,m34_err,m13_err,m24_err,m14_err,corr12,corr23,corr34,corr13,corr24,corr14,corr12_err,corr23_err,corr34_err,corr13_err,corr24_err,corr14_err
1312,1,0.00653915616837136,,,,,,0.02347078308334951,,,,,,152.92493010593745,,,,,,548.888537012381,,,,,
1312,2,0.005406468231516917,,,,,,0.021174726860099597,,,,,,184.96363192712695,,,,,,724.4201237098595,,,,,
1312,4,0.005939570307882633,,,,,,0.0231772001190326,,,,,,168.36234747029786,,,,,,656.9781343694978,,,,,
1312,8,0.004864373790080427,,,,,,0.020226387467367095,,,,,,205.57630707558477,,,,,,854.7998612895387,,,,,
1312,16,0.004693467541542885,,,,,,0.019206766253769852,,,,,,213.06208920138172,,,,,,871.8998711740445,,,,,
1312,32,0.006621827881751416,,,,,,0.024271831242764944,,,,,,151.0157041012532,,,,,,553.5371426753951,,,,,
