index,bin_size,m12,m23,m34,m13,m24,m14,m12_err,m23_err,m34_err,m13_err,m24_err,m14_err,corr12,corr23,corr34,corr13,corr24,corr14,corr12_err,corr23_err,corr34_err,corr13_err,corr24_err,corr14_err
1461,1,0.2608033370617577,,,,,,0.046784532581992416,,,,,,3.8343067664168813,,,,,,0.687821911574338,,,,,
1461,2,0.26125379404725196,,,,,,0.04853580766476552,,,,,,3.8276956078162594,,,,,,0.7111104299853206,,,,,
1461,4,0.2639965872589878,,,,,,0.04193279712797417,,,,,,3.7879277546075736,,,,,,0.6016684068478405,,,,,
1461,8,0.2618490185516315,,,,,,0.0420541841610965,,,,,,3.8189946463473934,,,,,,0.6133485053947864,,,,,
1461,16,0.26070884665826577,,,,,,0.04444468201236738,,,,,,3.835696459164613,,,,,,0.653895376427303,,,,,
1461,32,0.26179495521716484,,,,,,0.04118781445016698,,,,,,3.8197833077817616,,,,,,0.6009608779139869,,,,,
