index,bin_size,m,n,a,b,corr
515,1,0.09579680155718302,54.0,3276.955215577079,-3162.181566692538,10.43876187664867
515,2,0.09567549491551164,54.0,3289.7898718961724,-3174.645527175924,10.45199714810017
515,4,0.09554134394134116,54.0,3304.5311423571825,-3194.8981605134577,10.466672947514354
515,8,0.09584330633909469,54.0,3278.1368804776744,-3164.844086757145,10.433696814068464
515,16,0.09546822711861197,54.0,3308.4142664799856,-3185.9310602781893,10.47468912099495
515,32,0.09551144202158793,54.0,3311.1310224038507,-3200.740806435945,10.469949765536736
