index,bin_size,m,n,a,b,corr
191,1,0.04121975034878141,24.0,93322.79544208184,-93295.04751890965,24.260214861528468
191,2,0.04045078251337272,24.0,97207.84647305006,-97178.18957279382,24.721400622334258
191,4,0.04043364178232793,24.0,97152.74086466612,-97121.44374088723,24.73188058061749
191,8,0.04134839979045623,24.0,92725.43262778707,-92694.27253642483,24.18473278452758
191,16,0.03995420906720624,24.0,99694.26783620796,-99668.7810683857,25.028652133193738
191,32,0.04319555686060024,24.0,84817.6455467839,-84786.12463567592,23.150529190471563
