index,bin_size,m12,m23,m34,m13,m24,m14,m12_err,m23_err,m34_err,m13_err,m24_err,m14_err,corr12,corr23,corr34,corr13,corr24,corr14,corr12_err,corr23_err,corr34_err,corr13_err,corr24_err,corr14_err
1499,1,0.004527973778661677,,,,,,0.019456218579012148,,,,,,220.8493354604999,,,,,,948.965951171892,,,,,
1499,2,0.004118731607899308,,,,,,0.018410640151434766,,,,,,242.7931934389951,,,,,,1085.2802612945377,,,,,
1499,4,0.005141660578571247,,,,,,0.020563908454060524,,,,,,194.4896954434666,,,,,,777.855370116423,,,,,
1499,8,0.005016045374700875,,,,,,0.020087975396642994,,,,,,199.36023805598722,,,,,,798.3866289041252,,,,,
1499,16,0.0070254866911583025,,,,,,0.024955442728110736,,,,,,142.33889322693008,,,,,,505.6062667341952,,,,,
1499,32,0.004341994852531508,,,,,,0.019383883408369867,,,,,,230.30888657478974,,,,,,1028.1634955588213,,,,,
