index,bin_size,m,n,a,b,corr
2398,1,0.04285719515290012,24.0,98746.96837908908,-98676.47954808886,23.333304861233568
2398,2,0.0435460439912039,24.0,95558.98003363474,-95487.82311017514,22.96419854354612
2398,4,0.04437576605383641,24.0,91820.74609339323,-91749.85429470352,22.534822244799244
2398,8,0.04112049629084641,24.0,107698.48765023443,-107624.54210536966,24.318772636569662
2398,16,0.04135772736727894,24.0,106300.7940817204,-106226.02351694777,24.17927830316836
2398,32,0.04509971203323893,24.0,88850.84808667687,-88774.04652390262,22.173090579003922
