index,bin_size,m,n,a,b,corr
1635,1,-0.00003133592770738656,16.0,268291589514.25946,-268291589493.0836,-31912.251309039053
1635,2,-3.4942741975868855e-6,16.0,21554702446727.004,-21554702446706.383,-286182.46406953153
1635,4,9.631570091376262e-6,16.0,2841363907567.8784,-2841363907545.699,103825.23207668515
1635,8,-0.00002934485004014124,16.0,305956859063.64307,-305956859041.35266,-34077.52974140558
1635,16,6.543031290218597e-6,16.0,6143871309827.633,-6143871309806.324,152834.36004576876
1635,32,-3.9712392548396344e-7,16.0,1669748192322319.0,-1669748192322297.2,-2518105.6487123733
