index,bin_size,m,n,a,b,corr
2301,1,0.11450964450107105,24.0,9500.201474587495,-9595.405438251766,8.73288887025273
2301,2,0.11521886635954222,24.0,9369.012119466894,-9463.087719086601,8.679134169568071
2301,4,0.11437076912468999,24.0,9534.445408353426,-9631.192560956597,8.743492831719736
2301,8,0.11462678336047352,24.0,9480.692313373625,-9577.21036215295,8.723964597830873
2301,16,0.11414721584752745,24.0,9578.553402398637,-9675.636569906075,8.760616652584444
2301,32,0.11543448030685978,24.0,9328.251915864435,-9425.381298558808,8.662922874878436
