index,bin_size,m,n,a,b,corr
1197,1,0.11005504771844493,16.0,17692.103195981203,-17690.3318385804,9.086361968224404
1197,2,0.10908609544148727,16.0,18025.277174225106,-18022.866929776985,9.167071164779111
1197,4,0.10663047419678359,16.0,18917.12542931854,-18913.414138375538,9.378182058484779
1197,8,0.10631081060826256,16.0,19075.01786136746,-19070.77406085892,9.406381103468693
1197,16,0.1070877251323058,16.0,18774.044131318093,-18771.32931117266,9.338138416559977
1197,32,0.10680394658646686,16.0,18879.064294720625,-18875.320210422386,9.362949890530638
