index,bin_size,m12,m23,m34,m13,m24,m14,m12_err,m23_err,m34_err,m13_err,m24_err,m14_err,corr12,corr23,corr34,corr13,corr24,corr14,corr12_err,corr23_err,corr34_err,corr13_err,corr24_err,corr14_err
2280,1,0.06768092136987416,,,,,,0.04652182590992485,,,,,,14.775212567438771,,,,,,10.156035895079869,,,,,
2280,2,0.06856137848089243,,,,,,0.04617945848452549,,,,,,14.585471035689473,,,,,,9.824031679257796,,,,,
2280,4,0.06684957010847463,,,,,,0.047801898271042455,,,,,,14.958959322809891,,,,,,10.696652957218799,,,,,
2280,8,0.06511125510314844,,,,,,0.045072565690245564,,,,,,15.358327810081565,,,,,,10.631637157287015,,,,,
2280,16,0.06629852952923197,,,,,,0.04470769853267768,,,,,,15.083290792431312,,,,,,10.171254512234789,,,,,
2280,32,0.0669927900937263,,,,,,0.04555579414294314,,,,,,14.926979434666768,,,,,,10.15050129051583,,,,,
