index,bin_size,m,n,a,b,corr
1515,1,0.08084904565161768,16.0,39874.3807609865,-39811.70397517546,12.368729796874124
1515,2,0.08073653826276715,16.0,39988.52543689466,-39925.48247246285,12.385965778534807
1515,4,0.07694066244397565,16.0,44241.91315291742,-44177.95266443772,12.997028726236273
1515,8,0.08102397940280094,16.0,39690.04162439432,-39627.86801335228,12.34202525438328
1515,16,0.07802733650418356,16.0,42985.58439031936,-42923.220476706905,12.816021215159425
1515,32,0.07735001438981849,16.0,43764.716700652265,-43700.12274658539,12.92824581725778
