index,bin_size,m12,m23,m34,m13,m24,m14,m12_err,m23_err,m34_err,m13_err,m24_err,m14_err,corr12,corr23,corr34,corr13,corr24,corr14,corr12_err,corr23_err,corr34_err,corr13_err,corr24_err,corr14_err
2629,1,0.13113220960622296,,,,,,0.019769977167015923,,,,,,7.625891480078777,,,,,,1.1497076186851967,,,,,
2629,2,0.1313553264616845,,,,,,0.019579351425276725,,,,,,7.6129383325136315,,,,,,1.1347571431351389,,,,,
2629,4,0.1321633909005372,,,,,,0.021312025047204627,,,,,,7.5663918214127435,,,,,,1.2201195120384671,,,,,
2629,8,0.13170841095740207,,,,,,0.021089260503500924,,,,,,7.592529533466363,,,,,,1.2157221550838062,,,,,
2629,16,0.13227251462732606,,,,,,0.021073144303815423,,,,,,7.560149610956371,,,,,,1.204453730686123,,,,,
2629,32,0.130987126508086,,,,,,0.01972362253103574,,,,,,7.634338019761573,,,,,,1.1495541996397398,,,,,
