index,bin_size,m12,m23,m34,m13,m24,m14,m12_err,m23_err,m34_err,m13_err,m24_err,m14_err,corr12,corr23,corr34,corr13,corr24,corr14,corr12_err,corr23_err,corr34_err,corr13_err,corr24_err,corr14_err
731,1,0.04432788999242613,,,,,,0.05885445805349747,,,,,,22.559160839166047,,,,,,29.95195994119398,,,,,
731,2,0.044713075088682615,,,,,,0.05774509414851312,,,,,,22.36482277312909,,,,,,28.883247105856793,,,,,
731,4,0.0453842100692577,,,,,,0.05825999673106362,,,,,,22.034095084479144,,,,,,28.28530684206522,,,,,
731,8,0.0455334956747302,,,,,,0.05915436162705781,,,,,,21.961854348796937,,,,,,28.5315119100441,,,,,
731,16,0.0430881458356098,,,,,,0.0563108240209393,,,,,,23.208239310533507,,,,,,30.330269597519866,,,,,
731,32,0.032457491304747246,,,,,,0.046184608446805844,,,,,,30.809528395490613,,,,,,43.839679167328704,,,,,
