index,bin_size,m,n,a,b,corr
674,1,0.0966436613667975,16.0,22464.863167736577,-22537.518455501337,10.347290094946215
674,2,0.09626634559786956,16.0,22631.715607864102,-22703.085011806215,10.387846279916651
674,4,0.09542139086510089,16.0,23096.189414425877,-23165.989227012033,10.479830475471898
674,8,0.09773913502774814,16.0,21919.987325275288,-21991.806133410555,10.231316245187765
674,16,0.09439970124216987,16.0,23609.81744519666,-23681.376723221754,10.59325386459257
674,32,0.09610241842471097,16.0,22738.32686149911,-22809.596393804382,10.40556539982836
