index,bin_size,m12,m23,m34,m13,m24,m14,m12_err,m23_err,m34_err,m13_err,m24_err,m14_err,corr12,corr23,corr34,corr13,corr24,corr14,corr12_err,corr23_err,corr34_err,corr13_err,corr24_err,corr14_err
2380,1,0.1080509342581602,,,,,,0.038288214518823374,,,,,,9.254894526045971,,,,,,3.2795032212835395,,,,,
2380,2,0.10702051422826327,,,,,,0.03877623460164193,,,,,,9.34400294383848,,,,,,3.3855682051378757,,,,,
2380,4,0.10682785790628273,,,,,,0.0370540382291892,,,,,,9.360854177917465,,,,,,3.2468819965547575,,,,,
2380,8,0.1066839233196769,,,,,,0.03539515304743045,,,,,,9.37348354731494,,,,,,3.109895797051086,,,,,
2380,16,0.10610648433625823,,,,,,0.0383798524862981,,,,,,9.424494706948693,,,,,,3.408940734143105,,,,,
2380,32,0.10742063399442107,,,,,,0.041811207094777036,,,,,,9.309198454851192,,,,,,3.6234083714528835,,,,,
