index,bin_size,m,n,a,b,corr
1350,1,0.11694200058520911,16.0,15698.997335697317,-15717.122460325309,8.551247584236048
1350,2,0.11756511893565846,16.0,15522.841613693923,-15543.293176338822,8.505924283096963
1350,4,0.11829880007937815,16.0,15329.622389393055,-15349.301885056138,8.453171116942885
1350,8,0.11781685089116536,16.0,15461.657387630225,-15482.651696448682,8.487750202420205
1350,16,0.11717958945293457,16.0,15620.442112464047,-15639.143172505723,8.533909400678112
1350,32,0.11604402705731857,16.0,15966.546586072694,-15985.491039042574,8.617418968975127
