index,bin_size,m,n,a,b,corr
151,1,0.23207078696334918,16.0,2390.9638021286687,-2420.1147247341123,4.309030072612843
151,2,0.22961004043954292,16.0,2456.2963623949845,-2483.7891165389196,4.355210242921861
151,4,0.23025624554340351,16.0,2439.3928446624586,-2465.779202723139,4.342987516538391
151,8,0.23090604829862363,16.0,2421.3403476024096,-2446.83911144277,4.330765726442691
151,16,0.23141056258005116,16.0,2401.7386659602653,-2426.6889894200276,4.321323922515736
151,32,0.2324754239343115,16.0,2376.1614184165373,-2404.990459472102,4.3015299556247335
