index,bin_size,m12,m23,m34,m13,m24,m14,m12_err,m23_err,m34_err,m13_err,m24_err,m14_err,corr12,corr23,corr34,corr13,corr24,corr14,corr12_err,corr23_err,corr34_err,corr13_err,corr24_err,corr14_err
211,1,0.07364773708488959,,,,,,0.044618688570457865,,,,,,13.578149710796362,,,,,,8.22617581054471,,,,,
211,2,0.07493394783457322,,,,,,0.04534378767105344,,,,,,13.345086291297967,,,,,,8.075335368428442,,,,,
211,4,0.07311930428569327,,,,,,0.04673467510161261,,,,,,13.676278922085734,,,,,,8.741281912713285,,,,,
211,8,0.07473248953772506,,,,,,0.050228725764083576,,,,,,13.38106098412791,,,,,,8.993593639951673,,,,,
211,16,0.07300190282998396,,,,,,0.05451448310721917,,,,,,13.698273075551553,,,,,,10.229243995384143,,,,,
211,32,0.0728222320157119,,,,,,0.05158151358696603,,,,,,13.73207017033264,,,,,,9.726713181701966,,,,,
