index,bin_size,m,n,a,b,corr
444,1,0.029526046536864668,36.0,134881.8235328972,-134947.71992908846,33.8684015400251
444,2,0.027613224316660537,36.0,154650.80833719572,-154717.6709827361,36.21453215793588
444,4,0.027356244715022435,36.0,157866.4876340397,-157929.87460982037,36.55472490531052
444,8,0.02835772749058959,36.0,146509.4751518386,-146578.0354437855,35.263756601506465
444,16,0.029381713559179352,36.0,136216.5770523748,-136286.93789551244,34.03477465621071
444,32,0.027824909441410667,36.0,152407.24935252953,-152470.5130087825,35.939020829722494
