index,bin_size,m,n,a,b,corr
564,1,0.0786053743677786,54.0,6673.22028986226,-6402.311996022885,12.721776443951565
564,2,0.07827088451656872,54.0,6750.790331689004,-6488.163995381514,12.776142829819634
564,4,0.07815180954162938,54.0,6791.390408453382,-6521.516696125047,12.795609031513553
564,8,0.07845296003867783,54.0,6704.401992677432,-6437.072222233423,12.746491649352597
564,16,0.07810758961685926,54.0,6796.112246709825,-6521.880751226107,12.802853153007213
564,32,0.07824381369743352,54.0,6769.301896026017,-6499.312392970877,12.780563123711863
