index,bin_size,m12,m23,m34,m13,m24,m14,m12_err,m23_err,m34_err,m13_err,m24_err,m14_err,corr12,corr23,corr34,corr13,corr24,corr14,corr12_err,corr23_err,corr34_err,corr13_err,corr24_err,corr14_err
1426,1,0.210234294743617,,,,,,0.04593471027764838,,,,,,4.756597876761786,,,,,,1.0392830800644803,,,,,
1426,2,0.20823799951164462,,,,,,0.043982048356877086,,,,,,4.802197496831409,,,,,,1.014274450485692,,,,,
1426,4,0.20950016847332179,,,,,,0.04366933409886599,,,,,,4.7732658512269515,,,,,,0.9949650289970129,,,,,
1426,8,0.2095982881307712,,,,,,0.0418201829123246,,,,,,4.771031332928094,,,,,,0.9519419495401517,,,,,
1426,16,0.2082114804654159,,,,,,0.039793103031701985,,,,,,4.802809133121268,,,,,,0.9179065354546523,,,,,
1426,32,0.2104676316962421,,,,,,0.040899740427044085,,,,,,4.7513244290373935,,,,,,0.9233150687644316,,,,,
