index,bin_size,m12,m23,m34,m13,m24,m14,m12_err,m23_err,m34_err,m13_err,m24_err,m14_err,corr12,corr23,corr34,corr13,corr24,corr14,corr12_err,corr23_err,corr34_err,corr13_err,corr24_err,corr14_err
2480,1,0.19796366193151024,,,,,,0.030793596677241915,,,,,,5.051432117607379,,,,,,0.7857591729429825,,,,,
2480,2,0.19871330273687568,,,,,,0.03076932543065459,,,,,,5.032375720331821,,,,,,0.7792271785309121,,,,,
2480,4,0.19851897738597796,,,,,,0.030421001501648504,,,,,,5.037301789318169,,,,,,0.771914943925802,,,,,
2480,8,0.19776943970862698,,,,,,0.03222241763322196,,,,,,5.056392946621563,,,,,,0.8238340841929918,,,,,
2480,16,0.19772103487520568,,,,,,0.03430404393820752,,,,,,5.057630821278898,,,,,,0.8774847351263814,,,,,
2480,32,0.19797895150565167,,,,,,0.038338251784904555,,,,,,5.051042004187264,,,,,,0.9781247888219683,,,,,
