index,bin_size,m12,m23,m34,m13,m24,m14,m12_err,m23_err,m34_err,m13_err,m24_err,m14_err,corr12,corr23,corr34,corr13,corr24,corr14,corr12_err,corr23_err,corr34_err,corr13_err,corr24_err,corr14_err
1336,1,0.1969141881124227,,,,,,0.05012631693550442,,,,,,5.078354229249737,,,,,,1.2927417574441007,,,,,
1336,2,0.19751667603469641,,,,,,0.05139108950674946,,,,,,5.062863653215472,,,,,,1.3172866432663124,,,,,
1336,4,0.1975811942700685,,,,,,0.05185017602885417,,,,,,5.061210423868207,,,,,,1.3281863811286452,,,,,
1336,8,0.19591182125081255,,,,,,0.05376240676127179,,,,,,5.104337214648054,,,,,,1.4007396380092993,,,,,
1336,16,0.19716803728660787,,,,,,0.05209954367529052,,,,,,5.071815968560754,,,,,,1.3401730889219268,,,,,
1336,32,0.19813011646746276,,,,,,0.05636724901264783,,,,,,5.047188271169373,,,,,,1.4359054704408856,,,,,
