index,bin_size,m,n,a,b,corr
1593,1,0.208188797413529,16.0,3620.906832685513,-3684.978378679608,4.80333241953304
1593,2,0.21083931879888143,16.0,3499.293347963743,-3566.306130409835,4.7429483537361214
1593,4,0.20861233213880653,16.0,3601.7678577849565,-3666.0006587017424,4.793580464526995
1593,8,0.20878678390679842,16.0,3589.3012122501586,-3653.704937165291,4.789575189042598
1593,16,0.20908656698843642,16.0,3581.557986387231,-3647.750290720653,4.782708016126666
1593,32,0.20966863926592397,16.0,3556.7761591728745,-3623.180054434669,4.769430485651667
