index,bin_size,m12,m23,m34,m13,m24,m14,m12_err,m23_err,m34_err,m13_err,m24_err,m14_err,corr12,corr23,corr34,corr13,corr24,corr14,corr12_err,corr23_err,corr34_err,corr13_err,corr24_err,corr14_err
1197,1,0.1185292201582327,,,,,,0.06818817346451997,,,,,,8.436738204006001,,,,,,4.853535418199123,,,,,
1197,2,0.11650702918900213,,,,,,0.06761697960924071,,,,,,8.583173109476185,,,,,,4.981401080826968,,,,,
1197,4,0.1135615006670954,,,,,,0.06645931925041872,,,,,,8.805801210143319,,,,,,5.153397502171339,,,,,
1197,8,0.11276300963398228,,,,,,0.06892036281433662,,,,,,8.868156350614465,,,,,,5.420186594544582,,,,,
1197,16,0.11535143162529236,,,,,,0.06564357732621172,,,,,,8.669159852722075,,,,,,4.933399240280208,,,,,
1197,32,0.11420201748277184,,,,,,0.062478379464614514,,,,,,8.75641273282109,,,,,,4.790514997272355,,,,,
