index,bin_size,m12,m23,m34,m13,m24,m14,m12_err,m23_err,m34_err,m13_err,m24_err,m14_err,corr12,corr23,corr34,corr13,corr24,corr14,corr12_err,corr23_err,corr34_err,corr13_err,corr24_err,corr14_err
1003,1,0.042779103761569064,,,,,,0.05624258443257144,,,,,,23.37589879333465,,,,,,30.73278413916793,,,,,
1003,2,0.03934424795208769,,,,,,0.05275004590301614,,,,,,25.41667593234395,,,,,,34.07692081866536,,,,,
1003,4,0.040900935286720404,,,,,,0.053922897961379855,,,,,,24.44931865224796,,,,,,32.23344663559504,,,,,
1003,8,0.045593388314988395,,,,,,0.05808769213133332,,,,,,21.93300469557906,,,,,,27.943473195499635,,,,,
1003,16,0.042369463454494515,,,,,,0.056175154903220566,,,,,,23.60190378794898,,,,,,31.29236231001406,,,,,
1003,32,0.04303982573349486,,,,,,0.05556139390443732,,,,,,23.234294817828935,,,,,,29.993843712535774,,,,,
