index,bin_size,m,n,a,b,corr
1534,1,5.194178994763585e-6,16.0,9460815751898.008,-9460815751838.14,192523.20742279605
1534,2,-0.000028011477089414517,16.0,325588868373.1768,-325588868312.3674,-35699.65256769334
1534,4,-0.00005134804674791095,16.0,96756222282.2815,-96756222223.59404,-19474.93747735758
1534,8,-0.000027130050968164123,16.0,346795516875.267,-346795516814.44855,-36859.49581051117
1534,16,-1.8950363052771114e-7,16.0,7122527521557554.0,-7122527521557492.0,-5276943.756778157
1534,32,-0.00004449367788079671,16.0,128915914296.81673,-128915914235.0718,-22475.103152387317
