index,bin_size,m12,m23,m34,m13,m24,m14,m12_err,m23_err,m34_err,m13_err,m24_err,m14_err,corr12,corr23,corr34,corr13,corr24,corr14,corr12_err,corr23_err,corr34_err,corr13_err,corr24_err,corr14_err
2165,1,0.10507488907972931,,,,,,0.04083932135639386,,,,,,9.517021704788233,,,,,,3.6989685277012834,,,,,
2165,2,0.10220609725758317,,,,,,0.04254965517718346,,,,,,9.78415208908493,,,,,,4.073262836193413,,,,,
2165,4,0.10373031284865615,,,,,,0.04382910317614491,,,,,,9.640383534358108,,,,,,4.073345129127932,,,,,
2165,8,0.10281946468384702,,,,,,0.042337025255981334,,,,,,9.725784928708157,,,,,,4.004697003889845,,,,,
2165,16,0.10263810432160295,,,,,,0.045329067703354355,,,,,,9.742970279991065,,,,,,4.302883050817701,,,,,
2165,32,0.10254485174677938,,,,,,0.038773889371484446,,,,,,9.751830374374762,,,,,,3.6873269175833023,,,,,
