index,bin_size,m12,m23,m34,m13,m24,m14,m12_err,m23_err,m34_err,m13_err,m24_err,m14_err,corr12,corr23,corr34,corr13,corr24,corr14,corr12_err,corr23_err,corr34_err,corr13_err,corr24_err,corr14_err
156,1,0.09701940026010651,,,,,,0.0685665829776157,,,,,,10.307216879500654,,,,,,7.284425996675265,,,,,
156,2,0.09780249373759721,,,,,,0.07125318914346608,,,,,,10.224688162686185,,,,,,7.449111078327973,,,,,
156,4,0.0977258709399374,,,,,,0.07129578373257567,,,,,,10.232704916128124,,,,,,7.465256739926292,,,,,
156,8,0.09588598450218136,,,,,,0.06653832095028403,,,,,,10.429052850547208,,,,,,7.237050017058521,,,,,
156,16,0.09721796665950347,,,,,,0.07103211344359633,,,,,,10.286164526588006,,,,,,7.515565596132242,,,,,
156,32,0.09452051213609042,,,,,,0.07170088991263085,,,,,,10.579714153052855,,,,,,8.025505815107634,,,,,
