index,bin_size,m,n,a,b,corr
1922,1,0.058722413863337715,16.0,78712.93026142688,-78679.01095669811,17.02927271224339
1922,2,0.06439517985340706,16.0,65180.51494530298,-65147.131183055055,15.529112618001195
1922,4,0.06368870675423795,16.0,66676.23620428602,-66641.66536148857,15.701370791823441
1922,8,0.062228407842877795,16.0,69893.36175364113,-69858.76061171046,16.069831041233247
1922,16,0.06227615174763407,16.0,69849.95063586441,-69816.46438249767,16.057511132871035
1922,32,0.062111715411766834,16.0,70249.65887094033,-70215.32807446977,16.10002224814666
