index,bin_size,m12,m23,m34,m13,m24,m14,m12_err,m23_err,m34_err,m13_err,m24_err,m14_err,corr12,corr23,corr34,corr13,corr24,corr14,corr12_err,corr23_err,corr34_err,corr13_err,corr24_err,corr14_err
1618,1,0.0516549212981855,,,,,,0.06026021237598491,,,,,,19.359239640059762,,,,,,22.584332002235893,,,,,
1618,2,0.05197392483002985,,,,,,0.060179982980148546,,,,,,19.240417252887802,,,,,,22.278247921364063,,,,,
1618,4,0.04817379941297778,,,,,,0.05898769641423136,,,,,,20.75817170714181,,,,,,25.417898228834733,,,,,
1618,8,0.05058358551662648,,,,,,0.05971997024976646,,,,,,19.769258936207812,,,,,,23.33997369842829,,,,,
1618,16,0.051356266981749464,,,,,,0.06029215450619386,,,,,,19.471820262079625,,,,,,22.859877961444234,,,,,
1618,32,0.040293988893475706,,,,,,0.0506436436069257,,,,,,24.817597548946495,,,,,,31.192085965270753,,,,,
