index,bin_size,m12,m23,m34,m13,m24,m14,m12_err,m23_err,m34_err,m13_err,m24_err,m14_err,corr12,corr23,corr34,corr13,corr24,corr14,corr12_err,corr23_err,corr34_err,corr13_err,corr24_err,corr14_err
250,1,0.14258081294714944,,,,,,0.03662999791694212,,,,,,7.013566407218276,,,,,,1.8018337641402604,,,,,
250,2,0.14035358954827967,,,,,,0.03766472979897891,,,,,,7.124862308249081,,,,,,1.911999647168412,,,,,
250,4,0.1403355294398327,,,,,,0.03688660262445015,,,,,,7.125779223491217,,,,,,1.8729810451826858,,,,,
250,8,0.14137355813981242,,,,,,0.03514151179767556,,,,,,7.073458524762054,,,,,,1.7582639177297026,,,,,
250,16,0.1408886062741417,,,,,,0.03356021813051366,,,,,,7.097806035884799,,,,,,1.6907252127178547,,,,,
250,32,0.1407426900456952,,,,,,0.03175430847855011,,,,,,7.105164749056083,,,,,,1.6030643805315543,,,,,
