index,bin_size,m12,m23,m34,m13,m24,m14,m12_err,m23_err,m34_err,m13_err,m24_err,m14_err,corr12,corr23,corr34,corr13,corr24,corr14,corr12_err,corr23_err,corr34_err,corr13_err,corr24_err,corr14_err
861,1,0.09578591604563652,,,,,,0.06651795852203032,,,,,,10.439948181145516,,,,,,7.249959793198828,,,,,
861,2,0.09342767250356679,,,,,,0.06854390089902736,,,,,,10.703466898009506,,,,,,7.852677420655795,,,,,
861,4,0.09521316809501364,,,,,,0.06884479751942474,,,,,,10.502748937017783,,,,,,7.594113697012983,,,,,
861,8,0.09631312826069574,,,,,,0.07006177212724755,,,,,,10.382800538813859,,,,,,7.552837484668208,,,,,
861,16,0.09707900118379865,,,,,,0.06889173210775852,,,,,,10.30088884110695,,,,,,7.309985330089807,,,,,
861,32,0.09444476415474623,,,,,,0.06649508952792428,,,,,,10.588199451284732,,,,,,7.454762333876981,,,,,
