index,bin_size,m12,m23,m34,m13,m24,m14,m12_err,m23_err,m34_err,m13_err,m24_err,m14_err,corr12,corr23,corr34,corr13,corr24,corr14,corr12_err,corr23_err,corr34_err,corr13_err,corr24_err,corr14_err
827,1,0.137931672396054,,,,,,0.0650227129387035,,,,,,7.249966469837484,,,,,,3.4177247356927913,,,,,
827,2,0.1347665534404673,,,,,,0.06548485299732006,,,,,,7.420238734841184,,,,,,3.6055922656710644,,,,,
827,4,0.13337019071819006,,,,,,0.06817587572492007,,,,,,7.497927345046619,,,,,,3.8327737264055646,,,,,
827,8,0.13617477266533157,,,,,,0.06818167179797258,,,,,,7.343504089833431,,,,,,3.676836582137085,,,,,
827,16,0.136325684474397,,,,,,0.06819458702508599,,,,,,7.335374869786974,,,,,,3.6693955496938226,,,,,
827,32,0.13388643619398127,,,,,,0.06925123306416961,,,,,,7.469016492089988,,,,,,3.863263647591975,,,,,
