index,bin_size,m12,m23,m34,m13,m24,m14,m12_err,m23_err,m34_err,m13_err,m24_err,m14_err,corr12,corr23,corr34,corr13,corr24,corr14,corr12_err,corr23_err,corr34_err,corr13_err,corr24_err,corr14_err
689,1,0.08431356845251343,,,,,,0.06938643042170609,,,,,,11.8604872069104,,,,,,9.760669432623105,,,,,
689,2,0.08157706572428135,,,,,,0.07049840897884016,,,,,,12.258347258773133,,,,,,10.593589886825335,,,,,
689,4,0.08343599346477941,,,,,,0.07027193670442025,,,,,,11.985235130233418,,,,,,10.094272860967166,,,,,
689,8,0.08590437360290269,,,,,,0.07483782527058709,,,,,,11.640850844481452,,,,,,10.141229427122349,,,,,
689,16,0.0834664216934702,,,,,,0.07409322646087059,,,,,,11.98086583455671,,,,,,10.635426647822435,,,,,
689,32,0.082542646881847,,,,,,0.07067683596424419,,,,,,12.114949517325483,,,,,,10.37338069588147,,,,,
