index,bin_size,m,n,a,b,corr
242,1,1.942153699096566e-6,24.0,50388937920315.266,-50388937920275.72,514892.3076815039
242,2,5.516169887168491e-6,24.0,6242542399736.1,-6242542399699.105,181285.20702855123
242,4,4.5046579706801906e-7,24.0,936545895365209.9,-936545895365174.1,2219924.368306708
242,8,-6.99308990881617e-8,24.0,3.887619475574627e16,-3.887619475574624e16,-14299830.447472192
242,16,0.000026366715209724925,24.0,273310797112.75787,-273310797076.82275,37926.605269023676
242,32,-0.000018730199058478256,24.0,541718561318.1103,-541718561278.3847,-53389.715553895745
