index,bin_size,m12,m23,m34,m13,m24,m14,m12_err,m23_err,m34_err,m13_err,m24_err,m14_err,corr12,corr23,corr34,corr13,corr24,corr14,corr12_err,corr23_err,corr34_err,corr13_err,corr24_err,corr14_err
390,1,0.25789244677803197,,,,,,0.032401528469413014,,,,,,3.877585452747672,,,,,,0.4871786553249601,,,,,
390,2,0.25895871689869404,,,,,,0.03391345341186077,,,,,,3.861619380788039,,,,,,0.5057209524865168,,,,,
390,4,0.25806750792496863,,,,,,0.035521402766412837,,,,,,3.8749550768349463,,,,,,0.5333636965488477,,,,,
390,8,0.25795013493077074,,,,,,0.03832748212051924,,,,,,3.876718266762614,,,,,,0.576021602374862,,,,,
390,16,0.25836059717583665,,,,,,0.03696512057568053,,,,,,3.870559252963074,,,,,,0.5537829337951277,,,,,
390,32,0.2579659165968471,,,,,,0.032594123613892946,,,,,,3.87648109948887,,,,,,0.48979534122378765,,,,,
