index,bin_size,m12,m23,m34,m13,m24,m14,m12_err,m23_err,m34_err,m13_err,m24_err,m14_err,corr12,corr23,corr34,corr13,corr24,corr14,corr12_err,corr23_err,corr34_err,corr13_err,corr24_err,corr14_err
927,1,0.05893568431722683,,,,,,0.060958758305234007,,,,,,16.96764891398234,,,,,,17.55009416007041,,,,,
927,2,0.0637604727060783,,,,,,0.06412102215996353,,,,,,15.683698027299439,,,,,,15.77238539925025,,,,,
927,4,0.06595424710343731,,,,,,0.06552686438398299,,,,,,15.162025857587016,,,,,,15.063776114347744,,,,,
927,8,0.06328560789003472,,,,,,0.06620170571856668,,,,,,15.801380967021812,,,,,,16.52948288880163,,,,,
927,16,0.06503658704932488,,,,,,0.06675454945320573,,,,,,15.375960599555793,,,,,,15.782121553444046,,,,,
927,32,0.06753745631625548,,,,,,0.07243286570760309,,,,,,14.80659850909001,,,,,,15.87984534645819,,,,,
