index,bin_size,m12,m23,m34,m13,m24,m14,m12_err,m23_err,m34_err,m13_err,m24_err,m14_err,corr12,corr23,corr34,corr13,corr24,corr14,corr12_err,corr23_err,corr34_err,corr13_err,corr24_err,corr14_err
2436,1,0.06701845991355584,,,,,,0.047637613635816686,,,,,,14.921262011837573,,,,,,10.606231709823739,,,,,
2436,2,0.06532651185556047,,,,,,0.046874582843024135,,,,,,15.307720733827637,,,,,,10.983948220933607,,,,,
2436,4,0.06603572877824097,,,,,,0.047531335906807075,,,,,,15.143317390471562,,,,,,10.899888877535458,,,,,
2436,8,0.0673565368223411,,,,,,0.04739915063945083,,,,,,14.846368996636354,,,,,,10.447468259487934,,,,,
2436,16,0.06919216325210951,,,,,,0.051365932723252475,,,,,,14.4525037663064,,,,,,10.729052269080697,,,,,
2436,32,0.0656814379168753,,,,,,0.049961462933540354,,,,,,15.225001639969786,,,,,,11.581100828838693,,,,,
