index,bin_size,m12,m23,m34,m13,m24,m14,m12_err,m23_err,m34_err,m13_err,m24_err,m14_err,corr12,corr23,corr34,corr13,corr24,corr14,corr12_err,corr23_err,corr34_err,corr13_err,corr24_err,corr14_err
2744,1,0.06484864487144028,,,,,,0.06410161068746581,,,,,,15.420522695307792,,,,,,15.242883554027564,,,,,
2744,2,0.0649842438903941,,,,,,0.06424103244041106,,,,,,15.388345545524134,,,,,,15.212352198197989,,,,,
2744,4,0.06276951491703574,,,,,,0.06302162969486304,,,,,,15.931300430180615,,,,,,15.995288757536079,,,,,
2744,8,0.06437128397682437,,,,,,0.06448263652922527,,,,,,15.534877327598911,,,,,,15.561750307828508,,,,,
2744,16,0.06803302520931002,,,,,,0.06643129661495967,,,,,,14.698743689897746,,,,,,14.352685316090282,,,,,
2744,32,0.06725981879933698,,,,,,0.0671156060737756,,,,,,14.867717722871081,,,,,,14.835839639730697,,,,,
