index,bin_size,m,n,a,b,corr
466,1,0.10172020456596298,36.0,6337.183690683012,-6282.932109599242,9.830888605336272
466,2,0.10159966150626148,36.0,6355.137018189806,-6307.212233228078,9.842552476795122
466,4,0.10172914302816831,36.0,6333.52717801305,-6280.598677836109,9.830024811308052
466,8,0.10148955301240462,36.0,6372.654760767215,-6323.1932357701735,9.853230902275966
466,16,0.10194078152043523,36.0,6298.877218622428,-6247.16072703738,9.809616770492761
466,32,0.10187720466468984,36.0,6308.3371578137785,-6254.78481769505,9.815738499022592
