index,bin_size,m12,m23,m34,m13,m24,m14,m12_err,m23_err,m34_err,m13_err,m24_err,m14_err,corr12,corr23,corr34,corr13,corr24,corr14,corr12_err,corr23_err,corr34_err,corr13_err,corr24_err,corr14_err
416,1,0.07873104207045402,,,,,,0.0285841975982582,,,,,,12.701470394677749,,,,,,4.611412855745041,,,,,
416,2,0.07934112139464396,,,,,,0.029790001447459774,,,,,,12.603804715917546,,,,,,4.732317291850509,,,,,
416,4,0.0791601185592619,,,,,,0.029818972200998068,,,,,,12.632623828770123,,,,,,4.7586065512744025,,,,,
416,8,0.0792109530501214,,,,,,0.03061618274538538,,,,,,12.624516704997118,,,,,,4.879558894687102,,,,,
416,16,0.07870914675737009,,,,,,0.028834650887417317,,,,,,12.705003690137994,,,,,,4.654406266882501,,,,,
416,32,0.07880555817431023,,,,,,0.03254960377834031,,,,,,12.689460276242157,,,,,,5.241215387867357,,,,,
