index,bin_size,m,n,a,b,corr
1066,1,0.08991696671790365,16.0,25629.485050224273,-25711.83384819171,11.121371599837195
1066,2,0.08832540904846092,16.0,26637.78405252369,-26719.909576593196,11.321770380382123
1066,4,0.08763842550959101,16.0,27091.366358934803,-27171.975270220813,11.410519919604917
1066,8,0.08803850413898351,16.0,26816.86282515305,-26898.78283510959,11.358666412838327
1066,16,0.08815797668302265,16.0,26775.6058102925,-26856.17569150297,11.343273038077548
1066,32,0.08676816700797454,16.0,27661.01586857125,-27742.187443991235,11.524963987173933
