index,bin_size,m,n,a,b,corr
119,1,-3.8710428541641945e-6,16.0,19584343955578.758,-19584343955501.387,-258328.32073255678
119,2,1.0598035186018254e-6,16.0,261556033420229.3,-261556033420154.0,943571.1265794599
119,4,0.00004175510094660356,16.0,168310371569.8498,-168310371495.61084,23949.16973805908
119,8,9.137833703328117e-6,16.0,3512965421296.6016,-3512965421220.0938,109435.12789423899
119,16,0.000013214285557810732,16.0,1685017056072.898,-1685017055992.3508,75675.67657177785
119,32,-0.00003433854511020317,16.0,249212682695.45596,-249212682622.17093,-29121.792923686375
