index,bin_size,m12,m23,m34,m13,m24,m14,m12_err,m23_err,m34_err,m13_err,m24_err,m14_err,corr12,corr23,corr34,corr13,corr24,corr14,corr12_err,corr23_err,corr34_err,corr13_err,corr24_err,corr14_err
2130,1,0.021426535642907786,,,,,,0.03325394887056967,,,,,,46.67110057668149,,,,,,72.43347306235643,,,,,
2130,2,0.020953708005172846,,,,,,0.033065141335211067,,,,,,47.724250035035794,,,,,,75.30929953475761,,,,,
2130,4,0.021633106892787354,,,,,,0.03265804356929402,,,,,,46.22544533043507,,,,,,69.78343957218141,,,,,
2130,8,0.02157482041483778,,,,,,0.03265269122964353,,,,,,46.35032787166395,,,,,,70.14950369391352,,,,,
2130,16,0.015330905443140289,,,,,,0.026531741421927883,,,,,,65.22771950481524,,,,,,112.88341669461849,,,,,
2130,32,0.010998184871933095,,,,,,0.021726040207502392,,,,,,90.9240944432529,,,,,,179.6133229898733,,,,,
