index,bin_size,m,n,a,b,corr
403,1,0.1588564986363866,36.0,1260.2850472049909,-1368.777494756001,6.294989557140767
403,2,0.15921751060361697,36.0,1251.6649993993904,-1358.5147406968342,6.28071621148235
403,4,0.15834906998034057,36.0,1276.9484677063951,-1370.2658888128663,6.315161813859421
403,8,0.15830811673825557,36.0,1278.9498965128623,-1380.7511358643767,6.316795503627815
403,16,0.15846696243641217,36.0,1273.5424404597136,-1378.2809750259776,6.310463610995691
403,32,0.15836379747079596,36.0,1278.1823363853723,-1388.1658161286969,6.314574517477147
