index,bin_size,m12,m23,m34,m13,m24,m14,m12_err,m23_err,m34_err,m13_err,m24_err,m14_err,corr12,corr23,corr34,corr13,corr24,corr14,corr12_err,corr23_err,corr34_err,corr13_err,corr24_err,corr14_err
2713,1,0.20213506349395413,,,,,,0.04975261256230469,,,,,,4.947187205993631,,,,,,1.2176783388219712,,,,,
2713,2,0.20036434341756312,,,,,,0.050269446104698016,,,,,,4.990907977653394,,,,,,1.252169798861341,,,,,
2713,4,0.2019188307264485,,,,,,0.05174632987842853,,,,,,4.9524850971168695,,,,,,1.2691878545027775,,,,,
2713,8,0.20325436607359848,,,,,,0.04988048360614163,,,,,,4.9199435137245695,,,,,,1.207399213705542,,,,,
2713,16,0.20113534804077776,,,,,,0.046050116735019644,,,,,,4.971776516364802,,,,,,1.1382926531273427,,,,,
2713,32,0.19641944423794327,,,,,,0.05067540734972213,,,,,,5.091145654544242,,,,,,1.3134946029490848,,,,,
