index,bin_size,m12,m23,m34,m13,m24,m14,m12_err,m23_err,m34_err,m13_err,m24_err,m14_err,corr12,corr23,corr34,corr13,corr24,corr14,corr12_err,corr23_err,corr34_err,corr13_err,corr24_err,corr14_err
2526,1,0.24742486880776893,,,,,,0.028805056020463266,,,,,,4.041630919392048,,,,,,0.4705242670556846,,,,,
2526,2,0.24729165264487715,,,,,,0.029190919130069572,,,,,,4.04380814841352,,,,,,0.47734112888707236,,,,,
2526,4,0.2471589090237333,,,,,,0.02825029485493924,,,,,,4.045979988947012,,,,,,0.46245602926642343,,,,,
2526,8,0.24747251459634254,,,,,,0.026051685492542016,,,,,,4.040852785737116,,,,,,0.42538471824798546,,,,,
2526,16,0.24650855776132824,,,,,,0.025953885305822665,,,,,,4.0566542966358545,,,,,,0.4271086622566608,,,,,
2526,32,0.2478748924518396,,,,,,0.030144010996823574,,,,,,4.034293227960928,,,,,,0.4906095096004653,,,,,
