index,bin_size,m,n,a,b,corr
2774,1,0.04270193187271078,24.0,93560.90247715106,-93576.03827224298,23.41814424183143
2774,2,0.04542054610336369,24.0,82267.64519437877,-82285.04362435892,22.016468003803755
2774,4,0.04094610834747045,24.0,101959.45736442014,-101978.18458385825,24.42234537929604
2774,8,0.043735505131997844,24.0,89160.0909755248,-89178.40577914132,22.86471819593501
2774,16,0.042863352806416205,24.0,92862.49708547175,-92880.6599358861,23.329952850779097
2774,32,0.04235739257187341,24.0,95161.45724286434,-95175.68204373712,23.60862978766144
