index,bin_size,m12,m23,m34,m13,m24,m14,m12_err,m23_err,m34_err,m13_err,m24_err,m14_err,corr12,corr23,corr34,corr13,corr24,corr14,corr12_err,corr23_err,corr34_err,corr13_err,corr24_err,corr14_err
466,1,45955098249.01733,,,,,,1453227805303.3843,,,,,,2.1760371277660872e-11,,,,,,6.881233595251448e-10,,,,,
466,2,160999708493.3546,,,,,,2084933730674.7632,,,,,,6.211191370208448e-12,,,,,,8.043444622732414e-11,,,,,
466,4,151815481955.1146,,,,,,2478881756336.8926,,,,,,6.586943486407122e-12,,,,,,1.0755328658314514e-10,,,,,
466,8,10.512792498135962,,,,,,2.969049687738632,,,,,,0.09512220470225313,,,,,,0.0268646558198796,,,,,
466,16,562949953432.1713,,,,,,17802040614970.11,,,,,,1.7763568393659847e-12,,,,,,5.6173335495059e-11,,,,,
466,32,10.41101030203148,,,,,,2.5067242906114506,,,,,,0.0960521573785084,,,,,,0.02312708076173536,,,,,
