index,bin_size,m12,m23,m34,m13,m24,m14,m12_err,m23_err,m34_err,m13_err,m24_err,m14_err,corr12,corr23,corr34,corr13,corr24,corr14,corr12_err,corr23_err,corr34_err,corr13_err,corr24_err,corr14_err
2203,1,0.17592449788825165,,,,,,0.030085298479307226,,,,,,5.684256666943601,,,,,,0.9720792755459137,,,,,
2203,2,0.17609449891949475,,,,,,0.03041952901229632,,,,,,5.678769104860969,,,,,,0.9809817035705609,,,,,
2203,4,0.17589866126789594,,,,,,0.031373251908471754,,,,,,5.685091590759677,,,,,,1.013991859369489,,,,,
2203,8,0.1761634137332818,,,,,,0.03210226302905527,,,,,,5.676547580498403,,,,,,1.03443739914129,,,,,
2203,16,0.17471618138665698,,,,,,0.037252469563542966,,,,,,5.7235683155582615,,,,,,1.2203623773022567,,,,,
2203,32,0.17428472296748967,,,,,,0.04357649061288135,,,,,,5.7377375536611765,,,,,,1.434609198035864,,,,,
