index,bin_size,m12,m23,m34,m13,m24,m14,m12_err,m23_err,m34_err,m13_err,m24_err,m14_err,corr12,corr23,corr34,corr13,corr24,corr14,corr12_err,corr23_err,corr34_err,corr13_err,corr24_err,corr14_err
1083,1,0.13297611372160176,,,,,,0.06685490789859119,,,,,,7.520147581494191,,,,,,3.7808201779545247,,,,,
1083,2,0.1352661991806048,,,,,,0.06750751613361268,,,,,,7.392829886975824,,,,,,3.6895513135674327,,,,,
1083,4,0.13676720828775424,,,,,,0.0637505736758454,,,,,,7.311694173767362,,,,,,3.408161239493117,,,,,
1083,8,0.13491363976564563,,,,,,0.06753240700029797,,,,,,7.412148999441936,,,,,,3.71022725238658,,,,,
1083,16,0.1342863578266392,,,,,,0.07333909458048506,,,,,,7.446772823275008,,,,,,4.066977355291787,,,,,
1083,32,0.13534887045770483,,,,,,0.06964517464675613,,,,,,7.388314336265481,,,,,,3.80173429267839,,,,,
