index,bin_size,m,n,a,b,corr
1312,1,-1.5889627802834482e-6,16.0,108349890556987.03,-108349890556974.22,-629341.3618043428
1312,2,0.000040259255424786914,16.0,169054554048.0238,-169054554033.99194,24839.00880552097
1312,4,-1.1082840981272186e-6,16.0,223479097676724.44,-223479097676710.38,-902295.7215481144
1312,8,2.066947906427098e-6,16.0,64277667977277.484,-64277667977265.555,483805.1297231715
1312,16,-0.00003415007157238824,16.0,235393404610.8792,-235393404597.22247,-29282.515495766685
1312,32,0.000018331097189622528,16.0,815187362015.6313,-815187362004.7318,54552.10834658129
