index,bin_size,m12,m23,m34,m13,m24,m14,m12_err,m23_err,m34_err,m13_err,m24_err,m14_err,corr12,corr23,corr34,corr13,corr24,corr14,corr12_err,corr23_err,corr34_err,corr13_err,corr24_err,corr14_err
1813,1,0.07288644924577059,,,,,,0.06497630021398014,,,,,,13.719971412354504,,,,,,12.230983819919052,,,,,
1813,2,0.07085071434394222,,,,,,0.060295910428680426,,,,,,14.114183734909663,,,,,,12.011559320669214,,,,,
1813,4,0.0696075717739117,,,,,,0.061899515218609674,,,,,,14.366253189351895,,,,,,12.775393326706673,,,,,
1813,8,0.06906301643532406,,,,,,0.06204392633191416,,,,,,14.479529734072319,,,,,,13.007929895197146,,,,,
1813,16,0.07223727600840776,,,,,,0.061007106821672576,,,,,,13.843268396272432,,,,,,11.691162796811161,,,,,
1813,32,0.07485453499788786,,,,,,0.06732351225116208,,,,,,13.359244032819342,,,,,,12.01518691332669,,,,,
