index,bin_size,m12,m23,m34,m13,m24,m14,m12_err,m23_err,m34_err,m13_err,m24_err,m14_err,corr12,corr23,corr34,corr13,corr24,corr14,corr12_err,corr23_err,corr34_err,corr13_err,corr24_err,corr14_err
778,1,0.15442182101360755,,,,,,0.06193004526093028,,,,,,6.475768731621684,,,,,,2.597072408654656,,,,,
778,2,0.15603884403350654,,,,,,0.061406531065373186,,,,,,6.408660652377481,,,,,,2.5220234222777775,,,,,
778,4,0.15710550112823435,,,,,,0.05962936744272077,,,,,,6.365149487564851,,,,,,2.415891454444043,,,,,
778,8,0.1537044783065227,,,,,,0.06654454542052068,,,,,,6.505991308891899,,,,,,2.8166923887324193,,,,,
778,16,0.1547199661530119,,,,,,0.06667762905085275,,,,,,6.463289935127311,,,,,,2.785399062951771,,,,,
778,32,0.15777872801855855,,,,,,0.053158313306543,,,,,,6.337989997500652,,,,,,2.1353756761256553,,,,,
