index,bin_size,m12,m23,m34,m13,m24,m14,m12_err,m23_err,m34_err,m13_err,m24_err,m14_err,corr12,corr23,corr34,corr13,corr24,corr14,corr12_err,corr23_err,corr34_err,corr13_err,corr24_err,corr14_err
2361,1,0.22723153770233065,,,,,,0.031953094363196946,,,,,,4.400797574630607,,,,,,0.6188361949990788,,,,,
2361,2,0.2264699536739551,,,,,,0.03243639662601503,,,,,,4.41559678790628,,,,,,0.6324284808186349,,,,,
2361,4,0.2270932111944569,,,,,,0.03186348928957549,,,,,,4.403478178586823,,,,,,0.6178528148960599,,,,,
2361,8,0.22842489341615266,,,,,,0.032103237063003734,,,,,,4.377806573726464,,,,,,0.6152646506712943,,,,,
2361,16,0.22710902926845897,,,,,,0.030116594867139385,,,,,,4.403171477686733,,,,,,0.5838981037045521,,,,,
2361,32,0.22761301110478638,,,,,,0.032991585561723095,,,,,,4.393421953983243,,,,,,0.6368087465652916,,,,,
