index,bin_size,m,n,a,b,corr
1956,1,0.11947503930749978,16.0,16210.840016796406,-16181.803950043679,8.369949119047725
1956,2,0.11948676642175024,16.0,16188.539736423507,-16160.025744744977,8.369127644398029
1956,4,0.1192666531690748,16.0,16277.459143238353,-16249.694777996698,8.384573335703317
1956,8,0.11918268574882603,16.0,16287.5982790167,-16261.157862002648,8.390480494016307
1956,16,0.11987477626241778,16.0,16100.747879299746,-16074.407574052626,8.342038510344334
1956,32,0.12061648570194533,16.0,15902.062756318232,-15874.13638316738,8.290740641135027
