index,bin_size,m,n,a,b,corr
2446,1,0.2316606650835701,24.0,975.6828588883229,-965.348999909676,4.316658590439841
2446,2,0.2316274947091466,24.0,977.181862220898,-967.6100261397158,4.317276760497258
2446,4,0.2312406983729681,24.0,981.8308344135426,-971.5655611141398,4.32449826970813
2446,8,0.23129620053960082,24.0,980.3115071148762,-970.8568593377362,4.32346055692682
2446,16,0.2312216668204889,24.0,981.6698581100253,-971.4203596041114,4.32485421349531
2446,32,0.23108369645426896,24.0,983.7753526979677,-973.0238911177878,4.327436402238347
