index,bin_size,m,n,a,b,corr
739,1,-0.000027282255055394394,16.0,325029405749.16864,-325029405782.523,-36653.86156568002
739,2,-0.000026175403729436224,16.0,352759400510.58606,-352759400547.30774,-38203.8042406744
739,4,-0.000024602682181893862,16.0,398690988963.61804,-398690988997.39154,-40645.97480090775
739,8,-0.00002982134558495583,16.0,271933778729.01932,-271933778764.512,-33533.02744677211
739,16,1.693408406100638e-7,16.0,8439709392493909.0,-8439709392493942.0,5905250.005830967
739,32,-0.000037559344553141305,16.0,171566719587.0154,-171566719622.32516,-26624.532773332547
