index,bin_size,m12,m23,m34,m13,m24,m14,m12_err,m23_err,m34_err,m13_err,m24_err,m14_err,corr12,corr23,corr34,corr13,corr24,corr14,corr12_err,corr23_err,corr34_err,corr13_err,corr24_err,corr14_err
2891,1,0.007580008072718542,,,,,,0.02091114216587083,,,,,,131.92598087053932,,,,,,363.94722998842366,,,,,
2891,2,0.006813197964139036,,,,,,0.01965807771264468,,,,,,146.77395332756444,,,,,,423.4859747055583,,,,,
2891,4,0.007951348050891111,,,,,,0.021365623188618444,,,,,,125.76483806263889,,,,,,337.9356711875822,,,,,
2891,8,0.005275301992763701,,,,,,0.01664189463763611,,,,,,189.56260729181605,,,,,,598.0095437405042,,,,,
2891,16,0.0062930327345373915,,,,,,0.018859852360568228,,,,,,158.90589516749293,,,,,,476.2317071123828,,,,,
2891,32,0.005432626833699499,,,,,,0.01762538434534388,,,,,,184.07301488054208,,,,,,597.1986912022855,,,,,
