index,bin_size,m,n,a,b,corr
831,1,0.12095188843573028,16.0,11365.176542066101,-11348.196898854758,8.267750201613149
831,2,0.12017047635256797,16.0,11538.81371721097,-11521.594157660185,8.321511492274539
831,4,0.11939638878082304,16.0,11695.261986721292,-11676.761708563057,8.375462693731118
831,8,0.11829224574394402,16.0,11940.952135185735,-11921.977251823348,8.453639490153945
831,16,0.1204719667616225,16.0,11469.256115371381,-11449.850351146792,8.300686266529514
831,32,0.1222432814294597,16.0,11112.501913892484,-11094.568816589976,8.180408676096024
