index,bin_size,m,n,a,b,corr
2003,1,0.19753195541348925,16.0,3941.322913992715,-3994.4730251774927,5.062472033482999
2003,2,0.1951089895545241,16.0,4069.171978814402,-4120.484068501364,5.125340468848799
2003,4,0.19546200451717466,16.0,4049.097240546481,-4100.942601412465,5.1160838264714155
2003,8,0.19575954476085783,16.0,4036.8898219883536,-4090.8219739485194,5.1083077518473585
2003,16,0.19615389985214665,16.0,4016.0366080919725,-4069.2976338966987,5.09803782006762
2003,32,0.19761528331722902,16.0,3937.7471334522365,-3990.253123964983,5.060337354549214
