index,bin_size,m12,m23,m34,m13,m24,m14,m12_err,m23_err,m34_err,m13_err,m24_err,m14_err,corr12,corr23,corr34,corr13,corr24,corr14,corr12_err,corr23_err,corr34_err,corr13_err,corr24_err,corr14_err
2497,1,0.2132860688732101,,,,,,0.029813770703417033,,,,,,4.688538755873734,,,,,,0.6553781038779376,,,,,
2497,2,0.21410925850824875,,,,,,0.029750978015488674,,,,,,4.67051264838916,,,,,,0.6489785639883219,,,,,
2497,4,0.21306904235309013,,,,,,0.029210349628783057,,,,,,4.693314378082373,,,,,,0.6434222090058235,,,,,
2497,8,0.21368868285940104,,,,,,0.02969949429947706,,,,,,4.679705011135108,,,,,,0.6504082033810283,,,,,
2497,16,0.21390128835301955,,,,,,0.025066951015620766,,,,,,4.675053655355337,,,,,,0.5478664568900747,,,,,
2497,32,0.21271679466819923,,,,,,0.030151228677189022,,,,,,4.701086256775465,,,,,,0.6663485456346904,,,,,
