index,bin_size,m,n,a,b,corr
950,1,0.15434992506093778,16.0,6685.1374578539,-6696.21291562572,6.478785134525962
950,2,0.15385449841686688,16.0,6737.623303615319,-6750.540310516989,6.499647461008987
950,4,0.1539835273654331,16.0,6720.392151187563,-6731.55194609828,6.494201146768146
950,8,0.15476749366052897,16.0,6648.320049596497,-6661.2087674389695,6.461305125179748
950,16,0.15498688118362308,16.0,6621.372919738384,-6633.097377229484,6.452158997994383
950,32,0.15309585702904047,16.0,6815.312779254507,-6826.991049270493,6.531855397042598
