index,bin_size,m12,m23,m34,m13,m24,m14,m12_err,m23_err,m34_err,m13_err,m24_err,m14_err,corr12,corr23,corr34,corr13,corr24,corr14,corr12_err,corr23_err,corr34_err,corr13_err,corr24_err,corr14_err
890,1,0.01892508213898954,,,,,,0.04095308962897104,,,,,,52.83992918264779,,,,,,114.34340627495934,,,,,
890,2,0.01865305251964507,,,,,,0.0401555254295114,,,,,,53.610528300760286,,,,,,115.41054367393606,,,,,
890,4,0.019223268021999418,,,,,,0.04126450788397898,,,,,,52.0202911833505,,,,,,111.66632610051812,,,,,
890,8,0.017439085431484102,,,,,,0.038702377272346294,,,,,,57.34245662875326,,,,,,127.25950560242752,,,,,
890,16,0.01659889441548684,,,,,,0.037504529547908526,,,,,,60.24497625980413,,,,,,136.1210834705224,,,,,
890,32,0.019243791727063184,,,,,,0.04135795586628094,,,,,,51.96481099895021,,,,,,111.68060797871661,,,,,
