index,bin_size,m12,m23,m34,m13,m24,m14,m12_err,m23_err,m34_err,m13_err,m24_err,m14_err,corr12,corr23,corr34,corr13,corr24,corr14,corr12_err,corr23_err,corr34_err,corr13_err,corr24_err,corr14_err
2998,1,0.0650745759452186,,,,,,0.04470351502612957,,,,,,15.366984501625105,,,,,,10.556476359569317,,,,,
2998,2,0.06193134254504513,,,,,,0.046693281076338765,,,,,,16.146912999224266,,,,,,12.174002955605028,,,,,
2998,4,0.06277308498669988,,,,,,0.044346233591862926,,,,,,15.930394375421825,,,,,,11.254074741310484,,,,,
2998,8,0.06477109090440299,,,,,,0.044891627566293724,,,,,,15.438986529899905,,,,,,10.700471825065062,,,,,
2998,16,0.06549352528050933,,,,,,0.04542418758537985,,,,,,15.268684892391903,,,,,,10.589865238792827,,,,,
2998,32,0.06582875827954808,,,,,,0.0461044252460153,,,,,,15.19092910355995,,,,,,10.639256664973297,,,,,
