index,bin_size,m12,m23,m34,m13,m24,m14,m12_err,m23_err,m34_err,m13_err,m24_err,m14_err,corr12,corr23,corr34,corr13,corr24,corr14,corr12_err,corr23_err,corr34_err,corr13_err,corr24_err,corr14_err
1479,1,0.06904695478256416,,,,,,0.06406096961748338,,,,,,14.482897951822801,,,,,,13.437065958759984,,,,,
1479,2,0.06876878910805263,,,,,,0.06395947750860378,,,,,,14.541480415319729,,,,,,13.524529101480669,,,,,
1479,4,0.07018178641122155,,,,,,0.06396582196335783,,,,,,14.248711113459308,,,,,,12.9867101551169,,,,,
1479,8,0.07189314485709913,,,,,,0.06305516555473259,,,,,,13.909532014320478,,,,,,12.199603254179028,,,,,
1479,16,0.06365641825916474,,,,,,0.053496479003857296,,,,,,15.709335010472854,,,,,,13.202032623494773,,,,,
1479,32,0.06427021996771108,,,,,,0.04359631997822188,,,,,,15.559305701807045,,,,,,10.554320031201694,,,,,
