index,bin_size,m,n,a,b,corr
2237,1,0.12610594952379053,24.0,6486.508602683232,-6408.396380870787,7.929839978020584
2237,2,0.12681185927136251,24.0,6398.538094732209,-6324.002976999793,7.885697802601547
2237,4,0.12619869854126267,24.0,6479.870176460125,-6405.427097748458,7.924011987120724
2237,8,0.12578091065719688,24.0,6533.529414131062,-6456.214846681866,7.9503320080532625
2237,16,0.1282043206088919,24.0,6232.952459205091,-6157.166753164327,7.800049134464528
2237,32,0.1274757083694801,24.0,6315.5938265481855,-6240.281293681819,7.844631834494809
