index,bin_size,m,n,a,b,corr
1459,1,0.17733083341584008,16.0,4553.644802607421,-4478.791385313984,5.639177241416354
1459,2,0.1760199745216763,16.0,4636.44175942008,-4562.679762444343,5.681173416354819
1459,4,0.17800630701264256,16.0,4509.991822648347,-4434.67926262509,5.617778475281648
1459,8,0.17585825016705625,16.0,4647.292142020883,-4571.534540276212,5.686397988437004
1459,16,0.17924894282984577,16.0,4434.841333243948,-4359.638613386935,5.578833460397377
1459,32,0.1764750838106649,16.0,4604.934220103234,-4530.7773130088935,5.666522312423841
