index,bin_size,m12,m23,m34,m13,m24,m14,m12_err,m23_err,m34_err,m13_err,m24_err,m14_err,corr12,corr23,corr34,corr13,corr24,corr14,corr12_err,corr23_err,corr34_err,corr13_err,corr24_err,corr14_err
7,1,0.09643941882907031,,,,,,0.06736439937414349,,,,,,10.369203922437617,,,,,,7.2430464918196416,,,,,
7,2,0.09796982328635714,,,,,,0.06565612164306617,,,,,,10.207224698947229,,,,,,6.840542975293018,,,,,
7,4,0.09642972489005197,,,,,,0.06583990834792253,,,,,,10.370246323321862,,,,,,7.080556003362917,,,,,
7,8,0.09643618402125921,,,,,,0.06630857259993551,,,,,,10.369551741901686,,,,,,7.130001891770184,,,,,
7,16,0.09679653995698358,,,,,,0.06668051744336062,,,,,,10.330947784336097,,,,,,7.116710413884693,,,,,
7,32,0.09753355202980905,,,,,,0.07312269634697836,,,,,,10.252881999974443,,,,,,7.6867740542905265,,,,,
