index,bin_size,m,n,a,b,corr
247,1,0.0686646419814651,24.0,28556.23923678525,-28549.936048648036,14.563536212275507
247,2,0.0701309205652935,24.0,27341.78922547718,-27337.783998905863,14.25904568112687
247,4,0.06884728671725666,24.0,28473.331274285913,-28469.391910129496,14.524900655952047
247,8,0.07046756534109078,24.0,27018.590909923623,-27013.604940874735,14.19092592683749
247,16,0.06983552593057864,24.0,27570.17386105973,-27564.451230327988,14.319359476064797
247,32,0.06768948484595072,24.0,29507.24301415163,-29500.37312054027,14.773343337976687
