index,bin_size,m,n,a,b,corr
981,1,0.17586894705476175,16.0,5476.860864874769,-5522.096709469878,5.686052124304934
981,2,0.1752636248692362,16.0,5516.46069415542,-5559.407401479511,5.7056905033551475
981,4,0.17464325571762157,16.0,5572.146326679431,-5615.513889422942,5.72595830220256
981,8,0.17292626355958837,16.0,5698.270483047443,-5739.5930128221635,5.782811583478248
981,16,0.17433192117716084,16.0,5595.440928338342,-5637.144221718625,5.736184132243761
981,32,0.17460322340834786,16.0,5576.048642938741,-5618.667783709359,5.727271126382822
