index,bin_size,m12,m23,m34,m13,m24,m14,m12_err,m23_err,m34_err,m13_err,m24_err,m14_err,corr12,corr23,corr34,corr13,corr24,corr14,corr12_err,corr23_err,corr34_err,corr13_err,corr24_err,corr14_err
287,1,0.23614447072807435,,,,,,0.030931455133220938,,,,,,4.234695806837342,,,,,,0.5546829148621507,,,,,
287,2,0.2354361555345713,,,,,,0.029675958493264647,,,,,,4.247435988450638,,,,,,0.5353754346262717,,,,,
287,4,0.2352001290892571,,,,,,0.03037043168599925,,,,,,4.251698346732224,,,,,,0.5490044358772627,,,,,
287,8,0.23571150119403872,,,,,,0.02847777029464365,,,,,,4.242474359266821,,,,,,0.5125596743141507,,,,,
287,16,0.23595345079718133,,,,,,0.025521943609722746,,,,,,4.23812407329262,,,,,,0.4584173837854075,,,,,
287,32,0.23791248179741983,,,,,,0.031498000418338126,,,,,,4.203226297523517,,,,,,0.5564786793762972,,,,,
