index,bin_size,m,n,a,b,corr
2854,1,0.03920434555079511,24.0,119402.40150576095,-119284.9434287377,25.507376438776408
2854,2,0.036988596598613435,24.0,134634.6686495501,-134521.91725422064,27.035359325784377
2854,4,0.04017436957883362,24.0,113650.60888011374,-113537.44123876892,24.891492025474438
2854,8,0.03927984476906971,24.0,118918.77124900094,-118803.64680216889,25.458349081548153
2854,16,0.038654299602451994,24.0,123083.59653238521,-122966.94244184053,25.870343280946837
2854,32,0.038611614231545605,24.0,123305.53783011934,-123190.91562295012,25.89894310046748
