index,bin_size,m12,m23,m34,m13,m24,m14,m12_err,m23_err,m34_err,m13_err,m24_err,m14_err,corr12,corr23,corr34,corr13,corr24,corr14,corr12_err,corr23_err,corr34_err,corr13_err,corr24_err,corr14_err
2718,1,0.05965719119708077,,,,,,0.062316419368437806,,,,,,16.76243852474458,,,,,,17.50962671532474,,,,,
2718,2,0.05580393581046371,,,,,,0.06073594192476876,,,,,,17.91988298811876,,,,,,19.5036596730683,,,,,
2718,4,0.05692386055267304,,,,,,0.06160582662350862,,,,,,17.567325727577376,,,,,,19.012231645996714,,,,,
2718,8,0.059645379898716815,,,,,,0.06345191337430224,,,,,,16.765757912818888,,,,,,17.835738837528854,,,,,
2718,16,0.06015768171837173,,,,,,0.06785130865977355,,,,,,16.622980996533435,,,,,,18.748910899219215,,,,,
2718,32,0.0595951378055098,,,,,,0.06415358344394864,,,,,,16.77989240101306,,,,,,18.063390185320547,,,,,
