index,bin_size,m,n,a,b,corr
148,1,0.07568085314395245,16.0,34058.274595896495,-34117.37058993863,13.213381700360873
148,2,0.07302826065659038,16.0,36696.56726725501,-36756.45850237864,13.693329007278717
148,4,0.07435564105889972,16.0,35357.51181264028,-35418.53358149228,13.448878736824618
148,8,0.07680772763231566,16.0,33034.039131187834,-33094.06905180079,13.019523306132356
148,16,0.07232072043784421,16.0,37406.282125330916,-37465.3084020005,13.827295883472932
148,32,0.07458868533564088,16.0,35123.098144026546,-35184.33366868659,13.406859170397093
