index,bin_size,m12,m23,m34,m13,m24,m14,m12_err,m23_err,m34_err,m13_err,m24_err,m14_err,corr12,corr23,corr34,corr13,corr24,corr14,corr12_err,corr23_err,corr34_err,corr13_err,corr24_err,corr14_err
271,1,0.17881644862787216,,,,,,0.031400421082790675,,,,,,5.59232669965983,,,,,,0.9820204715467138,,,,,
271,2,0.17734676516475403,,,,,,0.03095207942687673,,,,,,5.63867065221633,,,,,,0.9841091926726868,,,,,
271,4,0.1787852891922861,,,,,,0.03480047609276761,,,,,,5.5933013533595926,,,,,,1.0887335915981706,,,,,
271,8,0.17744299727915272,,,,,,0.03165304530627531,,,,,,5.635612649321987,,,,,,1.0053048317087065,,,,,
271,16,0.1779045503507689,,,,,,0.03378646529877759,,,,,,5.620991694862952,,,,,,1.067501873722497,,,,,
271,32,0.1772933381661814,,,,,,0.03257911777510574,,,,,,5.640369854521412,,,,,,1.0364646279792418,,,,,
