index,bin_size,m12,m23,m34,m13,m24,m14,m12_err,m23_err,m34_err,m13_err,m24_err,m14_err,corr12,corr23,corr34,corr13,corr24,corr14,corr12_err,corr23_err,corr34_err,corr13_err,corr24_err,corr14_err
75,1,0.07818204435897512,,,,,,0.06746233141423032,,,,,,12.790660671502412,,,,,,11.036904909596418,,,,,
75,2,0.07962640467258346,,,,,,0.06834685771840494,,,,,,12.558648153359544,,,,,,10.779642029583112,,,,,
75,4,0.07836339938677654,,,,,,0.06662103780449902,,,,,,12.761059471964986,,,,,,10.848878840887794,,,,,
75,8,0.07936141077476098,,,,,,0.06755366789533125,,,,,,12.60058245232236,,,,,,10.72581187710731,,,,,
75,16,0.07914691971805399,,,,,,0.05948215594553381,,,,,,12.634730493142523,,,,,,9.495518109866037,,,,,
75,32,0.07663539575229758,,,,,,0.06185374797518657,,,,,,13.048800625134364,,,,,,10.531911753340426,,,,,
