index,bin_size,m12,m23,m34,m13,m24,m14,m12_err,m23_err,m34_err,m13_err,m24_err,m14_err,corr12,corr23,corr34,corr13,corr24,corr14,corr12_err,corr23_err,corr34_err,corr13_err,corr24_err,corr14_err
2224,1,0.20929456846865493,,,,,,0.03012177929169896,,,,,,4.777954857198147,,,,,,0.6876456600247508,,,,,
2224,2,0.20850175408107244,,,,,,0.029723679952662403,,,,,,4.796122720440839,,,,,,0.6837276615938903,,,,,
2224,4,0.21009537327733888,,,,,,0.02886315508780166,,,,,,4.759743084298854,,,,,,0.6538992300361491,,,,,
2224,8,0.2093535463862216,,,,,,0.029558332219354073,,,,,,4.77660883831015,,,,,,0.6744026712793555,,,,,
2224,16,0.20827981683170738,,,,,,0.030248482459723967,,,,,,4.801233337016098,,,,,,0.697283224985362,,,,,
2224,32,0.2113490743703472,,,,,,0.0326580279589161,,,,,,4.731508775135201,,,,,,0.7311209965152421,,,,,
