index,bin_size,m12,m23,m34,m13,m24,m14,m12_err,m23_err,m34_err,m13_err,m24_err,m14_err,corr12,corr23,corr34,corr13,corr24,corr14,corr12_err,corr23_err,corr34_err,corr13_err,corr24_err,corr14_err
2287,1,0.11712660769915878,,,,,,0.041485194822139075,,,,,,8.537769680553824,,,,,,3.0240015100076305,,,,,
2287,2,0.1159650560819143,,,,,,0.04145221926482209,,,,,,8.62328734005552,,,,,,3.0824319815018297,,,,,
2287,4,0.11547670022439734,,,,,,0.04195470583312864,,,,,,8.659755587549471,,,,,,3.1462407356325737,,,,,
2287,8,0.1169495924800137,,,,,,0.039312526833905695,,,,,,8.55069247180914,,,,,,2.874309521890117,,,,,
2287,16,0.11671966886452219,,,,,,0.03886327270023331,,,,,,8.567536300678775,,,,,,2.852668302279889,,,,,
2287,32,0.11659915589189304,,,,,,0.03694124808830018,,,,,,8.576391418537948,,,,,,2.7171946543792025,,,,,
