index,bin_size,m,n,a,b,corr
2137,1,0.17442370960017092,24.0,2651.546959843614,-2576.49194367223,5.733165532898516
2137,2,0.17444471560653013,24.0,2649.4326049765527,-2574.8688279000717,5.732475165688345
2137,4,0.1743566574599298,24.0,2653.9579227814465,-2581.2916430187665,5.73537032980698
2137,8,0.17434873123310168,24.0,2655.719213843934,-2580.408057583249,5.7356310707131835
2137,16,0.1741451102480251,24.0,2661.9571359673764,-2587.168618201893,5.742337517118662
2137,32,0.17367243626763973,24.0,2683.1513907427225,-2610.114474459192,5.757966096928239
