index,bin_size,m,n,a,b,corr
949,1,0.26399166682931163,16.0,1713.9764281706464,-1764.8001868307956,3.787998356200263
949,2,0.2629548241331801,16.0,1736.397836824433,-1786.7033826373508,3.8029346040577856
949,4,0.26367033202878937,16.0,1720.0799125802346,-1771.369126890708,3.792614786447847
949,8,0.26474302204669,16.0,1702.12772606002,-1754.5910801194004,3.777247809098592
949,16,0.2652368122715549,16.0,1692.149007567688,-1744.0942916630029,3.7702157232088114
949,32,0.2643473401213515,16.0,1709.5713341293267,-1760.7999186374313,3.782901691164886
