index,bin_size,m12,m23,m34,m13,m24,m14,m12_err,m23_err,m34_err,m13_err,m24_err,m14_err,corr12,corr23,corr34,corr13,corr24,corr14,corr12_err,corr23_err,corr34_err,corr13_err,corr24_err,corr14_err
1219,1,0.08283656005037798,,,,,,0.06784315916672205,,,,,,12.071964352356481,,,,,,9.886941207044707,,,,,
1219,2,0.08381008590248978,,,,,,0.06869278089917609,,,,,,11.931738158143238,,,,,,9.779542237879072,,,,,
1219,4,0.08380239690900737,,,,,,0.06944062120025124,,,,,,11.932832912712508,,,,,,9.887823746106916,,,,,
1219,8,0.08364385123445747,,,,,,0.06606621156464097,,,,,,11.95545141981752,,,,,,9.443029836568172,,,,,
1219,16,0.08054536353856753,,,,,,0.06774672516034347,,,,,,12.41536391503367,,,,,,10.442565654504595,,,,,
1219,32,0.08070727399519964,,,,,,0.06548466488357658,,,,,,12.390456900569813,,,,,,10.053429854866282,,,,,
