index,bin_size,m,n,a,b,corr
300,1,0.16271751373419316,24.0,3201.604860107787,-3213.427585008977,6.145619958485525
300,2,0.16432903760791934,24.0,3110.716681385685,-3125.8438034514074,6.085351770792626
300,4,0.16405061565714044,24.0,3134.104852322611,-3146.9478158710854,6.095679653467208
300,8,0.16519497948011044,24.0,3076.0250822902244,-3092.034999373579,6.053452732928851
300,16,0.1640836994757192,24.0,3132.527370997708,-3145.693768047271,6.094450595611894
300,32,0.16416887972810215,24.0,3124.726425405068,-3139.723522648431,6.0912884442910755
