index,bin_size,m12,m23,m34,m13,m24,m14,m12_err,m23_err,m34_err,m13_err,m24_err,m14_err,corr12,corr23,corr34,corr13,corr24,corr14,corr12_err,corr23_err,corr34_err,corr13_err,corr24_err,corr14_err
761,1,0.08215565968823008,,,,,,0.06816619486768083,,,,,,12.172015948686536,,,,,,10.099365207940192,,,,,
761,2,0.08699151487936406,,,,,,0.0654258873661921,,,,,,11.495374018796607,,,,,,8.645613848994463,,,,,
761,4,0.08782427736466508,,,,,,0.06482801158976771,,,,,,11.386373221697998,,,,,,8.404918973789878,,,,,
761,8,0.08343043304838144,,,,,,0.0626414995888493,,,,,,11.986033914268411,,,,,,8.999391601829217,,,,,
761,16,0.08367617844237552,,,,,,0.06004213070018891,,,,,,11.95083258598695,,,,,,8.575361177590775,,,,,
761,32,0.08271853958369889,,,,,,0.05861808539246691,,,,,,12.089188288777128,,,,,,8.56694369851761,,,,,
