index,bin_size,m,n,a,b,corr
2713,1,0.19490490651882858,16.0,4114.527488338708,-4130.854070620102,5.130707163102619
2713,2,0.1938063545885519,16.0,4172.08912153222,-4188.792748381128,5.159789533851899
2713,4,0.19457362260420294,16.0,4134.669224834326,-4152.998001136225,5.139442780659825
2713,8,0.1953775828603913,16.0,4094.901543051591,-4112.396670879155,5.118294460191773
2713,16,0.19365866708938476,16.0,4184.832235472048,-4201.134852350933,5.163724479929637
2713,32,0.19167253026823616,16.0,4288.750346163603,-4303.559108020446,5.217231695123708
