index,bin_size,m12,m23,m34,m13,m24,m14,m12_err,m23_err,m34_err,m13_err,m24_err,m14_err,corr12,corr23,corr34,corr13,corr24,corr14,corr12_err,corr23_err,corr34_err,corr13_err,corr24_err,corr14_err
2114,1,0.13785807079545684,,,,,,0.03240922154552097,,,,,,7.253837183633034,,,,,,1.705313406628989,,,,,
2114,2,0.13876887160700643,,,,,,0.033221594989987155,,,,,,7.206227076862028,,,,,,1.725187749824593,,,,,
2114,4,0.1380694266778004,,,,,,0.03202226896993152,,,,,,7.242733051493041,,,,,,1.6797979931759495,,,,,
2114,8,0.1392678990293742,,,,,,0.03322780427056964,,,,,,7.180405584987545,,,,,,1.7131665877356874,,,,,
2114,16,0.13532352333055295,,,,,,0.039292404580860564,,,,,,7.389698223843267,,,,,,2.1456654777784663,,,,,
2114,32,0.1362863506017456,,,,,,0.04062536353054656,,,,,,7.337491946806827,,,,,,2.187220337365664,,,,,
