index,bin_size,m,n,a,b,corr
1803,1,0.00002265236536784476,16.0,552457358612.9999,-552457358562.512,44145.50020544473
1803,2,4.422179901773946e-7,16.0,1448517534988890.2,-1448517534988840.2,2261328.1734622614
1803,4,-0.000011537402935697859,16.0,2129645077697.94,-2129645077647.1455,-86674.61867920915
1803,8,-7.973752356339494e-7,16.0,446610648799327.75,-446610648799273.6,-1254114.6944511698
1803,16,-8.164109118018073e-6,16.0,4259124904200.781,-4259124904150.2017,-122487.33885648518
1803,32,7.589502752927219e-6,16.0,4930547429666.768,-4930547429613.999,131760.93777873748
