index,bin_size,m12,m23,m34,m13,m24,m14,m12_err,m23_err,m34_err,m13_err,m24_err,m14_err,corr12,corr23,corr34,corr13,corr24,corr14,corr12_err,corr23_err,corr34_err,corr13_err,corr24_err,corr14_err
304,1,0.2008004875642186,,,,,,0.03095473009886398,,,,,,4.980067589129669,,,,,,0.7677105268298108,,,,,
304,2,0.20286661717326984,,,,,,0.029734872514875325,,,,,,4.929347242705254,,,,,,0.7225117364588548,,,,,
304,4,0.20191839789727256,,,,,,0.028272742118755866,,,,,,4.9524957131878455,,,,,,0.6934515903520607,,,,,
304,8,0.20363507815484688,,,,,,0.026168728194307718,,,,,,4.91074528544432,,,,,,0.6310698518678166,,,,,
304,16,0.2034147130062727,,,,,,0.030036235840355526,,,,,,4.916065240419276,,,,,,0.7259066602682475,,,,,
304,32,0.20376366324723907,,,,,,0.022220156257165072,,,,,,4.907646358843864,,,,,,0.5351723031014728,,,,,
