index,bin_size,m,n,a,b,corr
448,1,0.11055362000653679,36.0,5527.577646179794,-5671.608454867164,9.04538449252835
448,2,0.11016389654785282,36.0,5589.335927410031,-5733.838926491243,9.077384073516514
448,4,0.11107043204900437,36.0,5463.962930778729,-5610.276398006401,9.003296210811525
448,8,0.11061501810227341,36.0,5529.562681967347,-5676.86936924627,9.040363751289279
448,16,0.11070848137256402,36.0,5507.879536890983,-5653.02688911201,9.032731617325046
448,32,0.11030658112163332,36.0,5564.787515442729,-5711.345217341726,9.065642229427054
