index,bin_size,m,n,a,b,corr
393,1,0.08702709590061371,36.0,11601.105041411785,-11822.808684953632,11.49067413604167
393,2,0.08601716349249815,36.0,11944.01753855206,-12156.80113333772,11.625586794514719
393,4,0.08554261778332216,36.0,12124.193162444531,-12343.305845727264,11.690079470480798
393,8,0.08673778603017114,36.0,11719.894716108989,-11937.54615042965,11.52900074774974
393,16,0.08652959854652863,36.0,11776.097694669577,-11997.894081444581,11.556739159748682
393,32,0.08681813067108415,36.0,11680.423088665168,-11896.42514781091,11.518331393111442
