index,bin_size,m12,m23,m34,m13,m24,m14,m12_err,m23_err,m34_err,m13_err,m24_err,m14_err,corr12,corr23,corr34,corr13,corr24,corr14,corr12_err,corr23_err,corr34_err,corr13_err,corr24_err,corr14_err
925,1,0.011538539290554773,,,,,,0.031026454149133322,,,,,,86.66608266599056,,,,,,233.04000380034842,,,,,
925,2,0.010125994348716765,,,,,,0.028325299002754312,,,,,,98.75573356672146,,,,,,276.2479994735744,,,,,
925,4,0.011164123402278079,,,,,,0.03148601650762459,,,,,,89.57263942424234,,,,,,252.6204254395567,,,,,
925,8,0.014172861425617902,,,,,,0.03505014717303724,,,,,,70.55738216648813,,,,,,174.4916961235175,,,,,
925,16,0.0084854537084722,,,,,,0.026377572083519606,,,,,,117.8487367153464,,,,,,366.34028709119764,,,,,
925,32,0.006595288920577216,,,,,,0.022837052629890206,,,,,,151.62338027072823,,,,,,525.0158343118393,,,,,
