index,bin_size,m12,m23,m34,m13,m24,m14,m12_err,m23_err,m34_err,m13_err,m24_err,m14_err,corr12,corr23,corr34,corr13,corr24,corr14,corr12_err,corr23_err,corr34_err,corr13_err,corr24_err,corr14_err
886,1,0.07455266753462417,,,,,,0.06328379042144204,,,,,,13.413336277143596,,,,,,11.385867063990096,,,,,
886,2,0.07236843101089406,,,,,,0.06192279454778789,,,,,,13.818179916730044,,,,,,11.823668194205226,,,,,
886,4,0.07151838025709516,,,,,,0.060535341819579876,,,,,,13.982419573893978,,,,,,11.835147067476884,,,,,
886,8,0.0711488520456357,,,,,,0.059105755629427645,,,,,,14.055040541744628,,,,,,11.675997120645235,,,,,
886,16,0.06927594703845467,,,,,,0.05617463120723978,,,,,,14.435024604498093,,,,,,11.70510427197764,,,,,
886,32,0.06767148394090827,,,,,,0.05683071218763008,,,,,,14.777273110682996,,,,,,12.409997626246213,,,,,
