index,bin_size,m,n,a,b,corr
1744,1,0.15105873276693077,16.0,8748.675470694288,-8711.464203207564,6.61994167224284
1744,2,0.15018173418073802,16.0,8878.528063817203,-8841.367110228402,6.6585993659957206
1744,4,0.1518714200224024,16.0,8641.524063078396,-8603.81394712388,6.584517349297788
1744,8,0.15078685046167237,16.0,8784.62977781444,-8746.763408693121,6.631878024763069
1744,16,0.1532009346167391,16.0,8465.087659907158,-8430.543431690281,6.527375322491914
1744,32,0.15138560838525433,16.0,8701.67281651175,-8665.061839706083,6.605647727458647
