index,bin_size,m12,m23,m34,m13,m24,m14,m12_err,m23_err,m34_err,m13_err,m24_err,m14_err,corr12,corr23,corr34,corr13,corr24,corr14,corr12_err,corr23_err,corr34_err,corr13_err,corr24_err,corr14_err
252,1,0.2318450574461652,,,,,,0.03234933162996388,,,,,,4.31322544036636,,,,,,0.6018241738778817,,,,,
252,2,0.23060162455615058,,,,,,0.03109425409657176,,,,,,4.3364828930617705,,,,,,0.5847300565285757,,,,,
252,4,0.22961389383464137,,,,,,0.03200224203271337,,,,,,4.355137153504132,,,,,,0.6069935531535091,,,,,
252,8,0.23057070189384674,,,,,,0.03120550619707149,,,,,,4.337064474307727,,,,,,0.5869795738073356,,,,,
252,16,0.23070419463060945,,,,,,0.03337230634375435,,,,,,4.334554911761113,,,,,,0.627011115297357,,,,,
252,32,0.2303081940790758,,,,,,0.033786701051892416,,,,,,4.342007908136574,,,,,,0.6369817788888281,,,,,
