index,bin_size,m12,m23,m34,m13,m24,m14,m12_err,m23_err,m34_err,m13_err,m24_err,m14_err,corr12,corr23,corr34,corr13,corr24,corr14,corr12_err,corr23_err,corr34_err,corr13_err,corr24_err,corr14_err
2752,1,0.010668430240281242,,,,,,0.024700284976187266,,,,,,93.73450240357366,,,,,,217.02058028439095,,,,,
2752,2,0.009821225371302152,,,,,,0.02275855023538606,,,,,,101.82028842572161,,,,,,235.94633678699967,,,,,
2752,4,0.010184682697894071,,,,,,0.024056358184903467,,,,,,98.18666223217481,,,,,,231.9182232477143,,,,,
2752,8,0.012200042151247188,,,,,,0.026368133967746555,,,,,,81.96692991735048,,,,,,177.156354231501,,,,,
2752,16,0.012032871769798012,,,,,,0.02707890063845952,,,,,,83.10568076607919,,,,,,187.02189427503316,,,,,
2752,32,0.011737796606207896,,,,,,0.02628975884515876,,,,,,85.19486523314939,,,,,,190.8154091408208,,,,,
