index,bin_size,m12,m23,m34,m13,m24,m14,m12_err,m23_err,m34_err,m13_err,m24_err,m14_err,corr12,corr23,corr34,corr13,corr24,corr14,corr12_err,corr23_err,corr34_err,corr13_err,corr24_err,corr14_err
535,1,0.16965793730894727,,,,,,0.022160846882223976,,,,,,5.8942128842401225,,,,,,0.7699065029950034,,,,,
535,2,0.1713407435996178,,,,,,0.022832225644523977,,,,,,5.836323451103726,,,,,,0.7777266000515036,,,,,
535,4,0.17059731950998158,,,,,,0.02310428832527325,,,,,,5.861756813485515,,,,,,0.7938678046080335,,,,,
535,8,0.17033738429389345,,,,,,0.019329369233841365,,,,,,5.870701867034891,,,,,,0.6661894247121383,,,,,
535,16,0.169021241429213,,,,,,0.019291533747886922,,,,,,5.916416135298624,,,,,,0.6752804592815467,,,,,
535,32,0.16947881468635403,,,,,,0.014831307578018997,,,,,,5.90044249395212,,,,,,0.5163552603089072,,,,,
