index,bin_size,m12,m23,m34,m13,m24,m14,m12_err,m23_err,m34_err,m13_err,m24_err,m14_err,corr12,corr23,corr34,corr13,corr24,corr14,corr12_err,corr23_err,corr34_err,corr13_err,corr24_err,corr14_err
838,1,0.21431668302615778,,,,,,0.04815576172005241,,,,,,4.665992333774352,,,,,,1.0484224178917725,,,,,
838,2,0.2150131772347233,,,,,,0.04885818536161892,,,,,,4.650877740894599,,,,,,1.0568349795175205,,,,,
838,4,0.21436557270394205,,,,,,0.04851814409093575,,,,,,4.66492817566881,,,,,,1.0558302555119348,,,,,
838,8,0.21520338062132624,,,,,,0.04251536381327274,,,,,,4.646767151672254,,,,,,0.9180106531715574,,,,,
838,16,0.21647270787414016,,,,,,0.040145347263086814,,,,,,4.619519983929854,,,,,,0.8567003007670482,,,,,
838,32,0.21392511044699292,,,,,,0.045567522001663564,,,,,,4.674533054630739,,,,,,0.9957077379523867,,,,,
