index,bin_size,m,n,a,b,corr
351,1,0.16797518337152387,36.0,1166.1727616792132,-1303.2972685518932,5.953260356252874
351,2,0.16779248934533877,36.0,1169.3698218098102,-1308.4481534645709,5.959742321611725
351,4,0.16772341979160318,36.0,1171.1978989200413,-1311.0935011803447,5.962196580790582
351,8,0.1671518558300266,36.0,1185.360132839121,-1322.2979017371308,5.982583890763858
351,16,0.1679768869114747,36.0,1165.3337516788001,-1304.2806632578904,5.953199981179607
351,32,0.16738965819212023,36.0,1179.5135784346035,-1316.908514479983,5.974084724232231
