index,bin_size,m,n,a,b,corr
2491,1,0.1196927204957101,24.0,7931.315441762473,-7950.2431076223265,8.354726969681009
2491,2,0.12137523327674705,24.0,7661.505438305681,-7681.669098940631,8.238913104454392
2491,4,0.12160641231386819,24.0,7621.7943465749895,-7641.780272297839,8.223250575134008
2491,8,0.12094786050471262,24.0,7719.310170451236,-7739.156647507865,8.268025542800205
2491,16,0.12146816358368957,24.0,7644.65656518116,-7663.414767845496,8.232609850160584
2491,32,0.11966404648518546,24.0,7929.115578153256,-7948.02874088767,8.356728937156584
