index,bin_size,m,n,a,b,corr
2147,1,0.08862518352077853,24.0,17839.731661208963,-17800.49464623446,11.283474519018018
2147,2,0.0894627618633519,24.0,17458.39287643108,-17415.923620786318,11.177835103363227
2147,4,0.0890759546697043,24.0,17633.566493794737,-17592.224037037686,11.226374207360708
2147,8,0.08877005377401848,24.0,17782.284415792496,-17742.540582642338,11.265060203136697
2147,16,0.08967659584607873,24.0,17353.989901543693,-17314.793065529702,11.151181538117303
2147,32,0.08901643790825439,24.0,17662.217438687156,-17622.085693024877,11.233880207952819
