index,bin_size,m,n,a,b,corr
1040,1,-2.267413173723804e-7,16.0,5097442874259508.0,-5097442874259496.0,-4410312.207711514
1040,2,-4.6713344874993555e-6,16.0,12025941625034.613,-12025941625017.916,-214071.58975150096
1040,4,6.315477296207384e-6,16.0,6556002299122.33,-6556002299113.533,158341.15983609462
1040,8,-0.00002418224200311865,16.0,448902891511.9541,-448902891498.8736,-41352.65869355851
1040,16,3.701877439985695e-6,16.0,19099913660113.605,-19099913660100.336,270133.20030494157
1040,32,0.000041558816211797285,16.0,151961416844.22153,-151961416829.92715,24062.283076199135
