index,bin_size,m,n,a,b,corr
2632,1,0.19555784906377083,54.0,87.45885627992823,-26.22508409259442,5.113576390758435
2632,2,0.19597467498865145,54.0,86.32018073852126,-20.37418484073993,5.102700132340611
2632,4,0.1966659688715998,54.0,84.82214782438267,-28.145907547227345,5.084763804015756
2632,8,0.1962932962607398,54.0,85.65120032213203,-23.31946076527719,5.09441748164279
2632,16,0.1960074070224014,54.0,86.38792541640015,-22.283931114874925,5.10184801274225
2632,32,0.19621921162166045,54.0,85.7551568546494,-24.219005323392793,5.096340932854971
