index,bin_size,m,n,a,b,corr
1201,1,0.07841516225063858,16.0,33585.84041988699,-33589.52791636607,12.752635731386967
1201,2,0.08420296493458905,16.0,28890.08821591449,-28894.722469656295,11.876066368646576
1201,4,0.083335741591627,16.0,29544.064855156714,-29546.90297854616,11.999653220827318
1201,8,0.08393777288341514,16.0,29133.56743818433,-29137.602951932528,11.913587478535366
1201,16,0.0837350222461156,16.0,29258.798388687766,-29262.036524404,11.942434278703367
1201,32,0.08384271064778798,16.0,29181.400542494335,-29184.756602948793,11.92709529872986
