index,bin_size,m,n,a,b,corr
316,1,0.14535526359306858,24.0,4751.910070111327,-4685.195567994047,6.879695824428928
316,2,0.14569228745735494,24.0,4713.531311189224,-4647.0451142023885,6.863781312327232
316,4,0.1449389793367381,24.0,4767.530466562406,-4696.747325984441,6.899455236790998
316,8,0.14417806113266302,24.0,4844.266253292857,-4776.060199776323,6.935867996448272
316,16,0.14583826738626834,24.0,4705.313029279498,-4636.568626875705,6.856910863809102
316,32,0.1445333118786802,24.0,4811.326414123867,-4744.1581049443585,6.918820215227544
