index,bin_size,m,n,a,b,corr
857,1,-0.000049555170165539905,16.0,98766659292.68042,-98766659255.14938,-20179.529132065993
857,2,0.000012027634606653235,16.0,1678010394969.742,-1678010394933.0247,83141.86726680554
857,4,1.9630867439701083e-6,16.0,62965002567084.234,-62965002567048.375,509401.8402761049
857,8,0.000044311213856263606,16.0,123657115475.17744,-123657115436.65036,22567.65078121743
857,16,-9.633346881639608e-7,16.0,261792380069013.47,-261792380068976.03,-1038060.8238097606
857,32,0.000012881408093844503,16.0,1460595768452.0671,-1460595768415.4626,77631.26458805843
