index,bin_size,m,n,a,b,corr
2400,1,0.10641480284110304,24.0,13043.37614150815,-13064.483637201472,9.397188861902839
2400,2,0.10578739192460537,24.0,13226.001312419226,-13248.05550242835,9.452922336082352
2400,4,0.10641833660860334,24.0,13035.78893639017,-13059.541116863225,9.396876815298347
2400,8,0.10662084095677438,24.0,12988.42927795872,-13011.530681086424,9.37902938137033
2400,16,0.1070366368095855,24.0,12848.291381667626,-12872.11045995673,9.342595486991671
2400,32,0.10692802475573525,24.0,12894.950601684459,-12917.77703760066,9.352085220730345
