index,bin_size,m12,m23,m34,m13,m24,m14,m12_err,m23_err,m34_err,m13_err,m24_err,m14_err,corr12,corr23,corr34,corr13,corr24,corr14,corr12_err,corr23_err,corr34_err,corr13_err,corr24_err,corr14_err
2727,1,0.016815351097906904,,,,,,0.03805601466495972,,,,,,59.46946894998079,,,,,,134.58957647096315,,,,,
2727,2,0.01688393298765206,,,,,,0.03887910041922432,,,,,,59.22790624265937,,,,,,136.3857411725597,,,,,
2727,4,0.014217904273660785,,,,,,0.0344430306984884,,,,,,70.33385376300068,,,,,,170.3845403425469,,,,,
2727,8,0.012922756572223202,,,,,,0.03272741506519217,,,,,,77.38287062912323,,,,,,195.97531779395666,,,,,
2727,16,0.015786944943073988,,,,,,0.03719048373104577,,,,,,63.34347801971133,,,,,,149.22295588250907,,,,,
2727,32,0.017455943955647094,,,,,,0.03920271855620055,,,,,,57.2870766852167,,,,,,128.65584066403335,,,,,
