index,bin_size,m12,m23,m34,m13,m24,m14,m12_err,m23_err,m34_err,m13_err,m24_err,m14_err,corr12,corr23,corr34,corr13,corr24,corr14,corr12_err,corr23_err,corr34_err,corr13_err,corr24_err,corr14_err
2674,1,0.14014207978593854,,,,,,0.0655639203433341,,,,,,7.135615523384984,,,,,,3.3383187154812934,,,,,
2674,2,0.14084185031826768,,,,,,0.0607148587942694,,,,,,7.100162329167416,,,,,,3.060775985672188,,,,,
2674,4,0.13981324310699056,,,,,,0.06686060651552277,,,,,,7.152398283435575,,,,,,3.4203747559531155,,,,,
2674,8,0.14213741831834825,,,,,,0.06326844069500588,,,,,,7.03544507724404,,,,,,3.13162884832787,,,,,
2674,16,0.14245979379462187,,,,,,0.05527296480460051,,,,,,7.019524410105891,,,,,,2.7235047540793538,,,,,
2674,32,0.14199235711987368,,,,,,0.058939130387353295,,,,,,7.042632577440585,,,,,,2.9233026915777276,,,,,
