index,bin_size,m12,m23,m34,m13,m24,m14,m12_err,m23_err,m34_err,m13_err,m24_err,m14_err,corr12,corr23,corr34,corr13,corr24,corr14,corr12_err,corr23_err,corr34_err,corr13_err,corr24_err,corr14_err
1436,1,0.1864240716380096,,,,,,0.05192169596712881,,,,,,5.364114146920672,,,,,,1.4939803718598972,,,,,
1436,2,0.18703691668987033,,,,,,0.05433162462416804,,,,,,5.346538093643407,,,,,,1.553095003294507,,,,,
1436,4,0.18786467387413064,,,,,,0.05163080549777405,,,,,,5.322980523043944,,,,,,1.4629135237945665,,,,,
1436,8,0.18900640752216094,,,,,,0.04604750835699836,,,,,,5.290825920188713,,,,,,1.2890004840007758,,,,,
1436,16,0.18743057191596815,,,,,,0.0498086043200285,,,,,,5.3353089081344525,,,,,,1.4178278794856098,,,,,
1436,32,0.18731489152408415,,,,,,0.054569102690988344,,,,,,5.338603844379475,,,,,,1.5552571343372967,,,,,
