index,bin_size,m12,m23,m34,m13,m24,m14,m12_err,m23_err,m34_err,m13_err,m24_err,m14_err,corr12,corr23,corr34,corr13,corr24,corr14,corr12_err,corr23_err,corr34_err,corr13_err,corr24_err,corr14_err
330,1,0.00430093993418289,,,,,,0.01573400231960815,,,,,,232.50731591302358,,,,,,850.574689226947,,,,,
330,2,0.004518726337786801,,,,,,0.016203663177906075,,,,,,221.30129714599707,,,,,,793.5624801619997,,,,,
330,4,0.004131663111710559,,,,,,0.01559239643034849,,,,,,242.03328610351966,,,,,,913.4043227216564,,,,,
330,8,0.0028396966149128473,,,,,,0.012172453876402995,,,,,,352.15029477037666,,,,,,1509.5039371963637,,,,,
330,16,0.0037465663616434277,,,,,,0.014285719865916055,,,,,,266.9110602811666,,,,,,1017.7363132622596,,,,,
330,32,0.004694498396456329,,,,,,0.016582592021894074,,,,,,213.0153033505893,,,,,,752.443727012292,,,,,
