index,bin_size,m,n,a,b,corr
787,1,0.10264093204280551,16.0,22004.71924655033,-22041.09217025754,9.742701864622182
787,2,0.10138850189398371,16.0,22596.567423131517,-22635.131726033655,9.86305134526639
787,4,0.10262650118991269,16.0,22001.890017808553,-22039.454221743705,9.744071837248715
787,8,0.10087181696590021,16.0,22824.12536702811,-22861.635069810964,9.9135717991285
787,16,0.10235789578425959,16.0,22118.32642305489,-22155.70018642465,9.769642022611588
787,32,0.10277220205095909,16.0,21910.69364580146,-21947.028705368535,9.73025759926945
