index,bin_size,m12,m23,m34,m13,m24,m14,m12_err,m23_err,m34_err,m13_err,m24_err,m14_err,corr12,corr23,corr34,corr13,corr24,corr14,corr12_err,corr23_err,corr34_err,corr13_err,corr24_err,corr14_err
1113,1,0.11478173797934715,,,,,,0.06839411376631925,,,,,,8.712187300909587,,,,,,5.191264219392693,,,,,
1113,2,0.1189345172892195,,,,,,0.06865341675267704,,,,,,8.40798804915688,,,,,,4.853402702149088,,,,,
1113,4,0.12038609503670149,,,,,,0.06389382329883508,,,,,,8.3066071683373,,,,,,4.408656086608475,,,,,
1113,8,0.11810532825146376,,,,,,0.06632195600633395,,,,,,8.467018506318798,,,,,,4.754647713143552,,,,,
1113,16,0.12106811196308734,,,,,,0.061566708614466455,,,,,,8.259813288447843,,,,,,4.200358869846856,,,,,
1113,32,0.11877600642187511,,,,,,0.06259920183757348,,,,,,8.41920881266327,,,,,,4.437224045946039,,,,,
