index,bin_size,m12,m23,m34,m13,m24,m14,m12_err,m23_err,m34_err,m13_err,m24_err,m14_err,corr12,corr23,corr34,corr13,corr24,corr14,corr12_err,corr23_err,corr34_err,corr13_err,corr24_err,corr14_err
280,1,4925787856237.127,,,,,,25269215835919.16,,,,,,2.030132090917762e-13,,,,,,1.0414546358481506e-12,,,,,
280,2,NaN,,,,,,NaN,,,,,,NaN,,,,,,NaN,,,,,
280,4,6862211011484.325,,,,,,52845038460357.65,,,,,,1.4572562667140948e-13,,,,,,1.1222150314559653e-12,,,,,
280,8,6089446009813.289,,,,,,29691441667664.215,,,,,,1.6421855097959253e-13,,,,,,8.007108560124036e-13,,,,,
280,16,NaN,,,,,,NaN,,,,,,NaN,,,,,,NaN,,,,,
280,32,9329797006561.053,,,,,,51097384911656.76,,,,,,1.0718346811798409e-13,,,,,,5.870218744029953e-13,,,,,
