index,bin_size,m12,m23,m34,m13,m24,m14,m12_err,m23_err,m34_err,m13_err,m24_err,m14_err,corr12,corr23,corr34,corr13,corr24,corr14,corr12_err,corr23_err,corr34_err,corr13_err,corr24_err,corr14_err
2346,1,0.04398623155364935,,,,,,0.044171488724812816,,,,,,22.734386754189547,,,,,,22.830137356808923,,,,,
2346,2,0.04464159063939156,,,,,,0.042765579262781316,,,,,,22.400635498807787,,,,,,21.459274619028086,,,,,
2346,4,0.04386613353600244,,,,,,0.040976401766458836,,,,,,22.79662964093395,,,,,,21.294875563204272,,,,,
2346,8,0.04235082913862159,,,,,,0.03843214691942697,,,,,,23.612288598337166,,,,,,21.427465836498616,,,,,
2346,16,0.04194192245233149,,,,,,0.036095458892528624,,,,,,23.842493179384807,,,,,,20.518986306123374,,,,,
2346,32,0.04191226889899666,,,,,,0.035900418178093585,,,,,,23.859362097763672,,,,,,20.437000889559986,,,,,
