index,bin_size,m,n,a,b,corr
885,1,0.06276346473488144,16.0,70183.49038059768,-70135.83859700414,15.932836152753685
885,2,0.0625736898694259,16.0,70506.09573909764,-70456.60962186489,15.981157609319913
885,4,0.06418367338274837,16.0,66936.09951879477,-66887.02046810769,15.580286189552767
885,8,0.06233981861574979,16.0,71205.09090916814,-71155.50297905158,16.041111799888295
885,16,0.06423780346626085,16.0,66882.24279311947,-66835.63950005546,15.567157437523884
885,32,0.06433843118833793,16.0,66671.52687238916,-66625.3181825645,15.54280981879554
