index,bin_size,m,n,a,b,corr
814,1,0.25310440314847577,16.0,1858.524427162593,-1865.9344844447533,3.950938772935457
814,2,0.25316332094716487,16.0,1859.4801484556115,-1867.5573520997873,3.9500192850160145
814,4,0.25309992676009474,16.0,1856.9826095752182,-1863.1805685621875,3.951008650223229
814,8,0.25219038775161773,16.0,1876.7932531660615,-1882.6091920977233,3.965258188130865
814,16,0.25182414061033437,16.0,1882.568390442294,-1890.0147267708762,3.9710251669134933
814,32,0.25353577858256116,16.0,1849.46327397312,-1857.6581479553465,3.9442164951656355
