index,bin_size,m,n,a,b,corr
2445,1,0.18382780673290167,24.0,2102.787160987321,-2136.0730092039817,5.439873421614506
2445,2,0.1833855920783015,24.0,2115.956903250545,-2148.8556599938506,5.452991091977513
2445,4,0.18419627538598085,24.0,2090.60959877132,-2126.8402266348244,5.428991427239847
2445,8,0.18311789672449258,24.0,2121.8260180382144,-2152.7256460538706,5.460962679713036
2445,16,0.1842900562678217,24.0,2084.9779839063312,-2117.6298706594102,5.426228740994784
2445,32,0.18359537440723245,24.0,2109.3588317180247,-2142.9990595047066,5.44676031860096
