index,bin_size,m,n,a,b,corr
136,1,1.9899318081775576e-6,16.0,72320238857279.52,-72320238857160.36,502529.78312650404
136,2,0.000012075960153249351,16.0,1960254205733.173,-1960254205616.1448,82809.15035405479
136,4,-2.746964420029943e-6,16.0,37920216648227.36,-37920216648108.19,-364038.20621349715
136,8,-0.00001411270251245518,16.0,1436605849726.806,-1436605849607.5837,-70858.1505999612
136,16,2.3208185113725003e-7,16.0,5317282365183836.0,-5317282365183714.0,4308824.645700597
136,32,-4.041770169711329e-6,16.0,17554353416271.316,-17554353416153.19,-247416.3443270259
