index,bin_size,m12,m23,m34,m13,m24,m14,m12_err,m23_err,m34_err,m13_err,m24_err,m14_err,corr12,corr23,corr34,corr13,corr24,corr14,corr12_err,corr23_err,corr34_err,corr13_err,corr24_err,corr14_err
52,1,1355145524212.2961,,,,,,11990527433953.207,,,,,,7.379281281110151e-13,,,,,,6.529296895655554e-12,,,,,
52,2,3250455855229.721,,,,,,71810009076120.14,,,,,,3.076491558533492e-13,,,,,,6.796673961452206e-12,,,,,
52,4,2001135209229.0552,,,,,,21874266698170.215,,,,,,4.997163586888533e-13,,,,,,5.462363988693021e-12,,,,,
52,8,1092876477408.6642,,,,,,12373369919554.398,,,,,,9.150164914987602e-13,,,,,,1.0359668055672991e-11,,,,,
52,16,986241319243.0359,,,,,,8963974016001.613,,,,,,1.013950622924138e-12,,,,,,9.215824626346696e-12,,,,,
52,32,111580928507.51349,,,,,,1967310392885.399,,,,,,8.962105024360533e-12,,,,,,1.5801304570939914e-10,,,,,
