index,bin_size,m12,m23,m34,m13,m24,m14,m12_err,m23_err,m34_err,m13_err,m24_err,m14_err,corr12,corr23,corr34,corr13,corr24,corr14,corr12_err,corr23_err,corr34_err,corr13_err,corr24_err,corr14_err
236,1,5.418811913155154,,,,,,1.02856020473548,,,,,,0.18454229746788547,,,,,,0.03502850187605125,,,,,
236,2,5.417441693911683,,,,,,0.9004560012755831,,,,,,0.1845889732646013,,,,,,0.030681317517861982,,,,,
236,4,5.382235594718121,,,,,,0.8579352517975329,,,,,,0.18579640047369056,,,,,,0.029616184356533945,,,,,
236,8,5.387122922244853,,,,,,0.809483248516847,,,,,,0.18562784150900585,,,,,,0.02789292732478898,,,,,
236,16,5.451316143515486,,,,,,0.9569752839341079,,,,,,0.18344193836373476,,,,,,0.03220312240739877,,,,,
236,32,5.373621641429758,,,,,,0.7832419162890051,,,,,,0.1860942334105105,,,,,,0.02712450070228617,,,,,
