index,bin_size,m,n,a,b,corr
853,1,-6.709963481774219e-6,16.0,6062408847883.71,-6062408847785.506,-149032.10765844354
853,2,0.00004798299958951513,16.0,118684408412.89984,-118684408312.91196,20840.714597978407
853,4,0.000033687233044705344,16.0,241191214153.35638,-241191214049.11,29684.836349513454
853,8,-0.000022264224553447396,16.0,550971788334.6132,-550971788233.8207,-44915.105738329425
853,16,-0.00005016301859265431,16.0,108443707276.68958,-108443707180.81604,-19935.004472526627
853,32,2.483528492924375e-6,16.0,44296512369261.36,-44296512369159.734,402652.9201694368
