index,bin_size,m,n,a,b,corr
2905,1,0.00001774340259334672,24.0,648768467096.1996,-648768466969.6641,56358.97594833203
2905,2,-0.000020263268338253153,24.0,497694804962.14325,-497694804835.73004,-49350.38036841235
2905,4,0.000029380917103332546,24.0,237148757805.3221,-237148757670.96985,34035.69726850271
2905,8,-0.000019335559671831114,24.0,546605795605.6789,-546605795478.4328,-51718.18230101938
2905,16,-7.764420848972274e-6,24.0,3389159963772.764,-3389159963639.998,-128792.60661564519
2905,32,-0.000011094274124243718,24.0,1662829803206.9866,-1662829803070.2595,-90136.5865671873
