index,bin_size,m,n,a,b,corr
1914,1,0.16269695299502962,16.0,7057.490514386084,-7118.077453266075,6.1463966078734735
1914,2,0.1629757803769303,16.0,7031.823161177246,-7090.988709095646,6.135881035128045
1914,4,0.16158005665853195,16.0,7172.985000518505,-7231.06160075824,6.188882592814692
1914,8,0.16375103767596558,16.0,6953.668822915758,-7015.31954262639,6.106831530306535
1914,16,0.16206111818858343,16.0,7126.460846179534,-7185.45564552056,6.170511540197716
1914,32,0.1634364066662509,16.0,6978.995240479536,-7037.860414662091,6.118587776113269
