index,bin_size,m12,m23,m34,m13,m24,m14,m12_err,m23_err,m34_err,m13_err,m24_err,m14_err,corr12,corr23,corr34,corr13,corr24,corr14,corr12_err,corr23_err,corr34_err,corr13_err,corr24_err,corr14_err
1528,1,0.15447554381954295,,,,,,0.06175633718047403,,,,,,6.473516618062155,,,,,,2.5879868432472968,,,,,
1528,2,0.15648527601491286,,,,,,0.06310786895512768,,,,,,6.390377583541478,,,,,,2.5771313530960493,,,,,
1528,4,0.15799144253693115,,,,,,0.06124145223349958,,,,,,6.329456734761099,,,,,,2.45345644081492,,,,,
1528,8,0.15509578771406746,,,,,,0.059618002172204865,,,,,,6.447628363986176,,,,,,2.4784343113067813,,,,,
1528,16,0.15484493890411255,,,,,,0.06490080144281059,,,,,,6.458073522307682,,,,,,2.7067991394533815,,,,,
1528,32,0.15506215423341743,,,,,,0.06894839271641215,,,,,,6.449026875343707,,,,,,2.867560042862269,,,,,
