index,bin_size,m12,m23,m34,m13,m24,m14,m12_err,m23_err,m34_err,m13_err,m24_err,m14_err,corr12,corr23,corr34,corr13,corr24,corr14,corr12_err,corr23_err,corr34_err,corr13_err,corr24_err,corr14_err
1424,1,0.07035040243912907,,,,,,0.06645214865524209,,,,,,14.214559765528753,,,,,,13.426903128593299,,,,,
1424,2,0.06982827009992343,,,,,,0.06719581334363244,,,,,,14.320847395603698,,,,,,13.780965605199578,,,,,
1424,4,0.0723246267471067,,,,,,0.06820850814412766,,,,,,13.826549060483114,,,,,,13.03965642981864,,,,,
1424,8,0.06824121024707991,,,,,,0.06729760061390555,,,,,,14.653901892702596,,,,,,14.451274141238622,,,,,
1424,16,0.0645751226006558,,,,,,0.06284282863367945,,,,,,15.48583974333553,,,,,,15.07041619196514,,,,,
1424,32,0.07013063589009609,,,,,,0.06814106035155217,,,,,,14.259103561632198,,,,,,13.854579015580072,,,,,
