index,bin_size,m,n,a,b,corr
390,1,0.23672625456100901,36.0,200.55119168106825,-243.17916863108707,4.22428852200794
390,2,0.23686577022627944,36.0,199.91849183518198,-241.81420555783347,4.221800385275987
390,4,0.23836596857949163,36.0,194.42347697398287,-242.98832614283228,4.195229738369781
390,8,0.2363576285041647,36.0,201.65918611588373,-238.09687647697305,4.230876770632261
390,16,0.23659121679534073,36.0,201.10495778019606,-241.96719560239697,4.226699594114828
390,32,0.23729656016752385,36.0,198.40903803113042,-239.7280505927088,4.214136097438714
