index,bin_size,m12,m23,m34,m13,m24,m14,m12_err,m23_err,m34_err,m13_err,m24_err,m14_err,corr12,corr23,corr34,corr13,corr24,corr14,corr12_err,corr23_err,corr34_err,corr13_err,corr24_err,corr14_err
734,1,0.0019942302088541966,,,,,,0.012578535899087289,,,,,,501.4466211373657,,,,,,3162.8566739425682,,,,,
734,2,0.002179500677408677,,,,,,0.013456535495603406,,,,,,458.82068786000684,,,,,,2832.8217266929732,,,,,
734,4,0.002363969196116247,,,,,,0.014371342313530933,,,,,,423.01735642025074,,,,,,2571.6609352050955,,,,,
734,8,0.00228695586675864,,,,,,0.013306286687710014,,,,,,437.2624826456862,,,,,,2544.14177222834,,,,,
734,16,0.0019914904343376182,,,,,,0.012764542400765787,,,,,,502.13648168117163,,,,,,3218.465075641963,,,,,
734,32,0.001512658265208776,,,,,,0.011297788626213142,,,,,,661.0878497807836,,,,,,4937.553287457294,,,,,
