index,bin_size,m12,m23,m34,m13,m24,m14,m12_err,m23_err,m34_err,m13_err,m24_err,m14_err,corr12,corr23,corr34,corr13,corr24,corr14,corr12_err,corr23_err,corr34_err,corr13_err,corr24_err,corr14_err
2345,1,0.2190471293839104,,,,,,0.03240885566083444,,,,,,4.565227596511258,,,,,,0.6754427809683002,,,,,
2345,2,0.21885054119584224,,,,,,0.03083672744497093,,,,,,4.569328430881661,,,,,,0.6438327027190891,,,,,
2345,4,0.21903182216550365,,,,,,0.033460049548870406,,,,,,4.565546641183423,,,,,,0.6974485046115624,,,,,
2345,8,0.2192742899530694,,,,,,0.03229403338101533,,,,,,4.560498178851825,,,,,,0.671655944951055,,,,,
2345,16,0.21945769557707395,,,,,,0.032903411950000655,,,,,,4.55668687019817,,,,,,0.6831865468332765,,,,,
2345,32,0.21934207564305472,,,,,,0.03595141898703111,,,,,,4.559088798025899,,,,,,0.7472606935827502,,,,,
