index,bin_size,m12,m23,m34,m13,m24,m14,m12_err,m23_err,m34_err,m13_err,m24_err,m14_err,corr12,corr23,corr34,corr13,corr24,corr14,corr12_err,corr23_err,corr34_err,corr13_err,corr24_err,corr14_err
606,1,0.14258436773838046,,,,,,0.06513124384724318,,,,,,7.013391550992745,,,,,,3.203653545962639,,,,,
606,2,0.1430730371300699,,,,,,0.06496321319662583,,,,,,6.989437143847618,,,,,,3.1735979357689788,,,,,
606,4,0.1447376915332681,,,,,,0.06134601708364067,,,,,,6.909050361426754,,,,,,2.9283507081940625,,,,,
606,8,0.14531250377128324,,,,,,0.05610592109518594,,,,,,6.881720251506813,,,,,,2.65706834174367,,,,,
606,16,0.1454133458070381,,,,,,0.045827534364828434,,,,,,6.87694787882117,,,,,,2.167294641992603,,,,,
606,32,0.14654685954219393,,,,,,0.04608863265600442,,,,,,6.823755917553995,,,,,,2.1460547213420975,,,,,
