index,bin_size,m12,m23,m34,m13,m24,m14,m12_err,m23_err,m34_err,m13_err,m24_err,m14_err,corr12,corr23,corr34,corr13,corr24,corr14,corr12_err,corr23_err,corr34_err,corr13_err,corr24_err,corr14_err
2354,1,0.16684310129476265,,,,,,0.031319755723263225,,,,,,5.993655070180543,,,,,,1.125127807088092,,,,,
2354,2,0.1656058583164442,,,,,,0.03282708243149401,,,,,,6.038433725509714,,,,,,1.1969634630053285,,,,,
2354,4,0.16679655351833458,,,,,,0.032546019179774684,,,,,,5.995327714550638,,,,,,1.1698326294574868,,,,,
2354,8,0.16659390261850515,,,,,,0.026663461344125255,,,,,,6.002620649868374,,,,,,0.9607232986655244,,,,,
2354,16,0.16705343544702833,,,,,,0.027122470640699448,,,,,,5.986108560557524,,,,,,0.9718929350437924,,,,,
2354,32,0.16676243197450755,,,,,,0.017196031939026416,,,,,,5.996554428714897,,,,,,0.618346352109178,,,,,
