index,bin_size,m12,m23,m34,m13,m24,m14,m12_err,m23_err,m34_err,m13_err,m24_err,m14_err,corr12,corr23,corr34,corr13,corr24,corr14,corr12_err,corr23_err,corr34_err,corr13_err,corr24_err,corr14_err
2720,1,0.11024244288178808,,,,,,0.06921503143729929,,,,,,9.070916553185333,,,,,,5.6951184859634525,,,,,
2720,2,0.1152084431183219,,,,,,0.06859148233226389,,,,,,8.679919395950655,,,,,,5.167750919794705,,,,,
2720,4,0.11190472751904686,,,,,,0.07118532517625087,,,,,,8.936172958642825,,,,,,5.684517464053849,,,,,
2720,8,0.11462493089424568,,,,,,0.07278885425911495,,,,,,8.724105586790817,,,,,,5.539961028931151,,,,,
2720,16,0.1129952572721655,,,,,,0.06672026145116745,,,,,,8.849928962871022,,,,,,5.225613786645771,,,,,
2720,32,0.11305235573327253,,,,,,0.06560444008494834,,,,,,8.845459199092913,,,,,,5.133032339634451,,,,,
