index,bin_size,m12,m23,m34,m13,m24,m14,m12_err,m23_err,m34_err,m13_err,m24_err,m14_err,corr12,corr23,corr34,corr13,corr24,corr14,corr12_err,corr23_err,corr34_err,corr13_err,corr24_err,corr14_err
1061,1,0.12444454882011798,,,,,,0.06885471765381623,,,,,,8.035707545900458,,,,,,4.446127849452009,,,,,
1061,2,0.12234171942629375,,,,,,0.0635743248044063,,,,,,8.17382659561575,,,,,,4.247492264465328,,,,,
1061,4,0.12277733574092338,,,,,,0.06313095449004309,,,,,,8.144825703907877,,,,,,4.187992985348309,,,,,
1061,8,0.12568420499913197,,,,,,0.05879344462180364,,,,,,7.956449261121606,,,,,,3.7219240001014797,,,,,
1061,16,0.12482518154435276,,,,,,0.05552844531205808,,,,,,8.01120405055995,,,,,,3.5637817666397127,,,,,
1061,32,0.1269407060159898,,,,,,0.049995160704027056,,,,,,7.877693699561094,,,,,,3.102602583894943,,,,,
