index,bin_size,m,n,a,b,corr
963,1,0.13897185361909895,16.0,9495.810013664528,-9513.113242823047,7.195701675972822
963,2,0.13836467569445893,16.0,9592.371760889737,-9608.578201544262,7.227278168947039
963,4,0.13854777609649263,16.0,9564.70314115318,-9582.736244420084,7.217726824453267
963,8,0.13820222528193463,16.0,9608.548478337889,-9625.575783322223,7.235773504804173
963,16,0.13671447227546715,16.0,9847.922044703391,-9864.144213537713,7.314514574470883
963,32,0.1378805789370828,16.0,9658.563353529244,-9674.601434012317,7.252653040108837
