index,bin_size,m,n,a,b,corr
1774,1,4.6058535370330704e-6,16.0,11542450765603.94,-11542450765514.219,217115.023732206
1774,2,0.000031630545872543084,16.0,245177129105.62628,-245177129013.66702,31615.009239156087
1774,4,-2.4200439385891e-6,16.0,41812580179173.945,-41812580179085.35,-413215.6379701957
1774,8,0.00002758900967697066,16.0,321957536064.47296,-321957535972.4041,36246.31734551635
1774,16,-5.640500251452032e-7,16.0,770483747799661.0,-770483747799570.6,-1772892.395036363
1774,32,0.000029179993308286785,16.0,287802656206.50586,-287802656115.57495,34270.05583705913
