index,bin_size,m12,m23,m34,m13,m24,m14,m12_err,m23_err,m34_err,m13_err,m24_err,m14_err,corr12,corr23,corr34,corr13,corr24,corr14,corr12_err,corr23_err,corr34_err,corr13_err,corr24_err,corr14_err
96,1,0.17038740514654901,,,,,,0.05763279341721379,,,,,,5.868978397434406,,,,,,1.985156234162407,,,,,
96,2,0.1697813015330887,,,,,,0.05349496812929685,,,,,,5.8899301099132515,,,,,,1.8558087414130757,,,,,
96,4,0.17274416705644485,,,,,,0.05457272309581273,,,,,,5.788907475372213,,,,,,1.828811068205511,,,,,
96,8,0.1697149826604934,,,,,,0.053545763183162357,,,,,,5.892231695303246,,,,,,1.8590229220255787,,,,,
96,16,0.17168791706719141,,,,,,0.038476167390442725,,,,,,5.824521708237873,,,,,,1.305306022949317,,,,,
96,32,0.17310532243221868,,,,,,0.04005296893034323,,,,,,5.776829885698986,,,,,,1.33663820774996,,,,,
