index,bin_size,m12,m23,m34,m13,m24,m14,m12_err,m23_err,m34_err,m13_err,m24_err,m14_err,corr12,corr23,corr34,corr13,corr24,corr14,corr12_err,corr23_err,corr34_err,corr13_err,corr24_err,corr14_err
2322,1,0.11059960266574724,,,,,,0.03789254269838783,,,,,,9.041623802412634,,,,,,3.0977517797338976,,,,,
2322,2,0.10906230845053452,,,,,,0.03951388886266277,,,,,,9.169070545151284,,,,,,3.322005921590658,,,,,
2322,4,0.10902316756721461,,,,,,0.04269063625385725,,,,,,9.172362373194517,,,,,,3.591658492413569,,,,,
2322,8,0.10757732561092405,,,,,,0.04428804593224499,,,,,,9.295639153707072,,,,,,3.8268816543915705,,,,,
2322,16,0.10900972532626135,,,,,,0.04591384129683645,,,,,,9.173493438379408,,,,,,3.8637866539587944,,,,,
2322,32,0.11239404561421308,,,,,,0.03143852275237271,,,,,,8.897268485489434,,,,,,2.4887170506802714,,,,,
