index,bin_size,m12,m23,m34,m13,m24,m14,m12_err,m23_err,m34_err,m13_err,m24_err,m14_err,corr12,corr23,corr34,corr13,corr24,corr14,corr12_err,corr23_err,corr34_err,corr13_err,corr24_err,corr14_err
1766,1,0.2678687105095554,,,,,,0.046425073325824955,,,,,,3.733172112927045,,,,,,0.6470064710091646,,,,,
1766,2,0.2680605580974747,,,,,,0.04964846235380487,,,,,,3.73050032834883,,,,,,0.6909394146882828,,,,,
1766,4,0.2679289685920573,,,,,,0.046793530936178974,,,,,,3.732332510571404,,,,,,0.6518482033327506,,,,,
1766,8,0.2676029440177407,,,,,,0.04369608400000092,,,,,,3.73687966576969,,,,,,0.6101838990326752,,,,,
1766,16,0.2676961304364917,,,,,,0.039250760079516084,,,,,,3.7355788384742463,,,,,,0.547726664961469,,,,,
1766,32,0.2658997059263508,,,,,,0.04117142971734066,,,,,,3.760816494761303,,,,,,0.5823180264696032,,,,,
