index,bin_size,m12,m23,m34,m13,m24,m14,m12_err,m23_err,m34_err,m13_err,m24_err,m14_err,corr12,corr23,corr34,corr13,corr24,corr14,corr12_err,corr23_err,corr34_err,corr13_err,corr24_err,corr14_err
1703,1,0.09682977492160812,,,,,,0.06929121030974708,,,,,,10.327401884488365,,,,,,7.390269950649983,,,,,
1703,2,0.09206505075665791,,,,,,0.06852350423630418,,,,,,10.861885066931139,,,,,,8.084440526355541,,,,,
1703,4,0.094132206392424,,,,,,0.07101916745323833,,,,,,10.623356641946113,,,,,,8.014918306754613,,,,,
1703,8,0.0942244122382924,,,,,,0.06876642785323024,,,,,,10.612960869111204,,,,,,7.745502365875174,,,,,
1703,16,0.09251619103418589,,,,,,0.06741621751307807,,,,,,10.808918837033483,,,,,,7.876420497352659,,,,,
1703,32,0.09534254542468645,,,,,,0.0723335753898243,,,,,,10.488496982597615,,,,,,7.9573131159578985,,,,,
