index,bin_size,m,n,a,b,corr
1714,1,0.1665654791164699,16.0,5879.114659796547,-5864.219316130288,6.0036449647574095
1714,2,0.16769567218234838,16.0,5779.463210069523,-5765.344582746823,5.963183110131926
1714,4,0.16766487991182272,16.0,5784.357120753597,-5770.358198420714,5.964278270594974
1714,8,0.1678781155209543,16.0,5762.231244398195,-5746.4650843521,5.956702557071422
1714,16,0.16809637316189985,16.0,5744.422448847619,-5730.27915367534,5.948968328048713
1714,32,0.16831687511631285,16.0,5727.920278378405,-5713.574156862586,5.94117493750383
