index,bin_size,m12,m23,m34,m13,m24,m14,m12_err,m23_err,m34_err,m13_err,m24_err,m14_err,corr12,corr23,corr34,corr13,corr24,corr14,corr12_err,corr23_err,corr34_err,corr13_err,corr24_err,corr14_err
2320,1,0.1708138818637774,,,,,,0.03143401439844347,,,,,,5.854325123279449,,,,,,1.0773418308302005,,,,,
2320,2,0.1690713855930553,,,,,,0.031794810996106926,,,,,,5.914661410576833,,,,,,1.112284855273476,,,,,
2320,4,0.17042665029283538,,,,,,0.031254652606768796,,,,,,5.86762691328939,,,,,,1.0760678596092585,,,,,
2320,8,0.1698618595642476,,,,,,0.028651498665284946,,,,,,5.887136774349074,,,,,,0.9930145111169798,,,,,
2320,16,0.1707138639775888,,,,,,0.024297921709259658,,,,,,5.857755056913709,,,,,,0.8337417386533662,,,,,
2320,32,0.1699820878258617,,,,,,0.02555022974621713,,,,,,5.882972804901955,,,,,,0.8842773299147786,,,,,
