index,bin_size,m,n,a,b,corr
1313,1,-6.625874933487187e-7,16.0,607289322240799.4,-607289322240765.6,-1509234.6445387881
1313,2,-0.00002218418649452233,16.0,542450129078.94934,-542450129044.6065,-45077.15440667242
1313,4,0.000052146993869670074,16.0,98135841716.08395,-98135841679.88896,19176.560829168404
1313,8,0.00004687281904835665,16.0,121712120040.157,-121712120002.16376,21334.325954842687
1313,16,-2.2238105883868138e-6,16.0,53988115880379.4,-53988115880344.67,-449678.5855873702
1313,32,-1.1028176928704492e-7,16.0,2.194647531255767e16,-2.194647531255763e16,-9067681.87040206
