index,bin_size,m12,m23,m34,m13,m24,m14,m12_err,m23_err,m34_err,m13_err,m24_err,m14_err,corr12,corr23,corr34,corr13,corr24,corr14,corr12_err,corr23_err,corr34_err,corr13_err,corr24_err,corr14_err
1522,1,0.20609237930678434,,,,,,0.04669990364438715,,,,,,4.852192998904744,,,,,,1.0994921125905124,,,,,
1522,2,0.20428963468071845,,,,,,0.0457383214600429,,,,,,4.895010956198961,,,,,,1.0959419699143036,,,,,
1522,4,0.2062447339809829,,,,,,0.04847507359752438,,,,,,4.848608644195524,,,,,,1.1396007856115387,,,,,
1522,8,0.20466996200498858,,,,,,0.048307553754608774,,,,,,4.885914817219863,,,,,,1.1532058264003349,,,,,
1522,16,0.2049071802528302,,,,,,0.04647934628305503,,,,,,4.880258460275152,,,,,,1.1069949947388664,,,,,
1522,32,0.20373855788548764,,,,,,0.04616562884245733,,,,,,4.908251095809049,,,,,,1.112172878351591,,,,,
