index,bin_size,m12,m23,m34,m13,m24,m14,m12_err,m23_err,m34_err,m13_err,m24_err,m14_err,corr12,corr23,corr34,corr13,corr24,corr14,corr12_err,corr23_err,corr34_err,corr13_err,corr24_err,corr14_err
1850,1,0.20729685475296908,,,,,,0.049310724253665325,,,,,,4.823999868168174,,,,,,1.1475086179306908,,,,,
1850,2,0.20732477391085782,,,,,,0.046648171089585196,,,,,,4.823350249642447,,,,,,1.085256061907278,,,,,
1850,4,0.20803339411197672,,,,,,0.044099894944301714,,,,,,4.8069205632521514,,,,,,1.0189935743245142,,,,,
1850,8,0.20834969580462523,,,,,,0.042508633374581675,,,,,,4.799623038267957,,,,,,0.9792450873614339,,,,,
1850,16,0.2085735053995423,,,,,,0.044925475197474196,,,,,,4.794472807485329,,,,,,1.0327005282144492,,,,,
1850,32,0.20715040819389832,,,,,,0.045857322483827935,,,,,,4.82741023162249,,,,,,1.0686539779638415,,,,,
