index,bin_size,m,n,a,b,corr
211,1,0.0987586283663682,24.0,13089.349484190912,-13006.536277021714,10.125697536930813
211,2,0.10017775539060356,24.0,12662.121177005698,-12579.193627627235,9.982256001852859
211,4,0.09922635442331243,24.0,12951.127184074077,-12866.433750854118,10.077967751731268
211,8,0.1006364346101595,24.0,12527.62423733503,-12442.97080588605,9.936759026427666
211,16,0.09937447620323199,24.0,12904.910988116848,-12818.835363804634,10.06294612265314
211,32,0.09952492921108144,24.0,12852.953683392278,-12768.73297212259,10.047733848462327
