index,bin_size,m12,m23,m34,m13,m24,m14,m12_err,m23_err,m34_err,m13_err,m24_err,m14_err,corr12,corr23,corr34,corr13,corr24,corr14,corr12_err,corr23_err,corr34_err,corr13_err,corr24_err,corr14_err
1309,1,0.036443117675441894,,,,,,0.052955915448804965,,,,,,27.440023351072266,,,,,,39.873415041870366,,,,,
1309,2,0.0361259828953429,,,,,,0.05446380645828867,,,,,,27.68090775265558,,,,,,41.73194697007747,,,,,
1309,4,0.03912634023300876,,,,,,0.05473700813710898,,,,,,25.558229930136797,,,,,,35.755479079429875,,,,,
1309,8,0.034584113651879606,,,,,,0.050923558878663684,,,,,,28.9150102288555,,,,,,42.576057917455394,,,,,
1309,16,0.03682920548641032,,,,,,0.051122512089351126,,,,,,27.15236418469554,,,,,,37.690117067520205,,,,,
1309,32,0.029379457097808714,,,,,,0.04496844042275405,,,,,,34.03738866483634,,,,,,52.09790906704599,,,,,
