index,bin_size,m,n,a,b,corr
2283,1,0.04828374509941542,24.0,70348.68322076932,-70295.99894314914,20.710903802946866
2283,2,0.04808932193876275,24.0,70906.48734732636,-70853.36652721615,20.79463713947571
2283,4,0.046673343223421405,24.0,75410.8598163945,-75359.81923048214,21.425506101268198
2283,8,0.048894000046578734,24.0,68519.03668682248,-68468.6915691231,20.4524072288492
2283,16,0.047477975907994185,24.0,72713.50787664096,-72663.3790136129,21.062397477471723
2283,32,0.047729206978387506,24.0,72004.08086748293,-71951.5843889186,20.951531846167377
