index,bin_size,m12,m23,m34,m13,m24,m14,m12_err,m23_err,m34_err,m13_err,m24_err,m14_err,corr12,corr23,corr34,corr13,corr24,corr14,corr12_err,corr23_err,corr34_err,corr13_err,corr24_err,corr14_err
1854,1,0.10736104524758754,,,,,,0.06540129967123905,,,,,,9.314365351919584,,,,,,5.674046840951253,,,,,
1854,2,0.1045008685047699,,,,,,0.06460034694761747,,,,,,9.569298459508548,,,,,,5.915548926766451,,,,,
1854,4,0.10171007463686167,,,,,,0.06661189209194732,,,,,,9.83186772372676,,,,,,6.4390800440709866,,,,,
1854,8,0.10271808276878885,,,,,,0.05973374353795272,,,,,,9.735384199595405,,,,,,5.661427154272866,,,,,
1854,16,0.10461140666111768,,,,,,0.06410963654134848,,,,,,9.559187013319107,,,,,,5.85821398081293,,,,,
1854,32,0.10281755420037425,,,,,,0.0628028981283619,,,,,,9.725965646402821,,,,,,5.940802953750484,,,,,
