index,bin_size,m,n,a,b,corr
45,1,0.11945679041726207,16.0,13743.897971745198,-13690.362294240591,8.371227759485285
45,2,0.11779345181479095,16.0,14190.688888437102,-14137.219543660642,8.489436251280932
45,4,0.11769578018089517,16.0,14212.67772293761,-14161.472481505798,8.496481339118764
45,8,0.11511024403211952,16.0,14922.251152462719,-14867.442196326001,8.687324124870827
45,16,0.11969976793387425,16.0,13694.850555650983,-13642.615786405888,8.354235077150943
45,32,0.11776687700323489,16.0,14198.727546782566,-14145.3792408956,8.491351944167896
