index,bin_size,m12,m23,m34,m13,m24,m14,m12_err,m23_err,m34_err,m13_err,m24_err,m14_err,corr12,corr23,corr34,corr13,corr24,corr14,corr12_err,corr23_err,corr34_err,corr13_err,corr24_err,corr14_err
1803,1,0.032831604541680014,,,,,,0.05066801969043974,,,,,,30.458456537830525,,,,,,47.00561234039005,,,,,
1803,2,0.03424329425587079,,,,,,0.05300376220443721,,,,,,29.202797853730342,,,,,,45.20178875249428,,,,,
1803,4,0.03237944807334611,,,,,,0.051886163983113236,,,,,,30.88378769566406,,,,,,49.48945606382855,,,,,
1803,8,0.03731279675229532,,,,,,0.05679635778867746,,,,,,26.800456868419666,,,,,,40.794806867570024,,,,,
1803,16,0.035659241529619,,,,,,0.053968244687084305,,,,,,28.043221254983447,,,,,,42.441828866323625,,,,,
1803,32,0.03369513690917665,,,,,,0.0523488833055484,,,,,,29.67787318079294,,,,,,46.10764823677212,,,,,
