index,bin_size,m12,m23,m34,m13,m24,m14,m12_err,m23_err,m34_err,m13_err,m24_err,m14_err,corr12,corr23,corr34,corr13,corr24,corr14,corr12_err,corr23_err,corr34_err,corr13_err,corr24_err,corr14_err
923,1,0.09527854116168787,,,,,,0.06645242919695676,,,,,,10.495542729847196,,,,,,7.320161514177929,,,,,
923,2,0.09349945276169613,,,,,,0.06977560868537057,,,,,,10.695249763105238,,,,,,7.981517968503622,,,,,
923,4,0.09648933839262458,,,,,,0.06881861356194319,,,,,,10.363839328350474,,,,,,7.39174986207945,,,,,
923,8,0.09599739241723947,,,,,,0.06735165056606293,,,,,,10.416949615189937,,,,,,7.308518833481996,,,,,
923,16,0.095714206637919,,,,,,0.06403258399678315,,,,,,10.447769825674248,,,,,,6.989533972446955,,,,,
923,32,0.09662237611967141,,,,,,0.06443561282014508,,,,,,10.349569532024885,,,,,,6.90192978068312,,,,,
