index,bin_size,m12,m23,m34,m13,m24,m14,m12_err,m23_err,m34_err,m13_err,m24_err,m14_err,corr12,corr23,corr34,corr13,corr24,corr14,corr12_err,corr23_err,corr34_err,corr13_err,corr24_err,corr14_err
2048,1,0.13945443440156388,,,,,,0.06347342459591765,,,,,,7.170801016771294,,,,,,3.2638280710366434,,,,,
2048,2,0.1398465128115688,,,,,,0.06166870140321679,,,,,,7.150696716674047,,,,,,3.153272625680052,,,,,
2048,4,0.1432564904932296,,,,,,0.06089482120545245,,,,,,6.980486514481943,,,,,,2.967233643396696,,,,,
2048,8,0.1389151752060978,,,,,,0.06247080761172707,,,,,,7.198637575170435,,,,,,3.2372611729267824,,,,,
2048,16,0.13988543147027205,,,,,,0.06594084285804075,,,,,,7.14870726343305,,,,,,3.369841858023305,,,,,
2048,32,0.1435360794836944,,,,,,0.049403511150132286,,,,,,6.9668894649836055,,,,,,2.397925334195549,,,,,
