index,bin_size,m,n,a,b,corr
1598,1,-0.00004507368152673318,16.0,143357238929.21622,-143357238905.28638,-22185.89576285
1598,2,0.00001611790746843996,16.0,1120172156707.0613,-1120172156684.397,62042.79320737342
1598,4,-5.200884195882371e-6,16.0,10768276056236.588,-10768276056212.04,-192274.9983150398
1598,8,-9.178455364711527e-7,16.0,345388273569480.94,-345388273569457.2,-1089507.9403498622
1598,16,7.842350258000674e-6,16.0,4733111409108.285,-4733111409086.065,127512.79490224397
1598,32,0.0000162595078696386,16.0,1100757867408.5356,-1100757867387.4604,61502.476459776575
