index,bin_size,m12,m23,m34,m13,m24,m14,m12_err,m23_err,m34_err,m13_err,m24_err,m14_err,corr12,corr23,corr34,corr13,corr24,corr14,corr12_err,corr23_err,corr34_err,corr13_err,corr24_err,corr14_err
1042,1,0.016293225185705407,,,,,,0.037675850579029786,,,,,,61.37520279762251,,,,,,141.92174621692396,,,,,
1042,2,0.01731628739506596,,,,,,0.038731627304829076,,,,,,57.74909928354137,,,,,,129.16836846199598,,,,,
1042,4,0.013129168534822995,,,,,,0.032643332638064015,,,,,,76.16628557609431,,,,,,189.37386547150024,,,,,
1042,8,0.010264705685151861,,,,,,0.028171330645207614,,,,,,97.42120531000938,,,,,,267.37103535397927,,,,,
1042,16,0.0133436596842345,,,,,,0.03421202549971747,,,,,,74.94195922738479,,,,,,192.14490482812116,,,,,
1042,32,0.014764948124579711,,,,,,0.03530761813898717,,,,,,67.72797246305701,,,,,,161.95880736435197,,,,,
