index,bin_size,m12,m23,m34,m13,m24,m14,m12_err,m23_err,m34_err,m13_err,m24_err,m14_err,corr12,corr23,corr34,corr13,corr24,corr14,corr12_err,corr23_err,corr34_err,corr13_err,corr24_err,corr14_err
265,1,561389680001.2804,,,,,,4414212767605.366,,,,,,1.7812938777173802e-12,,,,,,1.400633189028234e-11,,,,,
265,2,803920553268.7017,,,,,,5443176323269.32,,,,,,1.243904010084142e-12,,,,,,8.422211409547954e-12,,,,,
265,4,1159982362923.6958,,,,,,7455099168520.346,,,,,,8.620820729373283e-13,,,,,,5.540521606684237e-12,,,,,
265,8,988410832744.4987,,,,,,7523772372118.041,,,,,,1.011725050830657e-12,,,,,,7.701239943398209e-12,,,,,
265,16,799383930308.5428,,,,,,4761487893051.98,,,,,,1.2509633507569063e-12,,,,,,7.451296709181661e-12,,,,,
265,32,389603255970.0332,,,,,,3372575898402.4976,,,,,,2.5667136623645574e-12,,,,,,2.2218594180478132e-11,,,,,
