index,bin_size,m,n,a,b,corr
1606,1,0.02985554424590192,16.0,264633.724237609,-264622.7226321955,33.49461633536503
1606,2,0.02453032130772954,16.0,392811.2701058776,-392800.7102361906,40.765874505072155
1606,4,0.020871462258096763,16.0,542583.9358012262,-542571.7656020768,47.912311443922206
1606,8,0.01957555654058091,16.0,617848.2947044167,-617839.346678407,51.08411594464556
1606,16,0.024268671051428183,16.0,401037.94150453346,-401025.59683551453,41.20538771492192
1606,32,0.0205191919608684,16.0,561606.2069916396,-561594.9792130316,48.73486255731088
