index,bin_size,m,n,a,b,corr
2569,1,0.03606072983389916,54.0,47231.20342545977,-47283.86334714637,27.73099725396968
2569,2,0.03689462912273382,54.0,44967.347989354865,-45030.05820124573,27.10421608178784
2569,4,0.03585955331796913,54.0,47745.7270717775,-47797.290701418206,27.886571568054155
2569,8,0.036435997630675496,54.0,46137.76401144483,-46191.8709641489,27.445385471155568
2569,16,0.03623443836857389,54.0,46756.01783038219,-46811.75969195015,27.598054365520387
2569,32,0.03609133595811846,54.0,47199.23303197202,-47245.846335353795,27.707480852480273
