index,bin_size,m,n,a,b,corr
1469,1,-1.1354589937474742e-6,16.0,184385819888281.56,-184385819888156.38,-880701.1133881598
1469,2,0.000024235576576819747,16.0,404288694468.8151,-404288694345.06104,41261.65502315533
1469,4,2.186156686738259e-6,16.0,49688572244967.67,-49688572244842.016,457423.7546952766
1469,8,-0.00004536100541713942,16.0,115346191551.7983,-115346191427.44533,-22045.366737443503
1469,16,-0.000028770149931823884,16.0,286684565133.2185,-286684565010.5394,-34758.24778006657
1469,32,0.000044797014528263756,16.0,118271750401.59892,-118271750279.5645,22322.916170430744
