index,bin_size,m12,m23,m34,m13,m24,m14,m12_err,m23_err,m34_err,m13_err,m24_err,m14_err,corr12,corr23,corr34,corr13,corr24,corr14,corr12_err,corr23_err,corr34_err,corr13_err,corr24_err,corr14_err
2453,1,0.08987091808227422,,,,,,0.043773176580962546,,,,,,11.127070039326059,,,,,,5.419630866731121,,,,,
2453,2,0.0924095831972125,,,,,,0.04251198215301432,,,,,,10.821388490259576,,,,,,4.97825721588826,,,,,
2453,4,0.09198991157901554,,,,,,0.041144724002746554,,,,,,10.87075726930166,,,,,,4.862210430130453,,,,,
2453,8,0.0925233973272839,,,,,,0.044109751322958614,,,,,,10.80807697173819,,,,,,5.152659773358566,,,,,
2453,16,0.09293461395031209,,,,,,0.042231690394423003,,,,,,10.760253445875984,,,,,,4.8897140987180245,,,,,
2453,32,0.09590150512045936,,,,,,0.02543603582017835,,,,,,10.427365021476215,,,,,,2.7656586814064523,,,,,
