index,bin_size,m,n,a,b,corr
1200,1,0.08373602049896471,16.0,29891.921561781186,-29888.203832039646,11.942291907845844
1200,2,0.08597913598987587,16.0,28317.959626612097,-28314.798305292097,11.630728646979552
1200,4,0.0851127234094183,16.0,28881.46751803472,-28878.216140967805,11.74912468949787
1200,8,0.08432494051506549,16.0,29457.77458325594,-29453.189522806606,11.85888770145459
1200,16,0.08647022420201933,16.0,27946.44283773501,-27944.6703241192,11.564674536563155
1200,32,0.08824487924273754,16.0,26765.44120575719,-26762.89321641184,11.332102310993859
