index,bin_size,m,n,a,b,corr
1422,1,0.049199903737532136,16.0,88659.94934892487,-88657.13667719456,20.325243019472623
1422,2,0.045221698587669584,16.0,105441.21426357709,-105437.35853533233,22.113278165819846
1422,4,0.046731485025647335,16.0,98699.10090471082,-98697.15616539947,21.398849179545152
1422,8,0.05348978104767408,16.0,74817.2790666677,-74816.16761057414,18.695159718614764
1422,16,0.05124610079090055,16.0,81695.22404787093,-81692.86980413279,19.513679764247815
1422,32,0.04922176083262726,16.0,88748.31847079251,-88745.04665204878,20.316217524204
