index,bin_size,m12,m23,m34,m13,m24,m14,m12_err,m23_err,m34_err,m13_err,m24_err,m14_err,corr12,corr23,corr34,corr13,corr24,corr14,corr12_err,corr23_err,corr34_err,corr13_err,corr24_err,corr14_err
595,1,0.014791240834110722,,,,,,0.03477393820597497,,,,,,67.60758013579608,,,,,,158.94419138088625,,,,,
595,2,0.01734703410955855,,,,,,0.03887696386576619,,,,,,57.646742012744454,,,,,,129.19386057895082,,,,,
595,4,0.016825859747730536,,,,,,0.03748948344444011,,,,,,59.43232708420023,,,,,,132.42040975577473,,,,,
595,8,0.015915394695469015,,,,,,0.03689515173835064,,,,,,62.83224633346303,,,,,,145.65804410710084,,,,,
595,16,0.015538901833464083,,,,,,0.03535922883077036,,,,,,64.35461210305299,,,,,,146.44081544854134,,,,,
595,32,0.02022927390976032,,,,,,0.042001724634405956,,,,,,49.433311569206396,,,,,,102.63761070014604,,,,,
