index,bin_size,m,n,a,b,corr
1528,1,0.16290869654483164,16.0,6041.827911862229,-6020.002443965715,6.138407716771615
1528,2,0.16463003096365747,16.0,5890.455311140982,-5870.582944456676,6.074225912165155
1528,4,0.16331326472390226,16.0,6013.377448722206,-5994.1304016279155,6.123201331444828
1528,8,0.1657874834175555,16.0,5799.970918507485,-5780.695238676458,6.03181844241752
1528,16,0.16346068822886523,16.0,5997.537243579654,-5979.201503237446,6.1176788794616845
1528,32,0.16354127482348482,16.0,5983.460769528663,-5963.502452959666,6.114664332165265
