index,bin_size,m12,m23,m34,m13,m24,m14,m12_err,m23_err,m34_err,m13_err,m24_err,m14_err,corr12,corr23,corr34,corr13,corr24,corr14,corr12_err,corr23_err,corr34_err,corr13_err,corr24_err,corr14_err
307,1,0.019406497879096558,,,,,,0.03343834624477818,,,,,,51.52913247047713,,,,,,88.78721879524768,,,,,
307,2,0.018962862696377578,,,,,,0.03125345437395392,,,,,,52.734653834256115,,,,,,86.91409751387471,,,,,
307,4,0.015885512606700337,,,,,,0.028575121707341146,,,,,,62.95043948271527,,,,,,113.23628731945867,,,,,
307,8,0.015076269386646204,,,,,,0.02826469042203015,,,,,,66.32940645686189,,,,,,124.35305388220208,,,,,
307,16,0.02015229118514322,,,,,,0.03395878103504777,,,,,,49.622149204415294,,,,,,83.61866568122602,,,,,
307,32,0.018957547452896177,,,,,,0.032013387002904146,,,,,,52.74943937155902,,,,,,89.07735670892197,,,,,
