index,bin_size,m,n,a,b,corr
2976,1,0.000011144366566587835,24.0,1454237027140.4504,-1454237027088.342,89731.43462438876
2976,2,-0.00001167417021740789,24.0,1325201747295.6533,-1325201747237.8662,-85659.19301989055
2976,4,1.552074521959968e-6,24.0,75071575318673.05,-75071575318615.2,644298.9597800978
2976,8,0.00002964339778858597,24.0,205073543139.27612,-205073543084.1677,33734.324490461906
2976,16,3.6435964483601965e-6,24.0,13597874411065.617,-13597874411007.28,274454.1043918436
2976,32,4.962793473360786e-6,24.0,7336408066472.036,-7336408066415.404,201499.41869791402
