index,bin_size,m,n,a,b,corr
39,1,0.00003182467159310777,16.0,258336402309.45267,-258336402173.21863,31422.162427484993
39,2,4.454495890643822e-6,16.0,13217280823108.281,-13217280822971.965,224492.29375211455
39,4,0.000028406580602607288,16.0,324713329964.71173,-324713329826.9852,35203.11064501073
39,8,-1.1788128613035372e-6,16.0,188655659341336.0,-188655659341197.25,-848311.0702526565
39,16,-9.523622562153962e-8,16.0,2.8946245730046468e16,-2.8946245730046332e16,-10500206.129271775
39,32,-0.000054635924054382865,16.0,87788504181.13791,-87788504043.7133,-18302.97587727503
