index,bin_size,m12,m23,m34,m13,m24,m14,m12_err,m23_err,m34_err,m13_err,m24_err,m14_err,corr12,corr23,corr34,corr13,corr24,corr14,corr12_err,corr23_err,corr34_err,corr13_err,corr24_err,corr14_err
929,1,0.13048170229472433,,,,,,0.06616531298247508,,,,,,7.663909823472867,,,,,,3.8862536525939406,,,,,
929,2,0.13188328256954618,,,,,,0.06355577902148613,,,,,,7.582462162880035,,,,,,3.6540589548084492,,,,,
929,4,0.13124510039430737,,,,,,0.06804628469481226,,,,,,7.619332051220512,,,,,,3.9503740435566526,,,,,
929,8,0.13025973426658383,,,,,,0.0699521778774249,,,,,,7.676969445933646,,,,,,4.122691753250959,,,,,
929,16,0.13019605272481616,,,,,,0.0722327150525997,,,,,,7.680724408086405,,,,,,4.261262657013753,,,,,
929,32,0.1325828337621292,,,,,,0.05840402675569719,,,,,,7.5424545668870655,,,,,,3.3225245367619327,,,,,
