index,bin_size,m,n,a,b,corr
207,1,0.06247154028403939,24.0,42371.81838458962,-42357.028701519965,16.007289006374734
207,2,0.06287578047261087,24.0,41759.30131652737,-41746.80822015853,15.904375142279259
207,4,0.06340276479192937,24.0,41035.798918645414,-41023.072975790375,15.772182857983056
207,8,0.06414507477899722,24.0,40030.03432282343,-40017.16869324513,15.589661457958517
207,16,0.06204238792873276,24.0,42994.66121955068,-42982.63939500231,16.118012755226093
207,32,0.06432214042590549,24.0,39824.25266647023,-39812.867718135814,15.546746320606799
