index,bin_size,m,n,a,b,corr
1274,1,0.24794418458178472,16.0,1979.2882776346592,-1953.4489090735524,4.033165777558895
1274,2,0.24733065528627152,16.0,1992.1448330535286,-1966.149375577657,4.043170462806382
1274,4,0.24663797692116204,16.0,2007.6071809180012,-1981.4952951681623,4.05452563503491
1274,8,0.2468940866148018,16.0,2003.202694388087,-1977.8460911117927,4.050319769546267
1274,16,0.2466070844635616,16.0,2008.7049630058382,-1984.2853003623063,4.055033545266048
1274,32,0.24720076494084542,16.0,1996.4728073159133,-1971.397530108892,4.045294925520549
