index,bin_size,m12,m23,m34,m13,m24,m14,m12_err,m23_err,m34_err,m13_err,m24_err,m14_err,corr12,corr23,corr34,corr13,corr24,corr14,corr12_err,corr23_err,corr34_err,corr13_err,corr24_err,corr14_err
1302,1,0.11482027225370235,,,,,,0.06545942456562258,,,,,,8.709263446009249,,,,,,4.965180471846458,,,,,
1302,2,0.1131322551024345,,,,,,0.06659020455382497,,,,,,8.839212115895327,,,,,,5.202803942687885,,,,,
1302,4,0.11537979364483857,,,,,,0.07062430026279821,,,,,,8.667028848033777,,,,,,5.305113039411763,,,,,
1302,8,0.11326289926878615,,,,,,0.06790983976032629,,,,,,8.82901644277075,,,,,,5.293676002827553,,,,,
1302,16,0.1112288019108667,,,,,,0.06539152095889035,,,,,,8.99047713200535,,,,,,5.28551026090407,,,,,
1302,32,0.11530369007974675,,,,,,0.06243361897662439,,,,,,8.672749322318968,,,,,,4.696043346877673,,,,,
