index,bin_size,m12,m23,m34,m13,m24,m14,m12_err,m23_err,m34_err,m13_err,m24_err,m14_err,corr12,corr23,corr34,corr13,corr24,corr14,corr12_err,corr23_err,corr34_err,corr13_err,corr24_err,corr14_err
394,1,0.06580134034711778,,,,,,0.029970200185991752,,,,,,15.19725882063741,,,,,,6.921817803864573,,,,,
394,2,0.06520249503775533,,,,,,0.029825553489733415,,,,,,15.336836411259304,,,,,,7.015523477781518,,,,,
394,4,0.06453321585981596,,,,,,0.030312815670524747,,,,,,15.495895976612685,,,,,,7.278797935764702,,,,,
394,8,0.06468536080809616,,,,,,0.030127420399789603,,,,,,15.459448436358384,,,,,,7.2002891592860125,,,,,
394,16,0.0655414449555755,,,,,,0.03067702717636592,,,,,,15.257521415309165,,,,,,7.14136527534106,,,,,
394,32,0.06465239464035903,,,,,,0.03092900072310082,,,,,,15.467331188004497,,,,,,7.399402607735712,,,,,
