index,bin_size,m,n,a,b,corr
224,1,0.00003560207269193861,24.0,138125299201.95087,-138125299223.06277,28088.2522951095
224,2,-6.829022902238044e-6,24.0,3754597340431.937,-3754597340450.78,-146433.83311429145
224,4,0.000014722157912353799,24.0,807751952926.4976,-807751952945.0922,67924.82501229459
224,8,-0.000012571086858492751,24.0,1106645294984.079,-1106645295002.467,-79547.61678576915
224,16,-6.57445211200687e-7,24.0,404640524248924.9,-404640524248947.6,-1521039.2941697878
224,32,-2.577025342360822e-6,24.0,26369043962476.1,-26369043962494.57,-388044.3019174567
