index,bin_size,m12,m23,m34,m13,m24,m14,m12_err,m23_err,m34_err,m13_err,m24_err,m14_err,corr12,corr23,corr34,corr13,corr24,corr14,corr12_err,corr23_err,corr34_err,corr13_err,corr24_err,corr14_err
1427,1,0.22914512237946336,,,,,,0.04897419114102208,,,,,,4.3640466339231265,,,,,,0.9327087209133627,,,,,
1427,2,0.22566552364263115,,,,,,0.04479867187209854,,,,,,4.431337068499758,,,,,,0.8797002399035716,,,,,
1427,4,0.22902950211978143,,,,,,0.04188380353667498,,,,,,4.366249722173366,,,,,,0.7984785534744256,,,,,
1427,8,0.22842514212122353,,,,,,0.04529500464475033,,,,,,4.377801807251617,,,,,,0.8680854977339842,,,,,
1427,16,0.2272530809966065,,,,,,0.043910654701206,,,,,,4.4003803847875345,,,,,,0.8502572672854138,,,,,
1427,32,0.2286979507973782,,,,,,0.04493014677771496,,,,,,4.37257962528042,,,,,,0.8590398107027875,,,,,
