index,bin_size,m12,m23,m34,m13,m24,m14,m12_err,m23_err,m34_err,m13_err,m24_err,m14_err,corr12,corr23,corr34,corr13,corr24,corr14,corr12_err,corr23_err,corr34_err,corr13_err,corr24_err,corr14_err
903,1,0.0845607178051859,,,,,,0.06657971393122093,,,,,,11.825822035993555,,,,,,9.311177442603176,,,,,
903,2,0.08380228699291671,,,,,,0.06684896312635277,,,,,,11.93284856396012,,,,,,9.518816040330096,,,,,
903,4,0.08541732995905763,,,,,,0.06902121872256005,,,,,,11.707226162177179,,,,,,9.459989184412844,,,,,
903,8,0.08512021558266587,,,,,,0.06909399786672829,,,,,,11.748090546467587,,,,,,9.53618993560284,,,,,
903,16,0.08542786431002485,,,,,,0.06802354082365258,,,,,,11.705782511089316,,,,,,9.32094909485454,,,,,
903,32,0.0845085500294917,,,,,,0.07085886350876472,,,,,,11.833122206581713,,,,,,9.921855138043359,,,,,
