index,bin_size,m,n,a,b,corr
1419,1,0.09379265927830707,16.0,24999.294550021532,-24957.160360806403,10.661815196354988
1419,2,0.09568495785154613,16.0,23952.29086731815,-23907.723920810302,10.450963479040102
1419,4,0.09376909493857617,16.0,25032.711234650546,-24991.200927447106,10.66449452940816
1419,8,0.09340329599155288,16.0,25237.085614565633,-25195.673409136823,10.706260302531906
1419,16,0.09445076754144087,16.0,24634.10268044942,-24592.560998589954,10.587526454575858
1419,32,0.0948705728189992,16.0,24396.03029167408,-24353.9405572607,10.540676316014986
