index,bin_size,m,n,a,b,corr
1551,1,-0.000050745641832753425,16.0,103246388489.93208,-103246388521.06519,-19706.125765356996
1551,2,0.000020418715221428754,16.0,637279675349.0536,-637279675378.8639,48974.677846064165
1551,4,-0.000024344795205511705,16.0,448544230564.31757,-448544230594.3097,-41076.54188742562
1551,8,-3.2841038035660274e-7,16.0,2465340410194820.0,-2465340410194851.5,-3044970.7433551736
1551,16,0.00006515866993772173,16.0,62583329177.939415,-62583329206.763374,15347.151821174282
1551,32,-3.108274279361635e-6,16.0,27540426325302.1,-27540426325332.395,-321721.9299595967
