index,bin_size,m12,m23,m34,m13,m24,m14,m12_err,m23_err,m34_err,m13_err,m24_err,m14_err,corr12,corr23,corr34,corr13,corr24,corr14,corr12_err,corr23_err,corr34_err,corr13_err,corr24_err,corr14_err
806,1,0.133669884979519,,,,,,0.06260536196253136,,,,,,7.481116634111121,,,,,,3.5038409349585597,,,,,
806,2,0.1320538147088702,,,,,,0.06324108727359223,,,,,,7.5726702950962075,,,,,,3.6265813606530384,,,,,
806,4,0.13568672325440168,,,,,,0.06135641799601668,,,,,,7.3699178225793,,,,,,3.3326161003287367,,,,,
806,8,0.1294236512670458,,,,,,0.06187331317755633,,,,,,7.726563037049957,,,,,,3.69382295969307,,,,,
806,16,0.13492125796672827,,,,,,0.05218613544093073,,,,,,7.4117304794667795,,,,,,2.866780049949657,,,,,
806,32,0.13432973669695028,,,,,,0.05252270832604096,,,,,,7.444368049764094,,,,,,2.910735786161448,,,,,
