index,bin_size,m12,m23,m34,m13,m24,m14,m12_err,m23_err,m34_err,m13_err,m24_err,m14_err,corr12,corr23,corr34,corr13,corr24,corr14,corr12_err,corr23_err,corr34_err,corr13_err,corr24_err,corr14_err
2609,1,0.0912200938880124,,,,,,0.017436718753117076,,,,,,10.962496938751935,,,,,,2.0954810262264396,,,,,
2609,2,0.0904165626278014,,,,,,0.016849666262739125,,,,,,11.059920560312461,,,,,,2.0610822278303544,,,,,
2609,4,0.09167701878758665,,,,,,0.017815196541657974,,,,,,10.907859060262146,,,,,,2.1196768347967603,,,,,
2609,8,0.090582879605523,,,,,,0.016067823430507094,,,,,,11.039613714587942,,,,,,1.9582349852365286,,,,,
2609,16,0.09074867814030069,,,,,,0.015478678317165052,,,,,,11.019444255198565,,,,,,1.879547298710503,,,,,
2609,32,0.09116691776699067,,,,,,0.015964045832944973,,,,,,10.968891177782867,,,,,,1.9207392965314636,,,,,
