index,bin_size,m,n,a,b,corr
127,1,0.1363766765267912,16.0,10965.47919176533,-10978.013169986523,7.332632129391642
127,2,0.13181677892052612,16.0,11838.554238117174,-11852.341085764949,7.58628763492174
127,4,0.13451189279433085,16.0,11304.09460633832,-11317.182357750586,7.434286881450724
127,8,0.13475609703270866,16.0,11255.589163691411,-11266.992838987111,7.4208145087288715
127,16,0.13532017319032758,16.0,11174.512696922078,-11186.873460135024,7.389881171623257
127,32,0.13427166647210695,16.0,11373.484933140224,-11386.689899543857,7.44758761304073
