index,bin_size,m12,m23,m34,m13,m24,m14,m12_err,m23_err,m34_err,m13_err,m24_err,m14_err,corr12,corr23,corr34,corr13,corr24,corr14,corr12_err,corr23_err,corr34_err,corr13_err,corr24_err,corr14_err
954,1,0.09875734293189119,,,,,,0.06766457119343035,,,,,,10.125829333922624,,,,,,6.93781221240692,,,,,
954,2,0.09593787338668139,,,,,,0.0668989716872946,,,,,,10.423412201034106,,,,,,7.268407492330206,,,,,
954,4,0.09551505172165353,,,,,,0.06566785603939447,,,,,,10.46955408571796,,,,,,7.19795632316786,,,,,
954,8,0.09597497583658757,,,,,,0.06217327978912938,,,,,,10.419382670152027,,,,,,6.749751050569277,,,,,
954,16,0.09605769294187029,,,,,,0.06346468880350555,,,,,,10.410410341680329,,,,,,6.8780899521640535,,,,,
954,32,0.09543319033498249,,,,,,0.06200220897210832,,,,,,10.47853473712735,,,,,,6.807823339158677,,,,,
