index,bin_size,m12,m23,m34,m13,m24,m14,m12_err,m23_err,m34_err,m13_err,m24_err,m14_err,corr12,corr23,corr34,corr13,corr24,corr14,corr12_err,corr23_err,corr34_err,corr13_err,corr24_err,corr14_err
2145,1,0.07589391903408539,,,,,,0.04641811347834031,,,,,,13.176286225921224,,,,,,8.058858430847595,,,,,
2145,2,0.07696439526188917,,,,,,0.045016347198433664,,,,,,12.993020949456804,,,,,,7.5995964137315415,,,,,
2145,4,0.07428698896659654,,,,,,0.04534022165676611,,,,,,13.461307476732625,,,,,,8.215956431608522,,,,,
2145,8,0.07796825472930179,,,,,,0.04235974403264695,,,,,,12.825732773830875,,,,,,6.968153374945656,,,,,
2145,16,0.076407823493227,,,,,,0.04239184219710214,,,,,,13.087665035880033,,,,,,7.261170460885296,,,,,
2145,32,0.07472325223012283,,,,,,0.04706740694445929,,,,,,13.38271515431812,,,,,,8.42963443628259,,,,,
