index,bin_size,m12,m23,m34,m13,m24,m14,m12_err,m23_err,m34_err,m13_err,m24_err,m14_err,corr12,corr23,corr34,corr13,corr24,corr14,corr12_err,corr23_err,corr34_err,corr13_err,corr24_err,corr14_err
2015,1,0.04439267619692924,,,,,,0.055760152207513417,,,,,,22.52623823722465,,,,,,28.294452607415465,,,,,
2015,2,0.04431217550417942,,,,,,0.05783766777557668,,,,,,22.56716102565721,,,,,,29.455379863189012,,,,,
2015,4,0.045861364397277816,,,,,,0.058800183760088574,,,,,,21.80484626094894,,,,,,27.956625012237556,,,,,
2015,8,0.04618213920915029,,,,,,0.059737021315531505,,,,,,21.653392786141556,,,,,,28.00886248601981,,,,,
2015,16,0.044495317375331106,,,,,,0.05899396668225099,,,,,,22.47427502459878,,,,,,29.79744184820661,,,,,
2015,32,0.04298598773463003,,,,,,0.057576550670409773,,,,,,23.26339471767885,,,,,,31.15959630838311,,,,,
