index,bin_size,m12,m23,m34,m13,m24,m14,m12_err,m23_err,m34_err,m13_err,m24_err,m14_err,corr12,corr23,corr34,corr13,corr24,corr14,corr12_err,corr23_err,corr34_err,corr13_err,corr24_err,corr14_err
476,1,0.0029332515182823485,,,,,,0.01070877723427854,,,,,,340.91859963839016,,,,,,1244.632898268321,,,,,
476,2,0.0036058317946780494,,,,,,0.011787044767714267,,,,,,277.32852139024584,,,,,,906.5546822831477,,,,,
476,4,0.0033585349198646947,,,,,,0.01110973526748073,,,,,,297.74887677520024,,,,,,984.9268434271578,,,,,
476,8,0.0046483697449741,,,,,,0.013732102999809197,,,,,,215.1291861154586,,,,,,635.5295090707248,,,,,
476,16,0.003852151406519211,,,,,,0.012527127375385359,,,,,,259.59519615652806,,,,,,844.1989281074113,,,,,
476,32,0.004869190951472653,,,,,,0.013821266777846071,,,,,,205.37292744651077,,,,,,582.9539337180773,,,,,
