index,bin_size,m,n,a,b,corr
2567,1,0.03216963214754129,54.0,69774.69079884549,-70047.74719855761,31.085217120719534
2567,2,0.032252631494072356,54.0,69406.09020991763,-69678.70363730144,31.00522201370725
2567,4,0.0330525546132832,54.0,65999.77844006738,-66274.85555073115,30.254847520866626
2567,8,0.03323668044461988,54.0,65043.458523008136,-65314.445918077035,30.087240561410308
2567,16,0.03281461120727343,54.0,66875.45228379195,-67150.415020976,30.474229716863075
2567,32,0.03276491524080181,54.0,67047.73057488892,-67321.62458106871,30.52045130135757
