index,bin_size,m12,m23,m34,m13,m24,m14,m12_err,m23_err,m34_err,m13_err,m24_err,m14_err,corr12,corr23,corr34,corr13,corr24,corr14,corr12_err,corr23_err,corr34_err,corr13_err,corr24_err,corr14_err
819,1,0.04053153796470456,,,,,,0.05585300756368219,,,,,,24.672145450557892,,,,,,33.9985501577135,,,,,
819,2,0.03896365068273486,,,,,,0.054771120664925406,,,,,,25.664946237779226,,,,,,36.077160189486726,,,,,
819,4,0.03949434343741927,,,,,,0.05455339972121977,,,,,,25.320081636109464,,,,,,34.974541016419934,,,,,
819,8,0.040458410149335586,,,,,,0.05644700812280584,,,,,,24.716739889405222,,,,,,34.48444988710086,,,,,
819,16,0.041364535274269955,,,,,,0.05712175236054151,,,,,,24.175298800516963,,,,,,33.384526676508116,,,,,
819,32,0.03940536873074433,,,,,,0.053416842035437465,,,,,,25.377252699574242,,,,,,34.40071092873468,,,,,
