index,bin_size,m,n,a,b,corr
2422,1,0.035938916606583285,24.0,111035.74578627963,-110971.4343276083,27.824990133865644
2422,2,0.035297218384831165,24.0,115186.35829983227,-115122.44261405471,28.330844348622833
2422,4,0.03229011878544784,24.0,138186.64361744167,-138125.0535391251,30.969226426341585
2422,8,0.035683816876175854,24.0,112672.83782466107,-112605.51984620943,28.023907965620282
2422,16,0.03569452730498499,24.0,112491.0427137686,-112425.67322434604,28.015499167580877
2422,32,0.036959267267826224,24.0,104843.8185173051,-104779.78536285332,27.05681345773107
