index,bin_size,m12,m23,m34,m13,m24,m14,m12_err,m23_err,m34_err,m13_err,m24_err,m14_err,corr12,corr23,corr34,corr13,corr24,corr14,corr12_err,corr23_err,corr34_err,corr13_err,corr24_err,corr14_err
27,1,0.13295113027301514,,,,,,0.06641709427659262,,,,,,7.521560726460167,,,,,,3.757472440065568,,,,,
27,2,0.13334971153695424,,,,,,0.06434524347577894,,,,,,7.499078839198518,,,,,,3.618530915371124,,,,,
27,4,0.13200902871995374,,,,,,0.06534846356520373,,,,,,7.5752394339740015,,,,,,3.7499727325386996,,,,,
27,8,0.13365387347300037,,,,,,0.06080842898454119,,,,,,7.482012859148535,,,,,,3.4040872575149628,,,,,
27,16,0.13716625589539955,,,,,,0.053802248508431516,,,,,,7.290422804589647,,,,,,2.859603748047073,,,,,
27,32,0.1328730134310287,,,,,,0.056431589118190975,,,,,,7.525982697149236,,,,,,3.1963086582407794,,,,,
