index,bin_size,m12,m23,m34,m13,m24,m14,m12_err,m23_err,m34_err,m13_err,m24_err,m14_err,corr12,corr23,corr34,corr13,corr24,corr14,corr12_err,corr23_err,corr34_err,corr13_err,corr24_err,corr14_err
2033,1,0.043667290124473686,,,,,,0.05691627088704063,,,,,,22.900436394140748,,,,,,29.84859920377458,,,,,
2033,2,0.044854441411014495,,,,,,0.05959957524932666,,,,,,22.294336269550314,,,,,,29.623219693124337,,,,,
2033,4,0.04487554479993629,,,,,,0.05809185739528804,,,,,,22.28385202805203,,,,,,28.84667718247148,,,,,
2033,8,0.04498281684969585,,,,,,0.059617390068576505,,,,,,22.230710969954774,,,,,,29.463183060011897,,,,,
2033,16,0.043398104374799,,,,,,0.056392023744574755,,,,,,23.042481103868067,,,,,,29.94167971764692,,,,,
2033,32,0.038747566602651926,,,,,,0.050586806541408465,,,,,,25.808072291475433,,,,,,33.69367613723126,,,,,
