index,bin_size,m,n,a,b,corr
1299,1,0.10572240795091034,16.0,20885.02221795749,-20854.25358808396,9.458732726408634
1299,2,0.10834127351562378,16.0,19857.07997739117,-19829.800195014934,9.230092720442233
1299,4,0.1069090063154124,16.0,20423.106335775563,-20393.344316294802,9.353748897915219
1299,8,0.10555864888947217,16.0,20969.143635218592,-20938.30152499425,9.473406589800852
1299,16,0.10637157064848782,16.0,20642.996713743705,-20612.944286933664,9.401008125606877
1299,32,0.10634804024810696,16.0,20641.266631253275,-20610.650845656826,9.403088177901806
