index,bin_size,m,n,a,b,corr
2016,1,0.05509622854173464,16.0,72285.72995666045,-72252.56468016336,18.150062653426698
2016,2,0.060134298133529114,16.0,60361.3709908349,-60329.0652272603,16.62944494304207
2016,4,0.05867923362257802,16.0,63456.683373367036,-63425.61142148019,17.041804029547343
2016,8,0.059334117085460616,16.0,62056.30350871791,-62024.81624353814,16.853709958465743
2016,16,0.05544582277464012,16.0,71212.07402783338,-71179.65773654365,18.035623784762038
2016,32,0.059913823014796315,16.0,60820.403378043215,-60788.83294572924,16.690639149383607
