index,bin_size,m,n,a,b,corr
806,1,0.11557843719281113,16.0,17205.77651060984,-17286.556518276982,8.652132908941937
806,2,0.11389990577778837,16.0,17788.709813427264,-17869.37687602284,8.779638518322725
806,4,0.11627619424796735,16.0,17003.45521779203,-17085.68919595401,8.600212678679766
806,8,0.11099694072913253,16.0,18828.884878320398,-18908.485131224643,9.00925731313906
806,16,0.11407029401451414,16.0,17722.693896388293,-17803.025945692603,8.76652426154667
806,32,0.11389734049224258,16.0,17791.44204964539,-17871.00949106509,8.779836260251475
