index,bin_size,m12,m23,m34,m13,m24,m14,m12_err,m23_err,m34_err,m13_err,m24_err,m14_err,corr12,corr23,corr34,corr13,corr24,corr14,corr12_err,corr23_err,corr34_err,corr13_err,corr24_err,corr14_err
2208,1,0.22355582322676737,,,,,,0.029884538273065017,,,,,,4.473155677924946,,,,,,0.597963363820443,,,,,
2208,2,0.2249494334986096,,,,,,0.03087813488812057,,,,,,4.4454435134471275,,,,,,0.6102127145236375,,,,,
2208,4,0.22405854351169247,,,,,,0.02954075874754749,,,,,,4.463119255918109,,,,,,0.5884351791911485,,,,,
2208,8,0.224773524745103,,,,,,0.02979857426231791,,,,,,4.448922537180556,,,,,,0.5898005504065169,,,,,
2208,16,0.2234919004196372,,,,,,0.032414927680224255,,,,,,4.474435082982249,,,,,,0.6489653063596391,,,,,
2208,32,0.22514876926755775,,,,,,0.03469693856589594,,,,,,4.441507733989166,,,,,,0.6844661931198013,,,,,
