index,bin_size,m,n,a,b,corr
2360,1,0.19392508230396294,24.0,1735.2889913907554,-1724.1189302216771,5.156630530302292
2360,2,0.19384475037526055,24.0,1738.2273512075535,-1723.9377803675234,5.158767508865306
2360,4,0.19352009771761208,24.0,1748.3137874448562,-1734.5892722338058,5.167421946320105
2360,8,0.19426121567981658,24.0,1727.1755557538481,-1714.3723518694546,5.147707927701898
2360,16,0.19447956231390032,24.0,1720.750051718672,-1710.2517757361254,5.141928478767075
2360,32,0.19369455459840165,24.0,1742.6986292891847,-1726.6770185463113,5.162767750871257
