index,bin_size,m12,m23,m34,m13,m24,m14,m12_err,m23_err,m34_err,m13_err,m24_err,m14_err,corr12,corr23,corr34,corr13,corr24,corr14,corr12_err,corr23_err,corr34_err,corr13_err,corr24_err,corr14_err
2312,1,0.02760413390319749,,,,,,0.03746953069594368,,,,,,36.22645809163266,,,,,,49.17337338783579,,,,,
2312,2,0.02956348086643005,,,,,,0.038952137490698854,,,,,,33.825516166992394,,,,,,44.56769358058509,,,,,
2312,4,0.02850172964587924,,,,,,0.03803634040907591,,,,,,35.08558997732895,,,,,,46.82268270774545,,,,,
2312,8,0.02884173121776913,,,,,,0.03872799266329832,,,,,,34.671982498190296,,,,,,46.55671581131195,,,,,
2312,16,0.029640474913300907,,,,,,0.04014468895634792,,,,,,33.737651064128485,,,,,,45.69385315346175,,,,,
2312,32,0.03308640421136561,,,,,,0.041802337326454324,,,,,,30.223894794118696,,,,,,38.18575864067489,,,,,
