index,bin_size,m12,m23,m34,m13,m24,m14,m12_err,m23_err,m34_err,m13_err,m24_err,m14_err,corr12,corr23,corr34,corr13,corr24,corr14,corr12_err,corr23_err,corr34_err,corr13_err,corr24_err,corr14_err
752,1,0.07345733361252006,,,,,,0.06682092472749458,,,,,,13.613344656299368,,,,,,12.383464438913135,,,,,
752,2,0.07423453398230359,,,,,,0.06726653309411702,,,,,,13.470819393011682,,,,,,12.20638522120854,,,,,
752,4,0.07532982378236701,,,,,,0.06716493383298487,,,,,,13.274954722966937,,,,,,11.836101703621006,,,,,
752,8,0.07318845887707448,,,,,,0.06532490985202588,,,,,,13.663356427269157,,,,,,12.195331621705186,,,,,
752,16,0.07472999869258089,,,,,,0.06480233192691051,,,,,,13.381506991773557,,,,,,11.603812029094467,,,,,
752,32,0.07009650942953503,,,,,,0.059061701082861344,,,,,,14.266045601104523,,,,,,12.020240776381458,,,,,
