index,bin_size,m12,m23,m34,m13,m24,m14,m12_err,m23_err,m34_err,m13_err,m24_err,m14_err,corr12,corr23,corr34,corr13,corr24,corr14,corr12_err,corr23_err,corr34_err,corr13_err,corr24_err,corr14_err
985,1,0.25744617572427253,,,,,,0.04433039981257203,,,,,,3.8843070680180163,,,,,,0.6688500415110397,,,,,
985,2,0.2587186138874399,,,,,,0.04323616720137633,,,,,,3.865203144738042,,,,,,0.6459394897109592,,,,,
985,4,0.2556775396253015,,,,,,0.042747512536228514,,,,,,3.9111765603874007,,,,,,0.6539216127141516,,,,,
985,8,0.2582956750672058,,,,,,0.04249468519968428,,,,,,3.8715321103994893,,,,,,0.6369426752077416,,,,,
985,16,0.2589657644534015,,,,,,0.043775903244111125,,,,,,3.8615142897776384,,,,,,0.6527553025468577,,,,,
985,32,0.2583550348317411,,,,,,0.037814766019564565,,,,,,3.870642585507459,,,,,,0.5665360607802814,,,,,
