index,bin_size,m,n,a,b,corr
2612,1,0.16951377756151997,54.0,228.44887478816648,-259.50611543073114,5.899225504765121
2612,2,0.16941590033332715,54.0,228.9600763433181,-268.6969341785671,5.902633684515396
2612,4,0.16887116691086626,54.0,232.6521230443023,-268.8592179498595,5.921674009203839
2612,8,0.1695292630658913,54.0,228.1089779429554,-265.56685345732143,5.898686645097536
2612,16,0.1691832863063988,54.0,230.75099576133286,-266.23408706247824,5.910749352562838
2612,32,0.16911528319283717,54.0,230.82377668253707,-265.21995154982244,5.913126129823107
