index,bin_size,m12,m23,m34,m13,m24,m14,m12_err,m23_err,m34_err,m13_err,m24_err,m14_err,corr12,corr23,corr34,corr13,corr24,corr14,corr12_err,corr23_err,corr34_err,corr13_err,corr24_err,corr14_err
2450,1,0.03863035241416499,,,,,,0.04190116631655219,,,,,,25.88638046266748,,,,,,28.078168210084733,,,,,
2450,2,0.039403823085361826,,,,,,0.04101538019823548,,,,,,25.37824814190406,,,,,,26.416180329772182,,,,,
2450,4,0.0399460294859882,,,,,,0.04083188740861481,,,,,,25.033777145504992,,,,,,25.58893544541546,,,,,
2450,8,0.03862928508781323,,,,,,0.041172152121653885,,,,,,25.88709570282677,,,,,,27.591177000602677,,,,,
2450,16,0.0414681168852362,,,,,,0.044469426120771094,,,,,,24.114912253370917,,,,,,25.860260590756443,,,,,
2450,32,0.04082091335453544,,,,,,0.04280891043557254,,,,,,24.497247068306816,,,,,,25.69027416307729,,,,,
