index,bin_size,m12,m23,m34,m13,m24,m14,m12_err,m23_err,m34_err,m13_err,m24_err,m14_err,corr12,corr23,corr34,corr13,corr24,corr14,corr12_err,corr23_err,corr34_err,corr13_err,corr24_err,corr14_err
857,1,0.02895046769449358,,,,,,0.049428013660914295,,,,,,34.54175630434466,,,,,,58.97419069357062,,,,,
857,2,0.02865017613554701,,,,,,0.04802797845180134,,,,,,34.90379937871566,,,,,,58.511295585616004,,,,,
857,4,0.027416518630922173,,,,,,0.04742037021561707,,,,,,36.47436107632329,,,,,,63.08706546229959,,,,,
857,8,0.027648268155353775,,,,,,0.04653114464518611,,,,,,36.168630685331415,,,,,,60.870640308499226,,,,,
857,16,0.024697059235080292,,,,,,0.042535890759318636,,,,,,40.49065074839259,,,,,,69.73728655762166,,,,,
857,32,0.02177900152645432,,,,,,0.039629497388123484,,,,,,45.91578722217036,,,,,,83.54926499198757,,,,,
