index,bin_size,m,n,a,b,corr
2092,1,-0.00002619256280356547,16.0,445129536445.99695,-445129536283.96857,-38178.7764526759
2092,2,-3.8830648741577933e-8,16.0,2.031625732658787e17,-2.0316257326587853e17,-25752853.28491691
2092,4,2.8800631902943086e-6,16.0,36784070463245.52,-36784070463086.21,347214.60396075953
2092,8,-0.00005548908355318854,16.0,99253539705.35655,-99253539546.07185,-18021.562728486213
2092,16,-1.6446316235144952e-7,16.0,1.128991803782356e16,-1.1289918037823396e16,-6080388.980135565
2092,32,-0.00004053545478454623,16.0,185850847519.5016,-185850847358.04468,-24669.761454884203
