index,bin_size,m12,m23,m34,m13,m24,m14,m12_err,m23_err,m34_err,m13_err,m24_err,m14_err,corr12,corr23,corr34,corr13,corr24,corr14,corr12_err,corr23_err,corr34_err,corr13_err,corr24_err,corr14_err
1744,1,0.1478149005766697,,,,,,0.054598201611443076,,,,,,6.7652178237694836,,,,,,2.4988598933292763,,,,,
1744,2,0.1461213949254171,,,,,,0.058250524440114665,,,,,,6.843624785476607,,,,,,2.7281749741634673,,,,,
1744,4,0.14904284825281908,,,,,,0.058284085621093676,,,,,,6.70947993629131,,,,,,2.623781735682284,,,,,
1744,8,0.146724272158735,,,,,,0.06088655903664192,,,,,,6.81550492830621,,,,,,2.8282480947180852,,,,,
1744,16,0.15012871336903824,,,,,,0.06048086531148688,,,,,,6.660950977058295,,,,,,2.683431236099326,,,,,
1744,32,0.14777182970646527,,,,,,0.057886563418994744,,,,,,6.767189673338993,,,,,,2.650906840446093,,,,,
