index,bin_size,m12,m23,m34,m13,m24,m14,m12_err,m23_err,m34_err,m13_err,m24_err,m14_err,corr12,corr23,corr34,corr13,corr24,corr14,corr12_err,corr23_err,corr34_err,corr13_err,corr24_err,corr14_err
2216,1,0.10521497523404275,,,,,,0.04045210692990922,,,,,,9.504350476494203,,,,,,3.654147148913456,,,,,
2216,2,0.10381858478457978,,,,,,0.04134471429895658,,,,,,9.632186781152601,,,,,,3.8359221652585203,,,,,
2216,4,0.10523078669469031,,,,,,0.03698410842981877,,,,,,9.502922399519203,,,,,,3.3398696661241014,,,,,
2216,8,0.10567519684404308,,,,,,0.031180751328891778,,,,,,9.462958479044177,,,,,,2.7921609231176667,,,,,
2216,16,0.10662696573115035,,,,,,0.029138704151758378,,,,,,9.37849063923852,,,,,,2.5629263878318396,,,,,
2216,32,0.10677723776162955,,,,,,0.027555900807049387,,,,,,9.365291900811378,,,,,,2.41689202734329,,,,,
