index,bin_size,m,n,a,b,corr
377,1,0.06377641571516518,36.0,23580.811712681025,-23439.99844189854,15.679777372032737
377,2,0.06318408156461094,36.0,24143.902653701665,-24005.590633769978,15.82677116193289
377,4,0.06365001729224144,36.0,23736.798645650637,-23598.8746680046,15.71091482047239
377,8,0.06298355854218653,36.0,24226.126203371652,-24084.234767037655,15.87715942296588
377,16,0.06411990542738447,36.0,23305.96883068371,-23173.336764395917,15.595780956547042
377,32,0.06326349318425818,36.0,24025.693877525817,-23884.87048968403,15.806904577454306
