index,bin_size,m,n,a,b,corr
1361,1,0.1363135307061736,16.0,12984.841996274823,-12975.721993027946,7.336028894706857
1361,2,0.13482583161542824,16.0,13302.38674901008,-13293.847670813291,7.416976316914993
1361,4,0.1343988854004238,16.0,13399.703699370964,-13389.343339478963,7.4405378959850115
1361,8,0.1339506056718537,16.0,13492.457070204213,-13480.756577940909,7.465438435192715
1361,16,0.13495015893217244,16.0,13293.4497919096,-13283.612770679363,7.410143181102972
1361,32,0.1349117712213757,16.0,13277.829770740313,-13266.908958787837,7.412251658597733
