index,bin_size,m12,m23,m34,m13,m24,m14,m12_err,m23_err,m34_err,m13_err,m24_err,m14_err,corr12,corr23,corr34,corr13,corr24,corr14,corr12_err,corr23_err,corr34_err,corr13_err,corr24_err,corr14_err
1077,1,0.004442383583120968,,,,,,0.019425821460990388,,,,,,225.10437950462992,,,,,,984.344869038044,,,,,
1077,2,0.003898339410051432,,,,,,0.017771120269093877,,,,,,256.51948042841315,,,,,,1169.3795892437852,,,,,
1077,4,0.00398114805460248,,,,,,0.0176864460040781,,,,,,251.1838259428537,,,,,,1115.896498624346,,,,,
1077,8,0.0028709852108045088,,,,,,0.014123724613614006,,,,,,348.31248737773177,,,,,,1713.51271079082,,,,,
1077,16,0.0010986650910799233,,,,,,0.008270526677672828,,,,,,910.1954800594043,,,,,,6851.765893762174,,,,,
1077,32,0.0021851500741862182,,,,,,0.012576484696422533,,,,,,457.63447179819656,,,,,,2633.8845094055314,,,,,
