index,bin_size,m12,m23,m34,m13,m24,m14,m12_err,m23_err,m34_err,m13_err,m24_err,m14_err,corr12,corr23,corr34,corr13,corr24,corr14,corr12_err,corr23_err,corr34_err,corr13_err,corr24_err,corr14_err
2443,1,0.18052881360030987,,,,,,0.03120048891359602,,,,,,5.539281957582662,,,,,,0.9573447133457684,,,,,
2443,2,0.17950037679418282,,,,,,0.03162487701802478,,,,,,5.5710189463647275,,,,,,0.9815176557867826,,,,,
2443,4,0.1809889492481458,,,,,,0.03234345354313386,,,,,,5.525199213289786,,,,,,0.9873753332121117,,,,,
2443,8,0.18060895879590658,,,,,,0.0322109575818484,,,,,,5.536823902130068,,,,,,0.9874726095465319,,,,,
2443,16,0.17996814069861677,,,,,,0.031855468433488125,,,,,,5.55653904139982,,,,,,0.9835416054510407,,,,,
2443,32,0.1797437868893071,,,,,,0.035119437102289604,,,,,,5.563474639687197,,,,,,1.0870255993827693,,,,,
