index,bin_size,m12,m23,m34,m13,m24,m14,m12_err,m23_err,m34_err,m13_err,m24_err,m14_err,corr12,corr23,corr34,corr13,corr24,corr14,corr12_err,corr23_err,corr34_err,corr13_err,corr24_err,corr14_err
1639,1,0.06790540025624892,,,,,,0.06315382958704942,,,,,,14.72636927588062,,,,,,13.695915378973712,,,,,
1639,2,0.06570490320942818,,,,,,0.062009827088068764,,,,,,15.219564311853476,,,,,,14.363654845143326,,,,,
1639,4,0.06560194130495159,,,,,,0.062281596143421665,,,,,,15.243451338604224,,,,,,14.471926610976519,,,,,
1639,8,0.06957272357568627,,,,,,0.0626993086893379,,,,,,14.373449084713886,,,,,,12.953428797602852,,,,,
1639,16,0.0643237071526458,,,,,,0.062316588222441634,,,,,,15.546367649907245,,,,,,15.061267984678155,,,,,
1639,32,0.06562767800639742,,,,,,0.06381744422455421,,,,,,15.237473431598776,,,,,,14.817172272183543,,,,,
