index,bin_size,m12,m23,m34,m13,m24,m14,m12_err,m23_err,m34_err,m13_err,m24_err,m14_err,corr12,corr23,corr34,corr13,corr24,corr14,corr12_err,corr23_err,corr34_err,corr13_err,corr24_err,corr14_err
1202,1,0.16038317468999633,,,,,,0.061342450926910964,,,,,,6.235067998453665,,,,,,2.384753596880591,,,,,
1202,2,0.15984791911270063,,,,,,0.0625897972555065,,,,,,6.255946311662343,,,,,,2.44956839889928,,,,,
1202,4,0.1600762776076584,,,,,,0.06055788708454161,,,,,,6.2470218257508865,,,,,,2.363288602110711,,,,,
1202,8,0.1642378267340945,,,,,,0.056526087213279945,,,,,,6.088731322650945,,,,,,2.0955717973522674,,,,,
1202,16,0.16362893697757486,,,,,,0.0509936426716181,,,,,,6.111388477314674,,,,,,1.904565084856225,,,,,
1202,32,0.16376428433313936,,,,,,0.04384208239057428,,,,,,6.106337557496595,,,,,,1.6347554376131392,,,,,
