index,bin_size,m,n,a,b,corr
1662,1,0.15288818929947315,16.0,7340.02706380394,-7342.245860630594,6.540727603498709
1662,2,0.15437965665370365,16.0,7175.655645764485,-7177.049121422509,6.477537401467005
1662,4,0.1542805262319763,16.0,7177.405410255845,-7177.764558068897,6.481699436884208
1662,8,0.15417132799850752,16.0,7194.9102098898065,-7197.243986852433,6.486290369177339
1662,16,0.15377444800853848,16.0,7241.405836663151,-7243.716323106877,6.503030984344512
1662,32,0.15294770219845133,16.0,7332.765705476298,-7332.5594235509,6.538182565845212
