index,bin_size,m,n,a,b,corr
1711,1,0.12122369578277087,16.0,13021.711505044055,-13048.964654892286,8.249212281004608
1711,2,0.12216174007668634,16.0,12794.528754404051,-12821.634640524373,8.185868991160863
1711,4,0.12327132807642732,16.0,12552.09577587547,-12581.402469195455,8.112186471942668
1711,8,0.12248953208743996,16.0,12707.402301176577,-12733.498791802003,8.163962935919646
1711,16,0.120227515535038,16.0,13249.575117106106,-13277.486268514975,8.317563542337105
1711,32,0.12244736192296432,16.0,12729.262226116252,-12758.147505257673,8.166774557618751
