index,bin_size,m,n,a,b,corr
90,1,9.657165644856847e-7,16.0,284668292841540.7,-284668292841461.6,1035500.5151356949
90,2,-1.2929024706089055e-6,16.0,159111017856686.1,-159111017856602.03,-773453.5455942318
90,4,-1.041237985461094e-6,16.0,245225707875004.06,-245225707874919.28,-960395.235251783
90,8,3.184014552150851e-6,16.0,26319223247782.617,-26319223247699.613,314068.9163384899
90,16,-5.354015115771404e-7,16.0,928681629534717.9,-928681629534634.8,-1867757.1474430186
90,32,-2.314179362420948e-6,16.0,49613290960925.24,-49613290960841.38,-432118.6232314609
