index,bin_size,m,n,a,b,corr
53,1,0.14030290933055423,16.0,11990.597424648317,-11957.631618412779,7.127435951053559
53,2,0.1407500941954366,16.0,11902.50050524023,-11869.400765112878,7.104790982316955
53,4,0.1400468981675048,16.0,12037.376211165621,-12003.97240662311,7.140465180485025
53,8,0.1393680680430836,16.0,12171.149810824963,-12136.431502169822,7.175244760448747
53,16,0.1388130582286701,16.0,12280.64250887097,-12246.776878402754,7.203933208882091
53,32,0.13742308765727987,16.0,12564.343682659974,-12529.58873731857,7.2767976403928945
