index,bin_size,m12,m23,m34,m13,m24,m14,m12_err,m23_err,m34_err,m13_err,m24_err,m14_err,corr12,corr23,corr34,corr13,corr24,corr14,corr12_err,corr23_err,corr34_err,corr13_err,corr24_err,corr14_err
1387,1,0.026815828036264623,,,,,,0.04764143443018347,,,,,,37.29140859076367,,,,,,66.2525205182337,,,,,
1387,2,0.02906320502602509,,,,,,0.04864426194584424,,,,,,34.407767453883174,,,,,,57.589672284925584,,,,,
1387,4,0.03009756412607629,,,,,,0.04942657541467049,,,,,,33.22528015260903,,,,,,54.5629476278343,,,,,
1387,8,0.03138271394921168,,,,,,0.050149209865087606,,,,,,31.86467561786891,,,,,,50.919378974984696,,,,,
1387,16,0.02953968872144247,,,,,,0.04876366936556161,,,,,,33.85276024503648,,,,,,55.88362231123662,,,,,
1387,32,0.028253727768832258,,,,,,0.04759274915885872,,,,,,35.39355968111002,,,,,,59.61963042626801,,,,,
