index,bin_size,m12,m23,m34,m13,m24,m14,m12_err,m23_err,m34_err,m13_err,m24_err,m14_err,corr12,corr23,corr34,corr13,corr24,corr14,corr12_err,corr23_err,corr34_err,corr13_err,corr24_err,corr14_err
393,1,NaN,,,,,,NaN,,,,,,NaN,,,,,,NaN,,,,,
393,2,229600808082.7366,,,,,,4784417435165.912,,,,,,4.355385367980282e-12,,,,,,9.075744055710119e-11,,,,,
393,4,679819300463.833,,,,,,7215806952156.146,,,,,,1.4709791253612707e-12,,,,,,1.561341578860207e-11,,,,,
393,8,2422875022974.404,,,,,,71344927454768.98,,,,,,4.127328031853521e-13,,,,,,1.2153491873185022e-11,,,,,
393,16,734246470413.4701,,,,,,14774910375560.48,,,,,,1.3619404931383305e-12,,,,,,2.740571393095568e-11,,,,,
393,32,2264037856162.5244,,,,,,71208826701346.2,,,,,,4.416887276323947e-13,,,,,,1.389205395850744e-11,,,,,
