index,bin_size,m,n,a,b,corr
1141,1,0.17015717884513162,16.0,7298.848444204327,-7323.30934190755,5.876919250701429
1141,2,0.16955830915701214,16.0,7371.271559958518,-7394.7955207028845,5.897676173887729
1141,4,0.16984644758525425,16.0,7348.556623343282,-7372.899239725741,5.887670977033835
1141,8,0.16947270300062584,16.0,7381.502146306063,-7405.085866062069,5.90065528131871
1141,16,0.1693661162051208,16.0,7389.488440302734,-7412.93527828528,5.904368727384002
1141,32,0.17008769300346457,16.0,7310.7870369366865,-7332.840140390008,5.879320145635879
