index,bin_size,m12,m23,m34,m13,m24,m14,m12_err,m23_err,m34_err,m13_err,m24_err,m14_err,corr12,corr23,corr34,corr13,corr24,corr14,corr12_err,corr23_err,corr34_err,corr13_err,corr24_err,corr14_err
2375,1,0.13471393396077302,,,,,,0.03666727343526602,,,,,,7.423137092048601,,,,,,2.0204754586178786,,,,,
2375,2,0.13532788993934045,,,,,,0.03585344088319257,,,,,,7.389459781337323,,,,,,1.9577454399655738,,,,,
2375,4,0.13560359804316452,,,,,,0.03408735600785685,,,,,,7.374435593380686,,,,,,1.8537488315653865,,,,,
2375,8,0.1358640077934684,,,,,,0.03421294961253965,,,,,,7.360301055744908,,,,,,1.8534534145063615,,,,,
2375,16,0.13543432553388074,,,,,,0.03350490237508868,,,,,,7.383652527215757,,,,,,1.8266311448057024,,,,,
2375,32,0.1368135555188513,,,,,,0.034126334444625345,,,,,,7.309217249764493,,,,,,1.8231877056913288,,,,,
