index,bin_size,m,n,a,b,corr
1090,1,-0.00004239060676496251,16.0,149373131313.58813,-149373131254.04117,-23590.131784255067
1090,2,1.3016951152826747e-6,16.0,158439225803962.3,-158439225803903.88,768229.0486146912
1090,4,-0.000013189139272542157,16.0,1542367146851.1797,-1542367146792.547,-75819.9590842029
1090,8,-1.49997058678809e-6,16.0,119157489779247.23,-119157489779190.39,-666679.7394616354
1090,16,-0.000012795040964597137,16.0,1640643273114.2756,-1640643273056.5776,-78155.27928100587
1090,32,0.000050146024556031366,16.0,106650560330.16704,-106650560270.29807,19941.76026621285
