index,bin_size,m12,m23,m34,m13,m24,m14,m12_err,m23_err,m34_err,m13_err,m24_err,m14_err,corr12,corr23,corr34,corr13,corr24,corr14,corr12_err,corr23_err,corr34_err,corr13_err,corr24_err,corr14_err
906,1,0.04419995242610851,,,,,,0.05548909061595168,,,,,,22.624458740577943,,,,,,28.40298625414877,,,,,
906,2,0.043104663798947535,,,,,,0.054240554074996755,,,,,,23.199345775303705,,,,,,29.19278932087698,,,,,
906,4,0.04779033875334147,,,,,,0.057634216145394546,,,,,,20.924731359642866,,,,,,25.234817777508454,,,,,
906,8,0.04680796361020134,,,,,,0.057286786472006565,,,,,,21.36388603288992,,,,,,26.146584533571076,,,,,
906,16,0.04297018613741668,,,,,,0.05267993959237468,,,,,,23.271949458213793,,,,,,28.530592996151327,,,,,
906,32,0.03555818332997601,,,,,,0.04264696316027023,,,,,,28.12292154298521,,,,,,33.72942840957194,,,,,
