index,bin_size,m,n,a,b,corr
302,1,0.1852140056267249,24.0,2079.254494851017,-2080.9126028824817,5.399159726696759
302,2,0.18502206897545745,24.0,2086.8376199491368,-2089.655006005465,5.4047606619978215
302,4,0.18532471016126012,24.0,2077.6581493907574,-2078.4940222430146,5.395934514775989
302,8,0.1852206713338399,24.0,2084.3630350359736,-2086.473187224732,5.398965422156418
302,16,0.18700594461012557,24.0,2022.518184885499,-2026.8174358312285,5.347423591719631
302,32,0.1858068352667144,24.0,2059.983639038608,-2061.686695467802,5.381933331809677
