index,bin_size,m,n,a,b,corr
2621,1,0.06409090057621841,54.0,12033.126375490952,-12408.67398774859,15.602838952321733
2621,2,0.06457293065148467,54.0,11787.738773604284,-12165.317284366673,15.486365415211456
2621,4,0.06385348602580379,54.0,12131.523930664654,-12509.668683202879,15.660852088731549
2621,8,0.06411009896697326,54.0,12025.854329998081,-12402.911240673755,15.598166530910468
2621,16,0.06402662797340113,54.0,12043.699128048609,-12416.2760381763,15.618501733613623
2621,32,0.06407046636580725,54.0,12021.69663420051,-12402.159850113496,15.60781521849003
