index,bin_size,m12,m23,m34,m13,m24,m14,m12_err,m23_err,m34_err,m13_err,m24_err,m14_err,corr12,corr23,corr34,corr13,corr24,corr14,corr12_err,corr23_err,corr34_err,corr13_err,corr24_err,corr14_err
2360,1,0.19412148755388706,,,,,,0.030979418160083632,,,,,,5.151413234057387,,,,,,0.822102626062722,,,,,
2360,2,0.19460209978142637,,,,,,0.03134168167168885,,,,,,5.138690698215396,,,,,,0.8276128996225106,,,,,
2360,4,0.19395039008817674,,,,,,0.03208437460009713,,,,,,5.155957662912482,,,,,,0.8529277873786024,,,,,
2360,8,0.19447348278686097,,,,,,0.029262665427188805,,,,,,5.142089223012373,,,,,,0.7737365237330467,,,,,
2360,16,0.19344416735704575,,,,,,0.030519014994017973,,,,,,5.169450253593171,,,,,,0.8155662274843651,,,,,
2360,32,0.19496023184735037,,,,,,0.030006840934218293,,,,,,5.129251183815673,,,,,,0.7894565108279007,,,,,
