index,bin_size,m12,m23,m34,m13,m24,m14,m12_err,m23_err,m34_err,m13_err,m24_err,m14_err,corr12,corr23,corr34,corr13,corr24,corr14,corr12_err,corr23_err,corr34_err,corr13_err,corr24_err,corr14_err
2038,1,0.22484328752970706,,,,,,0.05009016466760966,,,,,,4.447542156969559,,,,,,0.9908150759417572,,,,,
2038,2,0.22527321738797862,,,,,,0.04835590438782706,,,,,,4.439054103256944,,,,,,0.9528628315357781,,,,,
2038,4,0.2271744488691699,,,,,,0.04935410981403601,,,,,,4.401903493010789,,,,,,0.9563224626109205,,,,,
2038,8,0.22332055922566557,,,,,,0.05214199683295387,,,,,,4.4778680631437044,,,,,,1.0455149457640736,,,,,
2038,16,0.22608370107746859,,,,,,0.03893551489828222,,,,,,4.423140612234341,,,,,,0.7617411444703671,,,,,
2038,32,0.22824876081870957,,,,,,0.03628734782901634,,,,,,4.381184793350387,,,,,,0.6965276653824919,,,,,
