index,bin_size,m,n,a,b,corr
490,1,0.2061975744291638,36.0,424.0667905283904,-442.78030901648435,4.84971757193747
490,2,0.2067169354373991,36.0,419.56030688047485,-442.46721170990793,4.837533015299726
490,4,0.2069356654370394,36.0,417.95841201548876,-437.5157366091278,4.832419766249777
490,8,0.2052190209167189,36.0,432.1438010995042,-446.7230381470713,4.872842661138198
490,16,0.20586047090468088,36.0,426.95270877789216,-442.3464413425851,4.8576591494489865
490,32,0.20634763849278395,36.0,421.94559025158946,-439.7580095220875,4.846190667866404
