index,bin_size,m,n,a,b,corr
526,1,0.20619398194798863,54.0,59.300707110835184,259.57999270480934,4.8498020677065385
526,2,0.20634169161498014,54.0,59.13713422733704,270.1387897653629,4.846330337670844
526,4,0.20620809334952334,54.0,59.33634056882634,265.2958786522853,4.849470182069901
526,8,0.2062143620324969,54.0,59.38006465802197,260.0226239227837,4.849322763670612
526,16,0.2065738414683929,54.0,58.79047388175985,263.4436032461036,4.840883980719342
526,32,0.20632252476068252,54.0,59.166124494703936,266.2256995969117,4.846780549820817
