index,bin_size,m12,m23,m34,m13,m24,m14,m12_err,m23_err,m34_err,m13_err,m24_err,m14_err,corr12,corr23,corr34,corr13,corr24,corr14,corr12_err,corr23_err,corr34_err,corr13_err,corr24_err,corr14_err
2118,1,0.1726257466135724,,,,,,0.03378198833821232,,,,,,5.792878638425403,,,,,,1.1336371453676308,,,,,
2118,2,0.17297992259891187,,,,,,0.03161513350562559,,,,,,5.781017733015742,,,,,,1.0565830108009966,,,,,
2118,4,0.17219794999799237,,,,,,0.035228694899835274,,,,,,5.807270063387275,,,,,,1.1880660906033003,,,,,
2118,8,0.17378169004578178,,,,,,0.0357356958964144,,,,,,5.754346155435338,,,,,,1.1832982188121492,,,,,
2118,16,0.1720443566235625,,,,,,0.037712274950737444,,,,,,5.812454529897926,,,,,,1.2740951675025711,,,,,
2118,32,0.17171995558137218,,,,,,0.03911017987248864,,,,,,5.823435002731144,,,,,,1.3263198773926765,,,,,
