index,bin_size,m,n,a,b,corr
2576,1,0.1322176454883119,54.0,790.0676342499299,-720.4182481911242,7.563287005352098
2576,2,0.13156265065443914,54.0,807.0261727921736,-736.5508924203928,7.60094141479855
2576,4,0.13164338501536124,54.0,803.5095077195482,-731.9950948595109,7.596279903341225
2576,8,0.13203994475336012,54.0,794.9436766610818,-715.448751018654,7.5734657558962075
2576,16,0.1320837705785993,54.0,793.5040806297451,-722.9071297834845,7.570952855293667
2576,32,0.13177284422510735,54.0,800.5343525547454,-722.4025410903735,7.588816997011171
