index,bin_size,m,n,a,b,corr
131,1,0.1775920845383068,16.0,5039.022850872656,-5018.947790618131,5.630881593623611
131,2,0.17931037897933785,16.0,4921.999491192337,-4903.914200135536,5.576922014733075
131,4,0.177554701113799,16.0,5041.482699940546,-5021.549072909866,5.6320671529788235
131,8,0.17798664926200605,16.0,5012.065287385268,-4993.726294541101,5.618398931303805
131,16,0.176346972743961,16.0,5126.446082706294,-5107.918012607649,5.670638879930787
131,32,0.17847941341036355,16.0,4973.781420325334,-4956.251495353497,5.602887083121342
