index,bin_size,m,n,a,b,corr
1409,1,0.21432091143661985,16.0,3085.2010099236904,-3165.279111178309,4.6659002768179505
1409,2,0.21350864512217263,16.0,3119.741151620711,-3197.983890803601,4.683651097255504
1409,4,0.21391915289186247,16.0,3102.617447973671,-3181.966482936108,4.674663238338021
1409,8,0.21407977187976604,16.0,3093.7312659699846,-3172.696062426438,4.671155949108688
1409,16,0.21529618612863777,16.0,3052.534249928611,-3132.4003423685863,4.6447641176630405
1409,32,0.21472801385207763,16.0,3075.2462228331915,-3154.986262149155,4.65705420573993
