index,bin_size,m,n,a,b,corr
1045,1,4.114902682810419e-6,16.0,14409996470309.643,-14409996470230.86,243019.11298592718
1045,2,-1.1997709670572245e-6,16.0,169577808886829.6,-169577808886749.9,-833492.4143503665
1045,4,5.7569986426293235e-6,16.0,7355201515786.18,-7355201515708.095,173701.62163930654
1045,8,-0.00002393981447147485,16.0,426001195754.5023,-426001195676.0446,-41771.41811986621
1045,16,-8.1333172416558e-6,16.0,3685585573382.3203,-3685585573306.411,-122951.06292895784
1045,32,9.177569429428808e-6,16.0,2892634781150.493,-2892634781071.6934,108961.31134605188
