index,bin_size,m,n,a,b,corr
1032,1,0.16161383193531054,16.0,6719.208125819027,-6718.278939028411,6.187589193481111
1032,2,0.1599229120313597,16.0,6880.464677432341,-6877.327377720302,6.253012700293423
1032,4,0.1605171493209332,16.0,6838.773288079605,-6838.896587906482,6.229863938093181
1032,8,0.1611852143715138,16.0,6759.6202729189345,-6757.642075451895,6.204042994260704
1032,16,0.16109048469470907,16.0,6774.003379817591,-6773.8499852623845,6.207691297814094
1032,32,0.16074838973066208,16.0,6806.8221166203575,-6805.7697290915885,6.220902129567362
