index,bin_size,m,n,a,b,corr
1473,1,6.3642078801209645e-6,16.0,5496843050092.504,-5496843050054.457,157128.7454521352
1473,2,0.000051045462904930055,16.0,85429670652.47345,-85429670613.98871,19590.37969471364
1473,4,3.6062410608034147e-6,16.0,17119207027778.521,-17119207027740.033,277297.0478510428
1473,8,-0.000016948014878642766,16.0,775327601759.2976,-775327601720.9335,-59003.96047328005
1473,16,-0.000015407071502936503,16.0,938015372493.8842,-938015372451.5292,-64905.261185385265
1473,32,0.00004010697001728172,16.0,138352909790.74524,-138352909750.0078,24933.322052728225
