index,bin_size,m12,m23,m34,m13,m24,m14,m12_err,m23_err,m34_err,m13_err,m24_err,m14_err,corr12,corr23,corr34,corr13,corr24,corr14,corr12_err,corr23_err,corr34_err,corr13_err,corr24_err,corr14_err
2036,1,0.09468181955665962,,,,,,0.06650768885859211,,,,,,10.561689717016673,,,,,,7.418885450337013,,,,,
2036,2,0.09126566105193762,,,,,,0.0664038448030666,,,,,,10.957023577914132,,,,,,7.972204274697515,,,,,
2036,4,0.0910153699101967,,,,,,0.06652142578856036,,,,,,10.98715525725691,,,,,,8.030305582388497,,,,,
2036,8,0.09039890003164718,,,,,,0.06844756216346509,,,,,,11.06208150375631,,,,,,8.375904033352217,,,,,
2036,16,0.0905567503921574,,,,,,0.06672851470231822,,,,,,11.042799080902137,,,,,,8.13710272987601,,,,,
2036,32,0.08823970936199485,,,,,,0.06549232242731656,,,,,,11.33276624810262,,,,,,8.411283156762295,,,,,
