index,bin_size,m12,m23,m34,m13,m24,m14,m12_err,m23_err,m34_err,m13_err,m24_err,m14_err,corr12,corr23,corr34,corr13,corr24,corr14,corr12_err,corr23_err,corr34_err,corr13_err,corr24_err,corr14_err
279,1,30805533761540.824,,,,,,43682115600997.42,,,,,,3.2461700152342443e-14,,,,,,4.6030552485665267e-14,,,,,
279,2,38141445875089.555,,,,,,62550510449052.93,,,,,,2.6218198525428922e-14,,,,,,4.2996841446203704e-14,,,,,
279,4,42292406168845.35,,,,,,122907146338208.17,,,,,,2.3644906747742548e-14,,,,,,6.871512588325785e-14,,,,,
279,8,40367995927841.17,,,,,,87867649792076.42,,,,,,2.4772099209173666e-14,,,,,,5.3920589513957824e-14,,,,,
279,16,NaN,,,,,,NaN,,,,,,NaN,,,,,,NaN,,,,,
279,32,35640904604838.13,,,,,,50907699727358.266,,,,,,2.805764924003229e-14,,,,,,4.007615402593378e-14,,,,,
