index,bin_size,m,n,a,b,corr
2055,1,0.22066225777409734,16.0,2818.7457929130046,-2834.2371287068772,4.53181259943306
2055,2,0.21958579612222381,16.0,2855.5976149622884,-2870.3062405201017,4.554028619607934
2055,4,0.2217574016785538,16.0,2783.080962829847,-2798.2943347718083,4.509432345575278
2055,8,0.2212529817540135,16.0,2793.4309101470817,-2808.5374577801067,4.519713099784519
2055,16,0.22088819786360148,16.0,2807.3368351794506,-2820.2946755319776,4.527177140616178
2055,32,0.2206656768551253,16.0,2813.349973348768,-2827.5207641501142,4.531742381741292
