index,bin_size,m12,m23,m34,m13,m24,m14,m12_err,m23_err,m34_err,m13_err,m24_err,m14_err,corr12,corr23,corr34,corr13,corr24,corr14,corr12_err,corr23_err,corr34_err,corr13_err,corr24_err,corr14_err
747,1,0.16254872439978096,,,,,,0.057933962208260685,,,,,,6.152001522574529,,,,,,2.1926337781490166,,,,,
747,2,0.162383851052409,,,,,,0.055483477364074406,,,,,,6.158247840034613,,,,,,2.1041563087738564,,,,,
747,4,0.16265699420688193,,,,,,0.055165041057763056,,,,,,6.147906549460205,,,,,,2.085059538164719,,,,,
747,8,0.16129918568900004,,,,,,0.05607451641280651,,,,,,6.199659320835592,,,,,,2.155267535015908,,,,,
747,16,0.16024846883375335,,,,,,0.05646542593564509,,,,,,6.2403092352628375,,,,,,2.198846088849726,,,,,
747,32,0.15792136202704507,,,,,,0.06605089320913736,,,,,,6.332265547638472,,,,,,2.648481434622759,,,,,
