index,bin_size,m,n,a,b,corr
2809,1,-0.000026422623336017004,24.0,230169880615.52075,-230169880653.41818,-37846.35565072328
2809,2,0.000023136942141698794,24.0,300135201060.89166,-300135201097.47906,43220.923226399034
2809,4,-0.00001424353200456882,24.0,791367146571.2069,-791367146605.3478,-70207.30530034512
2809,8,-0.00003137555341738762,24.0,163409545440.1297,-163409545474.927,-31871.947777208698
2809,16,-4.187638111268599e-6,24.0,9169727490188.812,-9169727490223.662,-238798.09415934965
2809,32,-0.000026365922188633703,24.0,231159344748.3707,-231159344780.16,-37927.74600658945
