index,bin_size,m12,m23,m34,m13,m24,m14,m12_err,m23_err,m34_err,m13_err,m24_err,m14_err,corr12,corr23,corr34,corr13,corr24,corr14,corr12_err,corr23_err,corr34_err,corr13_err,corr24_err,corr14_err
504,1,5.944508333743219,,,,,,0.8336413312309726,,,,,,0.16822249105508552,,,,,,0.023591054720221983,,,,,
504,2,5.8727145515055685,,,,,,0.7816913485578004,,,,,,0.1702790066211601,,,,,,0.02266509382490818,,,,,
504,4,5.894207460224164,,,,,,0.7962351975973211,,,,,,0.1696580934329666,,,,,,0.022918729355930298,,,,,
504,8,5.932267759733578,,,,,,0.7746889568432854,,,,,,0.16856959943509203,,,,,,0.022013336624530037,,,,,
504,16,5.909555742533972,,,,,,0.9028985589453802,,,,,,0.16921745788816397,,,,,,0.025854092174128516,,,,,
504,32,5.9080528532909,,,,,,0.7712779398824846,,,,,,0.16926050338953563,,,,,,0.022096432716412852,,,,,
