index,bin_size,m12,m23,m34,m13,m24,m14,m12_err,m23_err,m34_err,m13_err,m24_err,m14_err,corr12,corr23,corr34,corr13,corr24,corr14,corr12_err,corr23_err,corr34_err,corr13_err,corr24_err,corr14_err
1508,1,0.21380908474598356,,,,,,0.05371727340889606,,,,,,4.677069738117314,,,,,,1.1750643531981222,,,,,
1508,2,0.21597958446461724,,,,,,0.04986734799156912,,,,,,4.630067246767134,,,,,,1.0690324050360802,,,,,
1508,4,0.21429541996806034,,,,,,0.052420408295228954,,,,,,4.666455308046458,,,,,,1.1414965965007218,,,,,
1508,8,0.2147982592250375,,,,,,0.05744239884700406,,,,,,4.655531211509172,,,,,,1.24500487881521,,,,,
1508,16,0.2157478280645819,,,,,,0.05488121329175976,,,,,,4.635040866787592,,,,,,1.179046244442599,,,,,
1508,32,0.21296526777722183,,,,,,0.06142255544100747,,,,,,4.695601355269242,,,,,,1.354285783701595,,,,,
