index,bin_size,m,n,a,b,corr
613,1,0.00009717719218634638,16.0,29754494200.71056,-29754494142.008354,10290.480487256786
613,2,-3.493194459859648e-6,16.0,23034493036323.87,-23034493036262.074,-286270.9223580352
613,4,3.1141748327614385e-7,16.0,2902061108603539.0,-2902061108603476.0,3211123.503664269
613,8,-0.00001336823832216928,16.0,1572499546720.8843,-1572499546661.9397,-74804.17209062209
613,16,0.000021408080192087816,16.0,613031325264.1958,-613031325202.0155,46711.33474030935
613,32,-0.000022911531507775988,16.0,536435485639.94946,-536435485579.2684,-43646.1438494676
