index,bin_size,m12,m23,m34,m13,m24,m14,m12_err,m23_err,m34_err,m13_err,m24_err,m14_err,corr12,corr23,corr34,corr13,corr24,corr14,corr12_err,corr23_err,corr34_err,corr13_err,corr24_err,corr14_err
1906,1,0.010364221421869935,,,,,,0.031143474565846874,,,,,,96.48578115958254,,,,,,289.9303622719376,,,,,
1906,2,0.010617850679954828,,,,,,0.029440365351941868,,,,,,94.18101931757947,,,,,,261.1379366223702,,,,,
1906,4,0.009888638860977458,,,,,,0.029117181557850553,,,,,,101.12615235107832,,,,,,297.76681903844434,,,,,
1906,8,0.008319154099593377,,,,,,0.026005780995485235,,,,,,120.20452897355007,,,,,,375.760878777855,,,,,
1906,16,0.00894512407017191,,,,,,0.027886401180610282,,,,,,111.79274788759656,,,,,,348.5136027427317,,,,,
1906,32,0.009280899434610069,,,,,,0.028891847648704037,,,,,,107.74817753878769,,,,,,335.4248100423427,,,,,
