index,bin_size,m12,m23,m34,m13,m24,m14,m12_err,m23_err,m34_err,m13_err,m24_err,m14_err,corr12,corr23,corr34,corr13,corr24,corr14,corr12_err,corr23_err,corr34_err,corr13_err,corr24_err,corr14_err
2786,1,0.02931887899073832,,,,,,0.03850465005964374,,,,,,34.10771606635761,,,,,,44.79385695079456,,,,,
2786,2,0.03078777777746297,,,,,,0.03870086859877332,,,,,,32.48042152402478,,,,,,40.828556530449106,,,,,
2786,4,0.028604333389016114,,,,,,0.03825044656940946,,,,,,34.9597379669751,,,,,,46.749056200688194,,,,,
2786,8,0.029058125902584393,,,,,,0.038379917477929994,,,,,,34.41378165104107,,,,,,45.45365741405186,,,,,
2786,16,0.031939777074052884,,,,,,0.04053890064651505,,,,,,31.308922340988293,,,,,,39.73820134023013,,,,,
2786,32,0.02920809879051418,,,,,,0.03836588741471256,,,,,,34.23707948854127,,,,,,44.971634288382084,,,,,
