index,bin_size,m,n,a,b,corr
293,1,0.06615284188467886,24.0,37242.20790576345,-37238.76473756491,15.11650855065687
293,2,0.0626350743911309,24.0,41802.782148998434,-41796.21533199804,15.965495526602256
293,4,0.06208243198831148,24.0,42627.796723477346,-42622.13744066136,16.10761640568904
293,8,0.06243203198572592,24.0,42142.5339224016,-42138.20501246595,16.017418754344465
293,16,0.06514805612395164,24.0,38478.66217439032,-38475.26637167889,15.349652153816923
293,32,0.06426747308132483,24.0,39583.372914563945,-39578.993121101325,15.559970729432415
