index,bin_size,m,n,a,b,corr
2698,1,0.029260553705114666,16.0,244828.00294469984,-244788.20718924844,34.17570323780998
2698,2,0.03866042658678869,16.0,139547.1230499921,-139508.7385528907,25.86624329545621
2698,4,0.03782198018831144,16.0,145953.63088046396,-145914.37718492054,26.43965215520475
2698,8,0.03842999350712235,16.0,141133.33810240024,-141093.97517678447,26.021341893140498
2698,16,0.04188345713410512,16.0,118617.15135337488,-118578.07124805407,23.87577502970054
2698,32,0.040316829163348375,16.0,128232.46913400706,-128194.05660354636,24.8035378960082
