index,bin_size,m,n,a,b,corr
1799,1,0.22062683170329436,16.0,2905.9341536468196,-2871.5898406465158,4.532540273001927
1799,2,0.22044206828816607,16.0,2912.9751341206115,-2878.777962956572,4.536339219485008
1799,4,0.2190224345185333,16.0,2967.100440673071,-2932.465304375973,4.565742327712925
1799,8,0.22111962997115964,16.0,2888.5768329213956,-2854.6143407459112,4.522438827029643
1799,16,0.2200225419697566,16.0,2929.6009577233026,-2895.0532354637935,4.544988849994542
1799,32,0.21991205911082487,16.0,2934.122862571234,-2900.726078730917,4.547272232561149
