index,bin_size,m,n,a,b,corr
2875,1,0.0888486374190046,24.0,18900.535048720954,-19008.514367338856,11.255096634561346
2875,2,0.0893050364816459,24.0,18676.28366050861,-18786.106199631944,11.197576748154864
2875,4,0.08988282616949593,24.0,18427.398020291384,-18537.217061913303,11.12559587428033
2875,8,0.09018426616745512,24.0,18257.589140417058,-18368.029061541183,11.08840868254324
2875,16,0.0889450875870537,24.0,18848.84402122693,-18957.60054136711,11.242891846289595
2875,32,0.08975259225651643,24.0,18498.302226966407,-18607.895526388937,11.141739473573764
