index,bin_size,m,n,a,b,corr
2635,1,0.05154118665092607,54.0,23909.72962242657,-24219.879931394582,19.401959189894445
2635,2,0.05225497917020791,54.0,23175.621072466267,-23492.972875598756,19.13693232453012
2635,4,0.05155268779910886,54.0,23934.984029669464,-24250.478026453897,19.397630709320378
2635,8,0.05183971937287993,54.0,23587.239105742337,-23897.65289432272,19.290227881193978
2635,16,0.05122623504658575,54.0,24301.87442174282,-24619.61340326908,19.521247249394534
2635,32,0.05211483073710509,54.0,23305.641870470474,-23619.732211484046,19.188395814706404
