index,bin_size,m12,m23,m34,m13,m24,m14,m12_err,m23_err,m34_err,m13_err,m24_err,m14_err,corr12,corr23,corr34,corr13,corr24,corr14,corr12_err,corr23_err,corr34_err,corr13_err,corr24_err,corr14_err
1534,1,0.02499867547743538,,,,,,0.045967756077023705,,,,,,40.00211934838838,,,,,,73.55620366488917,,,,,
1534,2,0.023200395697769476,,,,,,0.043623255758039034,,,,,,43.10271311864485,,,,,,81.04519865671092,,,,,
1534,4,0.026543580088493068,,,,,,0.04732774570890809,,,,,,37.67389314727409,,,,,,67.17332133775436,,,,,
1534,8,0.023870448315928234,,,,,,0.043425505251587546,,,,,,41.892803468325376,,,,,,76.2120649323358,,,,,
1534,16,0.02402737792786938,,,,,,0.04531762713137287,,,,,,41.61918970109922,,,,,,78.49724285547691,,,,,
1534,32,0.03224226585437749,,,,,,0.05165239450695282,,,,,,31.015189953352216,,,,,,49.68660808189215,,,,,
