index,bin_size,m,n,a,b,corr
2742,1,0.13792187902174585,16.0,10010.405272204087,-9986.234995156583,7.250481265864512
2742,2,0.13677498982213399,16.0,10201.538386489578,-10177.250197034024,7.311278189824235
2742,4,0.1365634884726571,16.0,10234.198612220172,-10210.226010419727,7.322601459468585
2742,8,0.14045055084562227,16.0,9605.20368233782,-9579.61253729337,7.119943595658523
2742,16,0.13956666988056535,16.0,9744.0025852476,-9719.673181399396,7.165034466006485
2742,32,0.1381881928382343,16.0,9963.870348542257,-9939.810051671333,7.236508267899695
