index,bin_size,m,n,a,b,corr
2235,1,0.14673305645356768,24.0,5036.050576705944,-5039.018929343569,6.815096912510922
2235,2,0.14561412526156572,24.0,5132.31504372436,-5136.006766814285,6.867465626728907
2235,4,0.1455510111999802,24.0,5147.467678704841,-5151.393800940311,6.870443508125459
2235,8,0.1461010650723467,24.0,5094.2574368337455,-5099.782835762982,6.84457707070662
2235,16,0.14581465157068182,24.0,5120.59836050197,-5123.588601867496,6.8580213937915735
2235,32,0.14560198761106935,24.0,5133.580222974375,-5135.896022140637,6.868038111342206
