index,bin_size,m12,m23,m34,m13,m24,m14,m12_err,m23_err,m34_err,m13_err,m24_err,m14_err,corr12,corr23,corr34,corr13,corr24,corr14,corr12_err,corr23_err,corr34_err,corr13_err,corr24_err,corr14_err
1977,1,0.05022950112814428,,,,,,0.05800997713842889,,,,,,19.908618989641653,,,,,,22.992434854179706,,,,,
1977,2,0.04962463442503434,,,,,,0.0588446961046167,,,,,,20.151281950714502,,,,,,23.89531079165067,,,,,
1977,4,0.05349978092769557,,,,,,0.06055576820032703,,,,,,18.691665323854135,,,,,,21.1568745329843,,,,,
1977,8,0.05650011955359114,,,,,,0.06159108842965427,,,,,,17.69907759312768,,,,,,19.293861000199467,,,,,
1977,16,0.05307638255284469,,,,,,0.062017910463385284,,,,,,18.84077158054932,,,,,,22.014787533423874,,,,,
1977,32,0.058980992159880466,,,,,,0.06931286949394545,,,,,,16.95461475604358,,,,,,19.924605485106376,,,,,
