index,bin_size,m,n,a,b,corr
2993,1,0.06924767027158296,24.0,33952.05603318103,-33897.69695449165,14.440919038548047
2993,2,0.06838044715391778,24.0,34892.81470917552,-34838.79723049026,14.624063480443418
2993,4,0.0696201403843037,24.0,33561.61877412056,-33506.776453958104,14.363659631824822
2993,8,0.06882163868153553,24.0,34423.18080514784,-34368.3059679261,14.530313708852367
2993,16,0.06911774849043198,24.0,34078.861151581,-34021.183709062534,14.468063874193337
2993,32,0.06726932793664499,24.0,36105.34527721342,-36050.510364577254,14.865616034425248
