index,bin_size,m,n,a,b,corr
1317,1,0.11915226446625571,16.0,14730.56523206377,-14668.36256879615,8.39262270406286
1317,2,0.11939671812555583,16.0,14663.320032270218,-14605.533656546362,8.375439590796915
1317,4,0.12137698231368818,16.0,14132.4090138092,-14074.158526880627,8.238794382081338
1317,8,0.11833044764690544,16.0,14971.561414709831,-14911.039157956187,8.450910309948041
1317,16,0.11829558445197932,16.0,14963.857896116124,-14902.645352958698,8.453400899388075
1317,32,0.11843488575140684,16.0,14909.67253080663,-14847.996554234558,8.443458138668584
