index,bin_size,m,n,a,b,corr
1567,1,0.12067780690183694,16.0,16585.43098703211,-16613.624816631327,8.286527785622015
1567,2,0.1230215007229185,16.0,15887.488437295371,-15914.856083098242,8.128660389636291
1567,4,0.12157412265381443,16.0,16320.212915805696,-16349.206164771098,8.225434641609768
1567,8,0.12119815362560042,16.0,16413.687302956052,-16441.356958895823,8.250950778418229
1567,16,0.12192990725309004,16.0,16217.774645137772,-16245.15760683728,8.201433286784177
1567,32,0.12315888526155486,16.0,15845.01451086787,-15872.59691625438,8.119592816030131
