index,bin_size,m,n,a,b,corr
2657,1,0.10085141946815514,16.0,19730.502016632818,-19762.46043833332,9.915576848333405
2657,2,0.09933777214324742,16.0,20384.99328360994,-20417.254343942473,10.06666425494198
2657,4,0.09859860520559315,16.0,20710.55910806538,-20743.06778437943,10.142131300081246
2657,8,0.09880133813955969,16.0,20595.716089011516,-20626.766539925004,10.121320407497636
2657,16,0.0993920209277372,16.0,20358.923301871237,-20389.96969632848,10.061169806850474
2657,32,0.09873616095222724,16.0,20641.353691344313,-20672.95210510806,10.128001639478798
