index,bin_size,m12,m23,m34,m13,m24,m14,m12_err,m23_err,m34_err,m13_err,m24_err,m14_err,corr12,corr23,corr34,corr13,corr24,corr14,corr12_err,corr23_err,corr34_err,corr13_err,corr24_err,corr14_err
732,1,0.026851195498611487,,,,,,0.046381765012483075,,,,,,37.24228964225118,,,,,,64.33095788241722,,,,,
732,2,0.028924200457360594,,,,,,0.04819132559192866,,,,,,34.57312507131105,,,,,,57.60313857242782,,,,,
732,4,0.02888213709045868,,,,,,0.04756749986186147,,,,,,34.62347667930548,,,,,,57.02321185588804,,,,,
732,8,0.025630443591342384,,,,,,0.04346280859064266,,,,,,39.016101942839036,,,,,,66.16153031652621,,,,,
732,16,0.027199211004234915,,,,,,0.046391545581709645,,,,,,36.76577235436352,,,,,,62.708473556775246,,,,,
732,32,0.030199609388576607,,,,,,0.050459236374425405,,,,,,33.11301107021149,,,,,,55.327114704099124,,,,,
