index,bin_size,m12,m23,m34,m13,m24,m14,m12_err,m23_err,m34_err,m13_err,m24_err,m14_err,corr12,corr23,corr34,corr13,corr24,corr14,corr12_err,corr23_err,corr34_err,corr13_err,corr24_err,corr14_err
1490,1,0.18623381257180407,,,,,,0.05247991323944512,,,,,,5.369594200915804,,,,,,1.513129296466721,,,,,
1490,2,0.18735313655635596,,,,,,0.046439313742655836,,,,,,5.337514057039548,,,,,,1.323012224170241,,,,,
1490,4,0.18608698546836902,,,,,,0.04838579194313892,,,,,,5.37383093977832,,,,,,1.3972877530111532,,,,,
1490,8,0.18900954434503586,,,,,,0.05153987312141056,,,,,,5.290738113068542,,,,,,1.4426994785426324,,,,,
1490,16,0.18641867107823412,,,,,,0.05418648089261816,,,,,,5.364269545620412,,,,,,1.5592369989303723,,,,,
1490,32,0.18651346930318724,,,,,,0.05265168640583866,,,,,,5.361543076411541,,,,,,1.513532967700751,,,,,
