index,bin_size,m12,m23,m34,m13,m24,m14,m12_err,m23_err,m34_err,m13_err,m24_err,m14_err,corr12,corr23,corr34,corr13,corr24,corr14,corr12_err,corr23_err,corr34_err,corr13_err,corr24_err,corr14_err
1279,1,0.05057830633079397,,,,,,0.060051545567846136,,,,,,19.7713223819668,,,,,,23.474460753826857,,,,,
1279,2,0.054277230413786376,,,,,,0.060413601883671,,,,,,18.4239319577736,,,,,,20.506869675245294,,,,,
1279,4,0.050094435691435894,,,,,,0.05928425576493826,,,,,,19.962296933728293,,,,,,23.624378650843106,,,,,
1279,8,0.052910436522207484,,,,,,0.061697581148280424,,,,,,18.899862970895764,,,,,,22.038673388166025,,,,,
1279,16,0.05052988595168166,,,,,,0.05969013812676066,,,,,,19.790268296988298,,,,,,23.377924291031775,,,,,
1279,32,0.05046908267035982,,,,,,0.05708240016951958,,,,,,19.814110879159962,,,,,,22.410492649427358,,,,,
