index,bin_size,m,n,a,b,corr
447,1,0.05424809456060794,36.0,31027.588859999785,-30754.695262945777,18.433827180469237
447,2,0.05451606401388344,36.0,30740.687446826032,-30467.43943878332,18.34321714321366
447,4,0.05417861277277094,36.0,31140.192108726038,-30863.145448168576,18.457467787041228
447,8,0.05397458264060669,36.0,31369.8972193568,-31091.186519460993,18.527239138810312
447,16,0.05406124228865598,36.0,31294.507130248065,-31019.55726460898,18.49754015382359
447,32,0.0538408663379039,36.0,31575.347046350038,-31297.2254959167,18.573252401327007
