index,bin_size,m,n,a,b,corr
1163,1,0.00004499074543866314,16.0,119716655443.69165,-119716655447.6873,22226.79331604589
1163,2,-5.18532875591026e-6,16.0,8996075748941.691,-8996075748948.24,-192851.80305302644
1163,4,-0.000030158151653687883,16.0,265835768252.35605,-265835768258.3134,-33158.53078408787
1163,8,0.00006264323322005235,16.0,61652008174.32923,-61652008177.81519,15963.416136060741
1163,16,2.0230011225395473e-7,16.0,5909177286528784.0,-5909177286528789.0,4943150.989183157
1163,32,0.00007478028838139683,16.0,43266989522.95833,-43266989528.15125,13372.507938185097
