index,bin_size,m12,m23,m34,m13,m24,m14,m12_err,m23_err,m34_err,m13_err,m24_err,m14_err,corr12,corr23,corr34,corr13,corr24,corr14,corr12_err,corr23_err,corr34_err,corr13_err,corr24_err,corr14_err
1597,1,0.1899808313233046,,,,,,0.05323838377259268,,,,,,5.263688936586582,,,,,,1.4750450859363695,,,,,
1597,2,0.187081411327047,,,,,,0.05448137387812246,,,,,,5.345266496048859,,,,,,1.556634945095356,,,,,
1597,4,0.18848430384739587,,,,,,0.05040584322754847,,,,,,5.305481568426188,,,,,,1.418830463470623,,,,,
1597,8,0.18606063544418724,,,,,,0.05154965403780922,,,,,,5.374591985094939,,,,,,1.4890756272254901,,,,,
1597,16,0.18605583979911708,,,,,,0.05648110009636941,,,,,,5.374730516815229,,,,,,1.6316106639760137,,,,,
1597,32,0.18558782344442715,,,,,,0.06254799964337741,,,,,,5.3882845406581446,,,,,,1.8159942461334035,,,,,
