index,bin_size,m12,m23,m34,m13,m24,m14,m12_err,m23_err,m34_err,m13_err,m24_err,m14_err,corr12,corr23,corr34,corr13,corr24,corr14,corr12_err,corr23_err,corr34_err,corr13_err,corr24_err,corr14_err
1659,1,0.06060288804962607,,,,,,0.06353357279138418,,,,,,16.500863773705422,,,,,,17.298826234633488,,,,,
1659,2,0.06509592066488032,,,,,,0.06488013772713427,,,,,,15.361945722345496,,,,,,15.311023241434162,,,,,
1659,4,0.06516246297518288,,,,,,0.06440570853592419,,,,,,15.34625847983754,,,,,,15.168037020727692,,,,,
1659,8,0.06440757600576674,,,,,,0.06492497837109441,,,,,,15.526123819819967,,,,,,15.65084910350439,,,,,
1659,16,0.06616647969986403,,,,,,0.06542599346502984,,,,,,15.113392831779366,,,,,,14.944254932886471,,,,,
1659,32,0.06492792540005267,,,,,,0.06379988080373991,,,,,,15.401693398310687,,,,,,15.134107503566911,,,,,
