index,bin_size,m,n,a,b,corr
97,1,0.12821867829581834,16.0,11180.836650018104,-11204.415756909902,7.799175699603304
97,2,0.12563578176447798,16.0,11698.276325229102,-11718.836100228262,7.959515879597432
97,4,0.12822677997065943,16.0,11192.171122417838,-11214.315140457898,7.798682929016995
97,8,0.12680343341918668,16.0,11475.510897237971,-11497.605542336632,7.88622179254564
97,16,0.12686308144845304,16.0,11451.36850864772,-11473.068818325673,7.88251387702828
97,32,0.12606097075647438,16.0,11610.262401047608,-11631.257907928706,7.932669358320334
