index,bin_size,m,n,a,b,corr
1033,1,0.14839751295818712,16.0,8011.808284974364,-8084.552888624786,6.738657407835148
1033,2,0.1466803032422253,16.0,8225.78007459306,-8298.143263469268,6.8175479454021675
1033,4,0.1484787133802366,16.0,7994.572830109104,-8067.07240146513,6.734972153477091
1033,8,0.14985912518313316,16.0,7832.966621164951,-7907.001635234367,6.672933655377773
1033,16,0.14886130609823167,16.0,7958.625253479242,-8031.647374065625,6.717662408121777
1033,32,0.15138297690324465,16.0,7650.347677010571,-7725.917574225665,6.605762553071888
