index,bin_size,m,n,a,b,corr
2340,1,0.1955136462585067,24.0,1957.0566568215236,-1886.6451621086808,5.114732496358886
2340,2,0.19540207281156516,24.0,1962.8214483988859,-1892.5702578459714,5.117652978862431
2340,4,0.19528950381557852,24.0,1963.9984341934196,-1893.5415421271853,5.1206029021628785
2340,8,0.1955572065142585,24.0,1958.3888321579698,-1893.0919845856288,5.113593192624624
2340,16,0.19536045199146987,24.0,1963.1430992789556,-1895.7088949478743,5.11874327585843
2340,32,0.19605270731721203,24.0,1941.7800391884734,-1875.2102844502379,5.100669170469584
