index,bin_size,m12,m23,m34,m13,m24,m14,m12_err,m23_err,m34_err,m13_err,m24_err,m14_err,corr12,corr23,corr34,corr13,corr24,corr14,corr12_err,corr23_err,corr34_err,corr13_err,corr24_err,corr14_err
1270,1,0.016412087419151972,,,,,,0.036529457336559185,,,,,,60.9307015287438,,,,,,135.61745103694284,,,,,
1270,2,0.018071613291035397,,,,,,0.038257616636639374,,,,,,55.335402760973196,,,,,,117.14508224417948,,,,,
1270,4,0.01759135115982603,,,,,,0.03882646754361046,,,,,,56.84611664644238,,,,,,125.46699130160604,,,,,
1270,8,0.018004911848649968,,,,,,0.03879858572476819,,,,,,55.54039966460493,,,,,,119.68339393656278,,,,,
1270,16,0.013986631048980788,,,,,,0.0332052809726316,,,,,,71.4968455590219,,,,,,169.73871957658952,,,,,
1270,32,0.018021914757960642,,,,,,0.03873722789894555,,,,,,55.487999662093614,,,,,,119.2687523736998,,,,,
