index,bin_size,m,n,a,b,corr
673,1,0.15600911550196525,16.0,7875.805031710612,-7910.912714533807,6.409881863521
673,2,0.15764597201632305,16.0,7689.951882233889,-7724.426078143662,6.343327312520599
673,4,0.1568685032234856,16.0,7770.21589297464,-7805.606060591158,6.374765994772906
673,8,0.15770793152401755,16.0,7682.590405863863,-7717.365536698118,6.340835177637903
673,16,0.1568702947039899,16.0,7779.069226263966,-7814.679430496033,6.374693194061844
673,32,0.15716418597376647,16.0,7746.112717486208,-7780.2607417100735,6.362772751337369
