index,bin_size,m,n,a,b,corr
1496,1,-0.00005054479720546226,16.0,115092569585.97778,-115092569617.1452,-19784.429956955733
1496,2,-3.93463147721716e-6,16.0,19021483307455.348,-19021483307482.074,-254153.4082137899
1496,4,0.000032666410651864295,16.0,275629091811.9867,-275629091843.38196,30612.48481375254
1496,8,0.000021052351954011475,16.0,664547149303.9343,-664547149332.6443,47500.6309121415
1496,16,-8.681256696232126e-7,16.0,390543836840770.6,-390543836840800.2,-1151906.9588554201
1496,32,-6.4156926453269595e-6,16.0,7151074488546.84,-7151074488575.264,-155867.81588241708
