index,bin_size,m12,m23,m34,m13,m24,m14,m12_err,m23_err,m34_err,m13_err,m24_err,m14_err,corr12,corr23,corr34,corr13,corr24,corr14,corr12_err,corr23_err,corr34_err,corr13_err,corr24_err,corr14_err
1383,1,0.011409270786540396,,,,,,0.031245802339339875,,,,,,87.64802051851619,,,,,,240.0357372345609,,,,,
1383,2,0.011755193550381465,,,,,,0.03158062023439601,,,,,,85.06878221222901,,,,,,228.53940203815424,,,,,
1383,4,0.00962189095722046,,,,,,0.028803325018594415,,,,,,103.9296749927913,,,,,,311.11558229080265,,,,,
1383,8,0.009329234453834715,,,,,,0.027505304261523818,,,,,,107.1899312798337,,,,,,316.0271818886255,,,,,
1383,16,0.010845770232939136,,,,,,0.03108864052421939,,,,,,92.20184260984536,,,,,,264.2901222324117,,,,,
1383,32,0.005361714984856665,,,,,,0.019510765118416637,,,,,,186.50748926870327,,,,,,678.6828144026309,,,,,
