index,bin_size,m12,m23,m34,m13,m24,m14,m12_err,m23_err,m34_err,m13_err,m24_err,m14_err,corr12,corr23,corr34,corr13,corr24,corr14,corr12_err,corr23_err,corr34_err,corr13_err,corr24_err,corr14_err
147,1,0.04986147629172132,,,,,,0.06068042720208582,,,,,,20.055563420332053,,,,,,24.407222702435988,,,,,
147,2,0.04991432436739748,,,,,,0.05950802706799055,,,,,,20.03432907634766,,,,,,23.884995180722864,,,,,
147,4,0.05341747608679182,,,,,,0.06220837028913649,,,,,,18.72046515966454,,,,,,21.801285158907866,,,,,
147,8,0.05112042389618844,,,,,,0.06076519346395039,,,,,,19.561653127734733,,,,,,23.25230399488371,,,,,
147,16,0.05260588277143493,,,,,,0.061292104837235906,,,,,,19.009280850677055,,,,,,22.148071154749637,,,,,
147,32,0.053558535579347255,,,,,,0.06387175898731846,,,,,,18.671160239594204,,,,,,22.26647599559888,,,,,
