index,bin_size,m,n,a,b,corr
1909,1,0.12693751682570698,16.0,13544.89348439813,-13551.964524942678,7.877891619489151
1909,2,0.12946217931284523,16.0,12952.518662045835,-12961.356089708943,7.724263605848168
1909,4,0.12968815634071082,16.0,12917.486470488202,-12926.968738984182,7.710804349572567
1909,8,0.13028671202729686,16.0,12781.862355545136,-12790.991537447231,7.675379817632409
1909,16,0.1290610250628593,16.0,13061.595843483989,-13071.332169872103,7.748272567283183
1909,32,0.12955562253806546,16.0,12942.727319893014,-12953.620887901192,7.71869240724141
