index,bin_size,m12,m23,m34,m13,m24,m14,m12_err,m23_err,m34_err,m13_err,m24_err,m14_err,corr12,corr23,corr34,corr13,corr24,corr14,corr12_err,corr23_err,corr34_err,corr13_err,corr24_err,corr14_err
1273,1,0.17503862128504075,,,,,,0.05405100422855414,,,,,,5.713024889356019,,,,,,1.7641519922026923,,,,,
1273,2,0.17518049903310035,,,,,,0.05457818711706472,,,,,,5.708397941091891,,,,,,1.7784742747462554,,,,,
1273,4,0.176209726257903,,,,,,0.055043096631262514,,,,,,5.675055635330743,,,,,,1.7727320866846366,,,,,
1273,8,0.1751376012672311,,,,,,0.05829232575244147,,,,,,5.709796141801467,,,,,,1.9004331124192446,,,,,
1273,16,0.17388867243948747,,,,,,0.05121620081294633,,,,,,5.750805880400264,,,,,,1.693810325162781,,,,,
1273,32,0.17586088198704097,,,,,,0.06035663393197409,,,,,,5.686312889490052,,,,,,1.9515807132077698,,,,,
