index,bin_size,m,n,a,b,corr
522,1,0.16831194819231493,54.0,236.8285994099623,-229.64878938481945,5.941348850988225
522,2,0.16790158610124448,54.0,239.81194062075323,-232.91108100048388,5.955869883188602
522,4,0.16785496472567651,54.0,240.31508730378363,-234.44771475179573,5.957524113953309
522,8,0.16868480510830697,54.0,234.4123592100398,-227.28316659900077,5.928216233572034
522,16,0.16760455032954688,54.0,241.71866116200255,-231.97769818514618,5.966425124101841
522,32,0.16807316808628156,54.0,238.5227372509457,-231.08640989234877,5.9497896742604555
