index,bin_size,m12,m23,m34,m13,m24,m14,m12_err,m23_err,m34_err,m13_err,m24_err,m14_err,corr12,corr23,corr34,corr13,corr24,corr14,corr12_err,corr23_err,corr34_err,corr13_err,corr24_err,corr14_err
600,1,0.11727499105806181,,,,,,0.06733677600126464,,,,,,8.526967181817211,,,,,,4.896001047724571,,,,,
600,2,0.12040194172287948,,,,,,0.06970810779010157,,,,,,8.305513895296045,,,,,,4.808574094245404,,,,,
600,4,0.11974557884867934,,,,,,0.06588099426594068,,,,,,8.35103900799281,,,,,,4.594530823517658,,,,,
600,8,0.11915752983558991,,,,,,0.0648593965591374,,,,,,8.39225184828664,,,,,,4.568040235503446,,,,,
600,16,0.11627007265891051,,,,,,0.06637485091463226,,,,,,8.6006654776384,,,,,,4.909843743880416,,,,,
600,32,0.12052986854346115,,,,,,0.07384846437719424,,,,,,8.296698669669716,,,,,,5.083374466093353,,,,,
