index,bin_size,m12,m23,m34,m13,m24,m14,m12_err,m23_err,m34_err,m13_err,m24_err,m14_err,corr12,corr23,corr34,corr13,corr24,corr14,corr12_err,corr23_err,corr34_err,corr13_err,corr24_err,corr14_err
1193,1,0.13794132047216529,,,,,,0.06739869883204351,,,,,,7.249459382997473,,,,,,3.5421157922609017,,,,,
1193,2,0.1408899974786448,,,,,,0.06723706239204906,,,,,,7.097735949293161,,,,,,3.3872590205507627,,,,,
1193,4,0.1425571479827957,,,,,,0.0672570751983276,,,,,,7.014730682748252,,,,,,3.309481675956034,,,,,
1193,8,0.1371208583711778,,,,,,0.07252415829901211,,,,,,7.292836493869234,,,,,,3.857231019503001,,,,,
1193,16,0.13788055611734162,,,,,,0.07339328392052462,,,,,,7.252654240449696,,,,,,3.860559652760009,,,,,
1193,32,0.1392261045000339,,,,,,0.06432713704716163,,,,,,7.182561083577229,,,,,,3.318584491263775,,,,,
