index,bin_size,m12,m23,m34,m13,m24,m14,m12_err,m23_err,m34_err,m13_err,m24_err,m14_err,corr12,corr23,corr34,corr13,corr24,corr14,corr12_err,corr23_err,corr34_err,corr13_err,corr24_err,corr14_err
1019,1,0.2534880214576637,,,,,,0.04374756248809584,,,,,,3.9449595852678785,,,,,,0.6808304588796634,,,,,
1019,2,0.2525417681125646,,,,,,0.04401250093162459,,,,,,3.9597410261033463,,,,,,0.6900961646973393,,,,,
1019,4,0.25310242943705935,,,,,,0.04275807487893247,,,,,,3.9509695826474736,,,,,,0.667460417645796,,,,,
1019,8,0.2523335385027066,,,,,,0.03803653373169952,,,,,,3.9630086667582383,,,,,,0.5973804105733269,,,,,
1019,16,0.2529856579639527,,,,,,0.03044183519449696,,,,,,3.9527932454672485,,,,,,0.4756407201295984,,,,,
1019,32,0.2532361892930851,,,,,,0.033373347652262755,,,,,,3.948882672699838,,,,,,0.5204131156841998,,,,,
