index,bin_size,m12,m23,m34,m13,m24,m14,m12_err,m23_err,m34_err,m13_err,m24_err,m14_err,corr12,corr23,corr34,corr13,corr24,corr14,corr12_err,corr23_err,corr34_err,corr13_err,corr24_err,corr14_err
232,1,0.2042670853422174,,,,,,0.02949211867866071,,,,,,4.895551323526535,,,,,,0.7068205843786959,,,,,
232,2,0.20511349185666738,,,,,,0.03183442704868774,,,,,,4.875349695176545,,,,,,0.7566735995913703,,,,,
232,4,0.20605747838167776,,,,,,0.03212478722708079,,,,,,4.853014837674137,,,,,,0.7565950544215249,,,,,
232,8,0.20466897198663656,,,,,,0.032647733571207684,,,,,,4.885938451214251,,,,,,0.7793795769442629,,,,,
232,16,0.20656751613918373,,,,,,0.03731411376303275,,,,,,4.841032214020558,,,,,,0.8744783794696755,,,,,
232,32,0.2053181740763988,,,,,,0.02953835792659718,,,,,,4.870489446433029,,,,,,0.7006991036892839,,,,,
