index,bin_size,m12,m23,m34,m13,m24,m14,m12_err,m23_err,m34_err,m13_err,m24_err,m14_err,corr12,corr23,corr34,corr13,corr24,corr14,corr12_err,corr23_err,corr34_err,corr13_err,corr24_err,corr14_err
2309,1,0.16435352969460829,,,,,,0.03111886235164578,,,,,,6.084444927091855,,,,,,1.1520349123268774,,,,,
2309,2,0.16268079609574995,,,,,,0.030945884129025533,,,,,,6.147007046925344,,,,,,1.1693117588537836,,,,,
2309,4,0.16268322878553745,,,,,,0.029999012110606064,,,,,,6.146915127424002,,,,,,1.1334996405410263,,,,,
2309,8,0.16364877509451328,,,,,,0.028369446861539034,,,,,,6.1106476319328555,,,,,,1.0593155566461716,,,,,
2309,16,0.1627134387435011,,,,,,0.02813702704893723,,,,,,6.145773869215462,,,,,,1.0627506057896143,,,,,
2309,32,0.16304786401735805,,,,,,0.024401723487793434,,,,,,6.133168355358156,,,,,,0.9178892297270559,,,,,
