index,bin_size,m12,m23,m34,m13,m24,m14,m12_err,m23_err,m34_err,m13_err,m24_err,m14_err,corr12,corr23,corr34,corr13,corr24,corr14,corr12_err,corr23_err,corr34_err,corr13_err,corr24_err,corr14_err
978,1,0.05509099869062863,,,,,,0.05978246870592456,,,,,,18.151785659498437,,,,,,19.697565554029584,,,,,
978,2,0.05456213931380978,,,,,,0.05889643302759236,,,,,,18.32772711217535,,,,,,19.783640560754485,,,,,
978,4,0.05525355711220804,,,,,,0.05921628694704641,,,,,,18.09838229906567,,,,,,19.39638017010178,,,,,
978,8,0.05378804327225084,,,,,,0.05677060691359959,,,,,,18.59149244263173,,,,,,19.62239645074259,,,,,
978,16,0.05457881649945247,,,,,,0.06068353665001495,,,,,,18.322126864184238,,,,,,20.371483450545355,,,,,
978,32,0.0484802200784091,,,,,,0.05190052812344695,,,,,,20.626969068677038,,,,,,22.08221387029383,,,,,
