index,bin_size,m12,m23,m34,m13,m24,m14,m12_err,m23_err,m34_err,m13_err,m24_err,m14_err,corr12,corr23,corr34,corr13,corr24,corr14,corr12_err,corr23_err,corr34_err,corr13_err,corr24_err,corr14_err
457,1,0.22716211265927932,,,,,,0.025901917871717972,,,,,,4.402142541700609,,,,,,0.5019496131634837,,,,,
457,2,0.22680912756515043,,,,,,0.026610179834010705,,,,,,4.408993635905381,,,,,,0.5172812699292705,,,,,
457,4,0.22833975743747395,,,,,,0.025187600767546447,,,,,,4.379438829323575,,,,,,0.48308519750047735,,,,,
457,8,0.22647525327808368,,,,,,0.024552551463968942,,,,,,4.415493461319252,,,,,,0.47869084537348183,,,,,
457,16,0.2274800463880632,,,,,,0.023697601114016534,,,,,,4.395989959902145,,,,,,0.457949689324703,,,,,
457,32,0.22772805645686053,,,,,,0.02269908139936405,,,,,,4.391202452427877,,,,,,0.43769864574253514,,,,,
