index,bin_size,m,n,a,b,corr
1556,1,0.10562424841872586,16.0,18894.088229847017,-18882.53116794443,9.467522988051979
1556,2,0.10541428558162702,16.0,19021.05801242476,-19011.56606199445,9.486380280267184
1556,4,0.10520817730738657,16.0,19068.61200307714,-19057.986266240576,9.504964591091637
1556,8,0.1057579081055075,16.0,18862.267273617963,-18850.11743876277,9.45555767803546
1556,16,0.10498974826962465,16.0,19180.2302944538,-19169.739906705392,9.524739476771536
1556,32,0.10684182689669111,16.0,18464.89530870536,-18454.645929187074,9.359630296914832
