index,bin_size,m,n,a,b,corr
2696,1,0.14733632428700086,16.0,8530.467837105478,-8587.766675183608,6.787192532725806
2696,2,0.14856631091803457,16.0,8364.699813721012,-8422.961919249936,6.731001085109459
2696,4,0.14679186903981944,16.0,8606.828554674928,-8664.046536189864,6.812366424251573
2696,8,0.14698336490768227,16.0,8577.083968537121,-8634.603663592408,6.8034909979648575
2696,16,0.14730915909600556,16.0,8534.99872267249,-8593.464303394012,6.788444154706441
2696,32,0.1468024248012692,16.0,8602.007115194448,-8659.94471901953,6.811876584148591
