index,bin_size,m12,m23,m34,m13,m24,m14,m12_err,m23_err,m34_err,m13_err,m24_err,m14_err,corr12,corr23,corr34,corr13,corr24,corr14,corr12_err,corr23_err,corr34_err,corr13_err,corr24_err,corr14_err
753,1,0.05395419927035852,,,,,,0.06098480343366849,,,,,,18.534238549053626,,,,,,20.949377620135063,,,,,
753,2,0.050695738702449755,,,,,,0.06013420297462808,,,,,,19.72552379341653,,,,,,23.397995214868935,,,,,
753,4,0.051596682350826456,,,,,,0.061855947591441945,,,,,,19.38109107869767,,,,,,23.234744937233035,,,,,
753,8,0.050150014121872546,,,,,,0.058324329908599024,,,,,,19.940173846608303,,,,,,23.19036790374837,,,,,
753,16,0.05329750937915286,,,,,,0.05929999551734069,,,,,,18.76260282419776,,,,,,20.87568962094445,,,,,
753,32,0.05127569365459613,,,,,,0.057986218048559655,,,,,,19.50241778758198,,,,,,22.054727487893683,,,,,
