index,bin_size,m12,m23,m34,m13,m24,m14,m12_err,m23_err,m34_err,m13_err,m24_err,m14_err,corr12,corr23,corr34,corr13,corr24,corr14,corr12_err,corr23_err,corr34_err,corr13_err,corr24_err,corr14_err
309,1,0.08111399120922547,,,,,,0.04416997773012368,,,,,,12.328329368241782,,,,,,6.713293545626146,,,,,
309,2,0.08366199328077079,,,,,,0.044211706758320646,,,,,,11.952858888312479,,,,,,6.3165634880363335,,,,,
309,4,0.08114614318725827,,,,,,0.04316934678584895,,,,,,12.323444599114627,,,,,,6.556011568753296,,,,,
309,8,0.08321738114228165,,,,,,0.043322468575905194,,,,,,12.016720380688755,,,,,,6.2558324226490365,,,,,
309,16,0.08348188299303336,,,,,,0.03919002834336339,,,,,,11.978646912929012,,,,,,5.623298076206616,,,,,
309,32,0.08295300365247482,,,,,,0.04150263399634137,,,,,,12.055018576414936,,,,,,6.031306905920806,,,,,
