index,bin_size,m12,m23,m34,m13,m24,m14,m12_err,m23_err,m34_err,m13_err,m24_err,m14_err,corr12,corr23,corr34,corr13,corr24,corr14,corr12_err,corr23_err,corr34_err,corr13_err,corr24_err,corr14_err
2698,1,0.02218611744269856,,,,,,0.04357356069771022,,,,,,45.073231158302534,,,,,,88.52387889817875,,,,,
2698,2,0.02249233386828306,,,,,,0.04407294889560033,,,,,,44.45959258190286,,,,,,87.11703121855675,,,,,
2698,4,0.021088589970379545,,,,,,0.0432551786340017,,,,,,47.419007216915524,,,,,,97.26196159608776,,,,,
2698,8,0.022303543858618394,,,,,,0.04357033261915871,,,,,,44.835924117663765,,,,,,87.58770083701764,,,,,
2698,16,0.025740548278782284,,,,,,0.047356215123426845,,,,,,38.84921133650799,,,,,,71.47289908131589,,,,,
2698,32,0.014448743969086268,,,,,,0.033974982745802566,,,,,,69.21016817375576,,,,,,162.74177704085574,,,,,
