index,bin_size,m,n,a,b,corr
887,1,0.08137922830042112,16.0,37322.27206894553,-37284.54571691488,12.28814798179679
887,2,0.08323339387671926,16.0,35596.23247058344,-35560.00166687998,12.014408561558179
887,4,0.08231276999781847,16.0,36442.98898073046,-36407.67721393361,12.14878323286293
887,8,0.0851577185100197,16.0,33923.24876690982,-33887.46611381547,11.742916760767134
887,16,0.08291425501749852,16.0,35870.38467948155,-35834.02301404582,12.06065229421595
887,32,0.08282295762336929,16.0,36010.92554756637,-35975.10652014173,12.0739469912125
