index,bin_size,m,n,a,b,corr
133,1,0.25314997941373696,16.0,1985.8815868140243,-2036.6306850743867,3.9502274592945748
133,2,0.2535266454068742,16.0,1976.753114072057,-2029.4273886266076,3.944358583671323
133,4,0.25336368738207826,16.0,1981.867610809779,-2033.403543031437,3.9468955095051843
133,8,0.2531312175845753,16.0,1983.245280442622,-2034.5556465477537,3.9505202461481606
133,16,0.2540776174321698,16.0,1966.0664239113398,-2016.9724873890432,3.935805168934121
133,32,0.254824270689875,16.0,1947.7675538070266,-2000.0713063676083,3.924272979542891
