index,bin_size,m,n,a,b,corr
1382,1,0.11325906661208021,16.0,18252.6025222326,-18270.351196282812,8.829315214340111
1382,2,0.1118572961718074,16.0,18736.697927294812,-18756.733704214457,8.939962203842729
1382,4,0.11144303498844964,16.0,18875.324744844853,-18891.18595028548,8.97319424317225
1382,8,0.11552974142907746,16.0,17475.251146456223,-17493.527776617382,8.655779781294585
1382,16,0.11222818161792984,16.0,18595.5114515359,-18612.586641883616,8.91041791449856
1382,32,0.11167097557745231,16.0,18823.53677041938,-18839.379216330857,8.954878336371513
