index,bin_size,m,n,a,b,corr
1574,1,0.09415080697946851,16.0,23031.785748636576,-22983.131286234613,10.621257874274729
1574,2,0.0938395512900656,16.0,23176.852207032305,-23127.39951786513,10.656487443220179
1574,4,0.09129914605949999,16.0,24588.019972598904,-24538.21630423791,10.95300496401463
1574,8,0.09442180693973395,16.0,22872.666334448637,-22826.217626103546,10.590773809680046
1574,16,0.09350097517356878,16.0,23363.877871066135,-23314.152582901785,10.695075619731973
1574,32,0.09458536618778651,16.0,22792.389761489925,-22744.089102354134,10.572459993595993
