index,bin_size,m12,m23,m34,m13,m24,m14,m12_err,m23_err,m34_err,m13_err,m24_err,m14_err,corr12,corr23,corr34,corr13,corr24,corr14,corr12_err,corr23_err,corr34_err,corr13_err,corr24_err,corr14_err
1956,1,0.09575058423400888,,,,,,0.06816563505230513,,,,,,10.443800505238254,,,,,,7.435028198462875,,,,,
1956,2,0.0940570769047592,,,,,,0.06983589680051384,,,,,,10.631842205904242,,,,,,7.8939752278577044,,,,,
1956,4,0.09485286413238117,,,,,,0.07221744324934892,,,,,,10.542644222153928,,,,,,8.0267772383645,,,,,
1956,8,0.09320774999085185,,,,,,0.07100507210619264,,,,,,10.72872159340986,,,,,,8.173071986203956,,,,,
1956,16,0.09255752815296076,,,,,,0.0702303717783764,,,,,,10.804091465660125,,,,,,8.197878395228322,,,,,
1956,32,0.09531523303760721,,,,,,0.0674182252571396,,,,,,10.491502440176,,,,,,7.420833504320746,,,,,
