index,bin_size,m,n,a,b,corr
2083,1,0.20659275234327948,16.0,3721.9153389829544,-3770.9949939261187,4.840440860860288
2083,2,0.20642704958319963,16.0,3724.1578913138874,-3775.29218740702,4.844326371079357
2083,4,0.20740170342010975,16.0,3682.6513542123785,-3732.401042348816,4.821561170953428
2083,8,0.20524760130933975,16.0,3780.2672063180253,-3829.4309075768388,4.872164125771419
2083,16,0.2057821802981043,16.0,3757.021116882693,-3807.2575851380548,4.859507264192458
2083,32,0.20537412634695656,16.0,3775.0172682415196,-3825.4697777740466,4.869162526883314
