index,bin_size,m,n,a,b,corr
1947,1,0.06708034233892779,16.0,48651.20376135903,-48738.589196674046,14.907496967553252
1947,2,0.0720443476695671,16.0,41985.869512745485,-42074.452275872034,13.880339434628803
1947,4,0.07227248311328835,16.0,41683.6310402942,-41770.4438816014,13.836524731445618
1947,8,0.07355921032512769,16.0,40163.798425551,-40250.50736540002,13.594490690969284
1947,16,0.07162847716101618,16.0,42473.20522444535,-42560.28695335411,13.960927826960004
1947,32,0.07053359910128437,16.0,43832.620641020585,-43918.91465171274,14.177640340797392
