index,bin_size,m12,m23,m34,m13,m24,m14,m12_err,m23_err,m34_err,m13_err,m24_err,m14_err,corr12,corr23,corr34,corr13,corr24,corr14,corr12_err,corr23_err,corr34_err,corr13_err,corr24_err,corr14_err
58,1,0.040704337582978936,,,,,,0.05425608293886837,,,,,,24.56740631048037,,,,,,32.74666321880359,,,,,
58,2,0.038308523008771384,,,,,,0.05273982993546009,,,,,,26.10385160949779,,,,,,35.93750388732497,,,,,
58,4,0.040085114141173835,,,,,,0.054505992030071226,,,,,,24.94691661543355,,,,,,33.92173048146531,,,,,
58,8,0.043019172648777644,,,,,,0.055888884793187585,,,,,,23.245449375893894,,,,,,30.199610130626787,,,,,
58,16,0.04640702664427347,,,,,,0.05969408811558535,,,,,,21.548460918760412,,,,,,27.71812412589592,,,,,
58,32,0.04254939696567599,,,,,,0.05669011156711018,,,,,,23.502095712582864,,,,,,31.31269825238656,,,,,
