index,bin_size,m12,m23,m34,m13,m24,m14,m12_err,m23_err,m34_err,m13_err,m24_err,m14_err,corr12,corr23,corr34,corr13,corr24,corr14,corr12_err,corr23_err,corr34_err,corr13_err,corr24_err,corr14_err
1640,1,0.1330117131634345,,,,,,0.061843280742262474,,,,,,7.518134878627399,,,,,,3.4955276862411346,,,,,
1640,2,0.1349495152315218,,,,,,0.060211136666871994,,,,,,7.410178527017175,,,,,,3.3062384199801316,,,,,
1640,4,0.13126436475026126,,,,,,0.061125025795795776,,,,,,7.618213838177354,,,,,,3.5475242520118337,,,,,
1640,8,0.1314095924834233,,,,,,0.05956381950423788,,,,,,7.609794544687788,,,,,,3.449279616183995,,,,,
1640,16,0.13346018708414714,,,,,,0.06016928961225019,,,,,,7.492871258823399,,,,,,3.3780916290428546,,,,,
1640,32,0.13122355003017547,,,,,,0.06184659548311355,,,,,,7.62058334628232,,,,,,3.591635308254465,,,,,
