index,bin_size,m,n,a,b,corr
2709,1,0.14235022172876438,16.0,8702.563797358942,-8686.900242899035,7.024927589543279
2709,2,0.14294243125937584,16.0,8620.189960833026,-8606.078918844654,6.995823361822162
2709,4,0.14407504971763996,16.0,8461.91095311535,-8445.471634741567,6.940827033964675
2709,8,0.14277707160350472,16.0,8642.483668645213,-8625.192857164722,7.0039256917737
2709,16,0.14233642971781033,16.0,8709.09569373821,-8693.909680748158,7.025608285823623
2709,32,0.14347495976471444,16.0,8546.439861526118,-8531.673710537716,6.969857330086774
