index,bin_size,m12,m23,m34,m13,m24,m14,m12_err,m23_err,m34_err,m13_err,m24_err,m14_err,corr12,corr23,corr34,corr13,corr24,corr14,corr12_err,corr23_err,corr34_err,corr13_err,corr24_err,corr14_err
1566,1,0.11934858167003337,,,,,,0.06446489835591572,,,,,,8.378817628220586,,,,,,4.5257314262798305,,,,,
1566,2,0.11966042187597925,,,,,,0.06079940840027389,,,,,,8.356982069112536,,,,,,4.2461789608292815,,,,,
1566,4,0.12107127876605325,,,,,,0.05992277514549296,,,,,,8.25959724050083,,,,,,4.087988441843725,,,,,
1566,8,0.11791033376162063,,,,,,0.060701436341188575,,,,,,8.481020857948723,,,,,,4.366115600672107,,,,,
1566,16,0.11953584577878804,,,,,,0.0632380370354766,,,,,,8.365691424901874,,,,,,4.425700932708769,,,,,
1566,32,0.11637095375404069,,,,,,0.07040048354811031,,,,,,8.593209626120105,,,,,,5.198600624927211,,,,,
