index,bin_size,m12,m23,m34,m13,m24,m14,m12_err,m23_err,m34_err,m13_err,m24_err,m14_err,corr12,corr23,corr34,corr13,corr24,corr14,corr12_err,corr23_err,corr34_err,corr13_err,corr24_err,corr14_err
1748,1,0.2280421931004738,,,,,,0.04636935171378135,,,,,,4.385153406937316,,,,,,0.8916627132925976,,,,,
1748,2,0.22800477301610514,,,,,,0.049057140725127686,,,,,,4.3858730971801405,,,,,,0.9436574106969244,,,,,
1748,4,0.22976578541094078,,,,,,0.046357443768557195,,,,,,4.352258097137829,,,,,,0.8781096787037443,,,,,
1748,8,0.22809359439302032,,,,,,0.04498579460575764,,,,,,4.384165204906781,,,,,,0.8646676639494479,,,,,
1748,16,0.22805502887754817,,,,,,0.04655120505522254,,,,,,4.384906594350698,,,,,,0.8950589119927652,,,,,
1748,32,0.22629813280785213,,,,,,0.041330160896479895,,,,,,4.418949407987788,,,,,,0.8070587581056822,,,,,
