index,bin_size,m,n,a,b,corr
2582,1,0.1981961473292354,54.0,81.6954199273404,11.407548837854526,5.045506754169346
2582,2,0.19875857757908313,54.0,80.36890523603886,9.409531063865325,5.031229404940346
2582,4,0.19793928163056365,54.0,82.12135050808759,7.484466459190823,5.052054305554228
2582,8,0.1982217026649453,54.0,81.49745914357847,5.255907666666776,5.044856272324039
2582,16,0.19869386161250172,54.0,80.55123988766984,9.93643448348395,5.032868111196247
2582,32,0.1984772847869572,54.0,80.93181233990683,11.978981169698795,5.038359936621394
