index,bin_size,m12,m23,m34,m13,m24,m14,m12_err,m23_err,m34_err,m13_err,m24_err,m14_err,corr12,corr23,corr34,corr13,corr24,corr14,corr12_err,corr23_err,corr34_err,corr13_err,corr24_err,corr14_err
2274,1,0.17257072417346575,,,,,,0.03278691493953157,,,,,,5.7947256395286,,,,,,1.1009467425666613,,,,,
2274,2,0.17359426146379056,,,,,,0.032363052607747717,,,,,,5.760559085120372,,,,,,1.0739368637521254,,,,,
2274,4,0.17314743584336018,,,,,,0.029666047190610705,,,,,,5.77542482872609,,,,,,0.9895267849638398,,,,,
2274,8,0.17437299804266376,,,,,,0.02793843790515576,,,,,,5.734832865323165,,,,,,0.9188479506733961,,,,,
2274,16,0.17481239595914114,,,,,,0.02636804099014374,,,,,,5.720418134614034,,,,,,0.8628462474109636,,,,,
2274,32,0.1742481645107388,,,,,,0.021796378914723552,,,,,,5.73894137024537,,,,,,0.7178735054482699,,,,,
