index,bin_size,m,n,a,b,corr
193,1,0.09261414955072159,24.0,15645.438540629902,-15582.644837076792,10.797486181658822
193,2,0.09407856228401296,24.0,15117.45032330814,-15053.755659479551,10.629414137740634
193,4,0.09512049589703135,24.0,14732.677007151931,-14669.020510798497,10.512981356641658
193,8,0.09310446011574117,24.0,15445.323919073937,-15380.94837436345,10.740624012607642
193,16,0.09374306732455565,24.0,15234.672207777041,-15169.834121626736,10.667455509406548
193,32,0.09366865306649055,24.0,15251.254909224434,-15187.545473596867,10.675930177944926
