index,bin_size,m12,m23,m34,m13,m24,m14,m12_err,m23_err,m34_err,m13_err,m24_err,m14_err,corr12,corr23,corr34,corr13,corr24,corr14,corr12_err,corr23_err,corr34_err,corr13_err,corr24_err,corr14_err
1482,1,0.04641100650705481,,,,,,0.05767663500507497,,,,,,21.54661308299773,,,,,,26.77675473801087,,,,,
1482,2,0.046808039726332545,,,,,,0.056236132780596804,,,,,,21.363851292354706,,,,,,25.666966294807416,,,,,
1482,4,0.04466570921798298,,,,,,0.05627124505436336,,,,,,22.388539609204,,,,,,28.20577621661529,,,,,
1482,8,0.044053471563422715,,,,,,0.05475827340999114,,,,,,22.699686642409652,,,,,,28.215611695815635,,,,,
1482,16,0.04698961824805026,,,,,,0.05634101851464121,,,,,,21.281296534931798,,,,,,25.516485700326218,,,,,
1482,32,0.04516174701301706,,,,,,0.05496853479449565,,,,,,22.14263322700444,,,,,,26.950864071523362,,,,,
