index,bin_size,m,n,a,b,corr
2244,1,1.5258750669043661e-6,24.0,81760465701975.52,-81760465701826.89,655361.6489905426
2244,2,0.000010822507865619775,24.0,1627902977281.9211,-1627902977136.5422,92400.025245233
2244,4,1.8430946501108146e-6,24.0,56098677263937.58,-56098677263789.51,542565.7330945407
2244,8,-2.9848567843637294e-6,24.0,21424743720700.117,-21424743720550.41,-335024.4491590126
2244,16,-0.000017865258687068266,24.0,597392131973.9325,-597392131828.1549,-55974.560319344724
2244,32,-0.000020483090442482456,24.0,454474445869.28094,-454474445722.47845,-48820.757922641125
