index,bin_size,m,n,a,b,corr
1193,1,0.1039349719276298,16.0,23143.32479535385,-23194.389095459937,9.621400587824306
1193,2,0.10727437084066492,16.0,21597.121006267913,-21649.396621777127,9.321891073920202
1193,4,0.10836636488721321,16.0,21121.925024969936,-21173.521187577342,9.227955565740269
1193,8,0.1046842655695454,16.0,22744.380282739083,-22793.191832649914,9.55253394155653
1193,16,0.10424879406938113,16.0,22985.877525902077,-23037.356160336487,9.592437101329592
1193,32,0.10606343072051501,16.0,22115.291960218976,-22164.949532299503,9.428320328757552
