index,bin_size,m,n,a,b,corr
2547,1,0.1512384955549586,81.0,40.64492733136328,347.3733872423249,6.612073178396631
2547,2,0.14896895599305401,81.0,44.67009102333992,345.35983153190836,6.7128080030756685
2547,4,0.15042755405100405,81.0,41.977793652346854,342.7655437148389,6.647718274146367
2547,8,0.1497886194998354,81.0,43.17339555765392,350.7626425267972,6.676074613272598
2547,16,0.15412473570277083,81.0,35.91616423800173,335.6619613833423,6.488251191090426
2547,32,0.15176425388995152,81.0,39.71892493033989,346.59473904258374,6.589166910971854
