index,bin_size,m,n,a,b,corr
1018,1,0.24681300994721933,16.0,2054.683159311734,-2134.412167258361,4.05165027651439
1018,2,0.24612484035211352,16.0,2069.91564260102,-2150.3628729416464,4.0629787654483405
1018,4,0.24776565057715932,16.0,2031.751027091547,-2111.44634747764,4.036071980399798
1018,8,0.2480046253731499,16.0,2028.1188104025587,-2109.1905271289015,4.032182861490552
1018,16,0.24747575086912282,16.0,2040.329000289213,-2122.917886736439,4.040799942976427
1018,32,0.247645533747741,16.0,2036.6183785870542,-2116.866267325975,4.038029617843337
