index,bin_size,m12,m23,m34,m13,m24,m14,m12_err,m23_err,m34_err,m13_err,m24_err,m14_err,corr12,corr23,corr34,corr13,corr24,corr14,corr12_err,corr23_err,corr34_err,corr13_err,corr24_err,corr14_err
932,1,0.16014971991573643,,,,,,0.06076660528772305,,,,,,6.244157033344517,,,,,,2.3692593780335565,,,,,
932,2,0.1602130263005619,,,,,,0.060509611412065276,,,,,,6.241689724554519,,,,,,2.357375230394422,,,,,
932,4,0.1629682461057666,,,,,,0.053986009351797905,,,,,,6.136164706288848,,,,,,2.0327091512225595,,,,,
932,8,0.1600525474435834,,,,,,0.059390572647621105,,,,,,6.24794803939305,,,,,,2.318421155170505,,,,,
932,16,0.15883655051172874,,,,,,0.05940810046586728,,,,,,6.295780138628473,,,,,,2.354749821635253,,,,,
932,32,0.15758403358395556,,,,,,0.06836324630719331,,,,,,6.345820558446571,,,,,,2.7529495469298833,,,,,
