index,bin_size,m,n,a,b,corr
7,1,0.09963086156746402,16.0,22442.573641677576,-22458.995107113908,10.037050611299394
7,2,0.10092192660092197,16.0,21841.605491814524,-21858.36467603695,9.908649524243867
7,4,0.09780679630441007,16.0,23351.83961077476,-23367.89154315232,10.224238373861454
7,8,0.10094444630252572,16.0,21823.846457778214,-21841.638233736467,9.906439003123038
7,16,0.09946723968488129,16.0,22544.3291832432,-22561.790829391,10.053561385317067
7,32,0.09982092592029751,16.0,22343.308790995667,-22360.14667809663,10.017939533023915
