index,bin_size,m,n,a,b,corr
783,1,0.0779777077064717,16.0,46114.97229849247,-46231.359536462376,12.824177953066526
783,2,0.08012531428277646,16.0,43565.59858316616,-43684.30692119057,12.48045026657646
783,4,0.07504396157027189,16.0,49925.19981576147,-50040.21015076778,13.325522521403542
783,8,0.07813590614328658,16.0,45931.18509010188,-46047.38272167265,12.798213386892677
783,16,0.07669347069066108,16.0,47734.236649695245,-47849.259530289135,13.038919623724492
783,32,0.07490295044008945,16.0,50125.44585650973,-50242.969120106325,13.350608942966037
