index,bin_size,m12,m23,m34,m13,m24,m14,m12_err,m23_err,m34_err,m13_err,m24_err,m14_err,corr12,corr23,corr34,corr13,corr24,corr14,corr12_err,corr23_err,corr34_err,corr13_err,corr24_err,corr14_err
683,1,0.1874345634895678,,,,,,0.05165843572622313,,,,,,5.335195288331428,,,,,,1.4704216648092083,,,,,
683,2,0.19042295591891972,,,,,,0.04765321833769441,,,,,,5.251467687676219,,,,,,1.3141763035163463,,,,,
683,4,0.18805044428226586,,,,,,0.048318143307856144,,,,,,5.317722081522916,,,,,,1.366348580494188,,,,,
683,8,0.1888167649308199,,,,,,0.048654800370936974,,,,,,5.29613988655291,,,,,,1.3647232490780168,,,,,
683,16,0.18866234655361983,,,,,,0.05136435474962241,,,,,,5.300474727826994,,,,,,1.44308320783096,,,,,
683,32,0.1891055967901392,,,,,,0.04633269089555519,,,,,,5.288050787358529,,,,,,1.2956233275453,,,,,
