index,bin_size,m,n,a,b,corr
975,1,0.03687605103545409,16.0,177434.5024414722,-177408.54947083967,27.117871136433795
975,2,0.029707845396502765,16.0,274434.52127929515,-274408.5507894278,33.66114191902052
975,4,0.04084657613970184,16.0,144476.44044708888,-144450.81345029036,24.481856118854115
975,8,0.042141269917945125,16.0,135704.70037850388,-135679.51869436537,23.729707290433776
975,16,0.04083102598212658,16.0,144535.68393266026,-144510.61367057715,24.49117983069397
975,32,0.03816234553820404,16.0,165664.41647587105,-165640.1935837704,26.203840091508724
