index,bin_size,m,n,a,b,corr
93,1,0.13813359801027142,16.0,10456.180584603997,-10363.429949423442,7.239368368046429
93,2,0.13770859824538834,16.0,10509.292466894032,-10418.438330613726,7.261710690120169
93,4,0.14023432273395534,16.0,10099.280495720404,-10009.024543772499,7.130921877785538
93,8,0.13766846383755613,16.0,10531.423601307823,-10439.317349278648,7.263827692447882
93,16,0.13707189577492396,16.0,10628.144269241402,-10534.3141236403,7.2954415224695595
93,32,0.13738535580469946,16.0,10570.383081159991,-10476.828332819026,7.278796158023951
