index,bin_size,m,n,a,b,corr
2309,1,0.17482412600166258,24.0,2421.6249534555254,-2397.7279734773506,5.720034316033074
2309,2,0.17389901618181666,24.0,2452.198684467144,-2423.96989156497,5.750463814898584
2309,4,0.17416222439518728,24.0,2444.0355676010104,-2415.424457825541,5.741773243151306
2309,8,0.17478688323072014,24.0,2416.897128141114,-2390.829808668523,5.721253114170997
2309,16,0.17366752761336413,24.0,2466.071630659695,-2439.754396067586,5.758128843903964
2309,32,0.17405333079574736,24.0,2445.816476747791,-2417.9177585016705,5.745365489003517
