index,bin_size,m12,m23,m34,m13,m24,m14,m12_err,m23_err,m34_err,m13_err,m24_err,m14_err,corr12,corr23,corr34,corr13,corr24,corr14,corr12_err,corr23_err,corr34_err,corr13_err,corr24_err,corr14_err
1438,1,0.06951792048013622,,,,,,0.0651417983414413,,,,,,14.384780112715484,,,,,,13.479264609997022,,,,,
1438,2,0.06584829328714824,,,,,,0.06627859290483602,,,,,,15.186422458046795,,,,,,15.285661351745171,,,,,
1438,4,0.06999653158228339,,,,,,0.06603533812656762,,,,,,14.28642216113901,,,,,,13.477935216271296,,,,,
1438,8,0.07150811897821653,,,,,,0.06876060916109339,,,,,,13.98442602447184,,,,,,13.447111544129081,,,,,
1438,16,0.06730048215481069,,,,,,0.06650021942004415,,,,,,14.85873455853866,,,,,,14.682050957288471,,,,,
1438,32,0.06697596245044114,,,,,,0.06227499327516334,,,,,,14.930729823254872,,,,,,13.882758310856547,,,,,
