index,bin_size,m,n,a,b,corr
453,1,0.13469482125958948,36.0,2250.8569859012605,-2310.9859953743553,7.4241904079798156
453,2,0.13438297992747578,36.0,2267.3598023943596,-2329.2104929534885,7.441418552704242
453,4,0.13443317910669908,36.0,2264.740250934029,-2323.2874148564897,7.438639825710764
453,8,0.1346079674479921,36.0,2257.4258145431695,-2314.668876048097,7.428980757668491
453,16,0.13490157433170205,36.0,2240.874209189294,-2299.903062623379,7.412811933099869
453,32,0.1350912408198597,36.0,2230.268493311024,-2289.0138350611664,7.4024044337076695
