index,bin_size,m12,m23,m34,m13,m24,m14,m12_err,m23_err,m34_err,m13_err,m24_err,m14_err,corr12,corr23,corr34,corr13,corr24,corr14,corr12_err,corr23_err,corr34_err,corr13_err,corr24_err,corr14_err
305,1,0.23658217288943503,,,,,,0.02942513558768183,,,,,,4.226861169574864,,,,,,0.5257199285390534,,,,,
305,2,0.23625615489697954,,,,,,0.02797905414479408,,,,,,4.232693960654926,,,,,,0.5012642889881431,,,,,
305,4,0.2361367625615823,,,,,,0.029484816420818183,,,,,,4.234834039190358,,,,,,0.5287753709488434,,,,,
305,8,0.23713007173187486,,,,,,0.029410719437132783,,,,,,4.217094831948219,,,,,,0.5230369646345449,,,,,
305,16,0.23518609330476703,,,,,,0.030226061450743864,,,,,,4.251952085892023,,,,,,0.5464598830137796,,,,,
305,32,0.2361858035316191,,,,,,0.025833402009888956,,,,,,4.233954729908761,,,,,,0.4630991913735452,,,,,
