index,bin_size,m12,m23,m34,m13,m24,m14,m12_err,m23_err,m34_err,m13_err,m24_err,m14_err,corr12,corr23,corr34,corr13,corr24,corr14,corr12_err,corr23_err,corr34_err,corr13_err,corr24_err,corr14_err
2099,1,0.0438654785369603,,,,,,0.05606528205200363,,,,,,22.79697004006048,,,,,,29.13723041115684,,,,,
2099,2,0.0423161667782747,,,,,,0.054704641137892106,,,,,,23.6316300869058,,,,,,30.55002241061457,,,,,
2099,4,0.04695456921836863,,,,,,0.05798367670041019,,,,,,21.297181864226324,,,,,,26.29965365249373,,,,,
2099,8,0.04554529000270838,,,,,,0.05815451823971691,,,,,,21.956167145725374,,,,,,28.03473910638028,,,,,
2099,16,0.04902567156650981,,,,,,0.06232650643749797,,,,,,20.397476832996926,,,,,,25.931383100296898,,,,,
2099,32,0.05285976216681478,,,,,,0.06433098375351293,,,,,,18.917981447669042,,,,,,23.02341719432278,,,,,
