index,bin_size,m,n,a,b,corr
2279,1,0.07514211324135202,24.0,29385.82325063317,-29400.89950315771,13.308116538964764
2279,2,0.07782304655390468,24.0,27228.924822261284,-27244.560811148094,12.849664004188567
2279,4,0.07620540448339524,24.0,28487.284693088808,-28503.552532417285,13.122428872061098
2279,8,0.07669510864575188,24.0,28082.84478404862,-28094.792579103538,13.038641155316881
2279,16,0.07795612408657156,24.0,27080.13551254571,-27092.74659588673,12.827728568053018
2279,32,0.07732710331590442,24.0,27570.892568430845,-27586.445095297422,12.932076298199092
