index,bin_size,m,n,a,b,corr
1806,1,0.08136613732438414,16.0,36950.7170289264,-36965.057695975614,12.290125018633715
1806,2,0.08004682250150863,16.0,38201.014332699975,-38214.28664171501,12.492688263561657
1806,4,0.08070163700915531,16.0,37552.649608510445,-37565.838506493914,12.391322370406856
1806,8,0.08383281646950656,16.0,34715.967714345534,-34731.45335153491,11.92850296713747
1806,16,0.08119768295807293,16.0,37082.24313038628,-37095.96137138325,12.315622362233636
1806,32,0.08118966532910663,16.0,37078.96811935339,-37090.866663510526,12.316838552621775
