index,bin_size,m12,m23,m34,m13,m24,m14,m12_err,m23_err,m34_err,m13_err,m24_err,m14_err,corr12,corr23,corr34,corr13,corr24,corr14,corr12_err,corr23_err,corr34_err,corr13_err,corr24_err,corr14_err
700,1,0.10031104175547143,,,,,,0.06506363211988933,,,,,,9.968992271436115,,,,,,6.466076260436809,,,,,
700,2,0.09732363315949925,,,,,,0.06659001899900814,,,,,,10.274996601916266,,,,,,7.030278224560566,,,,,
700,4,0.10133514578117861,,,,,,0.0660751263495996,,,,,,9.86824454922464,,,,,,6.434544504892523,,,,,
700,8,0.10056753028631191,,,,,,0.0607025195083504,,,,,,9.943567244348532,,,,,,6.001933058455705,,,,,
700,16,0.10151634738758368,,,,,,0.05535734800957273,,,,,,9.850630225908901,,,,,,5.371595605654647,,,,,
700,32,0.10182637025895111,,,,,,0.055543879405106855,,,,,,9.820638774189188,,,,,,5.356926446140608,,,,,
