index,bin_size,m12,m23,m34,m13,m24,m14,m12_err,m23_err,m34_err,m13_err,m24_err,m14_err,corr12,corr23,corr34,corr13,corr24,corr14,corr12_err,corr23_err,corr34_err,corr13_err,corr24_err,corr14_err
2887,1,0.16332873008581694,,,,,,0.03463517030868744,,,,,,6.122621534341052,,,,,,1.2983511196475903,,,,,
2887,2,0.1640084983948813,,,,,,0.03264574188431777,,,,,,6.097245019537414,,,,,,1.2136510550447965,,,,,
2887,4,0.16431873101323938,,,,,,0.032001894479199315,,,,,,6.0857334634566325,,,,,,1.185227021442733,,,,,
2887,8,0.16397065801554678,,,,,,0.027145954036684884,,,,,,6.0986521131432285,,,,,,1.0096546049929271,,,,,
2887,16,0.16471521282351062,,,,,,0.030220319602262777,,,,,,6.071084648820397,,,,,,1.1138626194553662,,,,,
2887,32,0.16390558687837256,,,,,,0.026351189530737354,,,,,,6.101073301070927,,,,,,0.9808728424659645,,,,,
