index,bin_size,m12,m23,m34,m13,m24,m14,m12_err,m23_err,m34_err,m13_err,m24_err,m14_err,corr12,corr23,corr34,corr13,corr24,corr14,corr12_err,corr23_err,corr34_err,corr13_err,corr24_err,corr14_err
1315,1,0.0051135285147749865,,,,,,0.020737875462306266,,,,,,195.5596799960357,,,,,,793.0907743035652,,,,,
1315,2,0.0046506518690436465,,,,,,0.020529813554205117,,,,,,215.02361994806517,,,,,,949.1991556426278,,,,,
1315,4,0.004693096509284412,,,,,,0.02051969119672533,,,,,,213.07893371075735,,,,,,931.6479879803119,,,,,
1315,8,0.006666875436886593,,,,,,0.024444819010934395,,,,,,149.99530281714644,,,,,,549.9739817499479,,,,,
1315,16,0.005016491421217728,,,,,,0.021137017466140925,,,,,,199.34251173447737,,,,,,839.9308996033812,,,,,
1315,32,0.002276556863980274,,,,,,0.01399961543587828,,,,,,439.2598383207637,,,,,,2701.214676520395,,,,,
