index,bin_size,m12,m23,m34,m13,m24,m14,m12_err,m23_err,m34_err,m13_err,m24_err,m14_err,corr12,corr23,corr34,corr13,corr24,corr14,corr12_err,corr23_err,corr34_err,corr13_err,corr24_err,corr14_err
1274,1,0.24256075707649039,,,,,,0.04601817002847338,,,,,,4.12267842520237,,,,,,0.7821467867692004,,,,,
1274,2,0.2459093210617659,,,,,,0.044608507691125523,,,,,,4.066539632098071,,,,,,0.7376794977574279,,,,,
1274,4,0.24506510131982479,,,,,,0.048680817178135924,,,,,,4.0805483710834025,,,,,,0.8105782021570198,,,,,
1274,8,0.24363660215726812,,,,,,0.046299696864175746,,,,,,4.104473593645412,,,,,,0.7799972643278286,,,,,
1274,16,0.24332086261065664,,,,,,0.03900008948252304,,,,,,4.1097996664598515,,,,,,0.6587291900392831,,,,,
1274,32,0.24401734779504208,,,,,,0.03817644730192111,,,,,,4.09806929317145,,,,,,0.6411418197274565,,,,,
