index,bin_size,m12,m23,m34,m13,m24,m14,m12_err,m23_err,m34_err,m13_err,m24_err,m14_err,corr12,corr23,corr34,corr13,corr24,corr14,corr12_err,corr23_err,corr34_err,corr13_err,corr24_err,corr14_err
2652,1,0.16041821521273544,,,,,,0.05796602247985569,,,,,,6.233706058092404,,,,,,2.2525069551298076,,,,,
2652,2,0.1626678915129962,,,,,,0.05172728674189626,,,,,,6.147494694243983,,,,,,1.9548616376332544,,,,,
2652,4,0.1612361431093146,,,,,,0.057262906118753835,,,,,,6.20208335870464,,,,,,2.202665669504422,,,,,
2652,8,0.1616092123653192,,,,,,0.05561966405796493,,,,,,6.187766064594698,,,,,,2.1295906634582966,,,,,
2652,16,0.16033987336180264,,,,,,0.058162133697024415,,,,,,6.236751838661658,,,,,,2.262336789158382,,,,,
2652,32,0.15997403988092956,,,,,,0.054856716006309834,,,,,,6.251014231711038,,,,,,2.143535993187428,,,,,
