index,bin_size,m,n,a,b,corr
665,1,3.940616243862562e-6,16.0,18844724421704.504,-18844724421666.457,253767.4155806168
665,2,0.00002886407356447156,16.0,350907592107.80347,-350907592072.6457,34645.144517331326
665,4,1.6561621780067696e-7,16.0,1.0650768197392204e16,-1.0650768197392166e16,6038056.014559659
665,8,0.000025602789060073272,16.0,446150559337.38245,-446150559299.942,39058.244695671376
665,16,-0.00003093978518809843,16.0,305757835845.30975,-305757835806.2068,-32320.84495482111
665,32,0.00003147666789047927,16.0,295154719642.4744,-295154719605.62994,31769.563521762397
