index,bin_size,m12,m23,m34,m13,m24,m14,m12_err,m23_err,m34_err,m13_err,m24_err,m14_err,corr12,corr23,corr34,corr13,corr24,corr14,corr12_err,corr23_err,corr34_err,corr13_err,corr24_err,corr14_err
2266,1,0.09821984171576632,,,,,,0.039547657191148645,,,,,,10.181242226940784,,,,,,4.09941891920671,,,,,
2266,2,0.10050067264417473,,,,,,0.0352864076658401,,,,,,9.950182159879928,,,,,,3.493570488687107,,,,,
2266,4,0.09875759246618326,,,,,,0.03740922736597231,,,,,,10.125803748632508,,,,,,3.835639217567166,,,,,
2266,8,0.10099402496225161,,,,,,0.037259678930248855,,,,,,9.901575864253044,,,,,,3.652983805165345,,,,,
2266,16,0.09804039306972216,,,,,,0.043656715710300144,,,,,,10.199877506497169,,,,,,4.54193561080848,,,,,
2266,32,0.09981989650307407,,,,,,0.035262463666219816,,,,,,10.018042845488262,,,,,,3.538982549784392,,,,,
