index,bin_size,m,n,a,b,corr
1553,1,0.15958272035470253,16.0,8151.495717509515,-8167.956332361743,6.266342607628899
1553,2,0.1587544157862031,16.0,8269.197148076048,-8289.415095859427,6.299037384551965
1553,4,0.15806819821644358,16.0,8347.753235424538,-8364.446773131407,6.3263832401676074
1553,8,0.15879198169587913,16.0,8259.856546872352,-8277.41065037235,6.297547201817882
1553,16,0.16041420379855675,16.0,8049.31058286013,-8065.864661829409,6.233861941899916
1553,32,0.15909622070184365,16.0,8220.853336906415,-8237.840202114936,6.285504429888772
