index,bin_size,m12,m23,m34,m13,m24,m14,m12_err,m23_err,m34_err,m13_err,m24_err,m14_err,corr12,corr23,corr34,corr13,corr24,corr14,corr12_err,corr23_err,corr34_err,corr13_err,corr24_err,corr14_err
950,1,0.1514630145132055,,,,,,0.061550256480103455,,,,,,6.602271869564656,,,,,,2.682975300796266,,,,,
950,2,0.15160881279764937,,,,,,0.06282836420400528,,,,,,6.595922635016535,,,,,,2.7334230901693752,,,,,
950,4,0.1537907520358294,,,,,,0.057586795224813914,,,,,,6.502341569713015,,,,,,2.4347953794362174,,,,,
950,8,0.15386373560366035,,,,,,0.052811899851458906,,,,,,6.499257255627235,,,,,,2.2307928632202514,,,,,
950,16,0.1536222612625241,,,,,,0.05998602238848123,,,,,,6.509473248093299,,,,,,2.5418022413435244,,,,,
950,32,0.1526809102283177,,,,,,0.06359225227936409,,,,,,6.549607272478326,,,,,,2.72793944822154,,,,,
