index,bin_size,m,n,a,b,corr
2262,1,0.09320429454148514,24.0,18037.90533978001,-17936.00494846484,10.729119349268837
2262,2,0.09131348783941591,24.0,18872.95190212521,-18766.81442627998,10.951284675037297
2262,4,0.09221964544726363,24.0,18471.839920591592,-18371.24259769871,10.843676476416904
2262,8,0.09142929805971649,24.0,18836.023437699307,-18732.861129626497,10.93741307460171
2262,16,0.09135228050422398,24.0,18889.37726169416,-18782.89513552076,10.94663422172325
2262,32,0.09261574581089668,24.0,18294.349920177607,-18191.257524294135,10.797300083743917
