index,bin_size,m12,m23,m34,m13,m24,m14,m12_err,m23_err,m34_err,m13_err,m24_err,m14_err,corr12,corr23,corr34,corr13,corr24,corr14,corr12_err,corr23_err,corr34_err,corr13_err,corr24_err,corr14_err
448,1,0.1187074354480549,,,,,,0.021163206421122623,,,,,,8.424072141947581,,,,,,1.501846762787482,,,,,
448,2,0.11843551615167758,,,,,,0.02072020595309167,,,,,,8.443413196420941,,,,,,1.4771688937703498,,,,,
448,4,0.11934690730954936,,,,,,0.02165472736502335,,,,,,8.378935177652371,,,,,,1.520303801510805,,,,,
448,8,0.11909130463809298,,,,,,0.021936569989560457,,,,,,8.39691867545581,,,,,,1.5467090127238805,,,,,
448,16,0.11906827772919636,,,,,,0.0198884606929947,,,,,,8.398542576338896,,,,,,1.4028428654007539,,,,,
448,32,0.11859009726063845,,,,,,0.021227842804590325,,,,,,8.432407284414232,,,,,,1.5094162196731808,,,,,
