index,bin_size,m,n,a,b,corr
542,1,0.20757202336898795,54.0,62.68489052946546,0.25808540288871473,4.817604915005149
542,2,0.20759348965723037,54.0,62.696689675669276,-3.6495219506215912,4.817106748632425
542,4,0.20755209328491617,54.0,62.78486679510598,-4.051125787034271,4.818067523063979
542,8,0.2071824483939929,54.0,63.37087230748409,-0.05123672195009521,4.8266636858076355
542,16,0.20748932590638783,54.0,62.795391372700124,-1.898729078685729,4.819525031620982
542,32,0.20793906586143981,54.0,61.98286524692511,2.223431652901334,4.809101146325
