index,bin_size,m,n,a,b,corr
325,1,3.113568710430254e-7,24.0,1840232615079250.2,-1840232615079251.8,3211748.6171095716
325,2,0.000023632685096535624,24.0,320015480759.2898,-320015480764.41046,42314.27770120766
325,4,4.261359576750573e-7,24.0,982215548194554.8,-982215548194561.5,2346668.902234561
325,8,-5.427786132539764e-7,24.0,605319672164250.0,-605319672164252.8,-1842371.780282509
325,16,3.2318941155760894e-6,24.0,17093778396230.797,-17093778396230.178,309416.0774576455
325,32,1.57912888001658e-6,24.0,71760435051624.88,-71760435051621.1,633260.5353842307
