index,bin_size,m,n,a,b,corr
2150,1,0.1050457745672477,24.0,10660.083901680431,-10572.428187535903,9.519659444843493
2150,2,0.10480910542532328,24.0,10717.837031196335,-10629.775017072976,9.541155760674842
2150,4,0.10427410057308562,24.0,10858.033624983085,-10769.747692649293,9.590109092325385
2150,8,0.10554658421505614,24.0,10550.454784781785,-10462.934448910273,9.47448946298871
2150,16,0.10573262062350165,24.0,10491.357752703647,-10402.745668757683,9.457819111103406
2150,32,0.10424836274809404,24.0,10843.690162355295,-10753.337902370542,9.592476789457136
