index,bin_size,m12,m23,m34,m13,m24,m14,m12_err,m23_err,m34_err,m13_err,m24_err,m14_err,corr12,corr23,corr34,corr13,corr24,corr14,corr12_err,corr23_err,corr34_err,corr13_err,corr24_err,corr14_err
2483,1,0.0020716297459857347,,,,,,0.010714454924164897,,,,,,482.7117403279872,,,,,,2496.581830383229,,,,,
2483,2,0.002366180323551994,,,,,,0.011691708447186512,,,,,,422.62205887117216,,,,,,2088.249085029154,,,,,
2483,4,0.0015889205397709937,,,,,,0.008990556391669683,,,,,,629.3580924720924,,,,,,3561.08394302683,,,,,
2483,8,0.001042340833467627,,,,,,0.007092073426983392,,,,,,959.3790897294421,,,,,,6527.60280534957,,,,,
2483,16,0.0016656298404090564,,,,,,0.00912576685442299,,,,,,600.3734897991582,,,,,,3289.3673975832944,,,,,
2483,32,0.002217190045421768,,,,,,0.011260461501038785,,,,,,451.0213285797852,,,,,,2290.605767920959,,,,,
