index,bin_size,m12,m23,m34,m13,m24,m14,m12_err,m23_err,m34_err,m13_err,m24_err,m14_err,corr12,corr23,corr34,corr13,corr24,corr14,corr12_err,corr23_err,corr34_err,corr13_err,corr24_err,corr14_err
523,1,0.20104511581419968,,,,,,0.03090419994483285,,,,,,4.974007928271047,,,,,,0.7645932353041291,,,,,
523,2,0.2003781387265046,,,,,,0.03077065292240469,,,,,,4.990564371719693,,,,,,0.76636565817543,,,,,
523,4,0.20005361241671982,,,,,,0.029730386477050934,,,,,,4.998660048772122,,,,,,0.7428613426276174,,,,,
523,8,0.20039912979102023,,,,,,0.02812776409067349,,,,,,4.990041628637898,,,,,,0.7003958244695746,,,,,
523,16,0.20151449188986154,,,,,,0.03349054824246412,,,,,,4.9624222586758355,,,,,,0.824726006030846,,,,,
523,32,0.20103664942471258,,,,,,0.03292435399647847,,,,,,4.974217401959318,,,,,,0.8146419822763925,,,,,
