index,bin_size,m12,m23,m34,m13,m24,m14,m12_err,m23_err,m34_err,m13_err,m24_err,m14_err,corr12,corr23,corr34,corr13,corr24,corr14,corr12_err,corr23_err,corr34_err,corr13_err,corr24_err,corr14_err
2670,1,0.0831958594300651,,,,,,0.06756864955085361,,,,,,12.019828953634471,,,,,,9.762067677322813,,,,,
2670,2,0.08118696197941706,,,,,,0.0674805113725904,,,,,,12.317248676622794,,,,,,10.237779800315623,,,,,
2670,4,0.08083224422757676,,,,,,0.06706739272010992,,,,,,12.371300705008009,,,,,,10.264602829847949,,,,,
2670,8,0.08362962772679679,,,,,,0.06831733456194941,,,,,,11.957484771626907,,,,,,9.768111013615055,,,,,
2670,16,0.08217268865907042,,,,,,0.0644832202430501,,,,,,12.169493493743893,,,,,,9.549743862699234,,,,,
2670,32,0.08778225113751777,,,,,,0.07347282354218465,,,,,,11.391824509415027,,,,,,9.534837636968035,,,,,
