index,bin_size,m,n,a,b,corr
2343,1,0.17766769716174935,24.0,2389.8154634408165,-2421.7725656407456,5.628485177525525
2343,2,0.17765019918557493,24.0,2393.5644086346356,-2430.2932132776996,5.629039565305477
2343,4,0.1767763388425215,24.0,2427.1039831843145,-2460.1343072858594,5.6568656560470725
2343,8,0.1777728802277027,24.0,2388.5701635133073,-2422.93057249695,5.6251549658144535
2343,16,0.17796476739974273,24.0,2379.2049956404344,-2409.0102928283077,5.619089747993825
2343,32,0.17704161334572927,24.0,2413.463657472106,-2446.682196851168,5.648389557133025
