index,bin_size,m12,m23,m34,m13,m24,m14,m12_err,m23_err,m34_err,m13_err,m24_err,m14_err,corr12,corr23,corr34,corr13,corr24,corr14,corr12_err,corr23_err,corr34_err,corr13_err,corr24_err,corr14_err
394,1,0.06463785286757283,,,,,,0.02960107474659923,,,,,,15.470810920170194,,,,,,7.084898555908015,,,,,
394,2,0.0641402903788157,,,,,,0.03007789035490571,,,,,,15.590824333565546,,,,,,7.311147206818101,,,,,
394,4,0.06472440920886102,,,,,,0.030672093592462982,,,,,,15.450121711780664,,,,,,7.321620775702713,,,,,
394,8,0.0657408169128366,,,,,,0.030132863557768622,,,,,,15.2112499807519,,,,,,6.972206031769103,,,,,
394,16,0.06377129432845678,,,,,,0.03276966968532648,,,,,,15.681036593823189,,,,,,8.057894933987582,,,,,
394,32,0.06399424844352053,,,,,,0.032152208128755674,,,,,,15.626404314796682,,,,,,7.851071245517524,,,,,
