index,bin_size,m,n,a,b,corr
498,1,0.08490859650095957,36.0,10944.48818115022,-10804.596293980509,11.777370504395263
498,2,0.08443613021630328,36.0,11090.554130774502,-10944.800948937052,11.84327132754973
498,4,0.08421649806152393,36.0,11178.512603930762,-11035.96574921641,11.874157950256436
498,8,0.08494653383451803,36.0,10930.106130876884,-10783.59524474636,11.772110701398036
498,16,0.08388749124975889,36.0,11282.502803746975,-11144.238340039716,11.920728407799109
498,32,0.08467213422275577,36.0,11020.877708973907,-10883.65158692834,11.810260945699046
