index,bin_size,m12,m23,m34,m13,m24,m14,m12_err,m23_err,m34_err,m13_err,m24_err,m14_err,corr12,corr23,corr34,corr13,corr24,corr14,corr12_err,corr23_err,corr34_err,corr13_err,corr24_err,corr14_err
1715,1,0.15026401072609813,,,,,,0.06110055698457794,,,,,,6.654953472676862,,,,,,2.7060462576644424,,,,,
1715,2,0.14956463295298839,,,,,,0.06273562732395556,,,,,,6.686072638003418,,,,,,2.804506339480158,,,,,
1715,4,0.15004720635906396,,,,,,0.060307983717414054,,,,,,6.664569266334712,,,,,,2.6786685640509598,,,,,
1715,8,0.1502035618911129,,,,,,0.05910052402254284,,,,,,6.657631732627821,,,,,,2.6195751897857917,,,,,
1715,16,0.1482390944483894,,,,,,0.06119418079477052,,,,,,6.745858801425408,,,,,,2.784739778980116,,,,,
1715,32,0.15101738322134103,,,,,,0.06513183663338286,,,,,,6.6217542554974225,,,,,,2.8558766361574626,,,,,
