index,bin_size,m,n,a,b,corr
2787,1,0.07593964834502195,24.0,28994.11926801527,-29041.689445139204,13.16835173448038
2787,2,0.07600619638033328,24.0,28937.860237427984,-28987.597354402827,13.156822043771573
2787,4,0.07632676539392291,24.0,28621.70212736556,-28672.742112620144,13.1015639774461
2787,8,0.0751700068595817,24.0,29593.932022356876,-29642.68481112057,13.30317824591941
2787,16,0.0764237542171863,24.0,28584.962829625707,-28635.96495624623,13.084936879155807
2787,32,0.07548711440145336,24.0,29348.745265941507,-29396.136660774304,13.247294030631894
