index,bin_size,m12,m23,m34,m13,m24,m14,m12_err,m23_err,m34_err,m13_err,m24_err,m14_err,corr12,corr23,corr34,corr13,corr24,corr14,corr12_err,corr23_err,corr34_err,corr13_err,corr24_err,corr14_err
2729,1,0.1372688058565884,,,,,,0.06011090885135537,,,,,,7.284976318980658,,,,,,3.1901388284242205,,,,,
2729,2,0.13777469249168683,,,,,,0.05562170861837533,,,,,,7.258227051098944,,,,,,2.93025506223935,,,,,
2729,4,0.14018205340785722,,,,,,0.05911922308995651,,,,,,7.1335807665088025,,,,,,3.0084575201537085,,,,,
2729,8,0.13789378461395602,,,,,,0.06053568414843642,,,,,,7.251958475137766,,,,,,3.183626215913474,,,,,
2729,16,0.1398633788111073,,,,,,0.06121699297958886,,,,,,7.149834420563738,,,,,,3.129420776542213,,,,,
2729,32,0.13715082833301412,,,,,,0.058596001862578885,,,,,,7.291242875849886,,,,,,3.115093698861554,,,,,
