index,bin_size,m,n,a,b,corr
1686,1,6.358974531094422e-6,16.0,6735909000733.819,-6735909000466.794,157258.06025958297
1686,2,1.3692981967885597e-6,16.0,145254217010555.7,-145254217010288.66,730301.115086048
1686,4,-0.000040901697919483457,16.0,162962986963.10825,-162962986693.33124,-24448.86278238468
1686,8,0.00003107564240553652,16.0,281846352977.648,-281846352708.4342,32179.54393186856
1686,16,5.927589650089741e-8,16.0,7.78160247601891e16,-7.781602476018883e16,16870263.61524301
1686,32,3.7173496376065513e-7,16.0,1972301485283809.0,-1972301485283542.0,2690088.6316517135
