index,bin_size,m,n,a,b,corr
1721,1,0.03576358376780596,16.0,195632.8788020061,-195633.2931932569,27.96140360240381
1721,2,0.03418572520550659,16.0,214586.3664102846,-214587.91900652027,29.251975612292153
1721,4,0.030730401261155157,16.0,265762.7962751851,-265763.0617056501,32.54106549087117
1721,8,0.04066692548523645,16.0,150903.69695409085,-150903.87208782873,24.590007434002747
1721,16,0.036145211758508884,16.0,191580.42853208267,-191581.04864208386,27.666181808012002
1721,32,0.037100378197852044,16.0,181689.9962605642,-181691.35541338444,26.953903129157208
