index,bin_size,m,n,a,b,corr
313,1,0.0433560146372001,24.0,78972.42579036066,-78953.87439164757,23.06485059496186
313,2,0.04628751746353159,24.0,69076.73771454787,-69057.75840865984,21.60409662902892
313,4,0.03976953703082177,24.0,94285.33336150958,-94268.38259297774,25.14487405837766
313,8,0.04480835433825818,24.0,73898.75243709241,-73881.10522743582,22.317266830444204
313,16,0.044029377455245725,24.0,76622.5376705897,-76604.99364302642,22.71210854653723
313,32,0.040927632702657556,24.0,88838.60076088185,-88821.35003677894,24.433370169857564
