index,bin_size,m,n,a,b,corr
913,1,0.103520106360169,16.0,18535.73992217338,-18512.586163543,9.659959163109649
913,2,0.10349117510515506,16.0,18546.6751912624,-18522.247276187783,9.662659632417185
913,4,0.10226192784935313,16.0,19024.93678519797,-19000.213659029978,9.778810365018222
913,8,0.1024569148178524,16.0,18930.134569960093,-18907.24131082416,9.760200195153223
913,16,0.10058071327143994,16.0,19701.639816272622,-19677.583850179155,9.942263953739047
913,32,0.10400084713524732,16.0,18356.916398182297,-18335.669345484464,9.61530629360697
