index,bin_size,m,n,a,b,corr
520,1,0.13511060859624674,54.0,652.6436274126148,-609.9097424946558,7.4013433170767255
520,2,0.13512242061161592,54.0,653.4479676165857,-614.1468559918026,7.400696312822227
520,4,0.1355035667892892,54.0,645.4107630701807,-601.4153937808887,7.379879538927711
520,8,0.1350718316426712,54.0,655.099434060017,-614.1517597600415,7.403468123875542
520,16,0.13549089963058455,54.0,645.8482522126305,-604.5310201747558,7.3805694901022605
520,32,0.1352316052159435,54.0,650.5667106159557,-612.3482084626072,7.3947210668923
