index,bin_size,m,n,a,b,corr
144,1,0.13049047685285486,16.0,12285.01838278686,-12248.355780997554,7.663394479948382
144,2,0.12502492629490272,16.0,13488.688606069987,-13451.681209482113,7.998405035178734
144,4,0.1299887605590371,16.0,12371.928367329625,-12338.124449326011,7.692972805489819
144,8,0.12911051721907532,16.0,12547.809043785459,-12510.957318285518,7.745302408658122
144,16,0.128812661687851,16.0,12626.444283766219,-12591.824745546814,7.763211992492469
144,32,0.1283955950992666,16.0,12717.919552639238,-12682.703183361547,7.788429184247864
