index,bin_size,m,n,a,b,corr
332,1,0.12136181412134826,24.0,7610.1259197428335,-7610.76604027702,8.239824093269664
332,2,0.12082757931477758,24.0,7700.674707143513,-7703.0662339256605,8.27625617984798
332,4,0.12127370557021684,24.0,7622.533770993916,-7622.289555029222,8.245810543168446
332,8,0.12141582943641978,24.0,7601.582775758786,-7601.222792663332,8.236158371126203
332,16,0.12133837342212787,24.0,7619.9526837090325,-7619.589604034953,8.2414158999896
332,32,0.12006778313303612,24.0,7815.2259715055225,-7815.091926911755,8.328628828700797
