index,bin_size,m12,m23,m34,m13,m24,m14,m12_err,m23_err,m34_err,m13_err,m24_err,m14_err,corr12,corr23,corr34,corr13,corr24,corr14,corr12_err,corr23_err,corr34_err,corr13_err,corr24_err,corr14_err
556,1,0.16645626566862784,,,,,,0.02541627326410776,,,,,,6.007584010029073,,,,,,0.9173003866369982,,,,,
556,2,0.16581156470598327,,,,,,0.025169347595872773,,,,,,6.030942424149956,,,,,,0.9154662189774772,,,,,
556,4,0.16622872686724535,,,,,,0.024867138977017606,,,,,,6.015807368834789,,,,,,0.8999402252491083,,,,,
556,8,0.16593891372159222,,,,,,0.025317491075689834,,,,,,6.026314006597468,,,,,,0.9194416647641538,,,,,
556,16,0.16608075847681453,,,,,,0.026166464399974228,,,,,,6.02116710672178,,,,,,0.9486508623232606,,,,,
556,32,0.16627180017105042,,,,,,0.02597731909625514,,,,,,6.014248952445695,,,,,,0.9396305567226424,,,,,
