index,bin_size,m,n,a,b,corr
2642,1,0.10365635386794841,54.0,2578.0973807187843,-2795.413079737133,9.647261964027177
2642,2,0.10382196993144546,54.0,2559.988499406405,-2773.202875362006,9.631872720776812
2642,4,0.10388587123481063,54.0,2556.029472202274,-2769.437141246716,9.62594805351081
2642,8,0.10412312487459932,54.0,2534.8118302125363,-2752.9057410264168,9.60401448961842
2642,16,0.10400748500551696,54.0,2541.6906404450733,-2750.018708203049,9.614692634351808
2642,32,0.10396314885452518,54.0,2547.835263023058,-2767.6781412261043,9.618792918626312
