index,bin_size,m12,m23,m34,m13,m24,m14,m12_err,m23_err,m34_err,m13_err,m24_err,m14_err,corr12,corr23,corr34,corr13,corr24,corr14,corr12_err,corr23_err,corr34_err,corr13_err,corr24_err,corr14_err
2961,1,0.054458257961537686,,,,,,0.045017146337809545,,,,,,18.362688000528248,,,,,,15.179255521892543,,,,,
2961,2,0.05412114587240246,,,,,,0.04516021036797123,,,,,,18.477066290459337,,,,,,15.417785178225254,,,,,
2961,4,0.05430024805399786,,,,,,0.04542451932906628,,,,,,18.416122132730756,,,,,,15.405887187712079,,,,,
2961,8,0.05388570825138714,,,,,,0.0439116025906367,,,,,,18.557796351767497,,,,,,15.122796095675417,,,,,
2961,16,0.055267064897772486,,,,,,0.0437451236490273,,,,,,18.09395888581564,,,,,,14.321775006950356,,,,,
2961,32,0.05496156488229235,,,,,,0.04437568867875914,,,,,,18.194532891151038,,,,,,14.690173559692266,,,,,
