index,bin_size,m12,m23,m34,m13,m24,m14,m12_err,m23_err,m34_err,m13_err,m24_err,m14_err,corr12,corr23,corr34,corr13,corr24,corr14,corr12_err,corr23_err,corr34_err,corr13_err,corr24_err,corr14_err
1107,1,0.0035048668605381795,,,,,,0.01759562959697292,,,,,,285.3175426602219,,,,,,1432.3915851676318,,,,,
1107,2,0.003175922930002392,,,,,,0.016432922543876904,,,,,,314.8691016879452,,,,,,1629.2018646353636,,,,,
1107,4,0.002133474364071875,,,,,,0.012459509793262597,,,,,,468.71901384905084,,,,,,2737.3233265360627,,,,,
1107,8,0.002848416726313357,,,,,,0.016213185692140666,,,,,,351.0722257604062,,,,,,1998.3028238194713,,,,,
1107,16,0.0022798030347907293,,,,,,0.01368165341381638,,,,,,438.63438408476077,,,,,,2632.351798312869,,,,,
1107,32,0.0022504026662341805,,,,,,0.013090826271807628,,,,,,444.3649196671981,,,,,,2584.916935947011,,,,,
