index,bin_size,m12,m23,m34,m13,m24,m14,m12_err,m23_err,m34_err,m13_err,m24_err,m14_err,corr12,corr23,corr34,corr13,corr24,corr14,corr12_err,corr23_err,corr34_err,corr13_err,corr24_err,corr14_err
212,1,0.07465682962153918,,,,,,0.04621727050800611,,,,,,13.39462183258169,,,,,,8.292112908184185,,,,,
212,2,0.07264451461432876,,,,,,0.04611589222212348,,,,,,13.765664280490011,,,,,,8.738662426134486,,,,,
212,4,0.07363165384025082,,,,,,0.04616438711391871,,,,,,13.581115564368174,,,,,,8.514868859425624,,,,,
212,8,0.07248148457816408,,,,,,0.05011171278237387,,,,,,13.79662690161374,,,,,,9.538609876480438,,,,,
212,16,0.07247748654775138,,,,,,0.04925420297376997,,,,,,13.797387956343597,,,,,,9.376419896430319,,,,,
212,32,0.07096556336845447,,,,,,0.04787496159815753,,,,,,14.091341666774097,,,,,,9.506335314505646,,,,,
