index,bin_size,m12,m23,m34,m13,m24,m14,m12_err,m23_err,m34_err,m13_err,m24_err,m14_err,corr12,corr23,corr34,corr13,corr24,corr14,corr12_err,corr23_err,corr34_err,corr13_err,corr24_err,corr14_err
1167,1,0.014526413032803357,,,,,,0.0352654808982211,,,,,,68.84011887461915,,,,,,167.12177271305697,,,,,
1167,2,0.014323891170759096,,,,,,0.03589484478460667,,,,,,69.81343184465182,,,,,,174.9484319638049,,,,,
1167,4,0.014020429631691008,,,,,,0.03471624644043248,,,,,,71.32449049490289,,,,,,176.6078967838796,,,,,
1167,8,0.01248450459228385,,,,,,0.03258891963812882,,,,,,80.09929369708897,,,,,,209.08714687634932,,,,,
1167,16,0.012934427567052086,,,,,,0.032594481424354074,,,,,,77.31304650445479,,,,,,194.82722718775938,,,,,
1167,32,0.009024196593883982,,,,,,0.026675400236893965,,,,,,110.81318869734459,,,,,,327.5622521379353,,,,,
