index,bin_size,m12,m23,m34,m13,m24,m14,m12_err,m23_err,m34_err,m13_err,m24_err,m14_err,corr12,corr23,corr34,corr13,corr24,corr14,corr12_err,corr23_err,corr34_err,corr13_err,corr24_err,corr14_err
1656,1,0.008660946368870036,,,,,,0.026994820030362514,,,,,,115.46082349548904,,,,,,359.87339236056516,,,,,
1656,2,0.008243614229952978,,,,,,0.026626934930638568,,,,,,121.30601603924205,,,,,,391.81932895837616,,,,,
1656,4,0.007836220783013074,,,,,,0.026318739523219715,,,,,,127.61253513527141,,,,,,428.59959732164793,,,,,
1656,8,0.008110574824270467,,,,,,0.026944437165991035,,,,,,123.29582325133761,,,,,,409.6055624175347,,,,,
1656,16,0.009657389000608927,,,,,,0.02882164773907592,,,,,,103.54765661163147,,,,,,309.02908466036337,,,,,
1656,32,0.009269516440692273,,,,,,0.027489659367418044,,,,,,107.88049262312083,,,,,,319.9301725794628,,,,,
