index,bin_size,m12,m23,m34,m13,m24,m14,m12_err,m23_err,m34_err,m13_err,m24_err,m14_err,corr12,corr23,corr34,corr13,corr24,corr14,corr12_err,corr23_err,corr34_err,corr13_err,corr24_err,corr14_err
2705,1,0.042061475829941374,,,,,,0.05579867277545478,,,,,,23.774724501895676,,,,,,31.53950370575271,,,,,
2705,2,0.04560752052830076,,,,,,0.056351955657300716,,,,,,21.926208406341047,,,,,,27.09168815875771,,,,,
2705,4,0.04024920518740956,,,,,,0.05314525261910099,,,,,,24.84521111271067,,,,,,32.805741500031964,,,,,
2705,8,0.043086069798739274,,,,,,0.054887146153898815,,,,,,23.209357564315617,,,,,,29.566293856024046,,,,,
2705,16,0.042598264171036015,,,,,,0.055133709101443246,,,,,,23.475134948806986,,,,,,30.383192521367253,,,,,
2705,32,0.04444133841906673,,,,,,0.056690579166126395,,,,,,22.501572535244993,,,,,,28.703617500060652,,,,,
