index,bin_size,m12,m23,m34,m13,m24,m14,m12_err,m23_err,m34_err,m13_err,m24_err,m14_err,corr12,corr23,corr34,corr13,corr24,corr14,corr12_err,corr23_err,corr34_err,corr13_err,corr24_err,corr14_err
2221,1,0.12345403393931292,,,,,,0.03803543839615316,,,,,,8.100180837278888,,,,,,2.495616541663378,,,,,
2221,2,0.12610942594120592,,,,,,0.03354812359781448,,,,,,7.929621378708161,,,,,,2.1094689481878834,,,,,
2221,4,0.12438047296800406,,,,,,0.035897487419479984,,,,,,8.039847221494668,,,,,,2.320382835032222,,,,,
2221,8,0.12341598690840835,,,,,,0.036931517036632035,,,,,,8.10267798402923,,,,,,2.424679310238788,,,,,
2221,16,0.1247553208522196,,,,,,0.03668999228492469,,,,,,8.015690177932866,,,,,,2.3573792987561464,,,,,
2221,32,0.12382445554826423,,,,,,0.03795428436147713,,,,,,8.075949097229994,,,,,,2.4754146276508986,,,,,
