index,bin_size,m12,m23,m34,m13,m24,m14,m12_err,m23_err,m34_err,m13_err,m24_err,m14_err,corr12,corr23,corr34,corr13,corr24,corr14,corr12_err,corr23_err,corr34_err,corr13_err,corr24_err,corr14_err
2616,1,0.18471084754242512,,,,,,0.02792238515838731,,,,,,5.413867205445614,,,,,,0.8184039395525676,,,,,
2616,2,0.1844359778596146,,,,,,0.029118774524874293,,,,,,5.421935631025096,,,,,,0.8560158541755551,,,,,
2616,4,0.18473775063050818,,,,,,0.03094833407966585,,,,,,5.413078791892883,,,,,,0.9068301972893527,,,,,
2616,8,0.18572740095790918,,,,,,0.03275240276609761,,,,,,5.384235147007882,,,,,,0.9494917670341266,,,,,
2616,16,0.18529762323938523,,,,,,0.03486625761444657,,,,,,5.3967232958412215,,,,,,1.0154665851466291,,,,,
2616,32,0.18562080013537816,,,,,,0.031286298587659626,,,,,,5.387327278358209,,,,,,0.9080314797545912,,,,,
