index,bin_size,m,n,a,b,corr
1841,1,-9.83913148987813e-6,16.0,2608420846518.113,-2608420846489.5845,-101634.9868917532
1841,2,-0.00003730694548070137,16.0,181424758411.5551,-181424758380.7974,-26804.660288183957
1841,4,3.788939303203299e-6,16.0,17604847283903.906,-17604847283872.164,263926.10701220937
1841,8,0.000011612717374516173,16.0,1868066759302.219,-1868066759274.7405,86112.48924342857
1841,16,7.327867651214723e-7,16.0,470069711388055.6,-470069711388026.2,1364653.4675530505
1841,32,4.970745549867006e-6,16.0,10217242768303.213,-10217242768273.78,201177.06488250147
