index,bin_size,m,n,a,b,corr
259,1,0.0581545347895996,24.0,45180.60741775273,-45253.24483811197,17.195563572435983
259,2,0.055932710592114944,24.0,49066.71056958208,-49141.675570209256,17.87862575251223
259,4,0.05862019603388763,24.0,44491.62224482257,-44567.40715819192,17.05896717612326
259,8,0.059858641122728595,24.0,42515.52757190863,-42593.42717918353,16.70602575072984
259,16,0.05691543234429123,24.0,47312.83585871113,-47388.47564791024,17.56992715000087
259,32,0.05901946536773312,24.0,43847.3101168338,-43926.4037398841,16.943562497038744
