index,bin_size,m,n,a,b,corr
1592,1,0.13009364914217939,16.0,10525.771425919173,-10480.658486160783,7.6867703119550415
1592,2,0.13082713686829564,16.0,10395.739704892918,-10350.095504000208,7.64367411790648
1592,4,0.13038743782318088,16.0,10471.594834236326,-10427.034790770995,7.669450498414621
1592,8,0.13157465113942132,16.0,10260.643474469623,-10217.157686292698,7.600248158289725
1592,16,0.1301709199506574,16.0,10505.263381620178,-10459.442712009488,7.682207365355181
1592,32,0.1321255942037913,16.0,10173.65710239475,-10128.373818689706,7.568556312091918
