index,bin_size,m,n,a,b,corr
2606,1,0.09117977401261032,54.0,3926.338928267739,-3867.63122551096,10.96734457645945
2606,2,0.09158638702212839,54.0,3865.106559671506,-3809.946636640715,10.918653224724192
2606,4,0.09160224589687847,54.0,3866.6943590285737,-3821.429671063027,10.916762904762765
2606,8,0.09108075150465168,54.0,3931.1868965649696,-3879.2476360240053,10.97926821507317
2606,16,0.09136510023598496,54.0,3899.2514129424235,-3845.318151115616,10.945098264185356
2606,32,0.0912478344774764,54.0,3911.8721457850206,-3860.340135875221,10.959164189774167
