index,bin_size,m12,m23,m34,m13,m24,m14,m12_err,m23_err,m34_err,m13_err,m24_err,m14_err,corr12,corr23,corr34,corr13,corr24,corr14,corr12_err,corr23_err,corr34_err,corr13_err,corr24_err,corr14_err
360,1,0.07507162870824896,,,,,,0.028219070317753798,,,,,,13.320611490744422,,,,,,5.007154883952748,,,,,
360,2,0.07488377162249567,,,,,,0.02728639817648103,,,,,,13.354028227119802,,,,,,4.865985293877671,,,,,
360,4,0.0753033436948995,,,,,,0.026669539744151722,,,,,,13.279622802031469,,,,,,4.7031301762780835,,,,,
360,8,0.0756059847776551,,,,,,0.026546732137647144,,,,,,13.226466171174641,,,,,,4.644069587961983,,,,,
360,16,0.07378831472056491,,,,,,0.031555238562204935,,,,,,13.552281330546483,,,,,,5.795571725238562,,,,,
360,32,0.07362048196676392,,,,,,0.03175083092355464,,,,,,13.583176492262732,,,,,,5.8581135125594095,,,,,
