index,bin_size,m,n,a,b,corr
169,1,0.21075131523625534,16.0,3101.3984026950557,-3125.0763561743775,4.744928869739129
169,2,0.21053592103434796,16.0,3107.729246364108,-3132.175070892572,4.749783291549829
169,4,0.21139738155223786,16.0,3073.8744440089195,-3099.0094974328003,4.730427560915141
169,8,0.21105622778762825,16.0,3085.402432060745,-3109.6496835316857,4.7380738795646105
169,16,0.21224495227612225,16.0,3048.343342897002,-3075.583085003149,4.711537255779066
169,32,0.21094060793730918,16.0,3083.463794413676,-3107.4503260736274,4.740670892051266
