index,bin_size,m,n,a,b,corr
664,1,0.12340251992472301,16.0,16012.082464361478,-15996.922684985037,8.103562233656264
664,2,0.12443479365133316,16.0,15739.171009231493,-15727.53988023591,8.036337511853834
664,4,0.1209214997488551,16.0,16745.622517447584,-16730.54031726509,8.269827963405392
664,8,0.12347745559162648,16.0,16004.456282568857,-15990.836533382497,8.098644365553433
664,16,0.12195325227222532,16.0,16434.091032811888,-16418.573904773773,8.199863319493847
664,32,0.1231758148480484,16.0,16051.109286453066,-16038.288701509673,8.118476839253026
