index,bin_size,m12,m23,m34,m13,m24,m14,m12_err,m23_err,m34_err,m13_err,m24_err,m14_err,corr12,corr23,corr34,corr13,corr24,corr14,corr12_err,corr23_err,corr34_err,corr13_err,corr24_err,corr14_err
1667,1,0.07643708496702283,,,,,,0.06446254133516092,,,,,,13.082654845242057,,,,,,11.033141558170374,,,,,
1667,2,0.07503822267970245,,,,,,0.0636958223701882,,,,,,13.326541651558815,,,,,,11.312168645969464,,,,,
1667,4,0.0754317715542156,,,,,,0.06422787426808597,,,,,,13.257013316746287,,,,,,11.287946271636207,,,,,
1667,8,0.07503389807646133,,,,,,0.060881695527323684,,,,,,13.3273097311428,,,,,,10.813635357488012,,,,,
1667,16,0.07569903622953868,,,,,,0.06441870572710778,,,,,,13.210207815166186,,,,,,11.241681958258082,,,,,
1667,32,0.07460577443111925,,,,,,0.06377229727672312,,,,,,13.403788213783143,,,,,,11.457429041136924,,,,,
