index,bin_size,m,n,a,b,corr
865,1,0.20771391138696832,16.0,3126.44999406673,-3097.448182040121,4.814314040512255
865,2,0.20741227916862306,16.0,3139.693292177734,-3112.259052456624,4.8213153242822955
865,4,0.20707704204521193,16.0,3151.3319067757247,-3122.928646194281,4.829120553990076
865,8,0.20739322382058833,16.0,3137.5091601832974,-3107.614686577307,4.8217583080972775
865,16,0.207460555029626,16.0,3136.6901279695894,-3108.6088104839073,4.82019340909021
865,32,0.20774731409420785,16.0,3126.1622537994785,-3097.7962914589657,4.813539969746741
