index,bin_size,m12,m23,m34,m13,m24,m14,m12_err,m23_err,m34_err,m13_err,m24_err,m14_err,corr12,corr23,corr34,corr13,corr24,corr14,corr12_err,corr23_err,corr34_err,corr13_err,corr24_err,corr14_err
1596,1,0.21749502034623946,,,,,,0.04683131393445081,,,,,,4.597806416018436,,,,,,0.9900057267316394,,,,,
1596,2,0.21568580167467216,,,,,,0.045575769090391925,,,,,,4.636373800387387,,,,,,0.9796950012589168,,,,,
1596,4,0.21576809737718322,,,,,,0.04917995165679088,,,,,,4.634605449812651,,,,,,1.0563640998865689,,,,,
1596,8,0.21439998494930865,,,,,,0.048097082356835165,,,,,,4.664179431898904,,,,,,1.0463313340070346,,,,,
1596,16,0.21699524220452593,,,,,,0.04540313419406902,,,,,,4.608395971453898,,,,,,0.9642405915707414,,,,,
1596,32,0.21554989623467483,,,,,,0.04371035319554881,,,,,,4.6392970605342985,,,,,,0.9407813069612795,,,,,
