index,bin_size,m,n,a,b,corr
19,1,0.11747625160928252,16.0,16721.231810872152,-16708.122686651084,8.512358764441407
19,2,0.11560958268430772,16.0,17311.179023110693,-17296.83020658866,8.649802004135553
19,4,0.11853782320067402,16.0,16417.789701645022,-16401.862868659035,8.436125896348617
19,8,0.11921702257444233,16.0,16184.390062641416,-16170.628144155533,8.38806387213347
19,16,0.11699019610732485,16.0,16905.950668231384,-16892.12820986988,8.547724794670971
19,32,0.12047860277881954,16.0,15806.01843346698,-15791.09719748819,8.300229060888501
