index,bin_size,m,n,a,b,corr
2116,1,0.15629230485167572,24.0,4040.0884757079975,-4120.581903596348,6.398267662307613
2116,2,0.1558395309845599,24.0,4068.5740769485383,-4150.5223908548305,6.416857094488284
2116,4,0.15713303904408082,24.0,3975.5441884003117,-4055.936627239132,6.364033980908802
2116,8,0.15603920005734406,24.0,4059.1296863418384,-4140.991430419915,6.408646030180251
2116,16,0.156372277526741,24.0,4038.1356899778348,-4120.859929589596,6.39499542896273
2116,32,0.15600843035548018,24.0,4061.6123078059836,-4144.377497446454,6.409910013974271
