index,bin_size,m12,m23,m34,m13,m24,m14,m12_err,m23_err,m34_err,m13_err,m24_err,m14_err,corr12,corr23,corr34,corr13,corr24,corr14,corr12_err,corr23_err,corr34_err,corr13_err,corr24_err,corr14_err
402,1,0.16737608575610374,,,,,,0.023517756613704647,,,,,,5.974569159522437,,,,,,0.8394775318747746,,,,,
402,2,0.1687469855878145,,,,,,0.024464242008049093,,,,,,5.926031783718047,,,,,,0.859131647295856,,,,,
402,4,0.16889250394797717,,,,,,0.026018542569524322,,,,,,5.920925894425861,,,,,,0.9121415032284105,,,,,
402,8,0.16826151169888415,,,,,,0.024257844790289917,,,,,,5.94312977402444,,,,,,0.8568062783414998,,,,,
402,16,0.1677393971479163,,,,,,0.0233974220889019,,,,,,5.961628675213241,,,,,,0.8315681636095471,,,,,
402,32,0.16820460795523856,,,,,,0.020346378382782953,,,,,,5.9451403392356115,,,,,,0.719136510891687,,,,,
