index,bin_size,m12,m23,m34,m13,m24,m14,m12_err,m23_err,m34_err,m13_err,m24_err,m14_err,corr12,corr23,corr34,corr13,corr24,corr14,corr12_err,corr23_err,corr34_err,corr13_err,corr24_err,corr14_err
421,1,5.381217522288469,,,,,,0.6421608291523553,,,,,,0.1858315512907812,,,,,,0.022175974594092873,,,,,
421,2,5.38419316330554,,,,,,0.6854532000048386,,,,,,0.18572884918305305,,,,,,0.0236448489391827,,,,,
421,4,5.358310554305938,,,,,,0.6966412822771194,,,,,,0.18662598777452344,,,,,,0.02426349986844284,,,,,
421,8,5.405639737013379,,,,,,0.7173632686674017,,,,,,0.1849919803483798,,,,,,0.02454962930498397,,,,,
421,16,5.357995361898971,,,,,,0.5217996335746471,,,,,,0.18663696633839225,,,,,,0.01817603302522103,,,,,
421,32,5.368188515724981,,,,,,0.48584139743158444,,,,,,0.1862825787638996,,,,,,0.016859279088038793,,,,,
