index,bin_size,m,n,a,b,corr
2702,1,0.10494862656165835,16.0,18882.14947926814,-18889.567969381038,9.528471527090353
2702,2,0.10645067777393839,16.0,18300.128933372507,-18307.207069441105,9.394021916174434
2702,4,0.10683716622686125,16.0,18188.89067191068,-18197.446085573767,9.360038601890375
2702,8,0.10444925192657999,16.0,19078.62862492983,-19089.415575753646,9.574027401392259
2702,16,0.10752446310129049,16.0,17903.407568560247,-17912.19282926676,9.300209191074753
2702,32,0.10673116065108076,16.0,18192.40276879967,-18201.84913711524,9.36933500863109
