index,bin_size,m12,m23,m34,m13,m24,m14,m12_err,m23_err,m34_err,m13_err,m24_err,m14_err,corr12,corr23,corr34,corr13,corr24,corr14,corr12_err,corr23_err,corr34_err,corr13_err,corr24_err,corr14_err
1512,1,0.18752323342709942,,,,,,0.055022714937518084,,,,,,5.332672553285271,,,,,,1.5647027645169624,,,,,
1512,2,0.18782200327418946,,,,,,0.05379175657657796,,,,,,5.324189831689545,,,,,,1.5248347818739958,,,,,
1512,4,0.18846725190457547,,,,,,0.05695382046557823,,,,,,5.305961592236294,,,,,,1.6034339168615162,,,,,
1512,8,0.18870578135552998,,,,,,0.05841032489530648,,,,,,5.299254706542118,,,,,,1.6402846107239115,,,,,
1512,16,0.1861759775501805,,,,,,0.06446616439969673,,,,,,5.37126224961256,,,,,,1.8598783783696182,,,,,
1512,32,0.1894908958117816,,,,,,0.04757619667478359,,,,,,5.277298393234072,,,,,,1.324991288855436,,,,,
