index,bin_size,m12,m23,m34,m13,m24,m14,m12_err,m23_err,m34_err,m13_err,m24_err,m14_err,corr12,corr23,corr34,corr13,corr24,corr14,corr12_err,corr23_err,corr34_err,corr13_err,corr24_err,corr14_err
2473,1,0.09564977518980468,,,,,,0.04316073337189702,,,,,,10.45480763562307,,,,,,4.7175977561910445,,,,,
2473,2,0.09408563394862687,,,,,,0.04590065058766868,,,,,,10.628615209693173,,,,,,5.185279967792865,,,,,
2473,4,0.09365752844686356,,,,,,0.04493171146266318,,,,,,10.67719826246908,,,,,,5.122330254861376,,,,,
2473,8,0.0959823411351074,,,,,,0.04224603814368947,,,,,,10.418583128665015,,,,,,4.585675396656799,,,,,
2473,16,0.0963684437273518,,,,,,0.03937652292307181,,,,,,10.376840813464073,,,,,,4.240017731493811,,,,,
2473,32,0.09879312804730968,,,,,,0.03225459617234019,,,,,,10.122161528493397,,,,,,3.3047463821208876,,,,,
