index,bin_size,m12,m23,m34,m13,m24,m14,m12_err,m23_err,m34_err,m13_err,m24_err,m14_err,corr12,corr23,corr34,corr13,corr24,corr14,corr12_err,corr23_err,corr34_err,corr13_err,corr24_err,corr14_err
2323,1,0.10346475574932885,,,,,,0.04260984152682725,,,,,,9.66512695804133,,,,,,3.9803846733720087,,,,,
2323,2,0.10357542686844816,,,,,,0.040361288248890625,,,,,,9.654799697520017,,,,,,3.76228382888388,,,,,
2323,4,0.1028952062190787,,,,,,0.04126573683326559,,,,,,9.718625743077439,,,,,,3.897618431717301,,,,,
2323,8,0.10496574197571193,,,,,,0.03815285776080449,,,,,,9.526917841741074,,,,,,3.4628359164928617,,,,,
2323,16,0.10289086024945443,,,,,,0.04387297129079459,,,,,,9.719036244575499,,,,,,4.144226193644969,,,,,
2323,32,0.10155543153337503,,,,,,0.04282266553622719,,,,,,9.846839158685093,,,,,,4.152095988512639,,,,,
