index,bin_size,m,n,a,b,corr
2104,1,0.13488900525900516,16.0,9948.39839196362,-9913.900461048783,7.413502665245878
2104,2,0.13191497007584285,16.0,10455.61064888406,-10420.381678012458,7.5806407674963845
2104,4,0.1354516060772416,16.0,9862.043226946998,-9827.033284351457,7.382710541134134
2104,8,0.1354821089653265,16.0,9841.668889420493,-9808.45061004972,7.38104837337546
2104,16,0.13443695950107865,16.0,10019.629258405757,-9985.664931435602,7.438430649660568
2104,32,0.13185700357294064,16.0,10474.03389464787,-10439.754105933383,7.58397334159668
