index,bin_size,m12,m23,m34,m13,m24,m14,m12_err,m23_err,m34_err,m13_err,m24_err,m14_err,corr12,corr23,corr34,corr13,corr24,corr14,corr12_err,corr23_err,corr34_err,corr13_err,corr24_err,corr14_err
2122,1,0.21631396459256663,,,,,,0.030693858742634052,,,,,,4.622910045976587,,,,,,0.6559675802640497,,,,,
2122,2,0.2152383829711053,,,,,,0.030857084125573166,,,,,,4.64601148826808,,,,,,0.6660632056556252,,,,,
2122,4,0.21794696258071086,,,,,,0.030730271809513744,,,,,,4.588272248252492,,,,,,0.6469411257458229,,,,,
2122,8,0.21505583350052063,,,,,,0.03351543082939724,,,,,,4.649955240565837,,,,,,0.7246734519507941,,,,,
2122,16,0.21531407247451662,,,,,,0.035069425571865764,,,,,,4.644378272666569,,,,,,0.7564562607961809,,,,,
2122,32,0.21501646803665328,,,,,,0.030283453204075488,,,,,,4.650806559753985,,,,,,0.6550311429611432,,,,,
