index,bin_size,m12,m23,m34,m13,m24,m14,m12_err,m23_err,m34_err,m13_err,m24_err,m14_err,corr12,corr23,corr34,corr13,corr24,corr14,corr12_err,corr23_err,corr34_err,corr13_err,corr24_err,corr14_err
1816,1,0.18898825143647155,,,,,,0.05305807942491744,,,,,,5.291334209397404,,,,,,1.4855316593072123,,,,,
1816,2,0.1907070469654909,,,,,,0.051436188962869174,,,,,,5.2436447205904955,,,,,,1.4142796765724635,,,,,
1816,4,0.18809099272809898,,,,,,0.054173254901788516,,,,,,5.316575692944437,,,,,,1.5312599824218223,,,,,
1816,8,0.19118196959819306,,,,,,0.046802333898193306,,,,,,5.230618776978284,,,,,,1.2804825005663656,,,,,
1816,16,0.1918086046237133,,,,,,0.050478280476700374,,,,,,5.213530445945229,,,,,,1.3720450792107182,,,,,
1816,32,0.19073553757061792,,,,,,0.05353244955584313,,,,,,5.2428614653405115,,,,,,1.4714783647368388,,,,,
