index,bin_size,m12,m23,m34,m13,m24,m14,m12_err,m23_err,m34_err,m13_err,m24_err,m14_err,corr12,corr23,corr34,corr13,corr24,corr14,corr12_err,corr23_err,corr34_err,corr13_err,corr24_err,corr14_err
246,1,0.08237340452790648,,,,,,0.045759412928178485,,,,,,12.139840592132133,,,,,,6.743826866466842,,,,,
246,2,0.08067045510630699,,,,,,0.0478349613345866,,,,,,12.396112042286195,,,,,,7.3504920662782265,,,,,
246,4,0.08277158628773877,,,,,,0.04350720139780781,,,,,,12.081440562510197,,,,,,6.350363588557187,,,,,
246,8,0.08292644708893651,,,,,,0.04640121478308019,,,,,,12.058879104364925,,,,,,6.747505277354219,,,,,
246,16,0.08434385250573798,,,,,,0.04302590799610946,,,,,,11.856228643717326,,,,,,6.048158670137995,,,,,
246,32,0.08277325023180626,,,,,,0.03843224341176915,,,,,,12.081197696109585,,,,,,5.609391068519072,,,,,
