index,bin_size,m12,m23,m34,m13,m24,m14,m12_err,m23_err,m34_err,m13_err,m24_err,m14_err,corr12,corr23,corr34,corr13,corr24,corr14,corr12_err,corr23_err,corr34_err,corr13_err,corr24_err,corr14_err
2970,1,0.16547633495744524,,,,,,0.0323070034532173,,,,,,6.043160191196918,,,,,,1.1798448232223184,,,,,
2970,2,0.1654489860319044,,,,,,0.030644505126355744,,,,,,6.044159133179364,,,,,,1.119500759620902,,,,,
2970,4,0.16501883423144573,,,,,,0.028540572876116173,,,,,,6.059914340428915,,,,,,1.0480829516311976,,,,,
2970,8,0.16446433367969687,,,,,,0.028898769772293154,,,,,,6.080345675114908,,,,,,1.0684049597240797,,,,,
2970,16,0.1649035504609214,,,,,,0.0315342946172151,,,,,,6.064150815460936,,,,,,1.1596397887338845,,,,,
2970,32,0.16598917209025188,,,,,,0.03964846274192843,,,,,,6.024489353174666,,,,,,1.4390200195023324,,,,,
