index,bin_size,m,n,a,b,corr
569,1,0.12451913482339522,54.0,1164.220208572393,-884.8049235683201,8.03089421893506
569,2,0.12494923198749808,54.0,1149.4188842757655,-874.2494839580446,8.003250472960538
569,4,0.12533051067851048,54.0,1137.1666588376731,-856.407575914174,7.978903098584939
569,8,0.12514189980365722,54.0,1142.8347220396645,-861.5378553910206,7.990928710279779
569,16,0.12522797895006726,54.0,1140.4707464274547,-869.423432338549,7.985435909643919
569,32,0.12476731949567087,54.0,1157.1530655310344,-892.8740831663293,8.014919323763284
