index,bin_size,m12,m23,m34,m13,m24,m14,m12_err,m23_err,m34_err,m13_err,m24_err,m14_err,corr12,corr23,corr34,corr13,corr24,corr14,corr12_err,corr23_err,corr34_err,corr13_err,corr24_err,corr14_err
372,1,0.17561608422310135,,,,,,0.024435425571707012,,,,,,5.694239251625765,,,,,,0.7923030514894647,,,,,
372,2,0.17674839271006082,,,,,,0.024461895249470202,,,,,,5.657760077289112,,,,,,0.7830313602020255,,,,,
372,4,0.17669232061740778,,,,,,0.022779314236764662,,,,,,5.659555528535402,,,,,,0.7296343914350363,,,,,
372,8,0.17579482071027752,,,,,,0.020803298036620527,,,,,,5.688449727697448,,,,,,0.6731626937215247,,,,,
372,16,0.17589777605044785,,,,,,0.019428128396152388,,,,,,5.6851202013674005,,,,,,0.6279286054648464,,,,,
372,32,0.17581568933395683,,,,,,0.019965088015661693,,,,,,5.687774531319152,,,,,,0.6458861524885172,,,,,
