index,bin_size,m,n,a,b,corr
2044,1,0.09478515314558454,16.0,26484.29772457681,-26583.426696726958,10.550175494932814
2044,2,0.09368501276787997,16.0,27146.470738257096,-27246.277204687016,10.67406589864768
2044,4,0.09357551656228856,16.0,27205.168461962494,-27304.38647692149,10.686556021674214
2044,8,0.09550460318903539,16.0,26015.829605697218,-26114.191379798678,10.470699491004295
2044,16,0.09333226638286965,16.0,27344.50376783106,-27443.946233785835,10.714408197244223
2044,32,0.09283342032305339,16.0,27660.1960628682,-27759.81002354265,10.771982724756606
