index,bin_size,m,n,a,b,corr
805,1,0.03838187642055777,16.0,163009.52213386985,-162999.87094874724,26.053963309214048
805,2,0.04027652099038022,16.0,148071.05337015953,-148062.81513929818,24.828360926179386
805,4,0.03492129644303399,16.0,197532.9722687326,-197523.00171299183,28.63582117093701
805,8,0.039190680984849346,16.0,156357.28293535914,-156348.89590951102,25.516270063962097
805,16,0.02937133514070139,16.0,279900.65673744096,-279891.0998359949,34.04680091012437
805,32,0.038617439901954514,16.0,160974.41947116243,-160966.15840590312,25.8950360909188
