index,bin_size,m12,m23,m34,m13,m24,m14,m12_err,m23_err,m34_err,m13_err,m24_err,m14_err,corr12,corr23,corr34,corr13,corr24,corr14,corr12_err,corr23_err,corr34_err,corr13_err,corr24_err,corr14_err
1287,1,0.20214488440921394,,,,,,0.047353531202545346,,,,,,4.9469468540971855,,,,,,1.1588490250320034,,,,,
1287,2,0.20273768478323687,,,,,,0.04900799130591101,,,,,,4.932482094136471,,,,,,1.1923340243549492,,,,,
1287,4,0.20341559701130987,,,,,,0.04786727930913903,,,,,,4.9160438761458405,,,,,,1.1568318692021036,,,,,
1287,8,0.2023276806266119,,,,,,0.048040059440573955,,,,,,4.942477454903772,,,,,,1.1735265781821258,,,,,
1287,16,0.20241701089351888,,,,,,0.04904749555609318,,,,,,4.940296250723948,,,,,,1.1970790267752398,,,,,
1287,32,0.20089233417998767,,,,,,0.05672699299205031,,,,,,4.977790735927529,,,,,,1.405604157796596,,,,,
