index,bin_size,m,n,a,b,corr
218,1,0.17814237975003439,24.0,2176.3226144606483,-2153.946601896013,5.613487376800393
218,2,0.17873382538222318,24.0,2149.1886003396803,-2122.1916544314217,5.5949118632776695
218,4,0.17807092913653547,24.0,2177.1211376646097,-2150.951298084254,5.6157397776773115
218,8,0.17883853904184105,24.0,2152.9430806255205,-2131.116610132013,5.5916359267844395
218,16,0.17874243062945652,24.0,2154.1446275684793,-2128.734075664849,5.594642505858379
218,32,0.17939296281128683,24.0,2130.2307976501984,-2109.1398415071053,5.574354669931808
