index,bin_size,m,n,a,b,corr
1318,1,0.00002904518329654435,16.0,274324414527.68674,-274324414457.1839,34429.116517883194
1318,2,0.000019132009463141126,16.0,632035603994.5765,-632035603921.4623,52268.4249099163
1318,4,0.00003746239110947305,16.0,165245284418.74982,-165245284345.11893,26693.43761528163
1318,8,0.00003223521333310634,16.0,222651022146.62726,-222651022074.72473,31021.97555407446
1318,16,0.000010867966457896169,16.0,1958983169587.5947,-1958983169515.3079,92013.533891011
1318,32,-5.987344210987297e-7,16.0,645328475733920.1,-645328475733845.6,-1670189.5945199092
