index,bin_size,m12,m23,m34,m13,m24,m14,m12_err,m23_err,m34_err,m13_err,m24_err,m14_err,corr12,corr23,corr34,corr13,corr24,corr14,corr12_err,corr23_err,corr34_err,corr13_err,corr24_err,corr14_err
913,1,0.09626374393740969,,,,,,0.06613327279512905,,,,,,10.388127025790688,,,,,,7.136651976405088,,,,,
913,2,0.09602885308033454,,,,,,0.0679036954163795,,,,,,10.413536847757968,,,,,,7.363595540663708,,,,,
913,4,0.09571765773085371,,,,,,0.06741409724991329,,,,,,10.447393132120691,,,,,,7.358115454488764,,,,,
913,8,0.0954987097247908,,,,,,0.0679472774870925,,,,,,10.471345664059868,,,,,,7.450356466066875,,,,,
913,16,0.09697582414056566,,,,,,0.07703084231635572,,,,,,10.31184843090901,,,,,,8.191014384370034,,,,,
913,32,0.09813583532712612,,,,,,0.07199195479741159,,,,,,10.18995758956551,,,,,,7.475301593247512,,,,,
