index,bin_size,m12,m23,m34,m13,m24,m14,m12_err,m23_err,m34_err,m13_err,m24_err,m14_err,corr12,corr23,corr34,corr13,corr24,corr14,corr12_err,corr23_err,corr34_err,corr13_err,corr24_err,corr14_err
2713,1,0.2018651542647045,,,,,,0.050060814992953,,,,,,4.9538019755936,,,,,,1.228500109963143,,,,,
2713,2,0.20188811394614017,,,,,,0.04876583951124668,,,,,,4.953238605551491,,,,,,1.1964490339618303,,,,,
2713,4,0.19910084360610117,,,,,,0.05192645095667313,,,,,,5.022580426521891,,,,,,1.309912964054078,,,,,
2713,8,0.1995828173284487,,,,,,0.04833923455620501,,,,,,5.010451367435723,,,,,,1.213538255071069,,,,,
2713,16,0.2000820850456755,,,,,,0.04592888042685515,,,,,,4.997948715756916,,,,,,1.1472800720421872,,,,,
2713,32,0.2001550563461178,,,,,,0.04701347006782328,,,,,,4.996126594327708,,,,,,1.1735164346350895,,,,,
