index,bin_size,m,n,a,b,corr
956,1,0.10765979387058801,16.0,20214.212405800863,-20224.753555272553,9.288518620071349
956,2,0.10618641385404316,16.0,20820.400255081604,-20832.87590420144,9.417400623158194
956,4,0.104384816214083,16.0,21627.42483149343,-21640.091623588978,9.579937353619497
956,8,0.10895841664835637,16.0,19702.10917322433,-19714.001459292092,9.177813249868706
956,16,0.10615417192770177,16.0,20831.562337441243,-20845.53229638841,9.420260945382987
956,32,0.10750060295772365,16.0,20251.64221580071,-20264.96992036855,9.30227340578979
