index,bin_size,m12,m23,m34,m13,m24,m14,m12_err,m23_err,m34_err,m13_err,m24_err,m14_err,corr12,corr23,corr34,corr13,corr24,corr14,corr12_err,corr23_err,corr34_err,corr13_err,corr24_err,corr14_err
2052,1,0.1665827584590956,,,,,,0.060551431909870695,,,,,,6.003022217005429,,,,,,2.182048096626403,,,,,
2052,2,0.16707270969527674,,,,,,0.058341870188093635,,,,,,5.985417976543842,,,,,,2.090110822084039,,,,,
2052,4,0.16556838299974047,,,,,,0.059676858418913376,,,,,,6.039800485347299,,,,,,2.1769634510661375,,,,,
2052,8,0.16544494263349563,,,,,,0.06464884946419415,,,,,,6.044306849652485,,,,,,2.361858134909644,,,,,
2052,16,0.16649021096945252,,,,,,0.06024273452141108,,,,,,6.006359137736207,,,,,,2.173337981061745,,,,,
2052,32,0.16462161730006622,,,,,,0.06516742938892808,,,,,,6.07453636041758,,,,,,2.4046776227233044,,,,,
