index,bin_size,m,n,a,b,corr
2217,1,0.1333172899470034,24.0,6513.769890181357,-6597.668262880358,7.500902549080636
2217,2,0.13422333107039724,24.0,6401.5375295602435,-6488.08556436435,7.450269577019524
2217,4,0.1328526056238008,24.0,6565.378540456544,-6650.612504249495,7.527138781392844
2217,8,0.13369304951111652,24.0,6469.188758952407,-6551.669349913167,7.479820406945318
2217,16,0.13199251567978249,24.0,6667.673943336656,-6752.086284470737,7.576187140989326
2217,32,0.13382080679703523,24.0,6451.234711275077,-6534.4420590008685,7.47267950279728
