index,bin_size,m12,m23,m34,m13,m24,m14,m12_err,m23_err,m34_err,m13_err,m24_err,m14_err,corr12,corr23,corr34,corr13,corr24,corr14,corr12_err,corr23_err,corr34_err,corr13_err,corr24_err,corr14_err
408,1,0.024645343359156684,,,,,,0.028852492518094266,,,,,,40.575616473546184,,,,,,47.50218544977549,,,,,
408,2,0.02336074806899986,,,,,,0.02790417354537792,,,,,,42.80684835290092,,,,,,51.132340533012815,,,,,
408,4,0.02281822970970829,,,,,,0.02733407186980679,,,,,,43.82460921473404,,,,,,52.4977192876656,,,,,
408,8,0.023128671055589755,,,,,,0.027710051241932963,,,,,,43.23637953933887,,,,,,51.80074072008511,,,,,
408,16,0.020807373200586506,,,,,,0.026110535443588406,,,,,,48.05988676993656,,,,,,60.30888016589728,,,,,
408,32,0.02336101264060142,,,,,,0.027638332463350252,,,,,,42.80636355043963,,,,,,50.64405920905448,,,,,
