index,bin_size,m,n,a,b,corr
2533,1,0.05629773326952769,81.0,8832.864455239025,-8816.675165301003,17.762704498464608
2533,2,0.05618617112524585,81.0,8860.894828034761,-8861.028043910985,17.797973771355192
2533,4,0.05656136292654409,81.0,8694.639333620778,-8674.649056355458,17.67991342957372
2533,8,0.056680718451281996,81.0,8626.059582465268,-8619.943828655661,17.642683920097383
2533,16,0.056323251093294294,81.0,8808.384732378487,-8796.78122624411,17.754656923897944
2533,32,0.05637837931426568,81.0,8775.934487249,-8763.983184449626,17.737295966345123
