index,bin_size,m,n,a,b,corr
462,1,0.07030098607867113,36.0,19063.08014073346,-19031.040293328384,14.224551543003086
462,2,0.07091389045262346,36.0,18695.182632745007,-18658.279780242614,14.101609622843714
462,4,0.07145128513343801,36.0,18365.642648220102,-18329.842885385,13.995549529059717
462,8,0.07036167240283207,36.0,19026.497164140033,-18999.206915568375,14.212282992292119
462,16,0.07196280582678223,36.0,18049.60518167317,-18017.89012459097,13.896067399137351
462,32,0.06978283281591842,36.0,19396.6517532633,-19362.690767550357,14.330172044432771
