index,bin_size,m12,m23,m34,m13,m24,m14,m12_err,m23_err,m34_err,m13_err,m24_err,m14_err,corr12,corr23,corr34,corr13,corr24,corr14,corr12_err,corr23_err,corr34_err,corr13_err,corr24_err,corr14_err
682,1,0.006683274878369549,,,,,,0.023970512675925624,,,,,,149.62724385862157,,,,,,536.6593190989474,,,,,
682,2,0.005785454896517467,,,,,,0.02204608059298919,,,,,,172.84725538210424,,,,,,658.6525330488073,,,,,
682,4,0.0065148787640552,,,,,,0.023367426457923394,,,,,,153.494798017937,,,,,,550.5518267120217,,,,,
682,8,0.007551409387734775,,,,,,0.026035639248110056,,,,,,132.42561072430132,,,,,,456.5750909530292,,,,,
682,16,0.008633634154331523,,,,,,0.027972870704590647,,,,,,115.82607997100465,,,,,,375.2751044730076,,,,,
682,32,0.007687134856572635,,,,,,0.0266830432034629,,,,,,130.08747975131234,,,,,,451.55053309179243,,,,,
