index,bin_size,m,n,a,b,corr
1153,1,0.1694803948877639,16.0,5702.05770632898,-5798.702456221861,5.900387479402774
1153,2,0.17358680162975065,16.0,5388.608974054951,-5486.930325887031,5.760806643197073
1153,4,0.17213027886888943,16.0,5495.9900297344375,-5595.971633654433,5.80955312784739
1153,8,0.17246610865267556,16.0,5471.158810870128,-5568.943055650394,5.798240638767299
1153,16,0.1722989063835102,16.0,5486.6046094023495,-5583.756796536387,5.803867366251053
1153,32,0.17312044326076503,16.0,5422.219322546318,-5522.17702680615,5.776325321058336
