index,bin_size,m,n,a,b,corr
843,1,0.1425785764831906,16.0,9240.740956001218,-9256.243042709912,7.013676420860434
843,2,0.1436220298791196,16.0,9096.285536885265,-9112.261531938784,6.962720140090322
843,4,0.14464896507252495,16.0,8930.881434454795,-8946.895248053455,6.913288314911995
843,8,0.14056327122665946,16.0,9544.365417084684,-9559.563961772727,7.114233976438209
843,16,0.14224123681844583,16.0,9290.516049725582,-9305.230463689768,7.030310072995092
843,32,0.14327867044879058,16.0,9144.76342832866,-9159.90291674419,6.979405914835113
