index,bin_size,m12,m23,m34,m13,m24,m14,m12_err,m23_err,m34_err,m13_err,m24_err,m14_err,corr12,corr23,corr34,corr13,corr24,corr14,corr12_err,corr23_err,corr34_err,corr13_err,corr24_err,corr14_err
452,1,0.11866950658345539,,,,,,0.022693973831911997,,,,,,8.426764623789357,,,,,,1.6115072975842233,,,,,
452,2,0.11869417118699824,,,,,,0.02268423337565329,,,,,,8.42501354531165,,,,,,1.6101462400693216,,,,,
452,4,0.11939824339595725,,,,,,0.023765279215297527,,,,,,8.3753325975134,,,,,,1.6670439366583556,,,,,
452,8,0.12008831819986167,,,,,,0.023199022327130222,,,,,,8.327204635639172,,,,,,1.6086744252947491,,,,,
452,16,0.11900303961371385,,,,,,0.022232799126268826,,,,,,8.403146703193626,,,,,,1.5699218548291798,,,,,
452,32,0.11875831213889174,,,,,,0.023047341322604088,,,,,,8.4204632247591,,,,,,1.6341533197986855,,,,,
