index,bin_size,m12,m23,m34,m13,m24,m14,m12_err,m23_err,m34_err,m13_err,m24_err,m14_err,corr12,corr23,corr34,corr13,corr24,corr14,corr12_err,corr23_err,corr34_err,corr13_err,corr24_err,corr14_err
151,1,4.022320907580382,,,,,,0.9473799860399921,,,,,,0.24861268480976265,,,,,,0.05855591517339198,,,,,
151,2,22295047664.34068,,,,,,705031311483.8566,,,,,,4.4853010186626685e-11,,,,,,1.4183767207842548e-9,,,,,
151,4,4.082234507500147,,,,,,0.9842056484593426,,,,,,0.24496387901349978,,,,,,0.05905952559820911,,,,,
151,8,4.064953416811682,,,,,,0.936509014423963,,,,,,0.2460052791415118,,,,,,0.05667621197307862,,,,,
151,16,4.069567490106402,,,,,,1.0495774110859355,,,,,,0.24572635849660138,,,,,,0.06337499889446338,,,,,
151,32,4.021116944443496,,,,,,0.9147123965049198,,,,,,0.24868712196541087,,,,,,0.056570648517752585,,,,,
