index,bin_size,m,n,a,b,corr
2578,1,0.15449389441261505,54.0,378.3986368813109,-308.2128220252769,6.47274770179103
2578,2,0.15431993037204816,54.0,380.75422790061657,-322.74185954568037,6.480044396009714
2578,4,0.15451898183048493,54.0,378.33282200975304,-324.4489440969096,6.471696798371672
2578,8,0.15416754137686065,54.0,382.5427152103583,-320.6358554430161,6.486449683695172
2578,16,0.15407055306076206,54.0,382.8718297788495,-317.3357117671877,6.490532941785585
2578,32,0.1544636383922295,54.0,379.7220225573656,-320.87352900664234,6.474015570322771
