index,bin_size,m,n,a,b,corr
1853,1,0.000024468251758752114,16.0,487244510273.0322,-487244510306.70013,40869.28685627519
1853,2,0.000028020580496595443,16.0,371027154633.5255,-371027154668.7275,35688.05436138277
1853,4,0.00003136408725832159,16.0,296555375789.33636,-296555375821.7436,31883.599601154594
1853,8,0.000028918515405615464,16.0,349125298338.651,-349125298371.33655,34579.92175510565
1853,16,0.00005294320909174616,16.0,104136512925.9848,-104136512958.57065,18888.163697577977
1853,32,-4.8810377304302044e-6,16.0,12248467278369.37,-12248467278403.746,-204874.46629753098
