index,bin_size,m,n,a,b,corr
835,1,4.326380977197965e-6,16.0,14203480987900.158,-14203480987802.064,231140.06955708802
835,2,-0.00003289333636900902,16.0,245611495272.64346,-245611495174.51233,-30401.294316321342
835,4,-0.00005984556532386717,16.0,74197931364.58528,-74197931267.67249,-16709.675889738606
835,8,-1.2069736350234224e-6,16.0,182536964064848.25,-182536964064750.72,-828518.5119065124
835,16,-0.000010809441414788647,16.0,2276532753934.812,-2276532753835.8267,-92511.71837907155
835,32,0.000022314946029954627,16.0,534061258749.6165,-534061258651.3644,44813.014499682984
