index,bin_size,m12,m23,m34,m13,m24,m14,m12_err,m23_err,m34_err,m13_err,m24_err,m14_err,corr12,corr23,corr34,corr13,corr24,corr14,corr12_err,corr23_err,corr34_err,corr13_err,corr24_err,corr14_err
1404,1,0.14209752889604865,,,,,,0.06402846340728452,,,,,,7.0374200576812935,,,,,,3.171027646614245,,,,,
1404,2,0.14307688745934086,,,,,,0.06809963613717411,,,,,,6.9892490517322505,,,,,,3.326640142561906,,,,,
1404,4,0.1430443669461192,,,,,,0.06543947225904231,,,,,,6.990838027034451,,,,,,3.1981458683367645,,,,,
1404,8,0.14402005516879063,,,,,,0.06332119656909808,,,,,,6.943477412420139,,,,,,3.052833840326324,,,,,
1404,16,0.14720838406459177,,,,,,0.04923023179929066,,,,,,6.793091347033754,,,,,,2.271782709750342,,,,,
1404,32,0.1441282552442123,,,,,,0.05191689343435468,,,,,,6.938264799678525,,,,,,2.4992542483352453,,,,,
