index,bin_size,m,n,a,b,corr
2185,1,0.11690774484935898,24.0,8117.674031728015,-8083.454953202741,8.553753228997326
2185,2,0.11780938511373461,24.0,7986.544291470981,-7954.207099534268,8.488288085321793
2185,4,0.11739287329018357,24.0,8043.228435903295,-8010.64508433337,8.518404669490446
2185,8,0.1169529025147745,24.0,8120.774895739966,-8086.519398671321,8.55045046764591
2185,16,0.11642013126347857,24.0,8202.213791143067,-8169.757262107705,8.589579732879958
2185,32,0.11642941253898562,24.0,8199.553197478368,-8167.216825654463,8.588895006793551
