index,bin_size,m,n,a,b,corr
2688,1,0.07598990856364472,16.0,36663.22316788347,-36617.69819665081,13.159642101193716
2688,2,0.07513941260296242,16.0,37614.39938612317,-37568.029285921286,13.308594855325957
2688,4,0.07450293872445671,16.0,38277.173347171236,-38231.96342039579,13.422289336779341
2688,8,0.07822544854108145,16.0,34538.83224106315,-34493.39875972459,12.78356364393146
2688,16,0.07446002435724523,16.0,38279.552076730855,-38234.34678410092,13.430025152855007
2688,32,0.0762011926246622,16.0,36575.113912031,-36529.32790722771,13.123154186386765
