index,bin_size,m,n,a,b,corr
38,1,0.09980040893181602,16.0,24070.295947085648,-24148.74898509984,10.019999023082194
38,2,0.09970894292833941,16.0,24090.741224644797,-24169.14774846948,10.029190668671491
38,4,0.09986011241842689,16.0,24049.938212442885,-24127.580617242536,10.014008354105087
38,8,0.10142411138740144,16.0,23245.766794448704,-23323.223468554323,9.859588477737619
38,16,0.10053326409478548,16.0,23678.768633233747,-23756.404596522367,9.94695645271373
38,32,0.10273787648539508,16.0,22604.722908851763,-22682.083557622227,9.733508557986958
