index,bin_size,m,n,a,b,corr
517,1,0.11313949721573992,54.0,1704.8322864927127,-1851.0159905713672,8.838646313702023
517,2,0.11254246830989573,54.0,1735.4037883173103,-1874.9385606345036,8.88553463432498
517,4,0.11293665290109409,54.0,1714.8954674868944,-1855.5993444286655,8.85452131183456
517,8,0.11295232264190308,54.0,1710.936787535062,-1854.791719991776,8.853292934668877
517,16,0.11254701080550575,54.0,1737.0131648157283,-1882.320527311304,8.885176006390038
517,32,0.1129901136531103,54.0,1710.3066235333745,-1849.0829498654757,8.850331835846177
