index,bin_size,m,n,a,b,corr
1427,1,0.2327082820563449,16.0,2327.288679774799,-2336.452494007608,4.297225655930343
1427,2,0.2316919038194004,16.0,2355.3550648897926,-2363.2362678091918,4.316076580645138
1427,4,0.23188186984302006,16.0,2352.1522641936244,-2360.614849634754,4.312540694436277
1427,8,0.23226745443973484,16.0,2339.5622641423797,-2348.5014959177533,4.305381493985696
1427,16,0.23090311903759514,16.0,2375.964903348153,-2383.5013262384828,4.330820666987968
1427,32,0.23186653844542476,16.0,2350.887274995154,-2358.904066031656,4.312825846733264
