index,bin_size,m,n,a,b,corr
947,1,0.11290386088798755,16.0,14349.485552394448,-14333.984626653426,8.857093035924649
947,2,0.11244002521473292,16.0,14505.858563336917,-14490.109810628304,8.893630164972347
947,4,0.11474254433985547,16.0,13847.677547678284,-13832.22393249962,8.715163200827272
947,8,0.11425372181140754,16.0,13996.82346859328,-13980.75740562284,8.752450109683481
947,16,0.11420422204759138,16.0,14017.690513731277,-14003.014255065367,8.756243701596937
947,32,0.11365464989829617,16.0,14164.251502840467,-14148.183802476184,8.798584139714915
