index,bin_size,m12,m23,m34,m13,m24,m14,m12_err,m23_err,m34_err,m13_err,m24_err,m14_err,corr12,corr23,corr34,corr13,corr24,corr14,corr12_err,corr23_err,corr34_err,corr13_err,corr24_err,corr14_err
2719,1,0.06513110733233352,,,,,,0.06428699853343062,,,,,,15.35364652864673,,,,,,15.154660995298645,,,,,
2719,2,0.06485809627320807,,,,,,0.06383269054181993,,,,,,15.418275550173453,,,,,,15.174512796936424,,,,,
2719,4,0.06638428290224542,,,,,,0.06279309366545115,,,,,,15.063806616282292,,,,,,14.248900168242413,,,,,
2719,8,0.0636273676162135,,,,,,0.060659180434384216,,,,,,15.716507494570314,,,,,,14.983339711017056,,,,,
2719,16,0.060532535853419576,,,,,,0.05680040864812056,,,,,,16.52004142733281,,,,,,15.501499990494382,,,,,
2719,32,0.06288476189552579,,,,,,0.05828825480415292,,,,,,15.902103623471767,,,,,,14.739753160978648,,,,,
