index,bin_size,m,n,a,b,corr
1576,1,0.18659775009990826,16.0,4792.8921591706785,-4796.362572140322,5.359121422764098
1576,2,0.18653582852620246,16.0,4797.110898808563,-4800.780072434418,5.3609004120060035
1576,4,0.18790837708767621,16.0,4711.1396145539775,-4713.440519219704,5.321742518873492
1576,8,0.18689891610790493,16.0,4772.678318990507,-4775.972559162166,5.350485817813176
1576,16,0.18731883593566995,16.0,4745.347725128553,-4746.852857650773,5.338491428290881
1576,32,0.18632096000072562,16.0,4808.155469147047,-4810.526721138543,5.367082694271785
