index,bin_size,m12,m23,m34,m13,m24,m14,m12_err,m23_err,m34_err,m13_err,m24_err,m14_err,corr12,corr23,corr34,corr13,corr24,corr14,corr12_err,corr23_err,corr34_err,corr13_err,corr24_err,corr14_err
748,1,0.007620260505645427,,,,,,0.02496917310227091,,,,,,131.22910945881125,,,,,,429.99610678747837,,,,,
748,2,0.007250644227862667,,,,,,0.024649367877786026,,,,,,137.91877915581833,,,,,,468.8701607510847,,,,,
748,4,0.00597648973105196,,,,,,0.022360608068150007,,,,,,167.3222987072687,,,,,,626.0243907081232,,,,,
748,8,0.006255687350048117,,,,,,0.023274673202328303,,,,,,159.85453620732955,,,,,,594.7487273491594,,,,,
748,16,0.005396277572049225,,,,,,0.019969623472322562,,,,,,185.31292852310636,,,,,,685.7744728195202,,,,,
748,32,0.004823581278550358,,,,,,0.01907427853184959,,,,,,207.31484394112508,,,,,,819.8018958868605,,,,,
