index,bin_size,m,n,a,b,corr
2725,1,0.16619504981770059,16.0,6618.675191699591,-6604.910383461296,6.017026386146281
2725,2,0.1659308233177268,16.0,6643.07316974682,-6631.467793628628,6.026607835755659
2725,4,0.16618143804747876,16.0,6621.391190012368,-6610.226423993652,6.017519235296879
2725,8,0.16745818654093117,16.0,6507.981535190395,-6495.740246041158,5.971639969692218
2725,16,0.16768309637324796,16.0,6484.563171372672,-6473.159038729772,5.96363033381783
2725,32,0.16660650917140352,16.0,6582.465943125582,-6571.623808455929,6.002166451799357
