index,bin_size,m,n,a,b,corr
2124,1,0.2146378647670726,24.0,1183.150452058331,-1170.1305778582434,4.659010194148228
2124,2,0.2145035521360987,24.0,1185.1872281245821,-1173.5625081491548,4.6619274601360345
2124,4,0.21439214763741496,24.0,1187.6532115870534,-1175.3857110613571,4.664349935480023
2124,8,0.21457831454582993,24.0,1185.3055628965462,-1172.1272462403795,4.660303172371217
2124,16,0.21425383223584205,24.0,1189.226971088888,-1178.2280087618392,4.6673610901822284
2124,32,0.21490824997291474,24.0,1179.154413287778,-1166.3530494089832,4.65314849535107
