index,bin_size,m12,m23,m34,m13,m24,m14,m12_err,m23_err,m34_err,m13_err,m24_err,m14_err,corr12,corr23,corr34,corr13,corr24,corr14,corr12_err,corr23_err,corr34_err,corr13_err,corr24_err,corr14_err
2180,1,0.02673544844004875,,,,,,0.036047537224198144,,,,,,37.403524472102575,,,,,,50.431356846239055,,,,,
2180,2,0.027407333177789768,,,,,,0.03737984457232625,,,,,,36.48658530594927,,,,,,49.762699598096894,,,,,
2180,4,0.02744574489343604,,,,,,0.036705937250911355,,,,,,36.43552047440189,,,,,,48.72886246776803,,,,,
2180,8,0.028028687872745043,,,,,,0.03692104148184402,,,,,,35.67773149211152,,,,,,46.99681306449019,,,,,
2180,16,0.028873208511504274,,,,,,0.03782085706762517,,,,,,34.6341834369242,,,,,,45.367126445261704,,,,,
2180,32,0.021777503960025868,,,,,,0.02992628572290635,,,,,,45.918944697958494,,,,,,63.101054264430466,,,,,
