index,bin_size,m,n,a,b,corr
374,1,0.0486705010886627,36.0,50921.58843929761,-50823.45884212295,20.54632637084026
374,2,0.050075830751199917,36.0,47921.70549189557,-47824.81433992062,19.96971363228034
374,4,0.04916555815915881,36.0,49790.11434271447,-49691.22910078669,20.33944162217784
374,8,0.04914670519203629,36.0,49872.41411151893,-49766.24465483394,20.34724395241941
374,16,0.048002963203831524,36.0,52429.632617352996,-52324.11718962815,20.832047299950464
374,32,0.04962281620548261,36.0,48816.889589048056,-48723.068370258894,20.15202030975248
