index,bin_size,m,n,a,b,corr
2542,1,0.08715151495523675,81.0,1112.9624966303322,-690.4738226541497,11.474269845035117
2542,2,0.08737085269457236,81.0,1098.9494075220352,-682.8053482219087,11.445464581829839
2542,4,0.08603463584863685,81.0,1170.3596744407246,-754.2695099172626,11.62322581058317
2542,8,0.08718800566727673,81.0,1108.7721172092163,-689.3082669531689,11.469467529927897
2542,16,0.08745129925004871,81.0,1096.1333696319082,-676.7426586751872,11.434935885180035
2542,32,0.08594018806153256,81.0,1176.9015712486143,-751.0085962423693,11.635999670887468
