index,bin_size,m12,m23,m34,m13,m24,m14,m12_err,m23_err,m34_err,m13_err,m24_err,m14_err,corr12,corr23,corr34,corr13,corr24,corr14,corr12_err,corr23_err,corr34_err,corr13_err,corr24_err,corr14_err
903,1,0.08338194519748346,,,,,,0.06746325996564059,,,,,,11.99300397264156,,,,,,9.703385341503125,,,,,
903,2,0.08638185254727715,,,,,,0.06828511978778387,,,,,,11.576505602871805,,,,,,9.151263239965902,,,,,
903,4,0.0858179572191587,,,,,,0.06908581452558972,,,,,,11.652572869408173,,,,,,9.380641465818194,,,,,
903,8,0.08511767654394096,,,,,,0.06883262969657511,,,,,,11.748440989031957,,,,,,9.500683300402732,,,,,
903,16,0.08408309286668389,,,,,,0.06896558028159272,,,,,,11.892997342349528,,,,,,9.754725177664875,,,,,
903,32,0.08799307587049826,,,,,,0.06960338910735256,,,,,,11.364530562287952,,,,,,8.989455532995331,,,,,
