index,bin_size,m12,m23,m34,m13,m24,m14,m12_err,m23_err,m34_err,m13_err,m24_err,m14_err,corr12,corr23,corr34,corr13,corr24,corr14,corr12_err,corr23_err,corr34_err,corr13_err,corr24_err,corr14_err
203,1,0.21275307779260716,,,,,,0.033254310469422066,,,,,,4.70028452878508,,,,,,0.7346766619621218,,,,,
203,2,0.2147557820649616,,,,,,0.03370098690649565,,,,,,4.6564520423366735,,,,,,0.7307231861261096,,,,,
203,4,0.2136116022366625,,,,,,0.03491752890985426,,,,,,4.681393658065865,,,,,,0.7652332395916454,,,,,
203,8,0.21274640571469117,,,,,,0.03263792256249953,,,,,,4.700431937454561,,,,,,0.7211042323820926,,,,,
203,16,0.21343678344115552,,,,,,0.028219702936982498,,,,,,4.685228028071833,,,,,,0.6194609055316057,,,,,
203,32,0.21367297814020514,,,,,,0.030691564181521747,,,,,,4.680048964094248,,,,,,0.6722329814671861,,,,,
