index,bin_size,m,n,a,b,corr
284,1,0.13817228871531712,24.0,4944.728779526967,-4894.2299049549865,7.237341215794342
284,2,0.138285678853905,24.0,4929.035140363429,-4875.964138390577,7.2314068115214765
284,4,0.1392285873620152,24.0,4849.320194800488,-4800.312497672933,7.182432997038532
284,8,0.13879435679458016,24.0,4892.847643815098,-4845.457149412962,7.204903881503124
284,16,0.13774454911354386,24.0,4992.999030725094,-4941.558105978691,7.25981540783652
284,32,0.13882790783594381,24.0,4887.890905153739,-4836.04026421891,7.203162646387522
