index,bin_size,m12,m23,m34,m13,m24,m14,m12_err,m23_err,m34_err,m13_err,m24_err,m14_err,corr12,corr23,corr34,corr13,corr24,corr14,corr12_err,corr23_err,corr34_err,corr13_err,corr24_err,corr14_err
480,1,0.0727496207989134,,,,,,0.02823017485838235,,,,,,13.745776115645901,,,,,,5.333988810490893,,,,,
480,2,0.0728148937175865,,,,,,0.02858412450711255,,,,,,13.733454090841812,,,,,,5.391187731013942,,,,,
480,4,0.07269492600313443,,,,,,0.028848981730485935,,,,,,13.75611827374145,,,,,,5.459115602435025,,,,,
480,8,0.07366345252984524,,,,,,0.0279468136916237,,,,,,13.575252932854909,,,,,,5.150248209958038,,,,,
480,16,0.07215224123278795,,,,,,0.030639748565757113,,,,,,13.859583332604403,,,,,,5.885529559186894,,,,,
480,32,0.07340155590880115,,,,,,0.024767507280891186,,,,,,13.62368941119538,,,,,,4.596971038374448,,,,,
