index,bin_size,m,n,a,b,corr
1819,1,0.09047478819902653,16.0,34000.93296978962,-33911.717539489815,11.05280288471302
1819,2,0.09123316957678772,16.0,33400.385104213754,-33314.44459805985,10.960925775557271
1819,4,0.0911558219192331,16.0,33476.30658022997,-33390.936125887834,10.97022635467026
1819,8,0.08789171336832192,16.0,36199.890457209236,-36114.12689188626,11.377636886077836
1819,16,0.0908334777187875,16.0,33710.418232765514,-33624.32796826302,11.009156812160297
1819,32,0.08995969853866216,16.0,34386.25419706575,-34298.79310334197,11.116088829157514
