index,bin_size,m12,m23,m34,m13,m24,m14,m12_err,m23_err,m34_err,m13_err,m24_err,m14_err,corr12,corr23,corr34,corr13,corr24,corr14,corr12_err,corr23_err,corr34_err,corr13_err,corr24_err,corr14_err
920,1,0.07934726830505119,,,,,,0.06897387073005623,,,,,,12.602828318619517,,,,,,10.955208286940076,,,,,
920,2,0.08007481712126918,,,,,,0.0678473637117984,,,,,,12.488320747402414,,,,,,10.581349672212403,,,,,
920,4,0.08387569871724107,,,,,,0.06962295781911287,,,,,,11.922404406682396,,,,,,9.896466697787737,,,,,
920,8,0.08148777127118437,,,,,,0.07212858972606069,,,,,,12.271779978766201,,,,,,10.862319210464378,,,,,
920,16,0.08000613253722233,,,,,,0.06598342445500247,,,,,,12.49904186450653,,,,,,10.308329605144703,,,,,
920,32,0.08204064937047745,,,,,,0.07206120875093663,,,,,,12.18907953158953,,,,,,10.706397515713986,,,,,
