index,bin_size,m12,m23,m34,m13,m24,m14,m12_err,m23_err,m34_err,m13_err,m24_err,m14_err,corr12,corr23,corr34,corr13,corr24,corr14,corr12_err,corr23_err,corr34_err,corr13_err,corr24_err,corr14_err
2108,1,0.05646382287134872,,,,,,0.045009944140539195,,,,,,17.710455104651217,,,,,,14.117828981933355,,,,,
2108,2,0.05685748515988314,,,,,,0.04515336996245266,,,,,,17.587833812698573,,,,,,13.967377641655531,,,,,
2108,4,0.05823814087857499,,,,,,0.04767633839561779,,,,,,17.170877794416104,,,,,,14.056846044986806,,,,,
2108,8,0.05774535052672114,,,,,,0.04853831665852535,,,,,,17.317411547051897,,,,,,14.556288908279251,,,,,
2108,16,0.060336215977799854,,,,,,0.05048864314046707,,,,,,16.573793762073855,,,,,,13.86875768021207,,,,,
2108,32,0.06062739159477274,,,,,,0.05316391471890942,,,,,,16.494194681570622,,,,,,14.463692669960013,,,,,
