index,bin_size,m12,m23,m34,m13,m24,m14,m12_err,m23_err,m34_err,m13_err,m24_err,m14_err,corr12,corr23,corr34,corr13,corr24,corr14,corr12_err,corr23_err,corr34_err,corr13_err,corr24_err,corr14_err
1515,1,0.07564676233422676,,,,,,0.06264891510718515,,,,,,13.219336414977603,,,,,,10.947951495612658,,,,,
1515,2,0.07451971452987945,,,,,,0.06373095380338507,,,,,,13.419267724100576,,,,,,11.476462796391951,,,,,
1515,4,0.07203193851865677,,,,,,0.06471205913836514,,,,,,13.882730640950237,,,,,,12.47196875045198,,,,,
1515,8,0.07578713161120124,,,,,,0.06469070661291532,,,,,,13.194852196414322,,,,,,11.262918837171846,,,,,
1515,16,0.0758627832429624,,,,,,0.06930600612872813,,,,,,13.18169406990176,,,,,,12.042407764948171,,,,,
1515,32,0.07244027778774746,,,,,,0.06403878631266585,,,,,,13.804474948729972,,,,,,12.203457087650632,,,,,
