index,bin_size,m12,m23,m34,m13,m24,m14,m12_err,m23_err,m34_err,m13_err,m24_err,m14_err,corr12,corr23,corr34,corr13,corr24,corr14,corr12_err,corr23_err,corr34_err,corr13_err,corr24_err,corr14_err
2154,1,0.1334507188214599,,,,,,0.03842782821270111,,,,,,7.493402874343996,,,,,,2.1577643112518508,,,,,
2154,2,0.13316753524980704,,,,,,0.0370063545306195,,,,,,7.50933775356069,,,,,,2.086794012347956,,,,,
2154,4,0.1317112971986315,,,,,,0.03738340004231455,,,,,,7.592363155393706,,,,,,2.1549279001980817,,,,,
2154,8,0.13308799714596026,,,,,,0.03315180643641261,,,,,,7.513825599939565,,,,,,1.8716706031195949,,,,,
2154,16,0.1323008535461292,,,,,,0.035044237003015205,,,,,,7.5585302225683,,,,,,2.0021255903823807,,,,,
2154,32,0.1324200315461227,,,,,,0.03337830350156885,,,,,,7.551727546988946,,,,,,1.9035175500374328,,,,,
