index,bin_size,m12,m23,m34,m13,m24,m14,m12_err,m23_err,m34_err,m13_err,m24_err,m14_err,corr12,corr23,corr34,corr13,corr24,corr14,corr12_err,corr23_err,corr34_err,corr13_err,corr24_err,corr14_err
2671,1,0.16066979326974654,,,,,,0.05767437032547622,,,,,,6.223945270914193,,,,,,2.234160616846905,,,,,
2671,2,0.1624641281516503,,,,,,0.058345096395333536,,,,,,6.1552049143215255,,,,,,2.210494268149447,,,,,
2671,4,0.16012853687733017,,,,,,0.061311549737988275,,,,,,6.24498305861666,,,,,,2.391138999194067,,,,,
2671,8,0.1619979117260823,,,,,,0.055752652673985256,,,,,,6.172919078678445,,,,,,2.1244509247755063,,,,,
2671,16,0.16120858547414393,,,,,,0.056048521497802574,,,,,,6.203143567439768,,,,,,2.1566905048575538,,,,,
2671,32,0.1606113976099531,,,,,,0.05751541812555552,,,,,,6.226208194940892,,,,,,2.229623631932047,,,,,
