index,bin_size,m,n,a,b,corr
589,1,0.13930820653310702,16.0,9765.060610604527,-9795.99475076874,7.178328002969064
589,2,0.13885880556575483,16.0,9839.513817992522,-9868.629941047342,7.201559857336254
589,4,0.13973174791507476,16.0,9686.340471830381,-9715.464405186633,7.156569748256305
589,8,0.14102717523207095,16.0,9494.365505162854,-9526.042329782078,7.090831950327473
589,16,0.13904505820179205,16.0,9794.351225739305,-9824.131783287063,7.1919132756859945
589,32,0.13847900911889857,16.0,9893.479678504867,-9924.826940346513,7.2213110590746385
