index,bin_size,m,n,a,b,corr
2130,1,-0.00006700898038260613,24.0,36854814931.73345,-36854814830.8245,-14923.372871669231
2130,2,2.5015125378369793e-6,24.0,26454996348307.78,-26454996348208.293,399758.14027487754
2130,4,2.3080525979877938e-7,24.0,3106752582495429.0,-3106752582495328.0,4332656.8938325755
2130,8,-0.000010960451822637369,24.0,1378476791529.7324,-1378476791429.1575,-91237.11469034805
2130,16,0.000034243533281093584,24.0,141443715540.13202,-141443715434.8774,29202.594013629907
2130,32,-0.00005512635974593109,24.0,54465808143.82423,-54465808044.992676,-18140.14211366116
