index,bin_size,m12,m23,m34,m13,m24,m14,m12_err,m23_err,m34_err,m13_err,m24_err,m14_err,corr12,corr23,corr34,corr13,corr24,corr14,corr12_err,corr23_err,corr34_err,corr13_err,corr24_err,corr14_err
675,1,0.18298908376082212,,,,,,0.049309769888608926,,,,,,5.4648068586815866,,,,,,1.4725925893999905,,,,,
675,2,0.1838581629229885,,,,,,0.051064582864376776,,,,,,5.438975262789195,,,,,,1.5106155668504588,,,,,
675,4,0.18047306205083144,,,,,,0.053649565192298306,,,,,,5.540993146768593,,,,,,1.6471814113394452,,,,,
675,8,0.18382128019081936,,,,,,0.054058869757740304,,,,,,5.440066563359421,,,,,,1.5998357182411374,,,,,
675,16,0.18210400529154083,,,,,,0.05011165135257948,,,,,,5.491367410612645,,,,,,1.511122661409803,,,,,
675,32,0.18540058633266152,,,,,,0.04547379146629136,,,,,,5.39372620001166,,,,,,1.3229363795296327,,,,,
