index,bin_size,m,n,a,b,corr
279,1,0.026182692875826103,24.0,221666.18340749553,-221587.97367590686,38.19316846982068
279,2,0.03381613503972589,24.0,131821.28483000572,-131744.98748316156,29.57168224060019
279,4,0.032874512723652126,24.0,139867.262472654,-139787.70633574558,30.41870181943512
279,8,0.034608527930950275,24.0,125693.5109221458,-125616.5740156466,28.89461239134947
279,16,0.028919722343713157,24.0,180987.86574179557,-180907.31423444825,34.57847859377493
279,32,0.02884498351781225,24.0,182117.76516031873,-182036.0733557886,34.66807319832524
