index,bin_size,m,n,a,b,corr
347,1,0.08779103973867533,36.0,9035.267270477523,-9048.602639143473,11.390684094603126
347,2,0.0880875490363091,36.0,8970.686539673668,-8983.02192116178,11.352342197508603
347,4,0.08762446454631662,36.0,9090.615087016578,-9101.812652383525,11.41233792614412
347,8,0.08832388586390245,36.0,8922.835510210407,-8937.872570762718,11.321965629330347
347,16,0.08800509563435674,36.0,9009.373265133247,-9025.418101859897,11.362978391101311
347,32,0.0886526915544303,36.0,8838.064676053651,-8853.224809264746,11.27997337098364
