index,bin_size,m,n,a,b,corr
505,1,0.1743085830184636,36.0,974.6470348629648,-1031.2395371579623,5.736952149361889
505,2,0.1742279804606987,36.0,976.6545474090678,-1029.646596462312,5.739606217989619
505,4,0.17407182524892714,36.0,978.614224281545,-1033.4114493826428,5.744755066306535
505,8,0.17383228634921655,36.0,985.0721605568408,-1036.5876166911378,5.752671272993971
505,16,0.1747802800369449,36.0,964.1655379829624,-1015.8379647048553,5.721469262943285
505,32,0.17330075405191947,36.0,996.4129162669467,-1049.454653154272,5.77031534265805
