index,bin_size,m,n,a,b,corr
419,1,0.1404275514482896,36.0,1937.3092173463028,-1957.3097005068262,7.121109708789841
419,2,0.14057624845734976,36.0,1932.9911530850613,-1960.0766783356246,7.113577229252891
419,4,0.14077218648133377,36.0,1926.166977676829,-1963.7283241769092,7.103675981708211
419,8,0.1410981663379866,36.0,1910.667696418524,-1942.7286590124922,7.0872643206758585
419,16,0.13959412612575867,36.0,1974.6176226006053,-1999.4110800788205,7.1636252022460605
419,32,0.1393900240200544,36.0,1982.575114674522,-1996.60115718408,7.174114553966412
