index,bin_size,m,n,a,b,corr
318,1,0.17287380342158232,24.0,2596.826035267713,-2560.0851481377845,5.784566430584795
318,2,0.17252167788752185,24.0,2613.78811702889,-2578.4293874650693,5.796373025376934
318,4,0.17173479335750758,24.0,2646.0218650607158,-2608.7300795723622,5.822931861677311
318,8,0.17215919218840675,24.0,2626.6391224482663,-2586.539687920781,5.808577440963041
318,16,0.17247984344220654,24.0,2610.314976112115,-2575.4274472819347,5.797778917483037
318,32,0.17311851133848782,24.0,2584.8232522026938,-2545.8148312738094,5.776389782169293
