index,bin_size,m,n,a,b,corr
421,1,0.17582991898665332,36.0,868.7663397769095,-886.8707549293539,5.687314228222483
421,2,0.17567013403142664,36.0,870.4476688463612,-886.2449470962177,5.692487260362107
421,4,0.17437929277131395,36.0,895.0200079225305,-907.3488559187758,5.734625849821681
421,8,0.1757563496704891,36.0,867.5074761338947,-877.6297227778471,5.689694863797619
421,16,0.17579282671889115,36.0,868.9760790285106,-885.4071092724483,5.688514250920441
421,32,0.1756913065970667,36.0,868.5655791263459,-880.9665775757175,5.69180125851882
