index,bin_size,m,n,a,b,corr
342,1,0.10027731380017305,36.0,7849.051886825015,-7938.112414740074,9.972345310253758
342,2,0.10022844226319534,36.0,7866.756457014853,-7955.89759851106,9.97720784060522
342,4,0.10049289533034601,36.0,7802.225111703074,-7887.660594842633,9.950952221176856
342,8,0.10041685095813437,36.0,7818.029535117885,-7909.172824066981,9.95848794757484
342,16,0.10078021013908849,36.0,7745.81983770227,-7825.76607741073,9.922583001363888
342,32,0.09976315527247905,36.0,7934.475820917443,-8022.82589990244,10.023740701351523
