index,bin_size,m,n,a,b,corr
440,1,0.21390201709160322,36.0,325.587508742253,-170.70579724941155,4.675037728006798
440,2,0.2126284180921357,36.0,333.58561880259043,-177.276443475877,4.703040209642542
440,4,0.21197620581629473,36.0,337.4082061420223,-184.8551171851444,4.7175106099721
440,8,0.21359542570115952,36.0,327.177464625739,-173.722085456815,4.6817482009146385
440,16,0.21299710385619522,36.0,330.8830909309029,-180.51949604958688,4.694899516920892
440,32,0.21378899779923746,36.0,325.79488062060295,-168.5035881407128,4.6775091809872675
