index,bin_size,m,n,a,b,corr
271,1,0.19793149489399325,24.0,1467.8794622394726,-1390.1546735411648,5.0522530562181265
271,2,0.19810513168477842,24.0,1463.4602464312043,-1388.3909863808956,5.047824816528141
271,4,0.19771506947079195,24.0,1472.5375137639999,-1394.629093509006,5.057783418717752
271,8,0.19801630617915075,24.0,1465.746598628738,-1390.9833341381736,5.050089153240101
271,16,0.1981490614853521,24.0,1464.3876472519596,-1388.3904090777553,5.046705709852295
271,32,0.19844279507129953,24.0,1455.2565849842824,-1378.7767899667938,5.039235612664622
