index,bin_size,m,n,a,b,corr
468,1,0.12796794681208104,36.0,2924.171832218643,-3013.039173353568,7.81445686136142
468,2,0.12707046152317233,36.0,2984.6464413546414,-3068.698723530638,7.8696495472918535
468,4,0.1275437533718415,36.0,2953.174017717285,-3036.521869329133,7.840446698197727
468,8,0.12826851516338175,36.0,2909.0041521153407,-3001.725814855198,7.796145443223164
468,16,0.12715669290049864,36.0,2984.1078998509274,-3066.5242629723275,7.86431274036444
468,32,0.1278559767952297,36.0,2929.610126795381,-3019.2259819102355,7.821300380830612
