index,bin_size,m,n,a,b,corr
411,1,0.05015489003988902,36.0,38341.12477130087,-38252.5562736914,19.938235318723326
411,2,0.05140043429261457,36.0,36375.56458512519,-36288.094843069295,19.455088536940323
411,4,0.04964651242843742,36.0,39236.040039709085,-39148.43767463839,20.14240177376895
411,8,0.05001248441466016,36.0,38530.17686892123,-38441.59806248622,19.995007480709557
411,16,0.050362248354430955,36.0,38053.46681505312,-37966.16906784246,19.856142898195653
411,32,0.05075933264353944,36.0,37385.34885270413,-37301.287284251535,19.700810627723616
