index,bin_size,m,n,a,b,corr
412,1,0.09224461400872282,36.0,9092.241537811702,-9080.20804778017,10.840741334832169
412,2,0.09230459038027851,36.0,9075.990418950409,-9055.04709039323,10.833697391215082
412,4,0.09135540351665256,36.0,9312.358207125488,-9294.361243054642,10.94626000768216
412,8,0.09171745853300307,36.0,9236.12380739487,-9219.359956071039,10.903049604674402
412,16,0.09315424552842522,36.0,8884.718983289822,-8868.94988010464,10.734883786857129
412,32,0.09135487266026467,36.0,9346.009801581306,-9326.064958220843,10.94632361558702
