index,bin_size,m,n,a,b,corr
366,1,0.11241076115477616,36.0,4494.121488670737,-4299.479774216898,8.895945456886638
366,2,0.1125183611938584,36.0,4469.4243118637105,-4270.695810789782,8.88743836463362
366,4,0.11260240518125147,36.0,4457.626587917517,-4259.4344188992545,8.880804973839956
366,8,0.11238603695584028,36.0,4492.171466167301,-4298.199726534657,8.897902507167585
366,16,0.1127861255204018,36.0,4449.779259356686,-4255.0156892961895,8.86633879287848
366,32,0.11280935283690202,36.0,4440.396259134912,-4240.756340914426,8.864513223879444
