index,bin_size,m,n,a,b,corr
403,1,0.1588255836054596,36.0,1264.4361051156889,-1374.5874632890632,6.296214862235994
403,2,0.15803036609658275,36.0,1287.9301495949571,-1393.493218645212,6.327897762312556
403,4,0.15950076622862236,36.0,1245.8014911291905,-1352.0075529123214,6.269562357880074
403,8,0.15831735253321658,36.0,1277.623416763196,-1378.7918719443035,6.31642699930944
403,16,0.15788001494432713,36.0,1290.2526351046067,-1391.8198444542343,6.333923900074545
403,32,0.15816513258757423,36.0,1281.6553038591596,-1384.782370571712,6.322506001417926
