index,bin_size,m,n,a,b,corr
237,1,0.2550496116781959,24.0,654.2490083986545,-682.2060647461077,3.920805812720591
237,2,0.2546999149902888,24.0,658.1244055576234,-684.9015130106254,3.9261889821915643
237,4,0.2540720473013612,24.0,665.4387336994214,-696.3530820593462,3.9358914552842372
237,8,0.2551686345765438,24.0,653.3010107497573,-681.7877156922243,3.9189769607048883
237,16,0.2550919358597633,24.0,654.5146182908005,-684.0865151946188,3.920155282955513
237,32,0.2549369724630504,24.0,655.6870685044355,-684.06401057193,3.922538148698444
