index,bin_size,m,n,a,b,corr
405,1,0.20549322069621437,36.0,422.1535080364181,-420.6535462944927,4.866340585893703
405,2,0.20493468790277555,36.0,427.4515256300477,-417.5503949748606,4.879603400642535
405,4,0.20512212686152623,36.0,424.2677425662727,-419.8322467228037,4.875144458087058
405,8,0.20591458070542523,36.0,417.3376416018382,-408.6805864791586,4.856382663987102
405,16,0.20602213614176873,36.0,416.86849268488385,-406.87221428308334,4.853847352169362
405,32,0.20582879239751883,36.0,419.0662789984704,-412.8240455423296,4.858406777554676
