index,bin_size,m,n,a,b,corr
304,1,0.20845253219682117,24.0,1378.48777746011,-1341.4340856949693,4.797255228618661
304,2,0.20977036295055584,24.0,1349.561928898508,-1312.9025026592144,4.767117651580295
304,4,0.20723444295855806,24.0,1404.4416314031528,-1368.8371337464484,4.825452688865895
304,8,0.20943111530189823,24.0,1355.1730959180973,-1318.6862216832883,4.774839682052423
304,16,0.2078357897547168,24.0,1388.557455851252,-1348.3763252956246,4.811490846596622
304,32,0.20862560171416267,24.0,1371.2049725226632,-1333.3117735748217,4.793275570129198
