index,bin_size,m,n,a,b,corr
149,1,0.22954296903645496,16.0,2678.6548098878648,-2670.485407706773,4.3564828153860145
149,2,0.22886301855675156,16.0,2696.636308332315,-2688.6526160315807,4.3694258963556765
149,4,0.23023811592630355,16.0,2653.336904437617,-2646.992730192556,4.343329495973151
149,8,0.22964188647768524,16.0,2674.1668398715447,-2666.120156990818,4.3546062756158905
149,16,0.2277295337145139,16.0,2735.7646723929784,-2727.5851276335657,4.391173967157107
149,32,0.228449626472243,16.0,2710.334055322693,-2701.2096492049122,4.377332611316401
