index,bin_size,m,n,a,b,corr
433,1,0.11952908347390494,36.0,3636.09265740119,-3607.631661548958,8.366164710183824
433,2,0.11912039266085574,36.0,3665.9753088260636,-3633.5067415495405,8.394868230892014
433,4,0.1191600021870773,36.0,3667.467486689898,-3641.1962548805004,8.392077724453486
433,8,0.11934023342563373,36.0,3654.608211459029,-3625.0050233123043,8.379403754251452
433,16,0.119944889456667,36.0,3603.833815602711,-3578.531176046779,8.33716221282837
433,32,0.1191098066100279,36.0,3677.1525481584404,-3650.886433960122,8.39561433655967
