index,bin_size,energy,energy_err
6247,1,2340.5397789794924,0.08089140071986804
6247,2,2340.527253259277,0.09254422315168043
6247,4,2340.5366174072265,0.10052890232008463
6247,8,2340.524621459961,0.12203021681680752
6247,16,2340.5391930664064,0.11540360225029121
6247,32,2340.541464746094,0.1055164687169324
