index,bin_size,m12,m23,m34,m13,m24,m14,m12_err,m23_err,m34_err,m13_err,m24_err,m14_err,corr12,corr23,corr34,corr13,corr24,corr14,corr12_err,corr23_err,corr34_err,corr13_err,corr24_err,corr14_err
0,1,0.05433666391644245,,,,,,0.06873968730383236,,,,,,18.403779840767825,,,,,,23.282071078348622,,,,,
0,2,0.05432794988076227,,,,,,0.06867179920872973,,,,,,18.406731750319622,,,,,,23.266539407821366,,,,,
0,4,0.05442849929062361,,,,,,0.06872079749718032,,,,,,18.37272776271952,,,,,,23.197194861299014,,,,,
0,8,0.053967655919498786,,,,,,0.06855217850618678,,,,,,18.529617100502875,,,,,,23.5371649459768,,,,,
0,16,0.053744426595235144,,,,,,0.06774967225132454,,,,,,18.606580502407997,,,,,,23.455264305820844,,,,,
0,32,0.05377104844529772,,,,,,0.06754036465973956,,,,,,18.59736845223166,,,,,,23.359653257516243,,,,,
