index,bin_size,m12,m23,m34,m13,m24,m14,m12_err,m23_err,m34_err,m13_err,m24_err,m14_err,corr12,corr23,corr34,corr13,corr24,corr14,corr12_err,corr23_err,corr34_err,corr13_err,corr24_err,corr14_err
515,1,0.09040146820693168,,,,,,0.0053370722945612625,,,,,,11.061767245980674,,,,,,0.6530585472602081,,,,,
515,2,0.09038882190810056,,,,,,0.005472084373841098,,,,,,11.063314897684057,,,,,,0.6697663637662133,,,,,
515,4,0.09028398161117653,,,,,,0.005285347524496373,,,,,,11.076161929883328,,,,,,0.6484136387465528,,,,,
515,8,0.09046778674997517,,,,,,0.00537155126802742,,,,,,11.053658279092081,,,,,,0.6563141895964992,,,,,
515,16,0.09043709619736222,,,,,,0.005109406008776021,,,,,,11.057409426522112,,,,,,0.6247081843724273,,,,,
515,32,0.09059744274397347,,,,,,0.005011398843648758,,,,,,11.03783914548206,,,,,,0.6105582305051247,,,,,
