index,bin_size,m,n,a,b,corr
177,1,0.09605682449421149,24.0,14324.912587695228,-14315.362591260091,10.410504461973561
177,2,0.09595983062608641,24.0,14356.363529867303,-14346.848546032626,10.421027147250433
177,4,0.0955860127240058,24.0,14480.939069326025,-14470.902516927092,10.461781713684314
177,8,0.09609661052834918,24.0,14309.239757346855,-14299.559512206159,10.406194292409438
177,16,0.09592173055215521,24.0,14369.717675629527,-14359.745552777631,10.425166375165357
177,32,0.09578884033281805,24.0,14412.873235557969,-14402.489602749993,10.439629465452374
