index,bin_size,m12,m23,m34,m13,m24,m14,m12_err,m23_err,m34_err,m13_err,m24_err,m14_err,m12_sigma,corr12,corr23,corr34,corr13,corr24,corr14,corr12_err,corr23_err,corr34_err,corr13_err,corr24_err,corr14_err,corr12_sigma
193,1,0.03827496295101218,,,,,,0.0025867076895426254,,,,,,31.965414601533315,26.12673985550011,,,,,,1.7657035742503493,,,,,,21819.800916237855
193,2,0.03844234050740293,,,,,,0.0027115061386781543,,,,,,31.847598405847435,26.012984298066545,,,,,,1.8348093710881863,,,,,,21550.48486454413
193,4,0.03829498069685225,,,,,,0.002685765360990422,,,,,,31.96035296412481,26.11308275400691,,,,,,1.831404843485218,,,,,,21793.54386952496
193,8,0.03827304032030285,,,,,,0.002924369891899478,,,,,,32.00452701774852,26.128052321715504,,,,,,1.99639456139748,,,,,,21848.69426241793
193,16,0.038404893374185047,,,,,,0.0028907538307716943,,,,,,31.895971183350586,26.038348557743394,,,,,,1.9599183652690606,,,,,,21625.327980159902
193,32,0.03858196092052391,,,,,,0.0029346961670279046,,,,,,31.75013350114076,25.918848501763005,,,,,,1.971489876022298,,,,,,21329.31765241244
