index,bin_size,m,n,a,b,corr
764,1,0.13365793714604446,16.0,1041.2551824739664,-1041.220694031603,7.48178537954934
764,2,0.13358698564332425,16.0,1042.5490364763307,-1042.5200333933897,7.485759149248182
764,4,0.13361168663494039,16.0,1042.0572981038533,-1041.9770589443729,7.484375245798994
764,8,0.13377382076600078,16.0,1039.3104496165693,-1039.2695083541487,7.475304168438273
764,16,0.1335275622221588,16.0,1043.6041932135454,-1043.5625738632941,7.48909051702923
764,32,0.13378147403998172,16.0,1039.1622527980062,-1039.1411336406163,7.474876526634334
