index,bin_size,m12,m23,m34,m13,m24,m14,m12_err,m23_err,m34_err,m13_err,m24_err,m14_err,m12_sigma,corr12,corr23,corr34,corr13,corr24,corr14,corr12_err,corr23_err,corr34_err,corr13_err,corr24_err,corr14_err,corr12_sigma
5136,1,1.2719361049417788,,,,,,0.2715793452179889,,,,,,8407.274762261099,0.7862030145341096,,,,,,0.16786731587067882,,,,,,5196.66415351011
5136,2,1.2482565823922764,,,,,,0.22006122323824293,,,,,,7624.17413141679,0.8011173456690337,,,,,,0.14123287273793805,,,,,,4893.111103306545
5136,4,1.2671480669914301,,,,,,0.2679014791298425,,,,,,8318.675191308226,0.7891737564452782,,,,,,0.16684776006020927,,,,,,5180.831128093616
5136,8,1.30680175024845,,,,,,0.30465945638820974,,,,,,9969.956957496655,0.765227013056785,,,,,,0.17840016342733706,,,,,,5838.131439171545
5136,16,1.3295091026930672,,,,,,0.3307095080700885,,,,,,10212.638779347399,0.752157317294323,,,,,,0.18709580542913276,,,,,,5777.704696575723
5136,32,1.3169448410475217,,,,,,0.3206327863723062,,,,,,9663.766571718008,0.7593332452744049,,,,,,0.1848726891430017,,,,,,5572.001957682717
