index,bin_size,m12,m23,m34,m13,m24,m14,m12_err,m23_err,m34_err,m13_err,m24_err,m14_err,m12_sigma,corr12,corr23,corr34,corr13,corr24,corr14,corr12_err,corr23_err,corr34_err,corr13_err,corr24_err,corr14_err,corr12_sigma
5138,1,1.5697873372607296,,,,,,0.54707386321305,,,,,,30503.147938837203,0.6370289632638996,,,,,,0.2220058014479334,,,,,,12378.357403283992
5138,2,1.6838928418605161,,,,,,0.7859370954917118,,,,,,84909.6672662649,0.5938620173093141,,,,,,0.277178082478952,,,,,,29945.270291720615
5138,4,1.6597659716443913,,,,,,0.766869415332648,,,,,,60825.11318462799,0.6024945788045426,,,,,,0.2783733811166009,,,,,,22079.49890224809
5138,8,1.6196872697729694,,,,,,0.8963324741107213,,,,,,96003.89749346343,0.6174031361870057,,,,,,0.3416699574725848,,,,,,36595.402399469625
5138,16,1.5550237983885788,,,,,,0.6824492711476638,,,,,,47759.07963955398,0.6430769747937413,,,,,,0.2822255281202883,,,,,,19750.6716523338
5138,32,1.5803949499070078,,,,,,0.7767504920659192,,,,,,173092.07314588458,0.6327532241601007,,,,,,0.3109927542172765,,,,,,69302.02312153617
