index,bin_size,m,n,a,b,corr
397,1,0.13733572460891455,36.0,227.60498205658786,-228.10181089051895,7.281426612395719
397,2,0.1376721366542955,36.0,225.95203138756352,-226.39941188150073,7.263633908080259
397,4,0.13759886593296378,36.0,226.25256902600677,-226.6371156484999,7.267501757515835
397,8,0.13760321502270562,36.0,226.26579793012476,-226.4103794554964,7.26727206072178
397,16,0.1374254047736298,36.0,227.19615610972883,-227.78920338809974,7.276674947017419
397,32,0.13729567840242932,36.0,227.82770918874272,-228.32831951373913,7.283550448462666
