index,bin_size,m,n,a,b,corr
174,1,0.056214942462626497,24.0,50707.121047993314,-50711.40608694361,17.788864600632337
174,2,0.05631932461767257,24.0,50511.260536124035,-50514.71850468922,17.75589474462923
174,4,0.05628294081245786,24.0,50579.89621931975,-50583.898092490715,17.76737294755317
174,8,0.05649417597606928,24.0,50190.390134596506,-50194.985252290586,17.700939658339227
174,16,0.05624198307779459,24.0,50661.182604593385,-50665.61873701933,17.78031188226041
174,32,0.056227384504786614,24.0,50694.200348502294,-50698.52637747249,17.784928265956786
