index,bin_size,m12,m23,m34,m13,m24,m14,m12_err,m23_err,m34_err,m13_err,m24_err,m14_err,corr12,corr23,corr34,corr13,corr24,corr14,corr12_err,corr23_err,corr34_err,corr13_err,corr24_err,corr14_err
2,1,0.02025228348145843,,,,,,0.02261816971470038,,,,,,49.37714805915737,,,,,,55.14542179169042,,,,,
2,2,0.019834753466048467,,,,,,0.02247601351282423,,,,,,50.416558073772855,,,,,,57.13019032355828,,,,,
2,4,0.019995490857758976,,,,,,0.02225964501066555,,,,,,50.011275397721164,,,,,,55.67421399169753,,,,,
2,8,0.020073145381654285,,,,,,0.0227145470574998,,,,,,49.817802889722664,,,,,,56.37326918750177,,,,,
2,16,0.020279017033715617,,,,,,0.02227297084607465,,,,,,49.31205483665276,,,,,,54.16070995506043,,,,,
2,32,0.020323607809587797,,,,,,0.02232957663601785,,,,,,49.203862294973206,,,,,,54.060353073008706,,,,,
