index,bin_size,m12,m23,m34,m13,m24,m14,m12_err,m23_err,m34_err,m13_err,m24_err,m14_err,corr12,corr23,corr34,corr13,corr24,corr14,corr12_err,corr23_err,corr34_err,corr13_err,corr24_err,corr14_err
2,1,0.06389686235202273,,,,,,0.07313523338287417,,,,,,15.650220733699983,,,,,,17.91296949053417,,,,,
2,2,0.0638678786641754,,,,,,0.07293965087836078,,,,,,15.6573229127918,,,,,,17.88128384463445,,,,,
2,4,0.06379690844756909,,,,,,0.07324832046312167,,,,,,15.674740741110377,,,,,,17.996929019292484,,,,,
2,8,0.06379073429573259,,,,,,0.07286900573321622,,,,,,15.676257861588795,,,,,,17.90719822561922,,,,,
2,16,0.06410868594641604,,,,,,0.07260928479116915,,,,,,15.598510330344782,,,,,,17.666820995842226,,,,,
2,32,0.06332003917835302,,,,,,0.07187291643585272,,,,,,15.792788712327047,,,,,,17.92598043429833,,,,,
