index,bin_size,m12,m23,m34,m13,m24,m14,m12_err,m23_err,m34_err,m13_err,m24_err,m14_err,corr12,corr23,corr34,corr13,corr24,corr14,corr12_err,corr23_err,corr34_err,corr13_err,corr24_err,corr14_err
526,1,0.2063484608530174,,,,,,0.05235896929074244,,,,,,4.84617135434949,,,,,,1.2296701224284914,,,,,
526,2,0.20599013071868308,,,,,,0.05210271954717356,,,,,,4.854601511786415,,,,,,1.2279129111642975,,,,,
526,4,0.20752461951568513,,,,,,0.05764354751075652,,,,,,4.818705377384961,,,,,,1.3384786489905296,,,,,
526,8,0.20594966250190813,,,,,,0.05698665950458185,,,,,,4.8555554199596465,,,,,,1.3435413297669456,,,,,
526,16,0.2059811928919395,,,,,,0.05405583454528159,,,,,,4.854812160082078,,,,,,1.2740528355493732,,,,,
526,32,0.20624829459473618,,,,,,0.056870392221046596,,,,,,4.848524939151288,,,,,,1.3369202180549673,,,,,
