index,bin_size,m12,m23,m34,m13,m24,m14,m12_err,m23_err,m34_err,m13_err,m24_err,m14_err,corr12,corr23,corr34,corr13,corr24,corr14,corr12_err,corr23_err,corr34_err,corr13_err,corr24_err,corr14_err
2534,1,0.0788070080452948,,,,,,0.01140918568664119,,,,,,12.68922681882865,,,,,,1.8370668876645313,,,,,
2534,2,0.07908485132482822,,,,,,0.011995380869214341,,,,,,12.644646645318481,,,,,,1.9179065260455312,,,,,
2534,4,0.07862223210048666,,,,,,0.011454290975482043,,,,,,12.71904871286159,,,,,,1.8530087609601869,,,,,
2534,8,0.07910296219338207,,,,,,0.011288699837010533,,,,,,12.641751614248173,,,,,,1.8040909648669305,,,,,
2534,16,0.07925650003032414,,,,,,0.012816768942290703,,,,,,12.617261670871063,,,,,,2.0403692751774645,,,,,
2534,32,0.0785509846428515,,,,,,0.01110519911962253,,,,,,12.730585167667973,,,,,,1.7997951755673103,,,,,
