index,bin_size,m,n,a,b,corr
171,1,0.04075636500095871,24.0,107467.88986000168,-107462.06361153907,24.53604486014582
171,2,0.04104628030918059,24.0,105896.17558793438,-105890.25089221087,24.36274352919467
171,4,0.04107527253180086,24.0,105746.83177235705,-105740.89835987437,24.3455475365572
171,8,0.04127565906721736,24.0,104705.84529668234,-104700.2058179777,24.22735390782013
171,16,0.04111563475340304,24.0,105538.30849386702,-105532.23190103476,24.321648102908892
171,32,0.040998884636118775,24.0,106167.75262565848,-106162.13855455305,24.390907432614163
