index,bin_size,m12,m23,m34,m13,m24,m14,m12_err,m23_err,m34_err,m13_err,m24_err,m14_err,m12_sigma,corr12,corr23,corr34,corr13,corr24,corr14,corr12_err,corr23_err,corr34_err,corr13_err,corr24_err,corr14_err,corr12_sigma
5139,1,1.4669638181428155,,,,,,0.5051536349099175,,,,,,26471.73656247862,0.6816800712003965,,,,,,0.23473869058916855,,,,,,12301.090893675866
5139,2,1.4406807776437132,,,,,,0.5498265877735518,,,,,,32314.08920750591,0.6941162924624684,,,,,,0.26490503553942046,,,,,,15568.845050948852
5139,4,1.4078225447064758,,,,,,0.5892223112641773,,,,,,41597.95894417768,0.71031679650257,,,,,,0.2972920885084086,,,,,,20988.24816336087
5139,8,1.4052607490001054,,,,,,0.43861976536718295,,,,,,21956.0146922303,0.7116117067323887,,,,,,0.22211319860857903,,,,,,11118.333091774297
5139,16,1.4142136166364252,,,,,,0.46964009004880186,,,,,,22880.342815918353,0.7071067540548835,,,,,,0.23482002700432641,,,,,,11440.17053004119
5139,32,1.41091927376467,,,,,,0.4407500351647577,,,,,,22699.051793537365,0.7087577713300073,,,,,,0.22140530535349345,,,,,,11402.586710411128
