index,bin_size,m12,m23,m34,m13,m24,m14,m12_err,m23_err,m34_err,m13_err,m24_err,m14_err,corr12,corr23,corr34,corr13,corr24,corr14,corr12_err,corr23_err,corr34_err,corr13_err,corr24_err,corr14_err
10,1,0.10669914065940009,,,,,,0.08209729963598442,,,,,,9.372146709148787,,,,,,7.2111915040583545,,,,,
10,2,0.10667804637321579,,,,,,0.0819251665242757,,,,,,9.373999937170533,,,,,,7.198917977598652,,,,,
10,4,0.10641931957748167,,,,,,0.08180540295484061,,,,,,9.39679001867627,,,,,,7.2233894842764546,,,,,
10,8,0.10664470557968767,,,,,,0.08201759114607368,,,,,,9.37693057113627,,,,,,7.2115465424010425,,,,,
10,16,0.10689619039849725,,,,,,0.08146145411319736,,,,,,9.354870330477727,,,,,,7.128985021077382,,,,,
10,32,0.10695755634622209,,,,,,0.08063607762106263,,,,,,9.349503056735847,,,,,,7.048658177650515,,,,,
