index,bin_size,m,n,a,b,corr
2541,1,0.11547655228703718,81.0,305.8653124403251,-225.76461604482054,8.659766681588527
2541,2,0.11618971816104019,81.0,296.6927754039115,-209.64117902743138,8.606613526800963
2541,4,0.11562220248894568,81.0,304.10209587970104,-225.97937780925804,8.648857905086242
2541,8,0.1159352986591166,81.0,299.58918599834885,-225.13965147545093,8.625500702251951
2541,16,0.11568798272071311,81.0,302.9280259141537,-233.0506004478135,8.643940161132718
2541,32,0.1156617852037721,81.0,303.21561215947645,-213.96717100055162,8.64589802274111
