index,bin_size,m12,m23,m34,m13,m24,m14,m12_err,m23_err,m34_err,m13_err,m24_err,m14_err,m12_sigma,corr12,corr23,corr34,corr13,corr24,corr14,corr12_err,corr23_err,corr34_err,corr13_err,corr24_err,corr14_err,corr12_sigma
3,1,0.018295217678937156,,,,,,0.017934628548919876,,,,,,217.18704438271982,54.6590927503025,,,,,,53.58179074448617,,,,,,648871.5800712352
3,2,0.018062752227544443,,,,,,0.017936011652150047,,,,,,214.6314664834494,55.362548708112676,,,,,,54.97408734905874,,,,,,657847.9773067787
3,4,0.017802448720750787,,,,,,0.017430517405937734,,,,,,211.29970508600098,56.17204777196666,,,,,,54.99849328453163,,,,,,666713.7377825152
3,8,0.016263452913958646,,,,,,0.018556035298861483,,,,,,217.48147917014788,61.48755773392482,,,,,,70.15516924897425,,,,,,822236.5248806744
3,16,0.019813691050951557,,,,,,0.01889312272009778,,,,,,188.79154584205125,50.470152049331304,,,,,,48.125247028327756,,,,,,480896.6688626664
3,32,0.015708684042055398,,,,,,0.018424160097578086,,,,,,174.59671527741685,63.659056183369216,,,,,,74.66345619041743,,,,,,707548.8995462985
