index,bin_size,m12,m23,m34,m13,m24,m14,m12_err,m23_err,m34_err,m13_err,m24_err,m14_err,m12_sigma,corr12,corr23,corr34,corr13,corr24,corr14,corr12_err,corr23_err,corr34_err,corr13_err,corr24_err,corr14_err,corr12_sigma
387,1,0.07104239492027722,,,,,,0.002049667223379017,,,,,,55.42967580758851,14.076102039101947,,,,,,0.40611419441676133,,,,,,10982.650198343168
387,2,0.07083197539970512,,,,,,0.001932448272458045,,,,,,55.56558067661201,14.117917710991343,,,,,,0.3851670878491924,,,,,,11075.087079374674
387,4,0.07090938290920838,,,,,,0.0018196099891635254,,,,,,55.49174987120974,14.102506029144116,,,,,,0.36188526525080084,,,,,,11036.236743570176
387,8,0.07084398734826926,,,,,,0.0020023953099216176,,,,,,55.56374368629108,14.11552394819333,,,,,,0.3989732934144215,,,,,,11070.965709474265
387,16,0.07099621718078698,,,,,,0.002184691903608266,,,,,,55.474336880288234,14.085257492713573,,,,,,0.4334308111967481,,,,,,11005.802143045044
387,32,0.07102976282847369,,,,,,0.00246776785351353,,,,,,55.461011125941795,14.078605364554733,,,,,,0.4891291813102322,,,,,,10992.767787312803
