index,bin_size,m12,m23,m34,m13,m24,m14,m12_err,m23_err,m34_err,m13_err,m24_err,m14_err,corr12,corr23,corr34,corr13,corr24,corr14,corr12_err,corr23_err,corr34_err,corr13_err,corr24_err,corr14_err
344,1,0.06929711141512594,,,,,,0.038165903478228375,,,,,,14.430615931585907,,,,,,7.947769878559106,,,,,
344,2,0.06885592213260057,,,,,,0.03824564679900141,,,,,,14.523079047205721,,,,,,8.066765130292646,,,,,
344,4,0.06931524438932941,,,,,,0.037955840838522305,,,,,,14.426840860333789,,,,,,7.899891002646684,,,,,
344,8,0.06884004186093871,,,,,,0.03812073701931764,,,,,,14.526429283992359,,,,,,8.044129195670948,,,,,
344,16,0.06885104419355674,,,,,,0.03899235480073112,,,,,,14.524107974147219,,,,,,8.225426032755434,,,,,
344,32,0.06935772787914313,,,,,,0.03752577637837999,,,,,,14.418004028945626,,,,,,7.800814870342601,,,,,
