index,bin_size,m,n,a,b,corr
518,1,0.11630739248429174,54.0,1452.6456133900747,-1364.373347638464,8.597905761966576
518,2,0.1162617040469202,54.0,1455.3755794011024,-1361.3734020598492,8.601284560532727
518,4,0.11637359636622115,54.0,1450.0785720975314,-1359.058163815486,8.593014491474994
518,8,0.11645730897934782,54.0,1446.0117030088365,-1355.1171676673644,8.586837603961268
518,16,0.11609627084651755,54.0,1462.045592382182,-1373.7921029108934,8.613541095751708
518,32,0.11613678886852989,54.0,1460.0507964193707,-1365.587398603432,8.610535987283306
