index,bin_size,m,n,a,b,corr
341,1,0.049534538823918756,36.0,44932.61851724956,-44976.49351589056,20.187933989952274
341,2,0.049456921915263616,36.0,45109.136207417316,-45151.315853458924,20.21961661328898
341,4,0.049063445512415434,36.0,45880.51773847114,-45920.979724620534,20.381772815913457
341,8,0.04895344455487465,36.0,46123.95036545861,-46164.29145554225,20.427571728462215
341,16,0.049302799626916395,36.0,45403.63638214929,-45444.142865456764,20.282823847067288
341,32,0.04906085712730814,36.0,45906.56659845243,-45947.04712731156,20.382848130946783
