index,bin_size,m12,m23,m34,m13,m24,m14,m12_err,m23_err,m34_err,m13_err,m24_err,m14_err,corr12,corr23,corr34,corr13,corr24,corr14,corr12_err,corr23_err,corr34_err,corr13_err,corr24_err,corr14_err
1,1,0.03398969512390109,,,,,,0.02421456283347348,,,,,,29.420681661154813,,,,,,20.959556774214718,,,,,
1,2,0.035699181157668625,,,,,,0.024051421318633054,,,,,,28.01184698280363,,,,,,18.872274148836205,,,,,
1,4,0.03475234480905097,,,,,,0.023533314784903992,,,,,,28.7750367779373,,,,,,19.48564916016901,,,,,
1,8,0.03483770432099315,,,,,,0.024434906069552988,,,,,,28.704532043387296,,,,,,20.133144761435506,,,,,
1,16,0.033882586504648746,,,,,,0.0242046455885419,,,,,,29.51368544024224,,,,,,21.083641179363923,,,,,
1,32,0.035113951462731094,,,,,,0.02361968081581875,,,,,,28.47870884202168,,,,,,19.1564316994949,,,,,
