index,bin_size,m12,m23,m34,m13,m24,m14,m12_err,m23_err,m34_err,m13_err,m24_err,m14_err,m12_sigma,corr12,corr23,corr34,corr13,corr24,corr14,corr12_err,corr23_err,corr34_err,corr13_err,corr24_err,corr14_err,corr12_sigma
575,1,0.06860259526248164,,,,,,0.0016823215008835621,,,,,,103.2530187686156,14.576708011903659,,,,,,0.3574603731345793,,,,,,21939.244429151244
575,2,0.06858085226549494,,,,,,0.0015808035328175483,,,,,,103.28298848700568,14.58132943767935,,,,,,0.3361028089739456,,,,,,21959.52996627877
575,4,0.0685167546072563,,,,,,0.0017797827632149521,,,,,,103.33853432333517,14.594970321231393,,,,,,0.3791171481524088,,,,,,22012.46760932981
575,8,0.06855415507659247,,,,,,0.001945111616834827,,,,,,103.37113029609144,14.587007875492667,,,,,,0.413882403506857,,,,,,21995.391673093818
575,16,0.068330799635068,,,,,,0.0019983968689797,,,,,,103.52421115318876,14.634688973942444,,,,,,0.428004893550361,,,,,,22172.206963638782
575,32,0.0685710822871612,,,,,,0.002030009314674814,,,,,,103.27961404460675,14.583406979230856,,,,,,0.4317337720229519,,,,,,21965.07031875144
