index,bin_size,m,n,a,b,corr
521,1,0.15748884050478545,54.0,339.65929089422434,-313.24512971609465,6.349656247355596
521,2,0.15734737635988064,54.0,340.9914881650145,-314.6338855622666,6.355364945601808
521,4,0.1574543489986957,54.0,339.96404910676176,-313.32135866132296,6.351047185164023
521,8,0.1573845165983719,54.0,340.77928061618246,-314.1212481795257,6.353865180727344
521,16,0.1574939097540831,54.0,339.7532352108226,-312.8728444770161,6.3494518712592605
521,32,0.15728619822629888,54.0,341.71035864985885,-315.2512669154051,6.357836932146002
