index,bin_size,m,n,a,b,corr
5124,1,0.040920365688439465,24.0,20102.13222469074,-20106.14522912355,24.437709272048686
5124,2,0.03929646175957788,24.0,21812.424533384787,-21816.30271227897,25.447583706598373
5124,4,0.03962923197309622,24.0,21467.445874381654,-21471.819689061846,25.233898064915493
5124,8,0.04030657217886577,24.0,20727.255475779853,-20731.817979131243,24.809849757562294
5124,16,0.04232755408918466,24.0,18746.171282115625,-18750.405690243773,23.62527250908446
5124,32,0.046578743335472225,24.0,15399.187515168065,-15403.098161403437,21.46902059589156
