index,bin_size,m,n,a,b,corr
11,1,0.12207655285400114,16.0,12961.402202882307,-12961.167525133838,8.191581238339532
11,2,0.12206201808970427,16.0,12965.19890700498,-12965.010958616476,8.19255666627675
11,4,0.12219857362578337,16.0,12933.209145185401,-12932.962246394003,8.183401576047565
11,8,0.12186352538753181,16.0,13011.45269122832,-13011.25927872817,8.205900796156621
11,16,0.12195022864861432,16.0,12991.03692930852,-12990.740185284967,8.200066626208516
11,32,0.12206891617802806,16.0,12963.031710064817,-12962.893857074021,8.192093706653194
