index,bin_size,m12,m23,m34,m13,m24,m14,m12_err,m23_err,m34_err,m13_err,m24_err,m14_err,corr12,corr23,corr34,corr13,corr24,corr14,corr12_err,corr23_err,corr34_err,corr13_err,corr24_err,corr14_err
344,1,0.07252279806125145,,,,,,0.012578569752634688,,,,,,13.788767487368842,,,,,,2.391564835877451,,,,,
344,2,0.07176034464024468,,,,,,0.012666819407333432,,,,,,13.935273095653159,,,,,,2.4597929201627227,,,,,
344,4,0.07195619227003863,,,,,,0.013439355867556228,,,,,,13.897344598880109,,,,,,2.5956259466522487,,,,,
344,8,0.07152644448786166,,,,,,0.01323113256576146,,,,,,13.980843129560343,,,,,,2.5862097599401928,,,,,
344,16,0.07152425969309724,,,,,,0.013785174957357885,,,,,,13.981270191273428,,,,,,2.6946697042345953,,,,,
344,32,0.07210703128639749,,,,,,0.012510396954599445,,,,,,13.868273067964223,,,,,,2.406112109454467,,,,,
