index,bin_size,m,n,a,b,corr
525,1,0.20983643691008735,54.0,58.037254953695005,-59.64188958829638,4.765616566528382
525,2,0.21023048112759293,54.0,57.374044292148646,-59.79972837609301,4.756684162241348
525,4,0.21038152544400265,54.0,57.156506189130035,-58.208354882176884,4.753269080493337
525,8,0.21017710229128028,54.0,57.47576173610588,-59.47151754699716,4.757892220885793
525,16,0.21011005903377736,54.0,57.606515666499085,-59.50583137600806,4.759410399476589
525,32,0.21012356436640858,54.0,57.564087137994164,-59.28413622017943,4.759104496515314
