index,bin_size,m,n,a,b,corr
4074,1,0.030463765913384396,36.0,13455.70518940033,-13455.43075589436,32.82588248751758
4074,2,0.03058013703322724,36.0,13354.997619083464,-13354.572683341808,32.700965300235154
4074,4,0.030345058173761787,36.0,13565.176365093621,-13564.696434192983,32.95429503788731
4074,8,0.030337798030619513,36.0,13571.561514300945,-13571.277285558675,32.96218133533337
4074,16,0.030222307402320698,36.0,13681.182100923139,-13680.869278862816,33.08814203654127
4074,32,0.030374885530037005,36.0,13539.239377710403,-13538.846815339006,32.92193476782402
