index,bin_size,m12,m23,m34,m13,m24,m14,m12_err,m23_err,m34_err,m13_err,m24_err,m14_err,corr12,corr23,corr34,corr13,corr24,corr14,corr12_err,corr23_err,corr34_err,corr13_err,corr24_err,corr14_err
5,1,0.059624727345855624,,,,,,0.018941394620943845,,,,,,16.771565162880492,,,,,,5.327937724868686,,,,,
5,2,0.05897097563633919,,,,,,0.01880691859125879,,,,,,16.95749458456947,,,,,,5.408053991346644,,,,,
5,4,0.05948477314037229,,,,,,0.018753977027595296,,,,,,16.811024859087855,,,,,,5.3000718902244754,,,,,
5,8,0.0604837425505796,,,,,,0.017805662600990944,,,,,,16.53336843638187,,,,,,4.867218323831513,,,,,
5,16,0.059779396793055134,,,,,,0.018764362962478284,,,,,,16.72817147121456,,,,,,5.250863976949845,,,,,
5,32,0.05969771840167024,,,,,,0.018662391178705745,,,,,,16.751058947874657,,,,,,5.236629189735491,,,,,
