index,bin_size,m,n,a,b,corr
588,1,0.15832902179323038,54.0,30.76668856552209,-31.7635224665344,6.315961462238736
588,2,0.15814011879452752,54.0,30.923515498317762,-32.007066868982314,6.323506062995352
588,4,0.15809098876880925,54.0,30.943188612252847,-32.072218817225675,6.325471222540017
588,8,0.15809955191385508,54.0,30.942504893744225,-32.08561407708946,6.32512861608158
588,16,0.15843186603864057,54.0,30.64683177465762,-31.84933986471632,6.311861527630471
588,32,0.15856205542198604,54.0,30.507234930696335,-31.569532334112736,6.306679093801285
