index,bin_size,m,n,a,b,corr
2549,1,0.21126969297019899,81.0,2.648202486171081,511.0071577613152,4.733286568183051
2549,2,0.2104420857535295,81.0,2.735104210565462,508.4811586143474,4.751901200842513
2549,4,0.21200727241931255,81.0,2.5679824051657905,506.46300588064895,4.716819326943551
2549,8,0.2111638934256415,81.0,2.6552885064445158,507.6191981484521,4.735658088972187
2549,16,0.21170112742972333,81.0,2.603290467049785,509.0959476990743,4.72364040825414
2549,32,0.21124754216450856,81.0,2.6474407722372875,502.3366969007051,4.733782886909293
