index,bin_size,m12,m23,m34,m13,m24,m14,m12_err,m23_err,m34_err,m13_err,m24_err,m14_err,corr12,corr23,corr34,corr13,corr24,corr14,corr12_err,corr23_err,corr34_err,corr13_err,corr24_err,corr14_err
2542,1,0.07876676525797999,,,,,,0.022266353088305244,,,,,,12.695709881252085,,,,,,3.5889141568373,,,,,
2542,2,0.07977961448617871,,,,,,0.026809828799031803,,,,,,12.534530361427647,,,,,,4.212211543393202,,,,,
2542,4,0.08101877211220136,,,,,,0.034875044645720756,,,,,,12.342818508963811,,,,,,5.313044561549397,,,,,
2542,8,0.0850378973076401,,,,,,0.03844239605283319,,,,,,11.75946291783671,,,,,,5.316005512467787,,,,,
2542,16,0.08368874109551012,,,,,,0.03788744491471981,,,,,,11.949038627056725,,,,,,5.409551354701392,,,,,
2542,32,0.08430017189690926,,,,,,0.0405510127062904,,,,,,11.862372015360783,,,,,,5.706171025486071,,,,,
