index,bin_size,m12,m23,m34,m13,m24,m14,m12_err,m23_err,m34_err,m13_err,m24_err,m14_err,corr12,corr23,corr34,corr13,corr24,corr14,corr12_err,corr23_err,corr34_err,corr13_err,corr24_err,corr14_err
2541,1,0.11787268519190197,,,,,,0.01936454351848554,,,,,,8.483729698461994,,,,,,1.3937372570878026,,,,,
2541,2,0.11728894625256177,,,,,,0.019369578356505653,,,,,,8.525952631944278,,,,,,1.4080108385720391,,,,,
2541,4,0.11777373304512237,,,,,,0.019109876848507925,,,,,,8.490857631360571,,,,,,1.3777201374040529,,,,,
2541,8,0.11766790679562873,,,,,,0.019561932095265053,,,,,,8.498494000890558,,,,,,1.412848813960668,,,,,
2541,16,0.11821588405474284,,,,,,0.02086080633951912,,,,,,8.45910012851509,,,,,,1.4927236809043245,,,,,
2541,32,0.11723950878244432,,,,,,0.019750366480058883,,,,,,8.529547849399911,,,,,,1.4369020962673305,,,,,
