index,bin_size,m12,m23,m34,m13,m24,m14,m12_err,m23_err,m34_err,m13_err,m24_err,m14_err,corr12,corr23,corr34,corr13,corr24,corr14,corr12_err,corr23_err,corr34_err,corr13_err,corr24_err,corr14_err
520,1,0.1326405353457279,,,,,,0.02431812744730092,,,,,,7.539173431360914,,,,,,1.3822213539267407,,,,,
520,2,0.13253609026849839,,,,,,0.02398162547636517,,,,,,7.545114677625913,,,,,,1.3652440932012142,,,,,
520,4,0.13259608706278653,,,,,,0.02410867424870196,,,,,,7.541700680250714,,,,,,1.3712350719315218,,,,,
520,8,0.13294444690747975,,,,,,0.024306269981651106,,,,,,7.521938849359625,,,,,,1.3752381593286291,,,,,
520,16,0.1326836904924412,,,,,,0.024803713174313086,,,,,,7.536721327908562,,,,,,1.4089046920414205,,,,,
520,32,0.13246217500501462,,,,,,0.02396757167356629,,,,,,7.5493249296423155,,,,,,1.365967200307508,,,,,
