index,bin_size,m12,m23,m34,m13,m24,m14,m12_err,m23_err,m34_err,m13_err,m24_err,m14_err,corr12,corr23,corr34,corr13,corr24,corr14,corr12_err,corr23_err,corr34_err,corr13_err,corr24_err,corr14_err
519,1,0.12013355449036647,,,,,,0.007647286258678512,,,,,,8.324069026694703,,,,,,0.5298814220071917,,,,,
519,2,0.12032647002906742,,,,,,0.007585590834712706,,,,,,8.310723315978843,,,,,,0.5239225134776514,,,,,
519,4,0.12032569838825485,,,,,,0.007686456486656233,,,,,,8.310776612102433,,,,,,0.530895923771186,,,,,
519,8,0.12006927781144569,,,,,,0.007552247147115943,,,,,,8.328525150041957,,,,,,0.5238565722271035,,,,,
519,16,0.12027097556938156,,,,,,0.007617569501744619,,,,,,8.31455798263749,,,,,,0.5266168583831692,,,,,
519,32,0.1203822312048339,,,,,,0.007420383916898086,,,,,,8.306873780221522,,,,,,0.5120372997039372,,,,,
