index,bin_size,m12,m23,m34,m13,m24,m14,m12_err,m23_err,m34_err,m13_err,m24_err,m14_err,corr12,corr23,corr34,corr13,corr24,corr14,corr12_err,corr23_err,corr34_err,corr13_err,corr24_err,corr14_err
182,1,0.1622861368313213,,,,,,0.006253015753297618,,,,,,6.161955787014579,,,,,,0.23742512675234945,,,,,
182,2,0.16221335053519872,,,,,,0.006303193971683624,,,,,,6.164720700858773,,,,,,0.23954520531486448,,,,,
182,4,0.1627575810838457,,,,,,0.006265785092677011,,,,,,6.144107041532173,,,,,,0.23653370892021192,,,,,
182,8,0.1628420989013355,,,,,,0.00610250869290112,,,,,,6.140918145533672,,,,,,0.23013094659397146,,,,,
182,16,0.16248894287389853,,,,,,0.006165629966707723,,,,,,6.15426491374285,,,,,,0.2335230908891963,,,,,
182,32,0.16230146916518493,,,,,,0.006392459715380597,,,,,,6.161373677906969,,,,,,0.24267391558446472,,,,,
