index,bin_size,m,n,a,b,corr
192,1,0.032822766585715105,24.0,16742.642776772373,-16742.26033600499,30.466657872624697
192,2,0.032490649361212195,24.0,17092.00962452615,-17091.66077417158,30.778085992759948
192,4,0.03232956521594335,24.0,17265.29862766965,-17264.954152481267,30.93143979266536
192,8,0.0320923368192214,24.0,17526.177312088224,-17525.872645551666,31.160086771900623
192,16,0.031987901054903005,24.0,17643.99001431851,-17643.662184236135,31.261819845060547
192,32,0.03303686278011676,24.0,16517.170252113272,-16516.83724024832,30.269217953765576
