index,bin_size,m12,m23,m34,m13,m24,m14,m12_err,m23_err,m34_err,m13_err,m24_err,m14_err,corr12,corr23,corr34,corr13,corr24,corr14,corr12_err,corr23_err,corr34_err,corr13_err,corr24_err,corr14_err
6,1,0.054333328657828264,,,,,,0.021679852843523004,,,,,,18.404909559243826,,,,,,7.343848438876502,,,,,
6,2,0.054427170669576426,,,,,,0.02121199193340161,,,,,,18.373176259168982,,,,,,7.160608604229904,,,,,
6,4,0.054024152353259386,,,,,,0.02126415077191724,,,,,,18.510239521410426,,,,,,7.285714016090909,,,,,
6,8,0.05392985809276467,,,,,,0.021387353405959764,,,,,,18.54260395567705,,,,,,7.35357440000418,,,,,
6,16,0.05469505569405345,,,,,,0.021247774811871376,,,,,,18.283188257338622,,,,,,7.1025993484310135,,,,,
6,32,0.05488739906118156,,,,,,0.020933510122834495,,,,,,18.219117996196648,,,,,,6.9485910705547,,,,,
