index,bin_size,m12,m23,m34,m13,m24,m14,m12_err,m23_err,m34_err,m13_err,m24_err,m14_err,m12_sigma,corr12,corr23,corr34,corr13,corr24,corr14,corr12_err,corr23_err,corr34_err,corr13_err,corr24_err,corr14_err,corr12_sigma
5448,1,1.7084111902931798e-14,,,,,,1.2505180635861865e-14,,,,,,548.7298917015211,58533917693924.164,,,,,,42845494003207.64,,,,,,1.8800690664839752e30
5448,2,2.0192736371882088e-14,,,,,,2.5064833068049953e-14,,,,,,561.96000814126,49522758163300.57,,,,,,61471592733760.93,,,,,,1.3782089295920487e30
5448,4,0.0002947093674301827,,,,,,0.002947093674118853,,,,,,574.4865821890853,3393.173446503706,,,,,,33931.73446293037,,,,,,6614423671.207108
5448,8,0.00039309317358180893,,,,,,0.003027711509995895,,,,,,651.587788402314,2543.926140686043,,,,,,19594.01733322546,,,,,,4216789604.2679095
5448,16,0.0002670467531060078,,,,,,0.0024404943034563357,,,,,,644.417049857801,3744.662641912132,,,,,,34221.82722560394,,,,,,9036336987.238384
5448,32,0.000987952370100491,,,,,,0.004632271260491168,,,,,,688.0848650848955,1012.194545267687,,,,,,4745.936994505626,,,,,,704968952.1462867
