index,bin_size,m,n,a,b,corr
185,1,0.20557248518346427,24.0,1384.3550956995953,-1371.6786949514849,4.8644642258789865
185,2,0.20544434980818244,24.0,1386.8804600911049,-1373.814675960702,4.867498185925637
185,4,0.20570551759265332,24.0,1381.2314101813708,-1368.2882343310591,4.861318314174936
185,8,0.20554043646097614,24.0,1384.9215259936523,-1372.170816118347,4.865222713438481
185,16,0.20561319175499043,24.0,1383.2246298743332,-1370.1894022307656,4.863501176479009
185,32,0.20543242930267133,24.0,1386.8399125330573,-1373.5427533917468,4.867780629350697
