index,bin_size,m,n,a,b,corr
513,1,0.07574816652628827,54.0,7612.114092341156,-7524.6383785402395,13.20163966810935
513,2,0.07575338729626774,54.0,7606.405474431023,-7518.7939871619765,13.200729837849357
513,4,0.0758167312782362,54.0,7589.390766558725,-7502.011828708564,13.189700784252329
513,8,0.07587252423145754,54.0,7576.412407670619,-7489.053191020626,13.180001721695579
513,16,0.07582985435484826,54.0,7586.841999524162,-7499.551605966243,13.187418181241224
513,32,0.07575763480974902,54.0,7612.210541238885,-7524.725339759258,13.19998971075735
