index,bin_size,m,n,a,b,corr
18,1,0.14342460378571611,16.0,872.5608829908385,-872.6120493705519,6.972304427586584
18,2,0.14341591312516017,16.0,872.7031695504976,-872.7513955272964,6.972726932521724
18,4,0.14345600122920737,16.0,872.1719202538612,-872.2236855063452,6.970778436813154
18,8,0.14313836658480264,16.0,876.7243427055827,-876.7733782835479,6.986247110816008
18,16,0.14346443107802725,16.0,872.0602566344654,-872.0960604958318,6.970368839758764
18,32,0.1433178589440968,16.0,874.1059124174939,-874.1530087026242,6.977497482641465
