index,bin_size,m12,m23,m34,m13,m24,m14,m12_err,m23_err,m34_err,m13_err,m24_err,m14_err,m12_sigma,corr12,corr23,corr34,corr13,corr24,corr14,corr12_err,corr23_err,corr34_err,corr13_err,corr24_err,corr14_err,corr12_sigma
11,1,0.05767461281095989,,,,,,0.003930568725570424,,,,,,23.197001434318537,17.338651293207647,,,,,,1.181642271965153,,,,,,6973.687369796367
11,2,0.05739106893268883,,,,,,0.00350020677013945,,,,,,23.284367722687083,17.424313897565682,,,,,,1.0626862786059093,,,,,,7069.290390501151
11,4,0.05741859263425005,,,,,,0.003923045313943229,,,,,,23.296178421186575,17.415961522601,,,,,,1.1899212973447308,,,,,,7066.097032218426
11,8,0.056943537535803015,,,,,,0.003871101126856406,,,,,,23.484241658592165,17.561255293829507,,,,,,1.193838635582017,,,,,,7242.485820084857
11,16,0.05715124969850924,,,,,,0.00418663632586796,,,,,,23.41123825260283,17.49743015726364,,,,,,1.2817808375526791,,,,,,7167.586157449537
11,32,0.05704267732521837,,,,,,0.004279573153586145,,,,,,23.464212088253124,17.530733950278723,,,,,,1.3152268072646394,,,,,,7211.177293219813
