index,bin_size,m,n,a,b,corr
356,1,0.22392974310901315,36.0,263.0561293783497,-230.23085333275904,4.465686362678412
356,2,0.224082351230511,36.0,262.27488737589954,-227.30213093287054,4.462645070031915
356,4,0.2239840467441773,36.0,262.7919722065887,-228.57552574795605,4.464603682878125
356,8,0.2242336606803866,36.0,261.5157993239392,-228.6250701178152,4.459633745289288
356,16,0.2240903226152096,36.0,262.40614013998953,-229.28429846871424,4.462486323950374
356,32,0.22421283603233683,36.0,261.6597725942619,-228.24103258620596,4.460047951294707
