index,bin_size,m,n,a,b,corr
184,1,0.19296808307815946,24.0,1772.2091413570456,-1782.264860875578,5.18220414510187
184,2,0.19301568718343493,24.0,1770.6303674988808,-1780.4279932587447,5.180926040740084
184,4,0.1928887422452254,24.0,1774.1858083664192,-1784.0394448057382,5.184335738623196
184,8,0.192929945129792,24.0,1772.6156137582445,-1781.7248623748178,5.18322855131306
184,16,0.1929476630232966,24.0,1772.3923605688788,-1781.3518177224837,5.1827525886087535
184,32,0.19281325894546958,24.0,1776.2097734133604,-1785.5530081061036,5.186365322951232
