index,bin_size,m12,m23,m34,m13,m24,m14,m12_err,m23_err,m34_err,m13_err,m24_err,m14_err,corr12,corr23,corr34,corr13,corr24,corr14,corr12_err,corr23_err,corr34_err,corr13_err,corr24_err,corr14_err
2540,1,0.110894618128294,,,,,,0.01819516173162458,,,,,,9.017570165966935,,,,,,1.4795681735088475,,,,,
2540,2,0.11014903530753722,,,,,,0.018832391193746585,,,,,,9.07860878861072,,,,,,1.5521871047235918,,,,,
2540,4,0.11106513569692934,,,,,,0.017125772543972486,,,,,,9.003725550102104,,,,,,1.3883362663884566,,,,,
2540,8,0.11034124530862945,,,,,,0.015143404960382016,,,,,,9.06279421809093,,,,,,1.2437920428873974,,,,,
2540,16,0.11011305893555805,,,,,,0.012570716246390442,,,,,,9.081574970914525,,,,,,1.036769872104811,,,,,
2540,32,0.110117429049874,,,,,,0.010511746700401076,,,,,,9.08121456002286,,,,,,0.8668875400616134,,,,,
