index,bin_size,m,n,a,b,corr
193,1,0.03903456310301776,24.0,11435.988556363578,-11435.803577016495,25.618321828295038
193,2,0.03925911321767053,24.0,11301.305810749482,-11301.121213374556,25.47179286642419
193,4,0.03911581682328291,24.0,11386.547531710432,-11386.362728891245,25.56510591400382
193,8,0.03905968055695199,24.0,11420.488379196735,-11420.31898875977,25.601847883572006
193,16,0.03923470920561087,24.0,11316.966730353723,-11316.789797948139,25.487636336476076
193,32,0.03939164610532591,24.0,11223.485099036148,-11223.304342970168,25.3860932169777
