index,bin_size,m12,m23,m34,m13,m24,m14,m12_err,m23_err,m34_err,m13_err,m24_err,m14_err,corr12,corr23,corr34,corr13,corr24,corr14,corr12_err,corr23_err,corr34_err,corr13_err,corr24_err,corr14_err
2541,1,0.11753127881470733,,,,,,0.019165398100907574,,,,,,8.50837334609912,,,,,,1.3874294912269372,,,,,
2541,2,0.11833024613832487,,,,,,0.01990346712946089,,,,,,8.450924701289194,,,,,,1.4214683692032057,,,,,
2541,4,0.11779923319438224,,,,,,0.019470271450064365,,,,,,8.489019604651292,,,,,,1.4030950080527433,,,,,
2541,8,0.1184854375440493,,,,,,0.020022853391550268,,,,,,8.43985573862805,,,,,,1.4262511714788433,,,,,
2541,16,0.11807679076801743,,,,,,0.0210068184699524,,,,,,8.469064864446354,,,,,,1.5067153084064444,,,,,
2541,32,0.11755756871854028,,,,,,0.020170737195626717,,,,,,8.506470582036524,,,,,,1.4595553858671118,,,,,
