index,bin_size,m,n,a,b,corr
523,1,0.17895798047612918,54.0,159.22339607195,-76.891382517728,5.587903916547537
523,2,0.17891891697302026,54.0,159.40273746645138,-75.24172522809423,5.589123927856064
523,4,0.17902012849910018,54.0,158.90553603153325,-74.97223694492355,5.585964038703203
523,8,0.17893483179114408,54.0,159.30076663789774,-78.72576296956801,5.588626820110786
523,16,0.1791014709051419,54.0,158.49784849462935,-75.92972990990582,5.583427064815305
523,32,0.17914193972588122,54.0,158.2358742621851,-78.86452964044244,5.582165748178101
