index,bin_size,m,n,a,b,corr
4076,1,0.03651441646400408,36.0,8925.59591958362,-8925.632293491764,27.386443406148917
4076,2,0.03639649956650383,36.0,8988.052435964357,-8988.039871658451,27.475169642970638
4076,4,0.03646665565629136,36.0,8950.872605325649,-8950.932269661687,27.422311753106328
4076,8,0.036546992556357245,36.0,8909.338345643931,-8909.420254135724,27.36203255187007
4076,16,0.03638359713773147,36.0,8993.16513861557,-8993.185119822983,27.48491294619558
4076,32,0.0364579885827719,36.0,8953.60391927395,-8953.66356107428,27.428830796017824
