index,bin_size,m,n,a,b,corr
5607,1,0.041341872351009175,54.0,4056.9854137161446,-4058.7831464603005,24.18855129515172
5607,2,0.0414821645836795,54.0,4025.706378352017,-4027.5603063906988,24.10674587587539
5607,4,0.04108718149796837,54.0,4113.393766602399,-4115.033631990741,24.33849107049231
5607,8,0.04126255473379191,54.0,4074.4367799692714,-4076.4590539240035,24.235048131449105
5607,16,0.041179193541455154,54.0,4092.973119269069,-4095.0721951248524,24.28410840521436
5607,32,0.041028915512174406,54.0,4128.316723073292,-4130.162028236749,24.373054649793815
