index,bin_size,m12,m23,m34,m13,m24,m14,m12_err,m23_err,m34_err,m13_err,m24_err,m14_err,corr12,corr23,corr34,corr13,corr24,corr14,corr12_err,corr23_err,corr34_err,corr13_err,corr24_err,corr14_err
9,1,0.09792620689834215,,,,,,0.010173757356779261,,,,,,10.211771002609206,,,,,,1.0609221336571486,,,,,
9,2,0.09783606615035355,,,,,,0.010377739604807689,,,,,,10.221179564427798,,,,,,1.0841885221611607,,,,,
9,4,0.09790514245634419,,,,,,0.010689324255041602,,,,,,10.213968080848247,,,,,,1.11516529170585,,,,,
9,8,0.0976943785481995,,,,,,0.01065266003246485,,,,,,10.23600349232612,,,,,,1.1161406307638844,,,,,
9,16,0.09765403945651253,,,,,,0.010294844852473542,,,,,,10.240231797531752,,,,,,1.0795415959818249,,,,,
9,32,0.09772289779278058,,,,,,0.010377339608073875,,,,,,10.23301623863508,,,,,,1.0866591875777962,,,,,
