index,bin_size,m12,m23,m34,m13,m24,m14,m12_err,m23_err,m34_err,m13_err,m24_err,m14_err,m12_sigma,corr12,corr23,corr34,corr13,corr24,corr14,corr12_err,corr23_err,corr34_err,corr13_err,corr24_err,corr14_err,corr12_sigma
5617,1,0.044565909156776114,,,,,,0.0030995878573108894,,,,,,286.85577152080555,22.438676084945367,,,,,,1.5606244603326789,,,,,,144430.21273523773
5617,2,0.04433815309562953,,,,,,0.0030355216531342166,,,,,,288.3943185392734,22.55393899342576,,,,,,1.5441096527036107,,,,,,146700.46928559407
5617,4,0.04486990998625004,,,,,,0.002912584262849625,,,,,,285.35419058967966,22.286650459215107,,,,,,1.4466654249815052,,,,,,141733.9393970988
5617,8,0.0442282583831033,,,,,,0.003357947189214004,,,,,,289.1119742255456,22.60997915265038,,,,,,1.716620068694244,,,,,,147797.2669282964
5617,16,0.044881700250021084,,,,,,0.0038031999913458,,,,,,285.8385079066452,22.28079583503591,,,,,,1.888037263627202,,,,,,141899.9146864154
5617,32,0.044862476309221355,,,,,,0.0041532746511029365,,,,,,286.92456365336244,22.29034333966208,,,,,,2.06359357693259,,,,,,142561.1683210088
