index,bin_size,m,n,a,b,corr
2627,1,0.17722366701293346,24.0,237.91660395696937,-237.45502094160418,5.642587228076157
2627,2,0.17719616473680658,24.0,238.02229324752778,-237.5440511843639,5.64346300319379
2627,4,0.17713261539316427,24.0,238.21294928026288,-237.77293171579302,5.645487691695829
2627,8,0.17721647442823302,24.0,237.91631930146184,-237.50856968904938,5.64281624056892
2627,16,0.1772696767432125,24.0,237.761863399733,-237.3429052380632,5.641122714115228
2627,32,0.17721997378737966,24.0,237.94575045794602,-237.47380500380362,5.642704818361805
