index,bin_size,m12,m23,m34,m13,m24,m14,m12_err,m23_err,m34_err,m13_err,m24_err,m14_err,corr12,corr23,corr34,corr13,corr24,corr14,corr12_err,corr23_err,corr34_err,corr13_err,corr24_err,corr14_err
510,1,0.03663641371515252,,,,,,0.02502228898125658,,,,,,27.29524804952206,,,,,,18.64237012444649,,,,,
510,2,0.036810155442928504,,,,,,0.02512852099384037,,,,,,27.16641611444505,,,,,,18.54520442646971,,,,,
510,4,0.03684833141994691,,,,,,0.025208761132299945,,,,,,27.138270892197724,,,,,,18.56589327392797,,,,,
510,8,0.03664311721651116,,,,,,0.024979689594144126,,,,,,27.290254649771068,,,,,,18.60382363401275,,,,,
510,16,0.0370065644967382,,,,,,0.02447594182547612,,,,,,27.02223277408367,,,,,,17.872358765733093,,,,,
510,32,0.036595860879927354,,,,,,0.024788148539548444,,,,,,27.325494631238335,,,,,,18.50888060970009,,,,,
