index,bin_size,m,n,a,b,corr
2533,1,0.05670033975118773,81.0,8629.867547082526,-8619.817876301557,17.63657862348263
2533,2,0.0565746047327807,81.0,8695.818874714892,-8692.071577556684,17.675775283332662
2533,4,0.05658602827161042,81.0,8687.94807663215,-8676.48163173511,17.672206912986443
2533,8,0.05642566498530041,81.0,8774.768723608022,-8759.992256845902,17.722431809363922
2533,16,0.056536673467583475,81.0,8712.698408930606,-8696.764309004455,17.687634214513373
2533,32,0.05670953459158229,81.0,8640.984165763428,-8627.881148504843,17.633719042166774
