index,bin_size,m,n,a,b,corr
517,1,0.10743677664922117,54.0,2021.587276634265,-2079.8696905867896,9.307799723599109
517,2,0.10765498039453203,54.0,2008.3583589461168,-2069.493496996105,9.288933928882974
517,4,0.10751047190414151,54.0,2016.6752689804816,-2076.287971104292,9.30141950164278
517,8,0.10740042890135235,54.0,2024.4720596424336,-2083.46377768471,9.310949781387777
517,16,0.10736852149453269,54.0,2025.7542177542578,-2084.730189782289,9.313716777323053
517,32,0.10742624312896448,54.0,2022.488836005667,-2081.008135204565,9.308712386036872
