index,bin_size,m12,m23,m34,m13,m24,m14,m12_err,m23_err,m34_err,m13_err,m24_err,m14_err,corr12,corr23,corr34,corr13,corr24,corr14,corr12_err,corr23_err,corr34_err,corr13_err,corr24_err,corr14_err
174,1,0.05690117373992405,,,,,,0.012579353830649967,,,,,,17.574329917527898,,,,,,3.885222392416961,,,,,
174,2,0.05698821208994557,,,,,,0.012852561421446728,,,,,,17.54748856520856,,,,,,3.9574881594902225,,,,,
174,4,0.05681672958256415,,,,,,0.01323698534224902,,,,,,17.600449856002953,,,,,,4.100498189047397,,,,,
174,8,0.057271325223629106,,,,,,0.01267261134773344,,,,,,17.46074490323507,,,,,,3.8635954927985887,,,,,
174,16,0.05688718133063112,,,,,,0.012966564853689818,,,,,,17.578652635080484,,,,,,4.006785607964797,,,,,
174,32,0.05700508289602946,,,,,,0.012492935043825924,,,,,,17.54229533923987,,,,,,3.844477458132047,,,,,
