index,bin_size,m,n,a,b,corr
0,1,-0.000018253332981494696,16.0,857204069497.4685,-857204069486.9536,-54784.51529996216
0,2,2.519241643608279e-7,16.0,4502202097994208.5,-4502202097994199.5,3969448.5145446877
0,4,4.499899405927369e-6,16.0,14109009102341.457,-14109009102330.744,222227.1899417968
0,8,-0.000045760446869911906,16.0,136419608338.8213,-136419608328.49165,-21852.933448023497
0,16,-0.00003776020380529031,16.0,200292347903.63385,-200292347893.13156,-26482.907908984784
0,32,-8.245953548581871e-7,16.0,420032370795152.8,-420032370795142.8,-1212716.0238150733
