index,bin_size,m12,m23,m34,m13,m24,m14,m12_err,m23_err,m34_err,m13_err,m24_err,m14_err,corr12,corr23,corr34,corr13,corr24,corr14,corr12_err,corr23_err,corr34_err,corr13_err,corr24_err,corr14_err
351,1,0.15721036417934206,,,,,,0.02766410657067438,,,,,,6.360903781504013,,,,,,1.1193200970935446,,,,,
351,2,0.15669641779130392,,,,,,0.02784307206535735,,,,,,6.3817668208079255,,,,,,1.1339633413491,,,,,
351,4,0.15685485519736211,,,,,,0.027894720104272082,,,,,,6.375320666623633,,,,,,1.1337729096538562,,,,,
351,8,0.15694034603269957,,,,,,0.02724088612838071,,,,,,6.371847808922527,,,,,,1.1059920853880698,,,,,
351,16,0.15713051891426805,,,,,,0.026997242832145822,,,,,,6.364136050143192,,,,,,1.0934484755076295,,,,,
351,32,0.15718271826165167,,,,,,0.02605076350233161,,,,,,6.362022562400061,,,,,,1.0544132777605535,,,,,
