index,bin_size,m12,m23,m34,m13,m24,m14,m12_err,m23_err,m34_err,m13_err,m24_err,m14_err,m12_sigma,corr12,corr23,corr34,corr13,corr24,corr14,corr12_err,corr23_err,corr34_err,corr13_err,corr24_err,corr14_err,corr12_sigma
397,1,0.13826049095044946,,,,,,0.0026906737669422165,,,,,,73.08429930452476,7.232724208670613,,,,,,0.14075533189573602,,,,,,3823.2077524085107
397,2,0.13783009156621914,,,,,,0.0025640904820267087,,,,,,73.05445427177364,7.255309697879433,,,,,,0.13497248916468266,,,,,,3845.5513199498946
397,4,0.13762524886571798,,,,,,0.0026740465663646303,,,,,,73.10432719703276,7.2661085683173425,,,,,,0.1411798549181882,,,,,,3859.640455551253
397,8,0.13778494866486923,,,,,,0.0030973706386117155,,,,,,73.14352520009973,7.257686777038863,,,,,,0.16315095476877936,,,,,,3852.7633156938805
397,16,0.1378602112972792,,,,,,0.0031377282087910125,,,,,,73.08282480236356,7.2537245561275,,,,,,0.16509633885212616,,,,,,3845.363908204969
397,32,0.13799470445937942,,,,,,0.0027458452459668283,,,,,,73.10223273064848,7.246654890980714,,,,,,0.1441953367668464,,,,,,3838.8911692991974
