index,bin_size,m12,m23,m34,m13,m24,m14,m12_err,m23_err,m34_err,m13_err,m24_err,m14_err,m12_sigma,corr12,corr23,corr34,corr13,corr24,corr14,corr12_err,corr23_err,corr34_err,corr13_err,corr24_err,corr14_err,corr12_sigma
1387,1,0.1869194599711717,,,,,,0.001490246684873585,,,,,,9.285059852242803,5.3498977589290515,,,,,,0.04265295545410976,,,,,,265.75146805312323
1387,2,0.18679408006825657,,,,,,0.0015637325282701836,,,,,,9.289027022728433,5.353488716744071,,,,,,0.044816326315272395,,,,,,266.2220416061153
1387,4,0.1869170204149028,,,,,,0.0016552234032075914,,,,,,9.28329826665744,5.349967583370864,,,,,,0.04737605773268243,,,,,,265.70798466152115
1387,8,0.1867152552436709,,,,,,0.0015797384062954918,,,,,,9.292450382621693,5.355748777436315,,,,,,0.04531328748229352,,,,,,266.54506462883535
1387,16,0.1870710980506904,,,,,,0.001619672947425488,,,,,,9.280229071646225,5.34556118192577,,,,,,0.046282193911252524,,,,,,265.1827716931926
1387,32,0.1867676778563178,,,,,,0.0015274380747759009,,,,,,9.289788069497126,5.354245506919617,,,,,,0.04378851063971812,,,,,,266.3191329583579
