index,bin_size,m,n,a,b,corr
510,1,0.0348625533401218,54.0,57693.13356181716,-57825.763419662806,28.68407228363114
510,2,0.03494789076673489,54.0,57383.9304315951,-57518.073249213616,28.614030147760698
510,4,0.035017127844501665,54.0,57155.46379755698,-57295.660741571366,28.55745349648996
510,8,0.034747045228674216,54.0,58124.043023115555,-58258.83887304866,28.7794255142815
510,16,0.034967850909039186,54.0,57311.35551940874,-57448.040683266416,28.597696855928316
510,32,0.03459226050716366,54.0,58684.553567367264,-58819.51755479714,28.908200428038274
