index,bin_size,m,n,a,b,corr
573,1,0.06304452762332778,54.0,1300.8641561575535,-1302.6312030857835,15.86180494482727
573,2,0.06290350069776025,54.0,1307.7465397668993,-1309.3362580706967,15.897366424880166
573,4,0.06296583760502017,54.0,1304.5078378382084,-1305.7915826909016,15.881627848309153
573,8,0.06314351800311943,54.0,1294.528577390537,-1296.1480007543798,15.836938321216087
573,16,0.06295445108683818,54.0,1305.4095319553796,-1307.2664926000232,15.884500344870276
573,32,0.06280056898293504,54.0,1314.0841601823133,-1315.8818345349691,15.92342260898516
