index,bin_size,m,n,a,b,corr
2,1,0.014247484699268892,16.0,1327017.4387110318,-1327015.2001481964,70.18782761362185
2,2,0.013368229114663434,16.0,1507586.091102729,-1507584.1768413677,74.80422361276807
2,4,0.013484336720027454,16.0,1481511.5098202939,-1481509.6042389253,74.16011782876659
2,8,0.014595379737183174,16.0,1264265.4066268923,-1264263.4150669638,68.5148326392907
2,16,0.014756229951448945,16.0,1236902.729420481,-1236900.585089045,67.76798703260977
2,32,0.014040476383762185,16.0,1366374.885608435,-1366372.785436218,71.2226546071115
