index,bin_size,m,n,a,b,corr
173,1,0.03863554870607903,24.0,112146.75098396906,-112117.93311619105,25.88289887138725
173,2,0.03827985870476349,24.0,114309.04917299836,-114280.36568599526,26.123398409398032
173,4,0.038591579507514684,24.0,112409.98393537945,-112381.369478241,25.91238847337867
173,8,0.03841802189031935,24.0,113460.74007244785,-113432.26933050282,26.029450523374866
173,16,0.038898764998462884,24.0,110593.1871418416,-110564.72077295397,25.707757046772972
173,32,0.03882267860443151,24.0,111043.43052318691,-111014.48447639271,25.758140240376214
