index,bin_size,m12,m23,m34,m13,m24,m14,m12_err,m23_err,m34_err,m13_err,m24_err,m14_err,corr12,corr23,corr34,corr13,corr24,corr14,corr12_err,corr23_err,corr34_err,corr13_err,corr24_err,corr14_err
183,1,0.17960945070113402,,,,,,0.04746088389160926,,,,,,5.5676357568955375,,,,,,1.4712194329266592,,,,,
183,2,0.1794930915853822,,,,,,0.04756480865204479,,,,,,5.571245061118772,,,,,,1.4763532286684675,,,,,
183,4,0.17936335535296857,,,,,,0.04739957226603191,,,,,,5.575274827079942,,,,,,1.4733535818903296,,,,,
183,8,0.17955950074581484,,,,,,0.047190666972060445,,,,,,5.569184564706515,,,,,,1.4636570775001456,,,,,
183,16,0.17941644179605243,,,,,,0.04702867724812018,,,,,,5.5736251928166505,,,,,,1.460959863382672,,,,,
183,32,0.17952298854644236,,,,,,0.046082031368287216,,,,,,5.570317250714113,,,,,,1.4298532815050222,,,,,
