index,bin_size,m12,m23,m34,m13,m24,m14,m12_err,m23_err,m34_err,m13_err,m24_err,m14_err,corr12,corr23,corr34,corr13,corr24,corr14,corr12_err,corr23_err,corr34_err,corr13_err,corr24_err,corr14_err
350,1,0.12758885575575935,,,,,,0.007520266806802495,,,,,,7.837675117286723,,,,,,0.46196360707132206,,,,,
350,2,0.12780752792340197,,,,,,0.007485847284663232,,,,,,7.824265254542152,,,,,,0.4582770339263768,,,,,
350,4,0.12760546851698792,,,,,,0.007653047712062468,,,,,,7.836654742322986,,,,,,0.46999782488141667,,,,,
350,8,0.127656883380486,,,,,,0.007606997785970843,,,,,,7.833498464939517,,,,,,0.4667935163479787,,,,,
350,16,0.12768311782397967,,,,,,0.007260091955257217,,,,,,7.831888953233204,,,,,,0.4453230384162623,,,,,
350,32,0.12779513167201276,,,,,,0.007290384176556938,,,,,,7.825024215840304,,,,,,0.44639754251945774,,,,,
