index,bin_size,m12,m23,m34,m13,m24,m14,m12_err,m23_err,m34_err,m13_err,m24_err,m14_err,corr12,corr23,corr34,corr13,corr24,corr14,corr12_err,corr23_err,corr34_err,corr13_err,corr24_err,corr14_err
11,1,0.12220680747709081,,,,,,0.0065546284431380825,,,,,,8.182850208139694,,,,,,0.4388916119117625,,,,,
11,2,0.12218555525722137,,,,,,0.006690673575825339,,,,,,8.184273483840458,,,,,,0.4481569218258558,,,,,
11,4,0.12233741568155473,,,,,,0.006564127894365204,,,,,,8.174114145119821,,,,,,0.43858970187316215,,,,,
11,8,0.12198912308557876,,,,,,0.00649964454652433,,,,,,8.197452155619418,,,,,,0.4367645561423381,,,,,
11,16,0.12204148357484267,,,,,,0.006488649118187663,,,,,,8.193935133431445,,,,,,0.4356516196021292,,,,,
11,32,0.12222199982779924,,,,,,0.006620472631517896,,,,,,8.181833069405817,,,,,,0.4431902766111418,,,,,
