index,bin_size,m12,m23,m34,m13,m24,m14,m12_err,m23_err,m34_err,m13_err,m24_err,m14_err,corr12,corr23,corr34,corr13,corr24,corr14,corr12_err,corr23_err,corr34_err,corr13_err,corr24_err,corr14_err
525,1,0.22119392868793653,,,,,,0.051154592892475745,,,,,,4.5209197464493425,,,,,,1.045534163170653,,,,,
525,2,0.22217149832991523,,,,,,0.052526348085452444,,,,,,4.5010273933294656,,,,,,1.0641442911507162,,,,,
525,4,0.2222520454347962,,,,,,0.05251958912079668,,,,,,4.499396160983264,,,,,,1.0632362784524203,,,,,
525,8,0.2222754727834901,,,,,,0.053323296399008444,,,,,,4.498921934468501,,,,,,1.0792794399827417,,,,,
525,16,0.22135077882481505,,,,,,0.048742215726123264,,,,,,4.5177162028033155,,,,,,0.9948169096830628,,,,,
525,32,0.22176292435462414,,,,,,0.05092633835910989,,,,,,4.509320044864156,,,,,,1.0355344972230032,,,,,
