index,bin_size,m12,m23,m34,m13,m24,m14,m12_err,m23_err,m34_err,m13_err,m24_err,m14_err,m12_sigma,corr12,corr23,corr34,corr13,corr24,corr14,corr12_err,corr23_err,corr34_err,corr13_err,corr24_err,corr14_err,corr12_sigma
208,1,0.1604315709004907,,,,,,0.0013328284069366802,,,,,,16.532684812746645,6.233187111408764,,,,,,0.051783877706902015,,,,,,642.338146496829
208,2,0.16036291855710186,,,,,,0.0013307335012830493,,,,,,16.537394617417952,6.235855576823523,,,,,,0.051746762904461355,,,,,,643.0713869455828
208,4,0.1602528642574993,,,,,,0.0014657586645390015,,,,,,16.540340428024802,6.240138075742402,,,,,,0.057075650378031424,,,,,,644.0696618365052
208,8,0.160108488306617,,,,,,0.001552624096652681,,,,,,16.54576665059124,6.245765047040743,,,,,,0.06056721549638009,,,,,,645.4434247411745
208,16,0.16025543998576094,,,,,,0.0014931786559038071,,,,,,16.539217495449957,6.240037780239175,,,,,,0.05814149726408281,,,,,,644.0052333722368
208,32,0.16023639062940276,,,,,,0.0015328175895331507,,,,,,16.546986690312476,6.240779613619829,,,,,,0.05969915277410806,,,,,,644.4609542071887
