index,bin_size,m12,m23,m34,m13,m24,m14,m12_err,m23_err,m34_err,m13_err,m24_err,m14_err,corr12,corr23,corr34,corr13,corr24,corr14,corr12_err,corr23_err,corr34_err,corr13_err,corr24_err,corr14_err
170,1,0.02070622542843937,,,,,,0.018706053550146047,,,,,,48.2946543519482,,,,,,43.629506189599454,,,,,
170,2,0.021563381760115092,,,,,,0.018551989884797886,,,,,,46.37491517446764,,,,,,39.89851716192458,,,,,
170,4,0.021424651667813092,,,,,,0.01841604662492134,,,,,,46.67520459631699,,,,,,40.120733695049,,,,,
170,8,0.021148682266491196,,,,,,0.0184287979789605,,,,,,47.28426988495824,,,,,,41.20314666948349,,,,,
170,16,0.020964733877195618,,,,,,0.018261136759953053,,,,,,47.69915067167867,,,,,,41.54790224628633,,,,,
170,32,0.021387776658775056,,,,,,0.01833154399852174,,,,,,46.755678065757074,,,,,,40.074467922381636,,,,,
