index,bin_size,m,n,a,b,corr
350,1,0.1310422489849993,36.0,2631.192158916974,-2627.307285065824,7.63112666140576
350,2,0.13110151331594555,36.0,2627.681140320001,-2624.458443279266,7.627677016893538
350,4,0.13094466049968131,36.0,2638.176046231968,-2633.7970782749953,7.636813873769475
350,8,0.13092557371060629,36.0,2638.357728907342,-2633.7144013635602,7.6379271952656715
350,16,0.13093378939596984,36.0,2638.1839115637563,-2635.597808919237,7.637447939246615
350,32,0.13109083255549417,36.0,2627.495435486303,-2624.9666042635263,7.628298489725999
