index,bin_size,m12,m23,m34,m13,m24,m14,m12_err,m23_err,m34_err,m13_err,m24_err,m14_err,m12_sigma,corr12,corr23,corr34,corr13,corr24,corr14,corr12_err,corr23_err,corr34_err,corr13_err,corr24_err,corr14_err,corr12_sigma
574,1,0.0665391947966636,,,,,,0.002070090786683948,,,,,,128.57353160734007,15.028736116448194,,,,,,0.4675567275082754,,,,,,29039.991902387945
574,2,0.0664787605796735,,,,,,0.002415533795423849,,,,,,128.67684035676513,15.042398373259674,,,,,,0.5465718872915835,,,,,,29116.191053818002
574,4,0.06667316003664273,,,,,,0.002336835262860179,,,,,,128.4080073892015,14.998539134044533,,,,,,0.5256855250382777,,,,,,28886.174330017508
574,8,0.0663555799421364,,,,,,0.0022709148887488212,,,,,,128.8067497755596,15.07032265970734,,,,,,0.5157579835188201,,,,,,29253.896681463793
574,16,0.06656368209460624,,,,,,0.0024403613259360735,,,,,,128.45687508016874,15.023207378743123,,,,,,0.5507816443581771,,,,,,28992.300498217966
574,32,0.06671385891991453,,,,,,0.0027538671794789557,,,,,,128.36699787459258,14.989389254194277,,,,,,0.6187438078962356,,,,,,28841.726886828732
