index,bin_size,m,n,a,b,corr
3,1,0.029834767261259085,16.0,294929.4824611594,-294931.3017260552,33.517942045370525
3,2,0.027817300706746945,16.0,339546.89324020175,-339548.5096617996,35.94885106006907
3,4,0.02876251993987143,16.0,317531.58655250026,-317533.30666632473,34.76746829173932
3,8,0.02972048704754542,16.0,297263.91022094025,-297265.81758435897,33.64682410487579
3,16,0.028675350178996032,16.0,319451.62668328854,-319453.3528487469,34.87315738980843
3,32,0.02902452155346369,16.0,311727.12160717783,-311728.76564931555,34.45362564058057
