index,bin_size,m,n,a,b,corr
391,1,0.09337466409710363,36.0,824.4787253318466,-825.1599276981442,10.70954321142258
391,2,0.09337887309888537,36.0,824.4977793770388,-825.1603488134747,10.709060484602663
391,4,0.093430111775734,36.0,823.4594077304929,-824.3168290521376,10.703187452032179
391,8,0.09331955102678575,36.0,825.7553146138343,-826.3650732125998,10.715868100490189
391,16,0.09364300377849809,36.0,818.6569051082595,-819.5046307241056,10.67885436871917
391,32,0.09326044700666199,36.0,827.1107453478786,-827.7581481389659,10.722659306239072
