index,bin_size,m,n,a,b,corr
352,1,0.16784010013447495,36.0,1041.900689693831,-1081.7632089046967,5.958051736139286
352,2,0.16749540511356753,36.0,1048.8808028592675,-1089.9779506277123,5.970313032300595
352,4,0.16794036923084962,36.0,1039.5582297961776,-1078.9540545997522,5.954494470745192
352,8,0.16758308759745208,36.0,1046.9290679148753,-1086.8325069486405,5.967189257200462
352,16,0.16754439364772494,36.0,1047.9980302180559,-1088.7937625824788,5.968567364316454
352,32,0.16793188705920897,36.0,1040.5211219196208,-1082.2527546473896,5.954795229850675
