index,bin_size,m12,m23,m34,m13,m24,m14,m12_err,m23_err,m34_err,m13_err,m24_err,m14_err,corr12,corr23,corr34,corr13,corr24,corr14,corr12_err,corr23_err,corr34_err,corr13_err,corr24_err,corr14_err
170,1,0.046725261397764395,,,,,,0.048763885523924785,,,,,,21.401699425224525,,,,,,22.335456016069053,,,,,
170,2,0.04651271137012259,,,,,,0.04882147177516501,,,,,,21.499499180827144,,,,,,22.5666739589636,,,,,
170,4,0.04623051636995409,,,,,,0.048471827401066536,,,,,,21.630733950657646,,,,,,22.67941794602345,,,,,
170,8,0.046510353049901816,,,,,,0.048494539768969606,,,,,,21.50058931883578,,,,,,22.417829911114076,,,,,
170,16,0.046359019057906764,,,,,,0.0480406338010181,,,,,,21.570775661816878,,,,,,22.35322824839877,,,,,
170,32,0.04655935896679269,,,,,,0.04812305098971065,,,,,,21.477958936531433,,,,,,22.19929432006984,,,,,
