index,bin_size,m12,m23,m34,m13,m24,m14,m12_err,m23_err,m34_err,m13_err,m24_err,m14_err,corr12,corr23,corr34,corr13,corr24,corr14,corr12_err,corr23_err,corr34_err,corr13_err,corr24_err,corr14_err
340,1,0.042961321083871934,,,,,,0.01709841106322164,,,,,,23.276751616826072,,,,,,9.26404163838463,,,,,
340,2,0.042711118198398144,,,,,,0.017449261460069143,,,,,,23.41310745728742,,,,,,9.565224485979973,,,,,
340,4,0.04255738115489232,,,,,,0.016667713425322042,,,,,,23.497686484992787,,,,,,9.202932461103728,,,,,
340,8,0.04266285315778756,,,,,,0.017134129179899378,,,,,,23.439595010242833,,,,,,9.41374097378472,,,,,
340,16,0.04352228933657372,,,,,,0.016131572538233788,,,,,,22.976732502893764,,,,,,8.516344905380478,,,,,
340,32,0.04186331670934489,,,,,,0.01744722433481238,,,,,,23.887261655423877,,,,,,9.955408352857765,,,,,
