index,bin_size,m,n,a,b,corr
396,1,0.12295019589405932,36.0,335.70931500943163,-333.93353554116874,8.13337459715522
396,2,0.12314353253445233,36.0,334.17468531200416,-332.63274845243603,8.120605113550939
396,4,0.12280979652977608,36.0,336.7205658346241,-335.15401174151003,8.142672883246274
396,8,0.12295423016575448,36.0,335.7311533166436,-334.1021723631184,8.133107731648606
396,16,0.12286883728528987,36.0,336.3761615688351,-334.6816345166991,8.138760177880533
396,32,0.12272314372207027,36.0,337.5628674395091,-335.78960721021156,8.148422291598795
