index,bin_size,m,n,a,b,corr
814,1,0.1560585781841106,24.0,361.66298780738424,-361.8564711156325,6.407850254923167
814,2,0.15606753906469448,24.0,361.60295229535683,-361.77250423666027,6.407482337409519
814,4,0.15609009199107204,24.0,361.4661976154522,-361.659832866648,6.406556542084666
814,8,0.15598252821582645,24.0,362.1496579183028,-362.3415712894158,6.410974430523027
814,16,0.15591958697206862,24.0,362.56144358179165,-362.6953347792195,6.41356239725763
814,32,0.1559656855093425,24.0,362.2574659216035,-362.4258416411589,6.411666750505187
