index,bin_size,m,n,a,b,corr
5133,1,0.762845448296874,24.0,0.028750766433795295,0.5701766421901235,1.3108815189663863
5133,2,0.7645014485952932,24.0,0.02819193665415986,0.5262168934430781,1.3080419949987216
5133,4,0.76279412014769,24.0,0.028771521750572866,0.4782880902703045,1.3109697277246748
5133,8,0.763103897586192,24.0,0.028651624401234702,0.47807336836803815,1.3104375474468741
5133,16,0.7638861889925938,24.0,0.02833590444626262,0.527661821869799,1.3090955359708638
5133,32,0.7648365506261223,24.0,0.02800859962122184,0.44386845318262963,1.3074688953886482
