index,bin_size,m12,m23,m34,m13,m24,m14,m12_err,m23_err,m34_err,m13_err,m24_err,m14_err,corr12,corr23,corr34,corr13,corr24,corr14,corr12_err,corr23_err,corr34_err,corr13_err,corr24_err,corr14_err
2540,1,0.11122275795681463,,,,,,0.01851272146602537,,,,,,8.990965683374604,,,,,,1.496521453563796,,,,,
2540,2,0.11051747872109192,,,,,,0.018486268993023088,,,,,,9.04834250267015,,,,,,1.5135170959472959,,,,,
2540,4,0.11122682763235905,,,,,,0.01725219037496345,,,,,,8.99063671316174,,,,,,1.3945212631640014,,,,,
2540,8,0.11056321365923968,,,,,,0.015510992598859042,,,,,,9.044599617753882,,,,,,1.2688733719608174,,,,,
2540,16,0.11031108868880371,,,,,,0.012624558542595551,,,,,,9.065271786239721,,,,,,1.037475522454335,,,,,
2540,32,0.11073469555513726,,,,,,0.010484725744347192,,,,,,9.03059330218755,,,,,,0.8550463213675447,,,,,
