index,bin_size,m12,m23,m34,m13,m24,m14,m12_err,m23_err,m34_err,m13_err,m24_err,m14_err,m12_sigma,corr12,corr23,corr34,corr13,corr24,corr14,corr12_err,corr23_err,corr34_err,corr13_err,corr24_err,corr14_err,corr12_sigma
4074,1,0.03079958587233503,,,,,,0.002592017660747513,,,,,,69.7257137015117,32.467969022214206,,,,,,2.7324246976247433,,,,,,73502.68675352247
4074,2,0.030840015489865334,,,,,,0.0028101520300866335,,,,,,69.70611920245693,32.425405244320345,,,,,,2.9546132492589896,,,,,,73289.49506822818
4074,4,0.030547120981694268,,,,,,0.0027144691442995005,,,,,,70.30714111821351,32.736309277697956,,,,,,2.909004141038628,,,,,,75345.7688354936
4074,8,0.03058951030322439,,,,,,0.002706372499360444,,,,,,70.25852770259206,32.690945035971744,,,,,,2.892294572434913,,,,,,75085.14012372508
4074,16,0.03056014041507924,,,,,,0.00271218133793407,,,,,,70.27646022179788,32.72236273844382,,,,,,2.90407636702236,,,,,,75248.73224132159
4074,32,0.03064640638353875,,,,,,0.003422910585540411,,,,,,70.48852967594588,32.63025320114318,,,,,,3.644487307688045,,,,,,75051.49355253119
