index,bin_size,m,n,a,b,corr
10,1,0.11619982332940475,16.0,14840.419203603486,-14844.415081679808,8.605865063711734
10,2,0.11623677406108847,16.0,14828.236342956514,-14832.240640110384,8.603129328713544
10,4,0.11594668556007934,16.0,14910.061543662883,-14913.972227089222,8.624653608419333
10,8,0.1159066269582974,16.0,14922.86210849286,-14926.83676976954,8.627634383319556
10,16,0.11619532261900033,16.0,14842.14185117001,-14846.107309478466,8.60619840334674
10,32,0.11615033066814202,16.0,14853.868356352554,-14857.912030113817,8.609532097305362
