index,bin_size,m,n,a,b,corr
182,1,0.16216874180961097,24.0,3164.364583125305,-3175.484860023276,6.166416467447334
182,2,0.16212239362644296,24.0,3167.6572410054177,-3178.9007553102088,6.168179346674136
182,4,0.16225698540069403,24.0,3160.1886047001713,-3171.961631468632,6.1630628569272226
182,8,0.16221174762901558,24.0,3162.4183768338507,-3173.8098615546237,6.164781617956783
182,16,0.16220443294569345,24.0,3163.144517473229,-3174.703073733693,6.16505962161221
182,32,0.16229672736114556,24.0,3158.303346291258,-3169.827275976784,6.161553694023554
