index,bin_size,m,n,a,b,corr
517,1,0.10752977639148184,54.0,2015.7913156286268,-2076.2230954944,9.299749646640358
517,2,0.10749422311072795,54.0,2018.3296027955953,-2077.2109309842294,9.302825501328728
517,4,0.10755347699230382,54.0,2015.260089754861,-2074.6249023862338,9.297700343723493
517,8,0.10740886630992659,54.0,2024.2112102525389,-2084.928414785372,9.310218367955917
517,16,0.10745155726736892,54.0,2019.6282976113685,-2077.733348414258,9.306519378883696
517,32,0.10756964609047516,54.0,2013.19609088193,-2071.3003526921693,9.296302780051127
