index,bin_size,m12,m23,m34,m13,m24,m14,m12_err,m23_err,m34_err,m13_err,m24_err,m14_err,corr12,corr23,corr34,corr13,corr24,corr14,corr12_err,corr23_err,corr34_err,corr13_err,corr24_err,corr14_err
523,1,0.17842790352247434,,,,,,0.008547112902133804,,,,,,5.604504566036345,,,,,,0.26846884562763135,,,,,
523,2,0.17829696089871458,,,,,,0.00865179531435204,,,,,,5.608620556174659,,,,,,0.27215627682771276,,,,,
523,4,0.17836211241024097,,,,,,0.008468453185580562,,,,,,5.606571858153118,,,,,,0.26619437654539135,,,,,
523,8,0.17848712860631974,,,,,,0.00843133416913259,,,,,,5.602644895507567,,,,,,0.2646564585012697,,,,,
523,16,0.17844149347217567,,,,,,0.008105050577186756,,,,,,5.604077731819308,,,,,,0.2545446833640409,,,,,
523,32,0.1787914465715986,,,,,,0.008578378390223797,,,,,,5.593108726258564,,,,,,0.26835625501969795,,,,,
