index,bin_size,m,n,a,b,corr
876,1,0.17736420342745782,16.0,495.26584377628166,-495.14378221958793,5.638116264023937
876,2,0.1775446090059426,16.0,494.07101663170465,-493.95306981329975,5.632387294657474
876,4,0.17745458065827602,16.0,494.6198387748414,-494.4813270990701,5.635244783710026
876,8,0.17748672422688075,16.0,494.4732810784985,-494.35719635722006,5.634224217929128
876,16,0.17739062898120694,16.0,495.1568152130136,-495.06043055136195,5.6372763642770645
876,32,0.1774642766075562,16.0,494.62564176368267,-494.52746689672574,5.634936896124711
