index,bin_size,m12,m23,m34,m13,m24,m14,m12_err,m23_err,m34_err,m13_err,m24_err,m14_err,m12_sigma,corr12,corr23,corr34,corr13,corr24,corr14,corr12_err,corr23_err,corr34_err,corr13_err,corr24_err,corr14_err,corr12_sigma
18,1,0.14318003527650086,,,,,,0.001985108134249352,,,,,,9.953460347046377,6.984213951818484,,,,,,0.09683207508867092,,,,,,485.52227613623666
18,2,0.14314537051739612,,,,,,0.001961347478306578,,,,,,9.955180147755732,6.985905282060605,,,,,,0.09571939112758819,,,,,,485.84138855975004
18,4,0.14324673086339249,,,,,,0.002035461855882406,,,,,,9.949035377294782,6.980962106239282,,,,,,0.09919585598195227,,,,,,484.8546179302598
18,8,0.14284259212044806,,,,,,0.0020789295412635615,,,,,,9.970266216756526,7.000713058726753,,,,,,0.10188830216287581,,,,,,488.64258108515384
18,16,0.14322221073857005,,,,,,0.002065678285074857,,,,,,9.950648671574163,6.982157270462365,,,,,,0.10070289085886541,,,,,,485.09929856387777
18,32,0.14309911880252668,,,,,,0.002084352064425237,,,,,,9.958463398312649,6.988163228174562,,,,,,0.10178813519660186,,,,,,486.3158369636443
