index,bin_size,m,n,a,b,corr
4286,1,0.03836991411846858,24.0,12005.260135504193,-12005.238010763018,26.06208595913094
4286,2,0.03823977412234947,24.0,12088.53027093908,-12088.496826114877,26.150782083609222
4286,4,0.03831868282618686,24.0,12038.247437205368,-12038.260409540142,26.09693043302113
4286,8,0.03829424437686443,24.0,12053.835278275616,-12053.81410032431,26.113584855173503
4286,16,0.03830443487161238,24.0,12046.648519926404,-12046.640006326224,26.10663760871996
4286,32,0.038219076652676716,24.0,12101.500674926898,-12101.484067847721,26.1649439908686
