index,bin_size,m,n,a,b,corr
384,1,0.06022901553671719,36.0,2723.34602603832,-2722.818173978729,16.60329313186887
384,2,0.0602453056980158,36.0,2721.0517282603823,-2720.499087048705,16.598803648081336
384,4,0.060175996535029856,36.0,2728.271514847547,-2727.819308181136,16.61792172262368
384,8,0.060226076733683895,36.0,2723.424136113698,-2722.9269385633966,16.604103309301387
384,16,0.060225643874933635,36.0,2722.9455992886287,-2722.485504618799,16.6042226476919
384,32,0.06014040248093635,36.0,2731.9828981145106,-2731.478572293278,16.627757027681778
