index,bin_size,m12,m23,m34,m13,m24,m14,m12_err,m23_err,m34_err,m13_err,m24_err,m14_err,corr12,corr23,corr34,corr13,corr24,corr14,corr12_err,corr23_err,corr34_err,corr13_err,corr24_err,corr14_err
342,1,0.07096277747119657,,,,,,0.013104217706968225,,,,,,14.091894872715416,,,,,,2.602255223038951,,,,,
342,2,0.07072145314290135,,,,,,0.013743988180496016,,,,,,14.139980947215234,,,,,,2.7479600937819795,,,,,
342,4,0.0710152661526966,,,,,,0.013189990252505746,,,,,,14.081479295589853,,,,,,2.6154175674048203,,,,,
342,8,0.07080404098272952,,,,,,0.013307127032030892,,,,,,14.123487672743416,,,,,,2.6544112735368017,,,,,
342,16,0.07103230554434894,,,,,,0.013059502641261744,,,,,,14.078101398182142,,,,,,2.5883012100560623,,,,,
342,32,0.07134464352704105,,,,,,0.013313435768554403,,,,,,14.016469219878854,,,,,,2.615576354937551,,,,,
