index,bin_size,m,n,a,b,corr
2535,1,0.05374872717072413,81.0,9156.25908707913,-9401.24187923048,18.60509174149672
2535,2,0.05411293597765654,81.0,8978.911799916106,-9232.768307419023,18.47986959001641
2535,4,0.05426831212150543,81.0,8910.932514149546,-9158.58152576528,18.42695969170783
2535,8,0.0547545130958972,81.0,8664.548975564894,-8924.491899698092,18.263334718155512
2535,16,0.05374957727811164,81.0,9166.091773158256,-9419.799586877514,18.6047974819558
2535,32,0.054267367362601834,81.0,8910.260359872633,-9155.523483275792,18.42728049286479
