index,bin_size,m12,m23,m34,m13,m24,m14,m12_err,m23_err,m34_err,m13_err,m24_err,m14_err,m12_sigma,corr12,corr23,corr34,corr13,corr24,corr14,corr12_err,corr23_err,corr34_err,corr13_err,corr24_err,corr14_err,corr12_sigma
1389,1,0.20240542903663722,,,,,,0.0015715163512010214,,,,,,8.898589121005031,4.94057893980201,,,,,,0.03835964591094478,,,,,,217.20851172045795
1389,2,0.20248646782072371,,,,,,0.0017043165936307823,,,,,,8.894687033144967,4.938601629840144,,,,,,0.04156791709419676,,,,,,216.93951379358268
1389,4,0.20274248984533988,,,,,,0.0015911201162958173,,,,,,8.888984050318545,4.932365192727189,,,,,,0.03870913040997121,,,,,,216.25321639259775
1389,8,0.20253889868856295,,,,,,0.001876249388401673,,,,,,8.895282212216344,4.9373231832254865,,,,,,0.045737631945518845,,,,,,216.84171965031564
1389,16,0.20251513486084774,,,,,,0.001636500659867922,,,,,,8.894534857141172,4.937902545837477,,,,,,0.039902601749637424,,,,,,216.8743898834827
1389,32,0.20276356355389738,,,,,,0.0018542371674915492,,,,,,8.889391373091312,4.931852560059125,,,,,,0.04510092524103403,,,,,,216.2181746677297
