index,bin_size,m,n,a,b,corr
341,1,0.049304174575268006,36.0,45416.64038816202,-45459.2257509729,20.282258218792304
341,2,0.048804341943572395,36.0,46439.30620603307,-46479.914019516335,20.489980197995507
341,4,0.04909421143772982,36.0,45823.03817702948,-45863.988459126114,20.369000147163607
341,8,0.04913061068073911,36.0,45767.07739153919,-45808.80884278365,20.353909429260046
341,16,0.049104395271509754,36.0,45802.61502512185,-45843.531586932586,20.364775789840497
341,32,0.048989805814687204,36.0,46043.728254001755,-46085.868707100286,20.412409956934322
