index,bin_size,m12,m23,m34,m13,m24,m14,m12_err,m23_err,m34_err,m13_err,m24_err,m14_err,corr12,corr23,corr34,corr13,corr24,corr14,corr12_err,corr23_err,corr34_err,corr13_err,corr24_err,corr14_err
340,1,0.04339751954165514,,,,,,0.03552038785866951,,,,,,23.042791628681666,,,,,,18.86026908085492,,,,,
340,2,0.042679737229287924,,,,,,0.035067454515534675,,,,,,23.4303223243318,,,,,,19.251331327995867,,,,,
340,4,0.0429016878881401,,,,,,0.0347556688477433,,,,,,23.309106219954664,,,,,,18.88325650566237,,,,,
340,8,0.04268247179617968,,,,,,0.0351759871582322,,,,,,23.428821197967867,,,,,,19.3084392470916,,,,,
340,16,0.04277855790182209,,,,,,0.034816752946608395,,,,,,23.37619707272569,,,,,,19.02549590802486,,,,,
340,32,0.04282414893635492,,,,,,0.03522519069501526,,,,,,23.351310530098242,,,,,,19.207722437723294,,,,,
