index,bin_size,m,n,a,b,corr
5137,1,1.2693409522413257,24.0,0.00002792480088571003,0.7692138951708226,0.7878103973831935
5137,2,1.2681604851873778,24.0,0.000028317119452452368,0.8081884131007394,0.7885437306085471
5137,4,1.2702695560139263,24.0,0.000027563280798104353,0.8047505377566667,0.7872344852048369
5137,8,1.2727547605044363,24.0,0.000026791325131905717,0.8199091784657874,0.7856973165856915
5137,16,1.2673318472764692,24.0,0.000028594339536387766,0.8298343719761225,0.789059315560504
5137,32,1.2649855758608066,24.0,0.000029327247629371465,0.8086024286959953,0.7905228479143035
