index,bin_size,m12,m23,m34,m13,m24,m14,m12_err,m23_err,m34_err,m13_err,m24_err,m14_err,corr12,corr23,corr34,corr13,corr24,corr14,corr12_err,corr23_err,corr34_err,corr13_err,corr24_err,corr14_err
2535,1,0.05683720906508856,,,,,,0.01148588042680907,,,,,,17.59410809307728,,,,,,3.555484604144057,,,,,
2535,2,0.05726056169292746,,,,,,0.012321210813443192,,,,,,17.46402707962809,,,,,,3.75787370815044,,,,,
2535,4,0.05729737054120687,,,,,,0.012398047461967423,,,,,,17.45280787851904,,,,,,3.776451491205208,,,,,
2535,8,0.05793488592031964,,,,,,0.012865937759511208,,,,,,17.26075721242195,,,,,,3.833196949459528,,,,,
2535,16,0.056736408007439815,,,,,,0.01533552473559963,,,,,,17.625366763945834,,,,,,4.764035254876611,,,,,
2535,32,0.05747508633888371,,,,,,0.011680432991209584,,,,,,17.398842936986917,,,,,,3.535897586161033,,,,,
