index,bin_size,m12,m23,m34,m13,m24,m14,m12_err,m23_err,m34_err,m13_err,m24_err,m14_err,corr12,corr23,corr34,corr13,corr24,corr14,corr12_err,corr23_err,corr34_err,corr13_err,corr24_err,corr14_err
180,1,0.13656606143329433,,,,,,0.0070771348887691135,,,,,,7.322463498652261,,,,,,0.37946515667337116,,,,,
180,2,0.13631644460477407,,,,,,0.007168776954551815,,,,,,7.3358720798457355,,,,,,0.3857878692479955,,,,,
180,4,0.1361231736206671,,,,,,0.007005795576765104,,,,,,7.346287728984991,,,,,,0.3780883791380605,,,,,
180,8,0.13642360244301566,,,,,,0.007125292419591475,,,,,,7.330109908347432,,,,,,0.38284560464188394,,,,,
180,16,0.13675155906915298,,,,,,0.0067550856243103795,,,,,,7.312530890374103,,,,,,0.36121542329117107,,,,,
180,32,0.13635013094006362,,,,,,0.006750182405866148,,,,,,7.334059696939909,,,,,,0.3630817248838404,,,,,
