index,bin_size,m,n,a,b,corr
514,1,0.07689900898442542,54.0,6870.429118977769,-6952.2385927012865,13.004068754677098
514,2,0.07677698032290209,54.0,6901.246363414695,-6982.469662732803,13.024737307905118
514,4,0.07688266220827979,54.0,6871.5111059892515,-6952.703767482836,13.006833677155187
514,8,0.07695091853379642,54.0,6855.449743234347,-6938.307266449603,12.995296470188404
514,16,0.07684237820667277,54.0,6881.641513048051,-6962.687620398638,13.013652405583185
514,32,0.07698360325712111,54.0,6844.883705634473,-6926.201475396459,12.989779091789892
