index,bin_size,m,n,a,b,corr
178,1,0.10941797665575906,24.0,10164.412250353153,-10181.114987395278,9.139266056309097
178,2,0.10950493659699896,24.0,10145.600744321626,-10162.400048260148,9.132008392281062
178,4,0.109375529377343,24.0,10173.057353252218,-10189.289017722469,9.142812891446892
178,8,0.10932197779267874,24.0,10186.073595480242,-10203.006029203123,9.14729151622584
178,16,0.10934465958855534,24.0,10180.786599082283,-10197.348791920002,9.145394057312204
178,32,0.10933324759979794,24.0,10184.68919377391,-10201.176515875872,9.146348635507358
