index,bin_size,m12,m23,m34,m13,m24,m14,m12_err,m23_err,m34_err,m13_err,m24_err,m14_err,corr12,corr23,corr34,corr13,corr24,corr14,corr12_err,corr23_err,corr34_err,corr13_err,corr24_err,corr14_err
2537,1,0.08431661466417603,,,,,,0.012548365233917405,,,,,,11.860058708273476,,,,,,1.7650655088545664,,,,,
2537,2,0.08466351936756822,,,,,,0.01243861021077649,,,,,,11.811462687470877,,,,,,1.7353186057708374,,,,,
2537,4,0.08460776865454776,,,,,,0.011791537302267884,,,,,,11.81924563077635,,,,,,1.6472137010136707,,,,,
2537,8,0.08497460550332542,,,,,,0.012801131395370577,,,,,,11.768221741975204,,,,,,1.772842038119094,,,,,
2537,16,0.08566803323044361,,,,,,0.015028945409733277,,,,,,11.672965542585057,,,,,,2.0478159156205016,,,,,
2537,32,0.08579230773445157,,,,,,0.017398362527921263,,,,,,11.656056660641973,,,,,,2.363805156699422,,,,,
