index,bin_size,m,n,a,b,corr
2628,1,0.18216393226926075,24.0,215.2352976022637,-215.11332255952505,5.489560900134044
2628,2,0.18205212549892502,24.0,215.59111372930232,-215.43243765542317,5.492932297601243
2628,4,0.1821377029593584,24.0,215.30430743033466,-215.11697965590173,5.490351441530678
2628,8,0.18212576058440227,24.0,215.3027024615352,-215.12614139592614,5.490711455596483
2628,16,0.18220100134184616,24.0,215.09415485101692,-214.93102720842353,5.488444040567025
2628,32,0.18232531500674304,24.0,214.65006265580502,-214.47583603617954,5.48470189102932
