index,bin_size,m12,m23,m34,m13,m24,m14,m12_err,m23_err,m34_err,m13_err,m24_err,m14_err,m12_sigma,corr12,corr23,corr34,corr13,corr24,corr14,corr12_err,corr23_err,corr34_err,corr13_err,corr24_err,corr14_err,corr12_sigma
586,1,0.1237733492332505,,,,,,0.0025317117028073447,,,,,,175.3667015705919,8.079283676128883,,,,,,0.1652570376407085,,,,,,11447.030706633162
586,2,0.12368103689877225,,,,,,0.002431839496625358,,,,,,175.37969693029336,8.085313844987072,,,,,,0.15897494105700352,,,,,,11464.974156714994
586,4,0.12361966030271931,,,,,,0.002754626841779186,,,,,,175.38086162016987,8.089328166338625,,,,,,0.18025515071300197,,,,,,11476.437811482714
586,8,0.12359319959966865,,,,,,0.0028452219300729126,,,,,,175.46679145485317,8.091060052163913,,,,,,0.1862631728324911,,,,,,11486.97785493325
586,16,0.12376366640104675,,,,,,0.00306359903517957,,,,,,175.44609776337037,8.079915770752752,,,,,,0.2000071820706902,,,,,,11454.005310748422
586,32,0.12345817096487721,,,,,,0.0031777158550227295,,,,,,175.46537786546017,8.099909404007706,,,,,,0.20848527348332074,,,,,,11512.025920540656
