index,bin_size,m12,m23,m34,m13,m24,m14,m12_err,m23_err,m34_err,m13_err,m24_err,m14_err,m12_sigma,corr12,corr23,corr34,corr13,corr24,corr14,corr12_err,corr23_err,corr34_err,corr13_err,corr24_err,corr14_err,corr12_sigma
196,1,0.05368178221095344,,,,,,0.00262443544814043,,,,,,29.61052959793028,18.628293600057788,,,,,,0.9107140644146445,,,,,,10275.248255280485
196,2,0.053454509962308945,,,,,,0.002568607836662871,,,,,,29.729043281103973,18.707495414420695,,,,,,0.8989366726904352,,,,,,10404.284713273313
196,4,0.0534390105810352,,,,,,0.0028331392059021336,,,,,,29.74823406151919,18.712921312111394,,,,,,0.9920900564936579,,,,,,10417.040980265412
196,8,0.05378294473580711,,,,,,0.0029030581819244204,,,,,,29.57447295798645,18.5932548861392,,,,,,1.0036137104608203,,,,,,10224.165235507742
196,16,0.053463154074857515,,,,,,0.0031623109627909405,,,,,,29.750474390028398,18.704470720149242,,,,,,1.106357337779042,,,,,,10408.418410176244
196,32,0.05359787670557949,,,,,,0.003136820620599997,,,,,,29.686840003746337,18.657455508790722,,,,,,1.0919292846130475,,,,,,10334.008184858325
