index,bin_size,m,n,a,b,corr
7,1,0.05813100880005419,16.0,69776.84993669746,-69773.62757218134,17.202522726546384
7,2,0.05815145397070253,16.0,69728.42580388921,-69725.15029025888,17.1964745800477
7,4,0.05795110699037379,16.0,70218.60867860034,-70215.35476019396,17.25592576110943
7,8,0.05814275198159285,16.0,69753.40349793898,-69750.2238860046,17.199048306426665
7,16,0.05825751546837736,16.0,69465.71650369291,-69462.3589654863,17.165167308633475
7,32,0.05829764706071782,16.0,69376.52144437852,-69373.3493758962,17.15335095700322
