index,bin_size,m,n,a,b,corr
1388,1,0.19521985844049866,16.0,375.91137269542764,-375.8268080923407,5.122429695362121
1388,2,0.19524036633637507,16.0,375.7917405317223,-375.6894638242651,5.121891639340214
1388,4,0.1954431864577031,16.0,374.8571421285161,-374.7765240935775,5.1165764236883
1388,8,0.19528131981980817,16.0,375.6600420826778,-375.56610908517393,5.120817500223419
1388,16,0.19534537596320053,16.0,375.2644508923983,-375.1590740271212,5.119138321392269
1388,32,0.19534923198665452,16.0,375.28236356483893,-375.1890985677309,5.1190372740667645
