index,bin_size,m,n,a,b,corr
523,1,0.17921444547342405,54.0,157.99599033588038,-75.52462115813361,5.5799073414999425
523,2,0.17887529013290418,54.0,159.54999508444794,-78.6109582155632,5.59048708883715
523,4,0.1790177701656243,54.0,158.84406351745454,-76.42120213587084,5.586037626738487
523,8,0.17914606870844843,54.0,158.3548582415382,-77.52952219137428,5.58203708967486
523,16,0.17902112619239566,54.0,158.89660495600108,-76.62076693157034,5.585932907858544
523,32,0.17888163091305823,54.0,159.51461669224645,-75.87940054708291,5.590288923998181
