index,bin_size,m12,m23,m34,m13,m24,m14,m12_err,m23_err,m34_err,m13_err,m24_err,m14_err,m12_sigma,corr12,corr23,corr34,corr13,corr24,corr14,corr12_err,corr23_err,corr34_err,corr13_err,corr24_err,corr14_err,corr12_sigma
393,1,0.10268746930766767,,,,,,0.0017868388245284314,,,,,,46.34273094632604,9.738286538193321,,,,,,0.16945347458793678,,,,,,4394.876959773547
393,2,0.10261175068845989,,,,,,0.001800011176308416,,,,,,46.358535539934564,9.745472553490542,,,,,,0.17095468498485258,,,,,,4402.866462108395
393,4,0.10251153841863665,,,,,,0.001800961607063204,,,,,,46.392059707028324,9.754999441294109,,,,,,0.17137953192105984,,,,,,4414.669055832544
393,8,0.10271636077669251,,,,,,0.0017484943512699168,,,,,,46.32542039070053,9.73554740879129,,,,,,0.16572383914378958,,,,,,4390.764266136163
393,16,0.10241531401908549,,,,,,0.0019491464906183347,,,,,,46.41684108594537,9.764164759712068,,,,,,0.1858295085797945,,,,,,4425.331195138292
393,32,0.10271055732594919,,,,,,0.0019831787140638063,,,,,,46.361427925285554,9.736097496059017,,,,,,0.18798867239089562,,,,,,4394.673674144839
