index,bin_size,m,n,a,b,corr
873,1,0.1534970443263817,16.0,734.0940145547964,-734.1237393127892,6.514783423931564
873,2,0.1532139595909579,16.0,737.212383971819,-737.2611147854176,6.526820419430085
873,4,0.1532740077953141,16.0,736.4240140831532,-736.4663332287143,6.5242634050218395
873,8,0.15309734517700818,16.0,738.4841923345298,-738.5119049571096,6.531791905625923
873,16,0.15314143892583504,16.0,737.9992835997334,-738.0370169651883,6.529911218114456
873,32,0.1532488686937248,16.0,736.8676849537756,-736.8974718708293,6.525333651881945
