index,bin_size,m12,m23,m34,m13,m24,m14,m12_err,m23_err,m34_err,m13_err,m24_err,m14_err,corr12,corr23,corr34,corr13,corr24,corr14,corr12_err,corr23_err,corr34_err,corr13_err,corr24_err,corr14_err
183,1,0.18251133800929864,,,,,,0.006015110457440715,,,,,,5.479111659074308,,,,,,0.18057761340999037,,,,,
183,2,0.1825954895661068,,,,,,0.0059479350231952804,,,,,,5.476586537686411,,,,,,0.17839641577384946,,,,,
183,4,0.1825283524889881,,,,,,0.006114393744851356,,,,,,5.478600920699867,,,,,,0.18352394432577313,,,,,
183,8,0.1826602189054353,,,,,,0.00612242568944463,,,,,,5.474645798589064,,,,,,0.18349979146386766,,,,,
183,16,0.18252757219399066,,,,,,0.00614863565079027,,,,,,5.478624341407435,,,,,,0.18455329536221243,,,,,
183,32,0.1826935382674537,,,,,,0.006119415044932618,,,,,,5.4736473412434155,,,,,,0.18334266339307909,,,,,
