index,bin_size,m,n,a,b,corr
387,1,0.07147913063331796,36.0,1728.4295619351146,-1728.2362180924724,13.990097405212124
387,2,0.07160225539928429,36.0,1720.841197145542,-1720.6699044262762,13.966040516790699
387,4,0.0715361220784402,36.0,1725.2636645939237,-1724.9714672040122,13.978951765144442
387,8,0.07148131814582105,36.0,1727.92794989507,-1727.738200902467,13.989669272186779
387,16,0.0713993782412671,36.0,1732.5931270354886,-1732.3223689332872,14.005724204220371
387,32,0.07161608078237539,36.0,1720.4917566424012,-1720.2762230503126,13.963344392424482
