index,bin_size,m,n,a,b,corr
344,1,0.07325051662630627,36.0,16315.007609121249,-16259.192560740266,13.651780848203227
344,2,0.07297895076611416,36.0,16456.352018798705,-16398.27751592063,13.702581216943496
344,4,0.07330973491532812,36.0,16278.883775153474,-16222.340685707784,13.640753184484819
344,8,0.07303881464439123,36.0,16425.861649469618,-16370.030994547673,13.691350343906377
344,16,0.07307346186847014,36.0,16405.912805719738,-16350.307008961137,13.684858694664934
344,32,0.07310531642152221,36.0,16384.900408262834,-16328.249129862836,13.67889572126385
