index,bin_size,m12,m23,m34,m13,m24,m14,m12_err,m23_err,m34_err,m13_err,m24_err,m14_err,corr12,corr23,corr34,corr13,corr24,corr14,corr12_err,corr23_err,corr34_err,corr13_err,corr24_err,corr14_err
185,1,0.20404340849849922,,,,,,0.04120608277814248,,,,,,4.900917933878541,,,,,,0.9897287619255172,,,,,
185,2,0.20386101317242572,,,,,,0.040893918767842055,,,,,,4.905302806251628,,,,,,0.9839892943181672,,,,,
185,4,0.2041705793668946,,,,,,0.04082169300171059,,,,,,4.897865319777536,,,,,,0.9792750506349542,,,,,
185,8,0.20406920943587314,,,,,,0.041124765451185,,,,,,4.900298299603305,,,,,,0.9875258436542999,,,,,
185,16,0.2040096417256554,,,,,,0.04065537833174951,,,,,,4.9017291121209015,,,,,,0.9768246728309657,,,,,
185,32,0.20378298017140192,,,,,,0.04047410803781757,,,,,,4.907181154966424,,,,,,0.9746337994478211,,,,,
