index,bin_size,m12,m23,m34,m13,m24,m14,m12_err,m23_err,m34_err,m13_err,m24_err,m14_err,corr12,corr23,corr34,corr13,corr24,corr14,corr12_err,corr23_err,corr34_err,corr13_err,corr24_err,corr14_err
352,1,0.16898498775321577,,,,,,0.012361900224247989,,,,,,5.91768543049748,,,,,,0.43290139451398535,,,,,
352,2,0.16874113950098601,,,,,,0.012758841383851484,,,,,,5.926237092846921,,,,,,0.44809415945830544,,,,,
352,4,0.1690929045581396,,,,,,0.012880898921417238,,,,,,5.9139087036982545,,,,,,0.45050063124697776,,,,,
352,8,0.16873452477225576,,,,,,0.013027180591078498,,,,,,5.9264694131193325,,,,,,0.45755418113995266,,,,,
352,16,0.16874953844760254,,,,,,0.013064440319308798,,,,,,5.925942134120292,,,,,,0.45878120947235024,,,,,
352,32,0.16934087951509402,,,,,,0.012764022235907125,,,,,,5.905248649135935,,,,,,0.44510649337576597,,,,,
