index,bin_size,m12,m23,m34,m13,m24,m14,m12_err,m23_err,m34_err,m13_err,m24_err,m14_err,m12_sigma,corr12,corr23,corr34,corr13,corr24,corr14,corr12_err,corr23_err,corr34_err,corr13_err,corr24_err,corr14_err,corr12_sigma
6,1,0.057673042800108335,,,,,,0.011634739706894518,,,,,,79.80912975279782,17.33912329657976,,,,,,3.4979286076627356,,,,,,23994.231512506463
6,2,0.05764809951573247,,,,,,0.013892493937909896,,,,,,81.24026345107654,17.346625619932098,,,,,,4.180326728764619,,,,,,24445.635626997337
6,4,0.05761341047937189,,,,,,0.011658388540569383,,,,,,80.04666604754345,17.35707002379322,,,,,,3.5122979976285778,,,,,,24115.489366071462
6,8,0.058690547033185256,,,,,,0.01241744910083406,,,,,,78.36987821926273,17.03851898730084,,,,,,3.604923671247647,,,,,,22751.647847418142
6,16,0.05723774657652439,,,,,,0.01465086776073607,,,,,,83.53647214136623,17.47098828677756,,,,,,4.4719639459728295,,,,,,25498.291138161567
6,32,0.05637393739368404,,,,,,0.015081793839281417,,,,,,86.61436955822319,17.738693556502174,,,,,,4.745656088008654,,,,,,27254.18571446258
