index,bin_size,m12,m23,m34,m13,m24,m14,m12_err,m23_err,m34_err,m13_err,m24_err,m14_err,corr12,corr23,corr34,corr13,corr24,corr14,corr12_err,corr23_err,corr34_err,corr13_err,corr24_err,corr14_err
348,1,0.10760294665677979,,,,,,0.008861269982574657,,,,,,9.293425794273938,,,,,,0.7653280656779852,,,,,
348,2,0.10803108455691585,,,,,,0.009085785565270264,,,,,,9.256595026343117,,,,,,0.7785114610192697,,,,,
348,4,0.10790039790876484,,,,,,0.009040280150096601,,,,,,9.26780641574232,,,,,,0.776489873985603,,,,,
348,8,0.10748699342966715,,,,,,0.00931076301319253,,,,,,9.303451218535926,,,,,,0.8058856865995189,,,,,
348,16,0.10805938473637083,,,,,,0.008946946792852718,,,,,,9.254170773225013,,,,,,0.7662136307921162,,,,,
348,32,0.10763934621312075,,,,,,0.008917789621414304,,,,,,9.290283109115581,,,,,,0.7696887170462269,,,,,
