index,bin_size,m,n,a,b,corr
13,1,0.15391763643655956,16.0,7163.427461569745,-7155.593390979149,6.496981263171692
13,2,0.1540851111358157,16.0,7145.774805598512,-7137.986784686005,6.489919711441601
13,4,0.15438746268163922,16.0,7113.753089830969,-7106.11365088266,6.477209888876078
13,8,0.15419405810837145,16.0,7134.664321459068,-7127.193325360729,6.485334209812255
13,16,0.15397803738883503,16.0,7157.032950032091,-7149.285430970458,6.49443269285695
13,32,0.15409776794702315,16.0,7145.1600386515,-7137.451973645247,6.489386662263579
