index,bin_size,m,n,a,b,corr
178,1,0.10923664525822484,24.0,10194.426846692242,-10206.214462803335,9.154437118021127
178,2,0.10901364540287621,24.0,10242.93117088284,-10254.835345387673,9.173163564105673
178,4,0.10887453528465642,24.0,10275.100864333952,-10287.61030955844,9.184884209934525
178,8,0.10920837283726145,24.0,10197.6652076248,-10209.199323104463,9.1568070654268
178,16,0.10902145830576605,24.0,10240.214695296678,-10251.483023125293,9.172506179428998
178,32,0.10917543473628159,24.0,10208.499453488701,-10219.819161277559,9.159569663409604
