index,bin_size,m12,m23,m34,m13,m24,m14,m12_err,m23_err,m34_err,m13_err,m24_err,m14_err,m12_sigma,corr12,corr23,corr34,corr13,corr24,corr14,corr12_err,corr23_err,corr34_err,corr13_err,corr24_err,corr14_err,corr12_sigma
398,1,0.16145703415078047,,,,,,0.002502274852904732,,,,,,77.58769133761406,6.193598224194595,,,,,,0.09598891226333495,,,,,,2976.314967109049
398,2,0.16139963874763705,,,,,,0.002455930932977723,,,,,,77.62199369475397,6.195800732637268,,,,,,0.09427814579958396,,,,,,2979.7489581417235
398,4,0.1616293810960325,,,,,,0.0024526300973800354,,,,,,77.64194693021982,6.186993931541738,,,,,,0.09388396729546955,,,,,,2972.047849424991
398,8,0.16108842360952536,,,,,,0.002705775334089429,,,,,,77.57562509788741,6.20777072363671,,,,,,0.10427088754939852,,,,,,2989.4866655210517
398,16,0.1615484392561827,,,,,,0.002947289044212458,,,,,,77.51120111002353,6.190093848039009,,,,,,0.11293204604744629,,,,,,2970.016989049359
398,32,0.16104638684885347,,,,,,0.002775039311673458,,,,,,77.58089758023257,6.209391092633005,,,,,,0.10699590795404591,,,,,,2991.2508055538483
