index,bin_size,m,n,a,b,corr
185,1,0.20552217701916758,24.0,1386.2262032985116,-1382.6189206783806,4.865654959983891
185,2,0.20536217065809367,24.0,1389.9890189002367,-1386.3784137921955,4.869445997748507
185,4,0.2055263049846178,24.0,1386.2365519160032,-1382.3873755342374,4.865557234023368
185,8,0.2055905003789198,24.0,1384.823968528131,-1380.9339903417986,4.864037969443723
185,16,0.20548036402284003,24.0,1387.2550529259604,-1383.4762157561115,4.86664506730602
185,32,0.20548115316599766,24.0,1387.0079743908873,-1382.9771653678968,4.866626377126429
