index,bin_size,m12,m23,m34,m13,m24,m14,m12_err,m23_err,m34_err,m13_err,m24_err,m14_err,corr12,corr23,corr34,corr13,corr24,corr14,corr12_err,corr23_err,corr34_err,corr13_err,corr24_err,corr14_err
15,1,0.19941650171876896,,,,,,0.007152415367357622,,,,,,5.014630140339487,,,,,,0.17985832350003111,,,,,
15,2,0.19959059349447797,,,,,,0.007155540168401152,,,,,,5.0102561573257045,,,,,,0.17962314034962357,,,,,
15,4,0.19945700611086428,,,,,,0.007137760922382462,,,,,,5.013611802857251,,,,,,0.17941692349748317,,,,,
15,8,0.19954587091689238,,,,,,0.007164423271196699,,,,,,5.011379064899237,,,,,,0.1799267538254667,,,,,
15,16,0.19900325337601654,,,,,,0.007127101317421259,,,,,,5.0250434755983635,,,,,,0.17996687675937478,,,,,
15,32,0.19904703766752588,,,,,,0.006969992062266364,,,,,,5.023938118940154,,,,,,0.17592228058585777,,,,,
