index,bin_size,m,n,a,b,corr
197,1,0.06025215231235289,24.0,4381.7204969295235,-4381.781598313545,16.596917481319256
197,2,0.06028365516865111,24.0,4376.614422816612,-4376.713692238942,16.588244312697597
197,4,0.06001923552579038,24.0,4416.746554962734,-4416.821094390383,16.66132517749744
197,8,0.06026634147384389,24.0,4379.751370214997,-4379.849776763249,16.59300988818126
197,16,0.05982769656236811,24.0,4447.745917979327,-4447.828687368895,16.714666575162855
197,32,0.060257381520466106,24.0,4380.184689974098,-4380.259601349136,16.59547718083892
