index,bin_size,m12,m23,m34,m13,m24,m14,m12_err,m23_err,m34_err,m13_err,m24_err,m14_err,corr12,corr23,corr34,corr13,corr24,corr14,corr12_err,corr23_err,corr34_err,corr13_err,corr24_err,corr14_err
524,1,0.1843060805991617,,,,,,0.01245798118319112,,,,,,5.425756962272184,,,,,,0.3667484975037906,,,,,
524,2,0.18406613323780624,,,,,,0.013216397214462574,,,,,,5.432829942203649,,,,,,0.39009043788638315,,,,,
524,4,0.18427021486570327,,,,,,0.012810545373599299,,,,,,5.426813013317444,,,,,,0.3772743977739917,,,,,
524,8,0.1839143304525131,,,,,,0.013023762294144656,,,,,,5.437314196993481,,,,,,0.38503953142740804,,,,,
524,16,0.18412921374213834,,,,,,0.01306010859215215,,,,,,5.430968718524148,,,,,,0.385213404125206,,,,,
524,32,0.1840728991899248,,,,,,0.013223007504158576,,,,,,5.432630248129078,,,,,,0.3902568539663745,,,,,
