index,bin_size,m12,m23,m34,m13,m24,m14,m12_err,m23_err,m34_err,m13_err,m24_err,m14_err,m12_sigma,corr12,corr23,corr34,corr13,corr24,corr14,corr12_err,corr23_err,corr34_err,corr13_err,corr24_err,corr14_err,corr12_sigma
397,1,0.1379360735875466,,,,,,0.002981148275081048,,,,,,76.60624702864112,7.249735141730785,,,,,,0.15668515748237488,,,,,,4026.3216627458833
397,2,0.1383724438431454,,,,,,0.002811945525021003,,,,,,76.58474941478273,7.226872433745322,,,,,,0.1468614056061891,,,,,,3999.844181536466
397,4,0.13820345959675445,,,,,,0.0030124165534153005,,,,,,76.6281972241235,7.235708881078429,,,,,,0.1577165236865506,,,,,,4011.9062779861165
397,8,0.13820275512439145,,,,,,0.003096362044376596,,,,,,76.61335603575525,7.235745764257269,,,,,,0.16211318310578857,,,,,,4011.170153028388
397,16,0.13810669084725047,,,,,,0.0032286238098350305,,,,,,76.5920550569475,7.240778805612145,,,,,,0.16927312290325322,,,,,,4015.6354882763094
397,32,0.13785057441643742,,,,,,0.0032180318653785606,,,,,,76.68527016042768,7.254231650708009,,,,,,0.1693453125577436,,,,,,4035.476212528107
