index,bin_size,m,n,a,b,corr
199,1,0.06907876125669664,24.0,3179.4039196145336,-3179.7544694988533,14.476229477885402
199,2,0.06920019389547341,24.0,3167.521936871622,-3167.8696839922263,14.450826561418246
199,4,0.06910835927192668,24.0,3176.8299697910315,-3177.264682433701,14.470029538180944
199,8,0.0694294482434704,24.0,3145.2619557032826,-3145.625532376297,14.403110283885146
199,16,0.0692208770975504,24.0,3164.9058975144435,-3165.303685324962,14.446508653606589
199,32,0.06910995819027164,24.0,3176.2345574315,-3176.5637157858837,14.46969476159756
