index,bin_size,m,n,a,b,corr
8,1,0.06893919162370835,16.0,5177.360807218745,-5176.771816652727,14.505537074735551
8,2,0.06813340969197419,16.0,5305.010613916594,-5304.334242672528,14.67708726924018
8,4,0.06813847144020162,16.0,5305.074258525622,-5304.5225555556635,14.675996964176116
8,8,0.06817757771779984,16.0,5298.738305865532,-5298.149407664496,14.667578894327885
8,16,0.06912383655132819,16.0,5151.935951318551,-5151.3669580947135,14.466789603864738
8,32,0.06763366275613077,16.0,5387.1891649497875,-5386.612794825253,14.785536658065341
