index,bin_size,m12,m23,m34,m13,m24,m14,m12_err,m23_err,m34_err,m13_err,m24_err,m14_err,m12_sigma,corr12,corr23,corr34,corr13,corr24,corr14,corr12_err,corr23_err,corr34_err,corr13_err,corr24_err,corr14_err,corr12_sigma
195,1,0.050232393672200545,,,,,,0.002777167030037679,,,,,,31.741157455465682,19.907472586826316,,,,,,1.100612024987162,,,,,,12579.257640842174
195,2,0.049977686380420695,,,,,,0.002737713261737867,,,,,,31.88574456591944,20.00892943279105,,,,,,1.096063372048958,,,,,,12765.68923329404
195,4,0.050244510000818095,,,,,,0.0029175665844877767,,,,,,31.73171758576836,19.902671953288383,,,,,,1.1556958288973418,,,,,,12569.452177236015
195,8,0.050175747952964055,,,,,,0.002767896619747059,,,,,,31.76532069748295,19.929947052058374,,,,,,1.0994162584052025,,,,,,12617.273990334028
195,16,0.05026909780541395,,,,,,0.002737893156598587,,,,,,31.713688552151858,19.892937085739792,,,,,,1.0834635728399207,,,,,,12550.024541255203
195,32,0.050233778963323025,,,,,,0.002971464283679264,,,,,,31.74966337283261,19.906923600753306,,,,,,1.1775485280683178,,,,,,12581.934629566322
