index,bin_size,m,n,a,b,corr
172,1,0.040269400442293705,24.0,107393.60612315946,-107381.55128926883,24.83275114644446
172,2,0.03982413597959696,24.0,109863.81629655545,-109851.17140802975,25.11040039920335
172,4,0.039896043164419796,24.0,109445.23827984935,-109433.46836790683,25.06514232197901
172,8,0.04022228858468108,24.0,107649.8794645219,-107637.74718008477,24.861837433607803
172,16,0.04003147754492848,24.0,108728.36130818076,-108716.02416511255,24.980342004055963
172,32,0.03954450345339718,24.0,111513.02229718036,-111501.58134161668,25.287964512653204
