index,bin_size,m,n,a,b,corr
2538,1,0.09178204464585464,81.0,1131.0984657088025,-948.0523284699259,10.895377237002588
2538,2,0.09221781203838422,81.0,1110.2944531863402,-937.3986106327244,10.843892062671857
2538,4,0.09234012324230662,81.0,1102.8488243372508,-925.4970558657603,10.829528539570319
2538,8,0.09194386087763579,81.0,1121.964003555733,-940.0063625749833,10.876201961225643
2538,16,0.09151233403114568,81.0,1144.459694746642,-958.9148810180947,10.927488743316895
2538,32,0.09210899390211377,81.0,1115.7876006078327,-944.3800597039046,10.856703103963135
