index,bin_size,m12,m23,m34,m13,m24,m14,m12_err,m23_err,m34_err,m13_err,m24_err,m14_err,m12_sigma,corr12,corr23,corr34,corr13,corr24,corr14,corr12_err,corr23_err,corr34_err,corr13_err,corr24_err,corr14_err,corr12_sigma
204,1,0.10139881210792961,,,,,,0.0018948688276776713,,,,,,21.288874875148313,9.86204847188538,,,,,,0.18429494229706497,,,,,,2070.5559716729344
204,2,0.10165472431841038,,,,,,0.001791433323741878,,,,,,21.24469942181741,9.837221110036428,,,,,,0.1733586493662324,,,,,,2055.8690904917594
204,4,0.1014728562443025,,,,,,0.002031443487024466,,,,,,21.281674013672255,9.854852194092526,,,,,,0.19728995562201976,,,,,,2066.835995457413
204,8,0.1015271990383098,,,,,,0.001978713586340059,,,,,,21.271984402758438,9.849577349441747,,,,,,0.19196326408742564,,,,,,2063.6839953796843
204,16,0.10155707678986602,,,,,,0.0018913715003196576,,,,,,21.264594798531466,9.846679636802879,,,,,,0.18338189544744035,,,,,,2061.7534415726504
204,32,0.10157644998812772,,,,,,0.0022782874423721757,,,,,,21.26008316828331,9.844801625936723,,,,,,0.22081189015405,,,,,,2060.529791768945
