index,bin_size,m,n,a,b,corr
513,1,0.07563811837987147,54.0,7640.612248021902,-7558.802369527179,13.220847126018885
513,2,0.07580452987503164,54.0,7591.771887578248,-7507.517365072527,13.19182378214812
513,4,0.07587211338708168,54.0,7580.732943426818,-7492.830862052603,13.180073090863242
513,8,0.07575173188060391,54.0,7610.0748264012045,-7521.119959340175,13.201018315675606
513,16,0.0757965724250562,54.0,7593.660899105369,-7507.8592147680165,13.193208716512203
513,32,0.07575272777429701,54.0,7607.188472119886,-7520.573292598387,13.200844766665963
