index,bin_size,m,n,a,b,corr
2539,1,0.07392120343152944,81.0,2458.1966825697727,-2150.024023766825,13.527918291079557
2539,2,0.07355575605713091,81.0,2502.5241244314284,-2196.1404276223707,13.595129104828967
2539,4,0.07470881115369224,81.0,2363.1220237697007,-2046.5348003015886,13.38530200865843
2539,8,0.07361131621221698,81.0,2495.52529697422,-2179.3347488844724,13.5848678091431
2539,16,0.07297724286172322,81.0,2577.498957808313,-2268.5034103924168,13.702901901827028
2539,32,0.07487260550004556,81.0,2342.6678104582707,-2030.2463941430879,13.356019779482518
