index,bin_size,m,n,a,b,corr
515,1,0.0891690611718134,54.0,4217.67390699332,-4192.571208573234,11.21465210980715
515,2,0.08908402134582231,54.0,4228.828767218348,-4201.890978460453,11.225357644307735
515,4,0.08901775194883967,54.0,4239.03617354543,-4214.812596391031,11.233714378394104
515,8,0.0891653485399024,54.0,4218.702653332908,-4196.1710596204675,11.215119061105781
515,16,0.08913895104549671,54.0,4221.612737522467,-4196.344416065617,11.218440292051428
515,32,0.089266525622249,54.0,4204.090171546095,-4179.7448793103085,11.202407543357525
