index,bin_size,m,n,a,b,corr
573,1,0.0635248958673145,54.0,1280.2695267485217,-1283.1923554177442,15.74185972832945
573,2,0.06358558809805415,54.0,1276.9751277535083,-1280.365503581317,15.726834175975831
573,4,0.06362648100535345,54.0,1274.6078570073137,-1277.8338449164178,15.716726498136229
573,8,0.06351555840509525,54.0,1280.4600110035067,-1283.4591108849913,15.74417394903639
573,16,0.0635598299188543,54.0,1277.7488932625802,-1280.9522055968926,15.733207613624552
573,32,0.0634993566938355,54.0,1281.3844787559797,-1284.5437020575694,15.748191037927157
