index,bin_size,m,n,a,b,corr
512,1,0.0590268832665584,54.0,15302.629221624702,-15251.836139714576,16.941433202293922
512,2,0.05882333524671655,54.0,15429.57941814396,-15372.328021530457,17.00005611388414
512,4,0.05883518166736704,54.0,15424.777646269496,-15371.349376458389,16.996633165061688
512,8,0.058939667749146094,54.0,15358.932896182196,-15303.759125162338,16.9665021570212
512,16,0.059001914637620674,54.0,15302.379532891626,-15252.688491835506,16.948602535050313
512,32,0.058815357051743525,54.0,15426.29387235683,-15369.397396693945,17.002362140218548
