index,bin_size,m,n,a,b,corr
348,1,0.11044906672883179,36.0,4670.07470430868,-4632.502358053291,9.053947032935486
348,2,0.1106535128426481,36.0,4646.625856511616,-4609.319446905149,9.037218740827718
348,4,0.11067319973698136,36.0,4642.480847596173,-4606.467033482874,9.035611172140447
348,8,0.11035723759689982,36.0,4682.070739960347,-4643.542910657446,9.06148089400973
348,16,0.11071637981250679,36.0,4638.192556886638,-4602.020027832397,9.032087227684423
348,32,0.11046106610664838,36.0,4669.576247085552,-4631.822361438341,9.05296350330818
