index,bin_size,m12,m23,m34,m13,m24,m14,m12_err,m23_err,m34_err,m13_err,m24_err,m14_err,corr12,corr23,corr34,corr13,corr24,corr14,corr12_err,corr23_err,corr34_err,corr13_err,corr24_err,corr14_err
13,1,0.13692817873381216,,,,,,0.08060644013692313,,,,,,7.3030986700261025,,,,,,4.299164651155459,,,,,
13,2,0.1372493625307933,,,,,,0.08063819608095692,,,,,,7.286008339569808,,,,,,4.280752626460462,,,,,
13,4,0.13767757492664826,,,,,,0.08059567987172367,,,,,,7.263346994111272,,,,,,4.2519225766906805,,,,,
13,8,0.13743764400012143,,,,,,0.0807795691440603,,,,,,7.276026937707957,,,,,,4.2765162731406114,,,,,
13,16,0.13704314641581317,,,,,,0.08047505836424905,,,,,,7.296971984033576,,,,,,4.2849588735773025,,,,,
13,32,0.13754312973354405,,,,,,0.07948640569135101,,,,,,7.270446745957096,,,,,,4.201603385978281,,,,,
