index,bin_size,m12,m23,m34,m13,m24,m14,m12_err,m23_err,m34_err,m13_err,m24_err,m14_err,corr12,corr23,corr34,corr13,corr24,corr14,corr12_err,corr23_err,corr34_err,corr13_err,corr24_err,corr14_err
181,1,0.1525259199621375,,,,,,0.0070388021023465325,,,,,,6.556262701108353,,,,,,0.3025599563376068,,,,,
181,2,0.15252844596473278,,,,,,0.006857769175303276,,,,,,6.556154123744349,,,,,,0.29476856840688676,,,,,
181,4,0.1527284361062999,,,,,,0.006675823452733344,,,,,,6.547569172410002,,,,,,0.2861969712643809,,,,,
181,8,0.15272499040934165,,,,,,0.006863608958352847,,,,,,6.547716895052648,,,,,,0.2942607376644023,,,,,
181,16,0.15260004424821377,,,,,,0.0066638910790075365,,,,,,6.553078047431204,,,,,,0.2861663543772405,,,,,
181,32,0.15275640289084125,,,,,,0.006757797864746722,,,,,,6.5463704373465355,,,,,,0.28960519707284826,,,,,
