index,bin_size,m12,m23,m34,m13,m24,m14,m12_err,m23_err,m34_err,m13_err,m24_err,m14_err,m12_sigma,corr12,corr23,corr34,corr13,corr24,corr14,corr12_err,corr23_err,corr34_err,corr13_err,corr24_err,corr14_err,corr12_sigma
390,1,0.08718095825906003,,,,,,0.0019514128015318982,,,,,,49.69217242649519,11.470394682156156,,,,,,0.25674729285344594,,,,,,6537.996848485234
390,2,0.08707655705180989,,,,,,0.002013170283542769,,,,,,49.73957652600784,11.484147213181702,,,,,,0.2655082456653856,,,,,,6559.935744888505
390,4,0.08707768601402112,,,,,,0.0019336855007956932,,,,,,49.73118713167125,11.483998321211493,,,,,,0.25501873167958433,,,,,,6558.65923492739
390,8,0.08720466755920431,,,,,,0.0020996648923263523,,,,,,49.68459432403906,11.46727609873735,,,,,,0.2761026182318217,,,,,,6533.445707831022
390,16,0.08698678538464266,,,,,,0.0025196822235317596,,,,,,49.769579928831654,11.495999025347912,,,,,,0.3329961471483633,,,,,,6577.447825251349
390,32,0.08727038118088881,,,,,,0.0021136862013752316,,,,,,49.67891889291355,11.458641367994716,,,,,,0.2775279747642689,,,,,,6522.865002315964
