index,bin_size,m,n,a,b,corr
6,1,0.05333938410913414,16.0,84923.5255793731,-84924.43967152087,18.74787301544328
6,2,0.05323023953612846,16.0,85255.62096056977,-85256.32032350225,18.786314108567545
6,4,0.05304804455981051,16.0,85864.24239084702,-85865.04494318663,18.850836223991664
6,8,0.05361802891697003,16.0,84016.31895726408,-84017.1570452009,18.650443147556686
6,16,0.05328816229005379,16.0,85085.61738445592,-85086.3906480981,18.765893906359192
6,32,0.053065346935988765,16.0,85806.54340709104,-85807.36621394775,18.84468975970838
