index,bin_size,m,n,a,b,corr
346,1,0.09379518145552196,36.0,8157.655676258451,-8142.926976446319,10.661528497326954
346,2,0.09410790879474953,36.0,8092.200922094641,-8077.752356110186,10.626099472479108
346,4,0.0938723332475574,36.0,8143.426643624472,-8128.347402712973,10.652766000423458
346,8,0.09396092360062108,36.0,8122.091262741636,-8108.507273810971,10.642722119787571
346,16,0.09392272600936936,36.0,8133.153090979293,-8118.645413216531,10.647050426328596
346,32,0.09391140255235299,36.0,8136.507198173487,-8121.68750243108,10.648334204598083
