index,bin_size,m,n,a,b,corr
2,1,0.016796257292243356,16.0,954146.5462434833,-954144.7914426456,59.53707320629149
2,2,0.017188696299738116,16.0,910931.6581288174,-910929.9583052339,58.1777688407489
2,4,0.016490143496099622,16.0,990065.0502828865,-990063.4325546884,60.64228611694785
2,8,0.01674889819537539,16.0,959482.6659554063,-959480.8039859539,59.70541992285285
2,16,0.016697558508893415,16.0,965558.7151337771,-965557.0956943404,59.88899511670418
2,32,0.01717132246588127,16.0,912906.7054306944,-912904.9502845189,58.236632733847955
