index,bin_size,m12,m23,m34,m13,m24,m14,m12_err,m23_err,m34_err,m13_err,m24_err,m14_err,corr12,corr23,corr34,corr13,corr24,corr14,corr12_err,corr23_err,corr34_err,corr13_err,corr24_err,corr14_err
515,1,0.09065976637845537,,,,,,0.00544490555298122,,,,,,11.030251234329706,,,,,,0.662462287249532,,,,,
515,2,0.09037867458546205,,,,,,0.00531627819339447,,,,,,11.064557038335414,,,,,,0.6508422874341839,,,,,
515,4,0.09053129077735882,,,,,,0.00521613336809571,,,,,,11.045904586285788,,,,,,0.6364309069117601,,,,,
515,8,0.09052404399850078,,,,,,0.005351999784107408,,,,,,11.046788851109675,,,,,,0.653112796719491,,,,,
515,16,0.09059855927492379,,,,,,0.005183052205547392,,,,,,11.037703115846167,,,,,,0.6314558634995682,,,,,
515,32,0.09043542008034963,,,,,,0.005082057381949487,,,,,,11.057614362951206,,,,,,0.6213874016404037,,,,,
