index,bin_size,m12,m23,m34,m13,m24,m14,m12_err,m23_err,m34_err,m13_err,m24_err,m14_err,corr12,corr23,corr34,corr13,corr24,corr14,corr12_err,corr23_err,corr34_err,corr13_err,corr24_err,corr14_err
4,1,0.012594097831373224,,,,,,0.018627177220239415,,,,,,79.40227346089806,,,,,,117.43915596412282,,,,,
4,2,0.013866147606848818,,,,,,0.019519338450104368,,,,,,72.11808415381907,,,,,,101.52043183762216,,,,,
4,4,0.01304958312459284,,,,,,0.018926510333891342,,,,,,76.63080042115912,,,,,,111.14176002543266,,,,,
4,8,0.013655087880680193,,,,,,0.019606581770310355,,,,,,73.2327765839459,,,,,,105.1508737919951,,,,,
4,16,0.013425299826266342,,,,,,0.01908982717311192,,,,,,74.48623218406782,,,,,,105.91415592731597,,,,,
4,32,0.012774231636565943,,,,,,0.018462328993954658,,,,,,78.28259487150078,,,,,,113.14019207864034,,,,,
