index,bin_size,m,n,a,b,corr
5619,1,0.06103342626232445,54.0,1434.6874705799373,-1432.406221180875,16.38446440319366
5619,2,0.06111846771987184,54.0,1429.9229051447755,-1427.5766713616194,16.361666731950212
5619,4,0.06125187968392887,54.0,1421.724124697085,-1419.8799154028384,16.326029587339796
5619,8,0.061255569043027404,54.0,1422.2822483210214,-1420.2373926424111,16.325046287588574
5619,16,0.06151383923568328,54.0,1404.1492461424587,-1401.550675959595,16.256504429330345
5619,32,0.06142979370511722,54.0,1410.4357101634089,-1407.4009535748326,16.27874586068646
