index,bin_size,m12,m23,m34,m13,m24,m14,m12_err,m23_err,m34_err,m13_err,m24_err,m14_err,corr12,corr23,corr34,corr13,corr24,corr14,corr12_err,corr23_err,corr34_err,corr13_err,corr24_err,corr14_err
354,1,0.19909250408274115,,,,,,0.010991195843003464,,,,,,5.022790810770096,,,,,,0.27729058777958276,,,,,
354,2,0.19906254253984432,,,,,,0.011130580810371512,,,,,,5.023546807154039,,,,,,0.2808915880320372,,,,,
354,4,0.19881766839134338,,,,,,0.010925818183025338,,,,,,5.029734067857826,,,,,,0.2764038044456605,,,,,
354,8,0.1990221287090193,,,,,,0.010723447963536482,,,,,,5.024566898598758,,,,,,0.2707270896253352,,,,,
354,16,0.19938786697334565,,,,,,0.010885420165111473,,,,,,5.0153503078182835,,,,,,0.2738090145832262,,,,,
354,32,0.19890785273753633,,,,,,0.01097480186570159,,,,,,5.027453598423406,,,,,,0.27739129638340876,,,,,
