index,bin_size,m,n,a,b,corr
17,1,0.11141704314026231,16.0,1628.35163047424,-1628.2418736303152,8.975287548612338
17,2,0.11166080935577383,16.0,1620.3563443917053,-1620.2520409865533,8.95569363834538
17,4,0.11151404000033562,16.0,1625.0779170043372,-1624.9621997475342,8.967480686709857
17,8,0.1114109680843933,16.0,1628.374809065498,-1628.2733281888113,8.975776956201516
17,16,0.11147053321259534,16.0,1626.7073821469514,-1626.602481293017,8.970980681439922
17,32,0.11128418844862116,16.0,1632.5283101541881,-1632.4125057122842,8.98600253945052
