index,bin_size,m12,m23,m34,m13,m24,m14,m12_err,m23_err,m34_err,m13_err,m24_err,m14_err,m12_sigma,corr12,corr23,corr34,corr13,corr24,corr14,corr12_err,corr23_err,corr34_err,corr13_err,corr24_err,corr14_err,corr12_sigma
197,1,0.06031496888536509,,,,,,0.002412001511385681,,,,,,29.021375407650385,16.579632195460544,,,,,,0.6630211148690949,,,,,,7977.517670277327
197,2,0.06038320868380105,,,,,,0.0024428740306757287,,,,,,28.99653756048843,16.560895351496434,,,,,,0.6699905828250923,,,,,,7952.68477052313
197,4,0.059909897897034915,,,,,,0.0029218251066607612,,,,,,29.232966355183223,16.691732670262027,,,,,,0.8140612036004657,,,,,,8144.711920526111
197,8,0.06034464922016907,,,,,,0.003065329699959962,,,,,,29.03949146738795,16.57147755307141,,,,,,0.8417820464962065,,,,,,7974.64708509047
197,16,0.05973831918492995,,,,,,0.0028211294072759394,,,,,,29.296118628168042,16.739674193114354,,,,,,0.7905275504692527,,,,,,8209.261453108898
197,32,0.06024011169461551,,,,,,0.002730055187300875,,,,,,29.08047989004521,16.60023482475355,,,,,,0.7523152915697846,,,,,,8013.643756813008
