index,bin_size,m,n,a,b,corr
349,1,0.11831139754789746,36.0,3777.212806346537,-3725.5181412182865,8.45227104679545
349,2,0.11824531047370247,36.0,3784.0273368805897,-3730.7427580740023,8.456995004655157
349,4,0.11837941726609363,36.0,3773.3192813734795,-3720.7691526876433,8.447414450032278
349,8,0.11834323282795225,36.0,3773.9423205375083,-3722.733836629032,8.44999731800299
349,16,0.11805580893052692,36.0,3800.5714557767055,-3747.9290192495328,8.470570055459758
349,32,0.1183401778817095,36.0,3774.069626761564,-3722.6157140992227,8.450215454294653
