index,bin_size,m,n,a,b,corr
171,1,0.04408382959382296,24.0,91117.4129582583,-91105.207621836,22.684054657087238
171,2,0.043861778777257596,24.0,92092.41950068348,-92080.98930667373,22.798892974183293
171,4,0.04408315581081527,24.0,91132.672256162,-91120.70618657072,22.684401368439737
171,8,0.04440081323638259,24.0,89782.72598551103,-89769.94111127849,22.522110004520982
171,16,0.04464162520549508,24.0,88814.9822985964,-88803.06413871143,22.400618153948994
171,32,0.04469613950286568,24.0,88578.94473418887,-88567.19823495236,22.373296913839397
