temp,burnin,iterations,observable,error
0.1,10000,1000000,499.50750139998667,0.04629579216603616
