temp,coupling,burnin,iterations,observable,variance
0.00005,0.01,100000,100000000,0.5075863251572458,0.525729955138516
0.1,0.4472135954999579,100000,100000000,0.4998876100775717,0.49953260150202117
0.8,1.2649110640673518,100000,100000000,0.4742305282475896,0.606472368380962
1.0,1.4142135623730951,100000,1000000000,0.43002591,0.7004731111772651
